step,mode,loss,angle_error(rad),distance(m),x(m),y(m),the(rad),direction
1,training,0.03262241557240486,0.05465385317802435,0.0,0.0001832439055772135,0.0005430276147904478,0.0033045082904322475
2,training,0.003807386150583625,0.13441398739814764,0.0,0.11179816864993902,0.006422162836126325,0.13248175883412025
3,training,0.035952575504779816,0.21391305327415466,0.0,0.18952627289059262,0.02126660536822872,0.2442317659340975
4,training,0.029206756502389908,0.17721134051680565,0.07326426600164539,0.30281765868663896,0.05763194034422513,0.3718981424719706
5,training,0.032960180193185806,0.033071113750338554,0.07326426600164539,0.37620177701114216,0.08802085042061801,0.40342871682709086
6,training,0.03807130455970764,0.014989264309406284,0.07549908232330012,0.46787004085108397,0.1276715572163622,0.4107990150530744
7,training,0.02333994209766388,0.07355749979615211,0.07549908232330012,0.5412972087031147,0.15928091695844218,0.40074373716582745
8,training,0.029729783535003662,0.10797696188092232,0.07549908232330012,0.6153069434294438,0.18985723449106173,0.3814398031751619
9,training,0.016269199550151825,0.017551271244883537,0.08086608678870305,0.6899495064513987,0.21911353412249251,0.36606294867215805
10,training,0.014807021245360374,0.014460228383541107,0.08086608678870305,0.7460551488096222,0.2403199999453438,0.35683637713563515
11,training,0.02529340423643589,0.22544514015316963,0.08086608678870305,0.8402599376032045,0.27419518944481774,0.3319744631120519
12,training,0.008446206338703632,0.09616446122527122,0.07516066448787359,0.9350076481383143,0.3062571317449505,0.32293108571526896
13,training,0.008346443995833397,0.017824645154178143,0.07516066448787359,1.011201009228132,0.3308991094670472,0.30210018292344953
14,training,0.006871956400573254,0.08195165451616049,0.07134233773662042,1.0877240073898906,0.3544173135010346,0.29614831372241995
15,training,0.0033519971184432507,0.050718084909021854,0.07134233773662042,1.1833007044602926,0.3836067454478197,0.2991768949172326
16,training,0.003177260048687458,0.0052771903574466705,0.07134233773662042,1.2788775182489507,0.41294327741587805,0.2957861511661422
17,training,0.0012114192359149456,0.04967586323618889,0.04557202108171314,1.355408003066018,0.43620761224956367,0.29486119005984823
18,training,0.001597971306182444,0.05512240063399075,0.04557202108171314,1.4320396808024813,0.4590973850231613,0.2797982635246161
19,training,0.0022339089773595333,0.10608550906181335,0.04557202108171314,1.5286070297416001,0.485334670981124,0.24877957331828865
20,training,0.002301654312759638,0.09035865217447281,0.0072409252055207,1.6063361370915512,0.5043418171899164,0.2311333860475144
21,training,0.0023251085076481104,0.050738782621920116,0.0072409252055207,1.723802341202719,0.5297639780682853,0.1934421997749218
22,training,0.002553218277171254,0.1322276070713997,0.029897408112165395,1.802498424235045,0.5444517683206614,0.17645309017088218
23,training,0.002448863349854946,0.18977007269859314,0.029897408112165395,1.881455697438586,0.5576462857385068,0.15439855152715468
24,training,0.0007822458865121007,0.22872326150536537,0.029897408112165395,2.00054240744877,0.5739322847179543,0.11803427820422308
25,training,0.0018228639382869005,0.27261922135949135,0.03530282998621068,2.120100498345969,0.586129118278625,0.08694285814697583
26,training,0.000891498988494277,0.20861274003982544,0.03530282998621068,2.199829068226586,0.5923184920293809,0.06911145148820014
27,training,0.008404584601521492,0.19274525716900826,0.026393137731032166,2.319600280225971,0.6002744452401007,0.06655129755869346
28,training,0.0067473603412508965,0.14347996981814504,0.026393137731032166,2.419489462350153,0.6061585379734975,0.049735176853232164
29,training,0.00738745229318738,0.06435728818178177,0.018128032003380243,2.5393727306496734,0.6119289861396191,0.049581439594314144
30,training,0.003376468550413847,0.09695605933666229,0.018128032003380243,2.61914546604301,0.6156830470040685,0.04114023643895623
31,training,0.0013051193673163652,0.0834788903594017,0.019177879665599907,2.75911452515566,0.6211544306773596,0.03902314500137859
32,training,0.0034661083482205868,0.10079915076494217,0.019177879665599907,2.8389860809737493,0.6243183646818145,0.03975155819048607
33,training,0.008423344232141972,0.058276064693927765,0.019177879665599907,2.938767093302254,0.6287623872161412,0.051217112240837005
34,training,0.0011216370621696115,0.03579060826450586,0.021800513204860775,3.0586360465539597,0.6351070711650519,0.05312431160376724
35,training,0.01199179794639349,0.05622600577771664,0.021800513204860775,3.1584337561690075,0.6403486368448204,0.050932295337664635
36,training,0.004881614353507757,0.16182245127856731,0.02127908009311347,3.238200114543343,0.6442457120946469,0.04571045501352881
37,training,0.0016275874804705381,0.071574492380023,0.02127908009311347,3.338136036767736,0.6482752236308758,0.034611458050377686
38,training,0.0024512626696377993,0.0020111408084630966,0.020268466896008027,3.4782748011696927,0.6523727515548413,0.024560260729182184
39,training,0.0034756010863929987,0.00015638954937458212,0.020268466896008027,3.598187280433859,0.6547121330692387,0.013840371733228692
40,training,0.0049258507788181305,0.02509432192891836,0.018113822407337506,3.738130495888139,0.6559278193918231,0.00399018415369518
41,training,0.006615492515265942,0.06969820708036423,0.018113822407337506,3.8581734436011015,0.6561937562132192,0.0006599939989309644
42,training,0.001155111938714981,0.022754427045583725,0.018113822407337506,3.918163672662867,0.6562181124020797,0.0005258986909985978
43,training,0.002448568120598793,0.02303037978708744,0.014754283321641653,4.018160895260977,0.6562793790516621,0.0007355916570523988
44,training,0.0038755955174565315,0.048178061842918396,0.014754283321641653,4.138086026964131,0.6563846036689527,0.0010185836508357041
45,training,0.004447318147867918,0.09852318838238716,0.03008893397209868,4.23807390532059,0.6564979016965184,0.0012978716556527015
46,training,0.00119874463416636,0.09863321855664253,0.03008893397209868,4.3180910968241175,0.6570223075205808,0.01433964871460885
47,training,0.00212427182123065,0.060610149055719376,0.03662290976399501,4.4576157820793085,0.6613275228752168,0.04806667012473973
48,training,0.005089599639177322,0.08801527135074139,0.03662290976399501,4.557378845262348,0.6665478652445034,0.05497604088960315
49,training,0.0018742787651717663,0.05038456106558442,0.025835152646211768,4.6372206605209785,0.6711969162287832,0.0617623004029215
50,training,0.004174680914729834,0.02918027341365814,0.025835152646211768,4.756807344896318,0.6789630841782015,0.06676594357974278
51,training,0.0019137088675051928,0.009802158921957016,0.01863873210424589,4.876529360324999,0.6866308859612491,0.05956117515998144
52,training,0.010015465319156647,0.02942456491291523,0.01863873210424589,4.976385841893552,0.6921340191090626,0.05002077130952004
53,training,0.0045168898068368435,0.003944713622331619,0.01863873210424589,5.0564007064239815,0.6957293703490085,0.03959926947099399
54,training,0.002409119624644518,0.01396551541984081,0.00522743699444983,5.136543705580778,0.6985214604880765,0.030084056591290396
55,training,0.003034362569451332,0.020984556060284376,0.00522743699444983,5.216449115601042,0.7006620343439277,0.023613591221152235
56,training,0.002338418969884515,0.043896306306123734,0.00522743699444983,5.296316150830408,0.7024109242678903,0.020744009354101305
57,training,0.0020340087357908487,0.02935019973665476,0.010577543909712595,5.396306621308751,0.7042391203869447,0.015191570453831545
58,training,0.0021335268393158913,0.022338414564728737,0.010577543909712595,5.496225758454538,0.7059625288191508,0.020392626358950727
59,training,0.004972259979695082,0.0056525301188230515,0.007589356634119214,5.596104088807977,0.7084303368823623,0.0299885561896067
60,training,0.0025571673177182674,0.03395124152302742,0.007589356634119214,5.6760590911973265,0.7110629384152624,0.03582809937960894
61,training,0.003490347880870104,0.054136766120791435,0.007589356634119214,5.796001251696168,0.714798415473665,0.023798054765682877
62,training,0.0008235552813857794,0.08375038392841816,0.010602551025323117,5.876100902095841,0.7163971122452283,0.01690296306911688
63,training,0.001789201283827424,0.04213245026767254,0.010602551025323117,5.956221447752191,0.7173867664850918,0.007528382360675231
64,training,0.003525067586451769,0.014505122788250446,0.012338390017132843,6.056246470747939,0.7177065443242084,-0.0008145543185086958
65,training,0.002019286621361971,0.023475198075175285,0.012338390017132843,6.136129805896787,0.7175220535497167,-0.0038594073170094855
66,training,0.0020172721706330776,0.08470209501683712,0.012338390017132843,6.23609904897853,0.7170497144896882,-0.005085668122041387
67,training,0.0019331381190568209,0.07026939326897264,0.008389212625392389,6.356172256747217,0.7162081312374168,-0.009770107823127004
68,training,0.0004554021288640797,0.0794561505317688,0.008389212625392389,6.456123117256695,0.7151468353064808,-0.01142232209156572
69,training,0.0015327853616327047,0.0661938339471817,0.015149251483907729,6.576164695237333,0.7137350109951109,-0.012030023906052973
70,training,0.0049203624948859215,0.11043525487184525,0.015149251483907729,6.6960964862822,0.7122676786549417,-0.01255460573861076
71,training,0.0015796851366758347,0.07694531977176666,0.017108471166238558,6.796089913004432,0.7109916481602756,-0.012913229730076508
72,training,0.003263485385105014,0.019882217049598697,0.017108471166238558,6.875997823668138,0.7099448054952632,-0.013405183616392001
73,training,0.0007787405629642308,0.06494268588721752,0.01570380925366262,6.975909285738116,0.7089859574468932,-0.004152068067389296
74,training,0.003077833680436015,0.08665792644023895,0.01570380925366262,7.055764854440323,0.7088970692387295,0.001591165020667971
75,training,0.0015117130242288113,0.06375081557780504,0.01570380925366262,7.175781501586615,0.7092352420351967,0.0030662719348904756
76,training,0.0031558959744870663,0.09109222702682018,0.014285797709372607,7.275769849264779,0.7094143092696593,1.8299531255271178e-05
77,training,0.00143152242526412,0.13744858466088772,0.011802943217917378,7.375786292776117,0.7091116002801611,-0.006759974090179454
78,training,0.0007435533916577697,0.2242428921163082,0.011802943217917378,7.475826369803148,0.7079247727940414,-0.017700930190316537
79,training,0.0011319156037643552,0.1362607628107071,0.011802943217917378,7.555848418871966,0.7060447879362683,-0.02994820530453541
80,training,0.000645241467282176,0.1108546182513237,0.012960920599592595,7.695765711839017,0.7013599838025907,-0.03436685847282168
81,training,0.0011855950579047203,0.14171784929931164,0.012960920599592595,7.775563103776152,0.698914473383404,-0.026530708981032148
82,training,0.0006565405637957156,0.1791513185016811,0.002861023579693767,7.8555124204096956,0.6970420866246398,-0.02111680412012778
83,training,0.0015479589346796274,0.18189969658851624,0.002861023579693767,7.955477800204738,0.6948684185195048,-0.023875981375899708
84,training,0.0012181435013189912,0.17162891989573836,0.014843476628497226,8.055421323747886,0.6924173694861373,-0.024874849594112215
85,training,0.004876705817878246,0.147945421282202,0.014843476628497226,8.155372800009845,0.6897905061703821,-0.02829561085175051
86,training,0.003772478550672531,0.12494219839572906,0.014843476628497226,8.235396545873128,0.6874087784212383,-0.031171285354669984
87,training,0.005442427936941385,0.1436293125152588,0.012899193187025705,8.295150996394625,0.685531085484739,-0.03195176806407453
88,training,0.002978960517793894,0.16912199556827545,0.012899193187025705,8.395039090880854,0.6823348948028053,-0.03245402152684012
89,training,0.0024408106692135334,0.14599592750892043,0.012899193187025705,8.474996879403221,0.6797399892101007,-0.032773667538676075
90,training,0.002626696601510048,0.12021735543385148,0.007912513752017725,8.574908272192829,0.6763882484765599,-0.034631869781576535
91,training,0.0038857953622937202,0.1424099374562502,0.007912513752017725,8.674795201861658,0.6730129929036809,-0.032386720111814024
92,training,0.0038005635142326355,0.1849139160476625,0.007053999232983841,8.754786385177564,0.6706348428282378,-0.02651919069450106
93,training,0.002075055381283164,0.14342709071934223,0.007053999232983841,8.834612375614913,0.6686709427534554,-0.023494966834443697
94,training,0.002194089349359274,0.12594005465507507,0.007053999232983841,8.934512173884261,0.6665977973210121,-0.017619969738789546
95,training,0.0010666984599083662,0.18576590716838837,0.010161396279998729,8.994482665091448,0.6655725965828474,-0.017259238416544337
96,training,0.0025909380055963993,0.20978057570755482,0.010161396279998729,9.074580474831166,0.6641797972496518,-0.017455964404130473
97,training,0.003149772062897682,0.1405138052359689,0.010161396279998729,9.174523927530295,0.662558877737517,-0.014326838946936728
98,training,0.0018722300883382559,0.10735393315553665,0.003236136662371415,9.254398319743515,0.6614330406100275,-0.014429497504365356
99,training,0.0024070318322628736,0.06238495046272874,0.003236136662371415,9.334289625552259,0.6602705864269774,-0.014817399400240464
100,training,0.0025360500440001488,0.1325808484107256,0.014393553875262411,9.454267760824036,0.658650490523553,-0.01166369554730648
101,training,0.002188645536080003,0.1668863296508789,0.014393553875262411,9.57426326274691,0.6576883392422264,-0.003790891738503674
102,training,0.0029270732775330544,0.07564138621091843,0.014393553875262411,9.69427202640849,0.6572791897894583,-0.0035686389382678083
103,training,0.0017029470764100552,0.06481476873159409,0.02334014656240306,9.774167563813865,0.6569902583689273,-0.0038605889419060413
104,training,0.003916576039046049,0.037731438875198364,0.02334014656240306,9.89421855239574,0.656492399529018,-0.004329295006475966
105,training,0.001757775666192174,0.03608788922429085,0.014159037282461106,9.994182326079219,0.6560356218356735,-0.0047699525540013275
106,training,0.0020739121828228235,0.035269662737846375,0.014159037282461106,10.114143378410258,0.6554232623103791,-0.0054857442859855875
107,training,0.001438039354979992,0.029689081013202667,0.007598489749555637,10.214146699831153,0.6548634095673532,-0.005851177887641147
108,training,0.0011208760552108288,0.03606184059754014,0.007598489749555637,10.353942063339057,0.6540074809527309,-0.006584505625696131
109,training,0.0012267525307834148,0.011012684961315244,0.006244511568854782,10.43399311905753,0.6535649443160946,-0.004389672731200952
110,training,0.0017121571581810713,0.21299220621585846,0.006244511568854782,10.5339800471384,0.6531996390862771,-0.0036924895479498137
111,training,0.0027630545664578676,0.03704218380153179,0.006244511568854782,10.59389657905497,0.6529835107687905,-0.0037895423651087977
112,training,0.001626892015337944,0.04750776768196374,0.015780237917681666,10.733945746146423,0.6526692466278436,1.9151803122563957e-05
113,training,0.002028508111834526,0.032877590507268906,0.015780237917681666,10.813874011765108,0.6526966742273478,0.00015281576561418486
114,training,0.0019397139549255371,0.030725078657269478,0.020013266487199546,10.893764588842341,0.6527098656100051,0.00020781210537276732
115,training,0.001474164193496108,0.019604776054620743,0.020013266487199546,10.97375030769006,0.6527290107879755,0.0003220539436048382
116,training,0.0013932971050962806,0.04233657196164131,0.020013266487199546,11.073741172732174,0.6527708406527154,0.000527386761547326
117,training,0.0022610966116189957,0.01610119827091694,0.02458290399175972,11.17373491684867,0.652834379888927,0.0007730116397427596
118,training,0.0006674510077573359,0.030824581161141396,0.02458290399175972,11.273731950251735,0.6529231190236928,0.0010521708739594806
119,training,0.0009589127730578184,0.022023193538188934,0.023651460469267277,11.353849361601078,0.653007019187051,0.0012054642736848353
120,training,0.004566577263176441,0.04768863692879677,0.023651460469267277,11.433751678874813,0.6531319689786755,0.001483827313050422
121,training,0.001697113155387342,0.00294564850628376,0.023651460469267277,11.553808580671207,0.6533339477116864,0.0018851367562809972
122,training,0.001674759783782065,0.041724592447280884,0.013127120030782384,11.67373758454917,0.653597272553799,0.002502980896935581
123,training,0.0017808014526963234,0.031844235956668854,0.01369425599556155,11.773742114556027,0.6538635405493024,0.0029369871116604494
124,training,0.0014786975225433707,0.005169190466403961,0.01369425599556155,11.85371166308637,0.6541148275185771,0.003135268623572606
125,training,0.0014528537867590785,0.03639194369316101,0.01369425599556155,11.953673990796679,0.6544633407759822,0.003623381617837149
126,training,0.0008839779766276479,0.035323746502399445,0.01839723538836198,12.073725904298794,0.6549366868052153,0.004214058782796475
127,training,0.001007982762530446,0.03740820102393627,0.01839723538836198,12.193638473621379,0.6554987650486723,0.005109668516753156
128,training,0.000962805759627372,0.10706368461251259,0.02863545167543939,12.293521816754835,0.6568514659542022,0.023224206235918546
129,training,0.001144738169386983,0.02705472521483898,0.02863545167543939,12.413193930001462,0.660897335261481,0.0436344881748236
130,training,0.0027606887742877007,0.009923258214257658,0.027769805827654027,12.53284357018479,0.6669334524766166,0.05670614761423994
131,training,0.0009729836019687355,0.007397056557238103,0.027769805827654027,12.612731508073722,0.6715371359742649,0.057340438852823306
132,training,0.0015126564539968967,0.014296343084424734,0.016070244325975782,12.692638481882792,0.6762052579784991,0.05931615701997432
133,training,0.0006415282841771841,0.004262620583176613,0.016070244325975782,12.792382963741012,0.6821044771620521,0.05777779454684574
134,training,0.0003221519582439214,0.04863088019192219,0.016070244325975782,12.872130097556397,0.6865627115134101,0.05362324884981718
135,training,0.000914665637537837,0.08269876800477505,0.005678153551787678,12.971999898164633,0.6915211172655161,0.045264675202943125
136,training,0.0010954923927783966,0.0685065258294344,0.005678153551787678,13.05194610501725,0.6947860050035766,0.0360491184784385
137,training,0.0015167290112003684,0.03228546865284443,0.010727102034868418,13.171927766934779,0.6985185159523355,0.0266915323800689
138,training,0.0007738436106592417,0.02767600491642952,0.010727102034868418,13.271939620457715,0.7007225442516537,0.016814745954334832
139,training,0.0006641283398494124,0.015230409801006317,0.010727102034868418,13.352073683010843,0.7013666363137475,-0.0006676181019016706
140,training,0.004462267272174358,0.050139857456088066,0.00831057650616707,13.452139849709809,0.7006384998221812,-0.012068298825117358
141,training,0.0006238240166567266,0.08943608589470387,0.00831057650616707,13.552171118958766,0.6989563090286384,-0.021775596860862605
142,training,0.0007312496891245246,0.12928873859345913,0.00831057650616707,13.652142827974872,0.6964418262027049,-0.027963615529080547
143,training,0.0006405435269698501,0.07645845599472523,0.010153485821586847,13.732220577500117,0.6939450625595568,-0.034547291635943916
144,training,0.0005158768035471439,0.11197661119513214,0.010153485821586847,13.832097394221725,0.6902056770600069,-0.040100613678962206
145,training,0.00070273841265589,0.12154395878314972,0.006435727993272468,13.911853299333057,0.686935263484274,-0.042029323324998646
146,training,0.001523322775028646,0.055515649262815714,0.006435727993272468,13.991658993428619,0.6835754970805177,-0.042600523306856236
147,training,0.0005277260788716376,0.07778860814869404,0.014351447014091087,14.111486549586454,0.6786025102646969,-0.04025516408247114
148,training,0.000588613620493561,0.058164941146969795,0.014351447014091087,14.231364122252028,0.6741636788374342,-0.033709452301588665
149,training,0.0012694548349827528,0.056878295727074146,0.01380723021647753,14.331202901971524,0.6712470835856256,-0.02476886923791221
150,training,0.0009205600945279002,0.0738124381750822,0.01380723021647753,14.45117996155195,0.6687341130827443,-0.018114796508517942
151,training,0.0015229827258735895,0.08595698699355125,0.022934444082940722,14.550937977819311,0.6678170018231121,0.002738911519710335
152,training,0.000685381586663425,0.12122298777103424,0.022934444082940722,14.630695879518779,0.6687062837492422,0.01921584712696398
153,training,0.0018556143622845411,0.0022069839760661125,0.022934444082940722,14.770434874643787,0.6741283606507797,0.061032784350371336
154,training,0.00416786503046751,0.007367689162492752,0.03028303131760319,14.889795128811869,0.6821775883719406,0.06991950576223556
155,training,0.0010808119550347328,0.031118264421820644,0.03028303131760319,15.009461287386713,0.6900581115141103,0.060065532687217156
156,training,0.0015672579174861312,0.03827000968158245,0.013953126570740791,15.069532787372639,0.6934231262426369,0.051466703703061834
157,training,0.0008467750158160925,0.00012707896530627857,0.013953126570740791,15.169462968280913,0.6980159823995666,0.04103892116113017
158,training,0.0007312511443160474,0.006576458923518658,0.011460733794015172,15.289503789157866,0.7020888486234882,0.026333283377560458
159,training,0.0025997450575232506,0.00012522283941507166,0.011460733794015172,15.429331151686563,0.7049070494130089,0.014836527813003089
160,training,0.000500152469612658,0.022075496177421883,0.010759080175178286,15.529341185194705,0.7061424862001381,0.010294819373522923
161,training,0.0003795754164457321,0.0035028839483857172,0.010759080175178286,15.609422315780781,0.7069136118337468,0.010084194505750434
162,training,0.0014469638699665666,0.006774671375751495,0.011808807358912612,15.689448013786581,0.707643981715033,0.007509074291014529
163,training,0.0020615889225155115,0.01692083850502968,0.011808807358912612,15.809453486315919,0.7085221392442693,0.007878343307675797
164,training,0.0005209402879700065,0.0009793136268854141,0.004183185740837573,15.90945735096164,0.7092110185436908,0.005295848315529187
165,training,0.0008866731077432632,0.022320495918393135,0.004183185740837573,15.989344047106254,0.7096533938298321,0.005434424037798678
166,training,0.0009026079787872732,0.0163278765976429,0.004183185740837573,16.089318716247643,0.7101340969480281,0.0031632149352107054
167,training,0.002467104699462652,0.006965541280806063,0.012296988749937059,16.16923359092056,0.7104014030397473,0.0035160942829235314
168,training,0.0009270957671105862,0.026709595695137978,0.012296988749937059,16.269235558703645,0.7106413183641974,0.0008633775485926373
169,training,0.0014663758920505643,0.059863587375730276,0.011828193820089988,16.369220517196084,0.7106785640130264,0.00035830205651387866
170,training,0.00035295833367854357,0.05854426324367523,0.011828193820089988,16.46922444431549,0.7105742511095513,-0.0026966425025488775
171,training,0.0021521023008972406,0.008715016767382622,0.012829344519017205,16.589204264042376,0.7101453649828586,-0.003982926507016607
172,training,8.17905311123468e-05,0.09559538029134274,0.012829344519017205,16.70922595151274,0.7096461843924314,-0.004467610167202093
173,training,0.0008734733564779162,0.13325075432658195,0.01303042633545386,16.809208805266582,0.70903592910351,-0.008313525413831699
174,training,0.0007610523607581854,0.07102612406015396,0.01303042633545386,16.9093023073383,0.7072994491636777,-0.029360947078686615
175,training,0.0014538567047566175,0.028251977171748877,0.014960303483515713,17.029349167693002,0.7025349521762082,-0.0482923954325929
176,training,0.0008221477037295699,0.05622942000627518,0.014960303483515713,17.12918902020011,0.6975112239755582,-0.05186128986934178
177,training,0.0007377939764410257,0.08611342310905457,0.01643813736856512,17.208925894142784,0.6933621625048332,-0.05263777148056228
178,training,0.0007710428908467293,0.06885613780468702,0.01643813736856512,17.288759251593767,0.6891625808451172,-0.05293707399324648
179,training,0.0008731347043067217,0.09048345126211643,0.009196938145304114,17.428469625807278,0.6819148353383014,-0.05058660413921889
180,training,0.0006929892115294933,0.08265318907797337,0.009196938145304114,17.50824328276455,0.6780501884811306,-0.04660794678402629
181,training,0.0003210062859579921,0.09817463718354702,0.009196938145304114,17.588131297459736,0.6745871529197935,-0.03960389074842128
182,training,0.0015498604625463486,0.08773311786353588,0.013399596655596596,17.687979308865234,0.6710332703245838,-0.03190297158538992
183,training,0.0019585262052714825,0.06125845946371555,0.013399596655596596,17.76797802387045,0.6686278798248032,-0.028402486896667342
184,training,0.0028734339866787195,0.05949048465117812,0.015555038051402448,17.847745260013717,0.6665777882904967,-0.02297219543274453
185,training,0.0011699118185788393,0.07351379282772541,0.015555038051402448,17.96773578065833,0.6641157170244946,-0.01884780229859194
186,training,0.00098508526571095,0.04807867109775543,0.015555038051402448,18.047534316001087,0.6627851246364088,-0.0141732651057196
187,training,0.0009858665289357305,0.07999558746814728,0.018823740919109253,18.12747517970664,0.661722293297428,-0.013420361882162266
188,training,0.00028984228265471756,0.05214126221835613,0.018823740919109253,18.227442495366777,0.6603692437292589,-0.013860887041297499
189,training,0.0008009116863831878,0.07387218065559864,0.018823740919109253,18.307482086304415,0.6593447255915899,-0.011290717790254784
190,training,0.00048475488438270986,0.11046166811138391,0.024452599215903075,18.38749852222873,0.6586170901253713,-0.006366854231524633
191,training,0.000800673384219408,0.06506480509415269,0.024452599215903075,18.507463311678585,0.6576812979009958,-0.010926242671840896
192,training,0.0009456888074055314,0.04868195066228509,0.01687468086412926,18.64729877951421,0.6559437751104333,-0.01360501973735197
193,training,0.0010113073512911797,0.05813380517065525,0.01687468086412926,18.767252994225423,0.6544313162942419,-0.01149666484452918
194,training,0.000788599718362093,0.09807340567931533,0.0037359755684697165,18.8671765466001,0.6535575033101042,-0.005942019359784695
195,training,0.0017146088648587465,0.07237916626036167,0.0037359755684697165,18.947158859998872,0.6531248901756519,-0.005068087374718695
196,training,0.0013577843783423305,0.07830487936735153,0.00919895494517621,19.04711515482851,0.6527922539747406,-0.0011017622856067304
197,training,0.0014268856029957533,0.10946113988757133,0.00919895494517621,19.127206263968294,0.6527538779065759,-0.00050852541066511
198,training,0.00042083303560502827,0.047378065064549446,0.00919895494517621,19.227304422801552,0.6519614058225929,-0.017412673172553877
199,training,0.0014042656403034925,0.07844039238989353,0.01523338334035685,19.34714764504625,0.6499670837376524,-0.012397402555987227
200,training,0.0018526550848037004,0.049353329464793205,0.01523338334035685,19.46696584053409,0.6492442770946604,0.0011824785959871594
201,training,0.0006992074777372181,0.09262379258871078,0.015231330442448952,19.52706447596997,0.6494905384406056,0.006898583400058839
202,training,0.0006535046268254519,0.040622368454933167,0.015231330442448952,19.627012473646246,0.650337948856106,0.008744137369453396
203,training,0.0013151525054126978,0.1485718935728073,0.00925276046927271,19.72696222128726,0.6512622483060501,0.00943026754041465
204,training,0.0009689850267022848,0.16304301843047142,0.00925276046927271,19.82696163189958,0.6516484136046263,-0.0054277289537147414
205,training,0.0007719643763266504,0.16497846692800522,0.00925276046927271,19.906974616730345,0.6505142146701574,-0.023549764876094472
206,training,0.0008548458572477102,0.10808350087609142,0.011243456796370723,20.02702831006208,0.6465258440610323,-0.04111635658579438
207,training,0.0002300773630850017,0.12769300118088722,0.019366775530404303,20.126861452185974,0.642305212854977,-0.043094977430822794
208,training,0.005533136427402496,0.10025526257231832,0.019366775530404303,20.206739842913578,0.6384042011955169,-0.05767119854613262
209,training,0.0017752464627847075,0.11207317048683763,0.019366775530404303,20.30649761757529,0.6321525640266015,-0.06467455224928688
210,training,0.0005517124081961811,0.13343232031911612,0.024492613054474952,20.38630475964279,0.6269738124125656,-0.06486411995871995
211,training,0.00037154211895540357,0.10021065408363938,0.024492613054474952,20.46620442396514,0.6216035765314756,-0.07015790250274449
212,training,0.0002142119046766311,0.02999570593237877,0.024492613054474952,20.60553946790192,0.6114682475748369,-0.07402316353751244
213,training,0.0030348573345690966,0.07993549261345834,0.018557591984747317,20.68533527885752,0.606013489922845,-0.060229660271293096
214,training,0.0009565640357322991,0.09961913526058197,0.018557591984747317,20.765160499319673,0.6012034753114608,-0.0605700032393124
215,training,0.0021009049378335476,0.081686707213521,0.0022792275621851114,20.904682946904042,0.5927369467693182,-0.061146245388957216
216,training,0.0016089236596599221,0.05219087935984135,0.0022792275621851114,20.98457788975167,0.5880109883602457,-0.056007266894176184
217,training,0.0016814481932669878,0.01498362421989441,0.0022792275621851114,21.064274611151696,0.5838460021137716,-0.0483717294363749
218,training,0.0022451214026659727,0.024951661005616188,0.0099130443774457,21.14400032322062,0.5802493865125739,-0.04314070577689438
219,training,0.004901333246380091,0.07889114785939455,0.0099130443774457,21.223864377097446,0.5770364221344808,-0.03710006875168926
220,training,0.0012930647935718298,0.07534818816930056,0.0099130443774457,21.303877886007907,0.5742000944653978,-0.03456121544496478
221,training,0.0008168480708263814,0.031081447377800938,0.010492922412693914,21.383771942642824,0.5715553148460997,-0.030874067698148978
222,training,0.002221965231001377,0.09731991402804852,0.010492922412693914,21.46353595667156,0.5693641011784988,-0.023956918208075106
223,training,0.0014114712830632925,0.13338623940944672,0.005365046843897337,21.583504969125983,0.5669270672664113,-0.017350048279475453
224,training,0.0012288533616811037,0.0619635134935379,0.005365046843897337,21.72341835343079,0.5645533699535805,-0.01735572867666017
225,training,0.0017321697669103742,0.045109603554010384,0.0048330428347770505,21.843114506255166,0.5641844216221845,0.013680878089160005
226,training,0.004447463899850845,0.004997886717319482,0.0048330428347770505,21.98279690758654,0.5681517255401182,0.042224782206465784
227,training,0.00035411794669926167,7.6574273407461e-05,0.026505466607449985,22.062542280025784,0.5720543375192714,0.055680466243352836
228,training,0.0005407390999607742,0.01827776012942195,0.026505466607449985,22.162252952047997,0.5781118872364102,0.06375749834664454
229,training,0.003355340799316764,0.011479362845420841,0.009061190886379815,22.262003897500705,0.584437314789042,0.0625091626251573
230,training,0.0001768574584275484,0.026121938601136204,0.009061190886379815,22.341995074875477,0.589149439168208,0.053771868731519554
231,training,0.0006479586008936167,0.01134716905653477,0.009061190886379815,22.421913454591667,0.5931818252140284,0.04684283373617064
232,training,0.0011730092810466886,0.035709223710000515,0.020558618698636073,22.54188781389857,0.5980305894197494,0.03311306627383607
233,training,0.0008704396896064281,0.024657188914716244,0.020558618698636073,22.661557488909743,0.6025280487499315,0.04688955613973076
234,training,0.0013647674350067973,0.0633370615541935,0.03713571573028548,22.76128959546579,0.6078839431446839,0.05951660056426411
235,training,0.0009023346938192844,0.012870284728705886,0.03713571573028548,22.84101776471306,0.6133258498791889,0.07731760659285342
236,training,0.00020898116054013371,0.03667904622852802,0.03713571573028548,22.960280975594912,0.6236660948842803,0.09318866934339928
237,training,0.0013404084602370858,0.054252270609140396,0.03724867822850041,23.079622951174926,0.6340271622145898,0.07608166893432795
238,training,0.0004712362424470484,0.035205502063035965,0.03724867822850041,23.199369957644794,0.6419795465638507,0.056353413460110045
239,training,0.0015551201067864895,0.09661645069718361,0.03376620674981587,23.27936717767266,0.6461281596050096,0.04741078065987328
240,training,0.0007127419812604785,0.051723213866353035,0.030307388830352097,23.41927483037968,0.6514060929867926,0.02721200632000695
241,training,0.0007522766245529056,0.05617985688149929,0.030307388830352097,23.519292503917644,0.6536163255971061,0.01710321707289712
242,training,0.0009906680788844824,0.04769876040518284,0.030307388830352097,23.599339786269457,0.6547832821008752,0.012633797559204024
243,training,0.00030361441895365715,0.03290594043210149,0.03884091560708356,23.67948478203284,0.6556154695136122,0.008791922859506062
244,training,0.0008338114712387323,0.045910609886050224,0.03884091560708356,23.819291486399287,0.656676852621947,0.00714428880290247
245,training,0.0010708735790103674,0.0410036132670939,0.03852100658395653,23.95936253320606,0.6573120377565811,0.0015675010878505203
246,training,0.002645062282681465,0.04198416322469711,0.03852100658395653,24.039284521083434,0.6574078260822417,0.0010809630530575875
247,training,0.0014879098162055016,0.07766831386834383,0.029868279200481136,24.119302360943284,0.6574956884156117,0.00126287646963569
248,training,0.0009819568367674947,0.08439214527606964,0.029868279200481136,24.25927913620204,0.6575355915615156,-0.0012219897448179338
249,training,0.0010369379306212068,0.09983820468187332,0.029868279200481136,24.35925090762865,0.6573927623762302,-0.0016960924954195413
250,training,0.000972168636508286,0.10070409625768661,0.01962934147075148,24.45922384531481,0.6572077693469017,-0.002101477020387752
251,training,0.0011324689257889986,0.11258998513221741,0.01962934147075148,24.599344962133195,0.6568811580666762,-0.002588779700646686
252,training,0.0027384564746171236,0.0694378986954689,0.01930483710984052,24.699066166268217,0.6575708968438377,0.02054298823289549
253,training,0.0017468600999563932,0.0016084685921669006,0.01930483710984052,24.77864283714581,0.6603418452933646,0.0507946376424493
254,training,0.003678665030747652,0.041280537843704224,0.011118655099575473,24.87795728003974,0.6678511063494941,0.10207262405108726
255,training,0.0026843661908060312,0.11034094542264938,0.011118655099575473,24.976918822487153,0.6800771700357262,0.14097415198574054
256,training,0.0012605939991772175,0.11724662780761719,0.011118655099575473,25.07537064827693,0.6956811282863237,0.1738565693918729
257,training,0.001334169413894415,0.04783550649881363,0.01896364244455159,25.173134667541504,0.7148860759478606,0.215234845277624
258,training,0.0010197688825428486,0.114747304469347,0.01896364244455159,25.250780119368383,0.7331597764132398,0.24586155430089063
259,training,0.0022164538968354464,0.05304548889398576,0.051732660805312546,25.347176177739367,0.7587333419728783,0.2671849974616752
260,training,0.0003288486914243549,0.04113794863224032,0.051732660805312546,25.442709892832706,0.7871858029676355,0.3142099412311692
261,training,0.0009508212096989155,0.1776786968111992,0.051732660805312546,25.534954366607415,0.8212268832590752,0.39988832968648147
262,training,0.002185820136219263,0.1500757709145546,0.04915559121646195,25.6054619128025,0.8549101242288302,0.4993423420286638
263,training,0.0015693085733801126,0.14738129824399945,0.04805352889925681,25.721026871674468,0.9309477133627716,0.6629959677972328
264,training,0.001538535114377737,0.2527375826612115,0.04805352889925681,25.809826780957046,1.0099050273093582,0.7908896929647276
265,training,0.001766270725056529,0.32141347229480743,0.07350166481032204,25.862889798094162,1.0687624533808504,0.8835045918462302
266,training,0.00036764139076694846,0.30149145424366,0.07350166481032204,25.931377978841027,1.1655968711927553,1.0255069035729236
267,training,0.001500990241765976,0.26555006206035614,0.1158487733124445,25.986407240869358,1.2709473448499573,1.1510895788220745
268,training,0.0013725711032748222,0.23871411383152008,0.1158487733124445,26.029912168898626,1.3818012327833353,1.2356206257131368
269,training,0.002112508984282613,0.1315438598394394,0.09904819827105932,26.054236287068356,1.4574274731645263,1.281941235796117
270,training,0.0008390619768761098,0.10182033851742746,0.09904819827105932,26.08020728569449,1.553475487948548,1.3293468010026386
271,training,0.001368444412946701,0.04449873790144919,0.09904819827105932,26.097988754276084,1.6312318664230985,1.3627296888670917
272,training,0.0014421127270907164,0.06176260672509669,0.07952478727567885,26.12033907028829,1.7486900168397495,1.4027329281273822
273,training,0.0037102610804140568,0.06372972205281256,0.07952478727567885,26.13530773030417,1.8473027176717678,1.4382835185053349
274,training,0.0019530134741216898,0.02960075810551642,0.051250536680873204,26.144500675711534,1.926646671904761,1.4740265903841603
275,training,0.003041069023311138,0.1134506314992905,0.051250536680873204,26.15318774304887,2.0458828771808535,1.5193187713531313
276,training,0.0004546763957478106,0.10496415197849271,0.04668053870930535,26.155383610177182,2.163978393318125,1.5938139540022227
277,training,0.00023342904751189053,0.07855792343616486,0.04668053870930535,26.151160659890994,2.243296630998949,1.6528763442465433
278,training,0.00424667913466692,0.04480507969856262,0.04668053870930535,26.13248795211666,2.3812195642899883,1.7581630937459818
279,training,0.0012732475297525525,0.03857040964066982,0.07554611127207635,26.10619696345546,2.4977423987424228,1.825416796116941
280,training,0.00217645475640893,0.09489701595157386,0.07554611127207635,26.08556211152277,2.574769016397699,1.8362065837332064
281,training,0.0010988501599058509,0.0783267440274358,0.09489324687467796,26.0579514533888,2.6705211506936983,1.8732741498906242
282,training,0.001119704102165997,0.08137188293039799,0.09489324687467796,26.026303001769467,2.764920904163814,1.9147839761910888
283,training,0.0032112193293869495,0.17916117794811726,0.06466619765770089,25.984491578245308,2.8771000141261287,1.9353844837866714
284,training,0.0005071592750027776,0.06557049043476582,0.06466619765770089,25.933772258461275,3.007209754190801,1.948414009246387
285,training,0.002273090649396181,0.016899118665605783,0.033318121021624916,25.889143344270003,3.118389966088186,1.956110624429043
286,training,0.0012180524645373225,0.09139668568968772,0.033318121021624916,25.8590733311012,3.192441578520161,1.9557051299930488
287,training,0.0007032608846202493,0.18602606654167175,0.033318121021624916,25.828561925666133,3.2662070258513602,1.9745863512869872
288,training,0.0008116652024909854,0.1469072736799717,0.02015701064391594,25.77932999902012,3.3752034295822333,2.014105044417054
289,training,0.0003136919694952667,0.0762646459043026,0.02015701064391594,25.726212893133837,3.4823826925784456,2.0456424282088466
290,training,0.0018972584512084723,0.1252208650112152,0.029416003400659627,25.68914042522998,3.552993775556089,2.0609756421890455
291,training,0.001048562815412879,0.20723464712500572,0.029416003400659627,25.641081514127126,3.640359332749834,2.087205395986324
292,training,0.0014093057252466679,0.16775408200919628,0.04197902132245786,25.56954663960846,3.76041545826563,2.1292872056434216
293,training,0.002659544348716736,0.21032202616333961,0.04197902132245786,25.515982502907192,3.844688587773624,2.141427801587313
294,training,0.001112667378038168,0.18098192289471626,0.03953573664996767,25.472145332019057,3.911331423381843,2.1639123966355167
295,training,0.0011447819415479898,0.04917287174612284,0.03953573664996767,25.39195345852183,4.025878733443678,2.198495127993958
296,training,0.0006293458864092827,0.10605078190565109,0.03953573664996767,25.344875178161164,4.090409700412839,2.1996059279055427
297,training,0.0027729207649827003,0.027966078370809555,0.03177762464827405,25.273785998722108,4.186909745836856,2.215071694112223
298,training,0.004879307933151722,0.09256772696971893,0.03177762464827405,25.20157363981335,4.282459574483244,2.2179149438564014
299,training,0.0012097901199012995,0.05640712380409241,0.020432659700228832,25.132290324185366,4.375567915368576,2.1947480322835333
300,training,0.0013858202146366239,0.0036938819102942935,0.020432659700228832,25.061762324494726,4.472450946609808,2.2059989170425744
301,training,0.004082648083567619,0.00790229998528957,0.020432659700228832,24.99035218668754,4.5679537207258525,2.215812661617987
302,training,0.0013654354261234403,0.0368272066116333,0.012919949218324216,24.918658396278882,4.6642703581406115,2.2048410068432993
303,training,0.006828633137047291,0.07934197317808867,0.012919949218324216,24.847668447837073,4.761060848336309,2.2035392308391413
304,training,0.0028009284287691116,0.15462329424917698,0.030750457393075158,24.77837779072738,4.859044153622296,2.165026747283103
305,training,0.003045464865863323,0.08822950953617692,0.030750457393075158,24.712092247846964,4.958998587703487,2.151684113693777
306,training,0.0021154701244086027,0.025948893278837197,0.04618762441765658,24.65739489809557,5.042709982545176,2.14797738013797
307,training,0.001458433922380209,0.06953807547688484,0.04618762441765658,24.579575105995065,5.1586423947853,2.1826920842833544
308,training,0.0019766271580010653,0.1091536395251751,0.04618762441765658,24.53303521263613,5.2235014007736,2.2038657849094863
309,training,0.002133027883246541,0.1584360187407583,0.013561940784149398,24.473063807233167,5.303245672365217,2.226863602577309
310,training,0.0015782935079187155,0.09479517675936222,0.013561940784149398,24.399664018761662,5.397950852517994,2.2298543595061786
311,training,0.0006277437787503004,0.08267838880419731,0.013561940784149398,24.338369470728633,5.476803062606611,2.233842192452688
312,training,0.00805824063718319,0.1023688055574894,0.009514227695105473,24.276155170786996,5.554785417572304,2.2572727613155736
313,training,0.0011401979718357325,0.08452942967414856,0.009514227695105473,24.211802294759526,5.630936961268834,2.2872694893848537
314,training,0.0035861809737980366,0.010302916169166565,0.009514227695105473,24.161386589428755,5.687098715266999,2.322981370746416
315,training,0.0010822995100170374,0.12744095921516418,0.009307116716599943,24.093861459057255,5.751614602530748,2.4073539730265003
316,training,0.0005927610327489674,0.05748377740383148,0.009307116716599943,24.019491783920703,5.817386505846416,2.4180494307149396
317,training,0.0005797882913611829,0.12422115355730057,0.024055185945386443,23.94418119198167,5.882761775412089,2.4376002762365476
318,training,0.001063745585270226,0.09297189954668283,0.024055185945386443,23.853377182187096,5.9607176269976945,2.4197649166593878
319,training,0.001212656032294035,0.027587421238422394,0.024055185945386443,23.778426372067347,6.026726228839728,2.421452403642462
320,training,0.003184205386787653,0.09285027906298637,0.022517195882311925,23.702769849360102,6.0916397576355115,2.443637103090376
321,training,0.0032013757154345512,0.10890469327569008,0.022517195882311925,23.59460212733087,6.180107255643635,2.467621845091562
322,training,0.0005505065782926977,0.04443048685789107,0.022517195882311925,23.516595733994947,6.242490767598028,2.4640476715252957
323,training,0.015686284750699997,0.05491644144058226,0.07630360593699963,23.453816210634276,6.291365362060272,2.500692190186753
324,training,0.001942153787240386,0.13990160077810285,0.07630360593699963,23.372524185285002,6.348819694744323,2.5506917319408187
325,training,0.0030141142196953297,0.061786506325006485,0.08202867492877064,23.270850570623924,6.411441677916802,2.6306083648256307
326,training,0.004939282312989235,0.04416204057633877,0.08202867492877064,23.182831377611812,6.458106444056485,2.6746496836685147
327,training,0.00240414310246706,0.027591897174715996,0.08202867492877064,23.075327394154236,6.510847054609625,2.6928628845888416
328,training,0.004398094955831766,0.0870642252266407,0.05946493215881539,23.00325145897911,6.545210879777028,2.7011056979853305
329,training,0.0027107044588774443,0.08982479805126786,0.05946493215881539,22.930996038415106,6.57946988248537,2.6955209919810335
330,training,0.002647634129971266,0.1382727324962616,0.04221773477481805,22.840972282769286,6.622773368035201,2.6916567791716295
331,training,0.005638898350298405,0.10917706228792667,0.04221773477481805,22.715365217943134,6.684610996224462,2.6745382925579944
332,training,0.0014236534480005503,0.12302883341908455,0.028118108017450145,22.644250502231813,6.720884174269747,2.666645992177867
333,training,0.002237894106656313,0.10833059251308441,0.028118108017450145,22.50311391019848,6.79666936460392,2.6269106260404635
334,training,0.004194365814328194,0.09921897202730179,0.03062580012336649,22.39916010262486,6.856531391494797,2.610954701159001
335,training,0.0005348329432308674,0.08262005029246211,0.03062580012336649,22.32999701851821,6.896664423207045,2.6224995633965453
336,training,0.002875899663195014,0.028176654130220406,0.03666538734956852,22.22584062155381,6.955895532009253,2.622763090623827
337,training,0.0026452867314219475,0.06328526139259338,0.03666538734956852,22.103901151371947,7.023999086037375,2.645609465721209
338,training,0.0012464500032365322,0.06481430493295193,0.039806057236493136,21.99815298504675,7.0804138991330055,2.656939639747161
339,training,0.003764054737985134,0.014045708812773231,0.039806057236493136,21.909658501578097,7.126650799440494,2.6634923206767036
340,training,0.00266574090346694,0.07815678045153618,0.04541447164174064,21.802909835280303,7.181143420862838,2.677171716143772
341,training,0.004424836486577988,0.08324645459651947,0.04541447164174064,21.678029255313643,7.244093896238193,2.669309676264814
342,training,0.0025093478616327047,0.03587033972144127,0.04541447164174064,21.60686430639461,7.280460204166782,2.6687045666546148
343,training,0.0008980741258710623,0.02678782492876053,0.043990918952629784,21.517932591663623,7.325969229257282,2.6685761918877353
344,training,0.00794905610382557,0.0985929761081934,0.043990918952629784,21.44679017168392,7.3620460419087195,2.678056256572429
345,training,0.002205672673881054,0.12047671526670456,0.04388819525070264,21.375367535465838,7.3978286537546305,2.674981522385552
346,training,0.0009705001139082015,0.03908034414052963,0.04388819525070264,21.286199528767668,7.442847096420447,2.6734479717003627
347,training,0.0007403662311844528,0.026396786794066426,0.04388819525070264,21.232604654105803,7.469699140129552,2.6799556983139983
348,training,0.003708978882059455,0.02421641256660223,0.03492105317174939,21.12505375203252,7.522445795170555,2.6896239660370482
349,training,0.004674800671637058,0.14198165945708752,0.03492105317174939,21.071123672243044,7.548564399378085,2.6897846522531426
350,training,0.005661150440573692,0.11150642484426498,0.03492105317174939,20.963461491756934,7.601400862821117,2.6810531345950035
351,training,0.0020130216144025326,0.07231883145868778,0.03127796723939397,20.892112519828167,7.637417297589841,2.667486547501572
352,training,0.0020124148577451706,0.10678095929324627,0.03127796723939397,20.78584931130087,7.693125043107121,2.651761899378108
353,training,0.009324508719146252,0.07197538018226624,0.03745588312920953,20.68044560783599,7.750508763914135,2.63433424453045
354,training,0.00047391621046699584,0.05980328982695937,0.03745588312920953,20.592892659595286,7.798651535516987,2.6464879566869377
355,training,0.003391830949112773,0.02167276665568352,0.03937240928778848,20.505003879407266,7.8461600009573385,2.644294812716682
356,training,0.001848119543865323,0.028400220908224583,0.03937240928778848,20.417138276145824,7.8934914389266595,2.652523604472675
357,training,0.0060316999442875385,0.05125027894973755,0.03937240928778848,20.346565477131975,7.930628683106904,2.6634336931145217
358,training,0.0006984235951676965,0.05239751748740673,0.04039532545949632,20.2578617060119,7.9765080342277965,2.6642456385019346
359,training,0.0008200657903216779,0.07908203639090061,0.04039532545949632,20.133419639622197,8.04028594556977,2.6715985216003486
360,training,0.006449188105762005,0.020552020519971854,0.04111956795915604,20.0263059243941,8.09387527714812,2.683417543162145
361,training,0.002287501934915781,0.013292445801198483,0.04111956795915604,19.95445513665494,8.128654179010843,2.698309760882843
362,training,0.0011979283299297094,0.016461083665490157,0.032777611484232395,19.882332306616686,8.163030352085876,2.694222329858644
363,training,0.002173725515604019,0.06343816220760345,0.032777611484232395,19.81041376611049,8.198076565954318,2.680961828927383
364,training,0.003205494023859501,0.006487792357802391,0.032777611484232395,19.70353427838961,8.252628842253344,2.65784738651928
365,training,0.0011708755046129227,0.14200326800346375,0.03375249631989224,19.597411470138596,8.308469182594223,2.6572972446418044
366,training,0.00988564733415842,0.02196801919490099,0.03375249631989224,19.490853760717965,8.3626099664143,2.6893430552297226
367,training,0.0004713400558102876,3.0407682061195374e-05,0.03173256929186771,19.400769548303,8.40556061606696,2.7005369618051622
368,training,0.005030730739235878,0.015274419449269773,0.03173256929186771,19.31030629168153,8.44769974310939,2.71224452314948
369,training,0.003838848089799285,0.0281661334738601,0.03173256929186771,19.237735494886632,8.481058748998176,2.708968654533243
370,training,0.00272339372895658,0.002665575593709942,0.026885245950756392,19.128939510355842,8.531423935924563,2.7081383286010743
371,training,0.004477722104638815,0.0033813118934631348,0.026885245950756392,19.038436259326524,8.573782595323857,2.6987981142428605
372,training,0.0012086040806025267,0.02770208939909935,0.029864720934912204,18.96641825637389,8.608112716723802,2.696407334170538
373,training,0.0017461958341300488,0.009275179356336594,0.029864720934912204,18.858025325528878,8.65908167030607,2.710823781332777
374,training,0.0013299211859703064,0.05739363469183445,0.02565304936846561,18.78534890752592,8.692058930932097,2.7204324391422525
375,training,0.0017975406954064965,0.07182769128121436,0.02565304936846561,18.7122666828658,8.724074215695287,2.736750322880471
376,training,0.004885206930339336,0.04640180617570877,0.02565304936846561,18.63890832698111,8.755239946235031,2.739062804582588
377,training,0.0022409195080399513,0.02572224149480462,0.02609882095918059,18.565394252613505,8.786856405502583,2.7310806784887207
378,training,0.005119141191244125,0.046386705711483955,0.02609882095918059,18.473930132622197,8.826862814204816,2.7307365597646287
379,training,0.003262264421209693,0.16620024293661118,0.02609882095918059,18.364030206370575,8.874285687682994,2.7390257317377005
380,training,0.0038250084035098553,0.09982239827513695,0.015587907797043521,18.271901806228747,8.912417002194038,2.7610067507041327
381,training,0.0023722939658910036,0.055108108557760715,0.015587907797043521,18.17908004949687,8.949173712652016,2.7683032358663695
382,training,0.00352625735104084,0.01530935987830162,0.005785110858661076,18.10454560655599,8.977763889965667,2.7848555176983383
383,training,0.00032496609492227435,0.02245191065594554,0.005785110858661076,18.010757220196687,9.011730042356131,2.803486287566631
384,training,0.0020347335375845432,0.008315152605064213,0.005785110858661076,17.93529221497848,9.038061785104858,2.804543114058303
385,training,0.0006093900883570313,0.04530513100326061,0.017413667311072533,17.822182996903354,9.077703233930166,2.8040159096117963
386,training,0.00176907645072788,0.01702508330345153,0.017413667311072533,17.709022689206165,9.116201165642527,2.8290961481111174
387,training,0.003845908446237445,0.01753901317715645,0.022035732341563054,17.594692938465524,9.151390837370956,2.856963065673006
388,training,0.002575044985860586,0.004549343138933182,0.022035732341563054,17.537060822263282,9.167965632250748,2.8662223573804826
389,training,0.0005954662919975817,0.010845486074686057,0.005457706799416923,17.460136021623033,9.189218382214678,2.8764916608099735
390,training,0.0009562616469338536,0.11535744275897741,0.005457706799416923,17.3829097103694,9.209569731613472,2.8929658669701483
391,training,0.0006773876375518739,0.11221200227737427,0.005457706799416923,17.285944736527448,9.233935560859047,2.8927889697800793
392,training,0.003512997180223465,0.1087438277900219,0.025634948566230536,17.2083480394892,9.25372654971251,2.8917014048505862
393,training,0.00023698860604781657,0.12361266277730465,0.025634948566230536,17.13082661719879,9.273086457412184,2.904686057215392
394,training,0.004151156172156334,0.16904297843575478,0.025634948566230536,17.033655924857577,9.296454365369756,2.9019582691774097
395,training,0.0027890163473784924,0.11383206397294998,0.013683979772360763,16.917272093674036,9.326570518636126,2.8714957338255833
396,training,0.0018176198936998844,0.1627642586827278,0.013683979772360763,16.8404920727407,9.348106051561638,2.867304763758118
397,training,0.0023890624288469553,0.1251716911792755,0.013683979772360763,16.76368570849041,9.369973383752441,2.8587831381893025
398,training,0.0027879560366272926,0.07900108862668276,0.009473335604469672,16.6677632811217,9.397946968165092,2.8573636522625456
399,training,0.00877984520047903,0.050644341856241226,0.009473335604469672,16.59101156196958,9.42047106570684,2.8539738988287664
400,training,0.0010891486890614033,0.07167570386081934,0.0069665108128073,16.495215105385114,9.448923312274406,2.8525852820194673
401,training,0.004928505979478359,0.06946272670757025,0.0069665108128073,16.399483169099813,9.477689193539987,2.8457904087848096
402,training,0.0028501306660473347,0.0021189311519265175,0.0069665108128073,16.32295316285123,9.501122036734683,2.8442267777913623
403,training,0.0012052246602252126,0.12465161830186844,0.016760579397089585,16.208403192024186,9.536548915302772,2.8386692457283718
404,training,0.0030946102924644947,0.01764032244682312,0.016760579397089585,16.11292001102878,9.56538636812318,2.8645088756225383
405,training,0.0026353434659540653,0.027204694226384163,0.007949290503828404,16.03599785002883,9.587071616601726,2.8683534391956886
406,training,0.003562851343303919,0.01641659066081047,0.007949290503828404,15.93974216633669,9.613681490786137,2.875427715636954
407,training,0.0012597658205777407,0.10367401875555515,0.024379256844522412,15.823743192569129,9.643995750739636,2.8976569422116474
408,training,0.0026065728161484003,0.01397645939141512,0.024379256844522412,15.726648459834022,9.667336962172351,2.913183440135427
409,training,0.0006768564926460385,0.04157545417547226,0.025098728895749014,15.59031438669464,9.697903975697404,2.9283236759548643
410,training,0.0026580863632261753,0.09333280473947525,0.025098728895749014,15.5120418492243,9.714773245527306,2.928827685276277
411,training,0.0012547720689326525,0.08734796196222305,0.04432695692386052,15.375574134531204,9.74590072505924,2.9027103539298538
412,training,0.0003626236575655639,0.09550459682941435,0.04432695692386052,15.278600730427844,9.771040481653886,2.8714273499192946
413,training,0.0032582134008407593,0.08506143977865577,0.04432695692386052,15.144558596186235,9.812942485827792,2.8014722552715283
414,training,0.001819244003854692,0.12943507358431816,0.0308573959664186,15.032235965879117,9.855987731264221,2.7500760518219867
415,training,0.0011292819399386644,0.08042914979159832,0.0308573959664186,14.940513417870243,9.896299855940901,2.702994973117254
416,training,0.010777875781059265,0.014783315360546112,0.010915415380304168,14.868432066039531,9.931263815909087,2.6768310693518513
417,training,0.001378693268634379,0.05897981859743595,0.010915415380304168,14.797170310683443,9.967539893053107,2.667695279033053
418,training,0.0009651961154304445,0.03181160148233175,0.010915415380304168,14.726267377172157,10.004556645212839,2.6517339135074804
419,training,0.0014339662156999111,0.073552206158638,0.003343630472255461,14.638514209038679,10.052281372140241,2.6384374517877984
420,training,0.00425800122320652,0.00768736749887465,0.003343630472255461,14.517251109706413,10.123110940721503,2.577482466618371
421,training,0.0010154801420867443,0.05599811673164369,0.01648647008901207,14.433765826527578,10.178578428224135,2.5351884116510535
422,training,0.001767616719007492,0.06283091753721239,0.01648647008901207,14.368684731082206,10.225163785506268,2.5059773547910535
423,training,0.0050413962453603745,0.13333990424871445,0.059166503280078976,14.258041491199158,10.311431152486994,2.4520845944122853
424,training,0.000760467373766005,0.13012682646512985,0.059166503280078976,14.212159592754377,10.349979319538392,2.4335768861245204
425,training,0.0023416192270815372,0.11845619231462479,0.059166503280078976,14.136879628160557,10.415827258524756,2.412999503913686
426,training,0.0031257583759725094,0.013788625597953796,0.059166503280078976,14.077469024738772,10.469271742300817,2.4055304825365345
427,training,0.005116399843245745,0.02493416890501976,0.0539903667594635,13.975159083260298,10.565038471677795,2.3696751439214223
428,training,0.0033264928497374058,0.06050925701856613,0.0539903667594635,13.91836395140911,10.621388844339556,2.3491643271785967
429,training,0.004997699521481991,0.08034044597297907,0.0539903667594635,13.84874591898897,10.693164862189366,2.3329911097039377
430,training,0.002307397313416004,0.0147980572655797,0.02491275147569483,13.766374221061929,10.780408753827277,2.3230275414503936
431,training,0.0028777578845620155,0.1005236953496933,0.02491275147569483,13.711880442135854,10.838845604337324,2.318355828483407
432,training,0.000959632801823318,0.049406349658966064,0.02491275147569483,13.65788084714186,10.897832070337467,2.3058110595217984
433,training,0.0003385652380529791,0.018743622582405806,0.005999191363163986,13.591325653606097,10.972388632786092,2.2944341434089086
434,training,0.0010181460529565811,0.024294421076774583,0.005999191363163986,13.538321196272221,11.032081083599014,2.301384842657918
435,training,0.0025521537754684687,0.08593176305294035,0.005999191363163986,13.484256538036961,11.09075219928592,2.3301744872877803
436,training,0.0011663049226626754,0.12028683722019197,0.007061112897807231,13.428375494329245,11.147378065509372,2.3687977213713527
437,training,0.0012853806838393211,0.1250246912240982,0.007061112897807231,13.370413961043157,11.202117454105032,2.400885138302426
438,training,0.0024459154810756445,0.0723685622215271,0.007061112897807231,13.310927654318355,11.255257645927555,2.424588038621483
439,training,0.0018461053259670734,0.06476765871047976,0.0149319075722083,13.249799202688548,11.306179383853758,2.469192153354951
440,training,0.002443852834403515,0.0630955621600151,0.0149319075722083,13.170069839025485,11.365554182113918,2.5351046976643117
441,training,0.0029994293581694365,0.004539705812931061,0.0149319075722083,13.103745481232336,11.409615592877547,2.5742200206657744
442,training,0.002328468021005392,0.010196112096309662,0.0149319075722083,13.035672989821483,11.451137260854598,2.6139231592452328
443,training,0.002501850016415119,0.028077669441699996,0.034100779877444844,12.948295690801443,11.498733852265213,2.6714752411668465
444,training,0.0015992228873074055,0.00963765382766725,0.034100779877444844,12.858486224523789,11.541702971068162,2.713588555104026
445,training,0.0032300108578056097,0.008755434304475784,0.03355312961348817,12.767065580251323,11.581016750806137,2.7571358149703746
446,training,0.004104104358702898,0.020395180210471153,0.03355312961348817,12.692910775509347,11.609890747869942,2.7789326678689346
447,training,0.0026761384215205908,0.07906687073409557,0.014608678178139628,12.561705713772342,11.658085806495441,2.7987726110754694
448,training,0.003108433447778225,0.04476245492696762,0.014608678178139628,12.467392044988996,11.690526845107899,2.8216784332813623
449,training,0.0009845952736213803,0.07355370372533798,0.014608678178139628,12.391563037663277,11.715438732608044,2.8236703243135066
450,training,0.0019331451039761305,0.11509952694177628,0.000862488970244677,12.315598979539,11.740192422280431,2.8306222239660306
451,training,0.002366760279983282,0.120923918671906,0.000862488970244677,12.239367346560226,11.76458841112765,2.8322548958930347
452,training,0.0005982397124171257,0.05484789190813899,0.000862488970244677,12.125242141321912,11.800879725362948,2.835948645236271
453,training,0.0035728157963603735,0.220450509339571,0.011815007585519822,12.010989256766583,11.837105426957775,2.8323864222241633
454,training,0.00246993126347661,0.07731289695948362,0.012673331107421717,11.877457931897668,11.878692705439649,2.8480024061944795
455,training,0.001331167877651751,0.08367233956232667,0.012673331107421717,11.800961234048879,11.901522638538777,2.854117328238984
456,training,0.0008100178092718124,0.12802699580788612,0.012673331107421717,11.705104202524794,11.92967920083412,2.856635840979321
457,training,0.0008199346484616399,0.014364473521709442,0.009114209719868784,11.609022905261709,11.956764773554275,2.8775585206829972
458,training,0.0012625931994989514,0.05040210112929344,0.009114209719868784,11.493200290984785,11.988144569090318,2.872417869582163
459,training,0.0014239903539419174,0.17155920341610909,0.009741507457087305,11.396857878470668,12.01478596407456,2.871544672164357
460,training,0.002762272721156478,0.09396837558597326,0.009741507457087305,11.319738445605372,12.03571530948663,2.884328980125503
461,training,0.002876081969588995,0.08357336185872555,0.009741507457087305,11.222975454201555,12.060622246674274,2.8925296032430823
462,training,0.0018340874230489135,0.09352519921958447,0.004834146489389119,11.126042622776309,12.084933605259891,2.8994405872520446
463,training,0.0002452466287650168,0.06528494507074356,0.004834146489389119,11.028918747737404,12.108446976457119,2.9087531013397143
464,training,0.0009927835781127214,0.12312617502175272,0.01214416948250648,10.912304900810026,12.136774327075623,2.8924478729463927
465,training,0.001030749175697565,0.159133804962039,0.01214416948250648,10.815448270637805,12.161526977623518,2.891756253354144
466,training,0.0016586894635111094,0.10354142542928457,0.010593832466436767,10.737856043387213,12.181196686377175,2.8953932685083905
467,training,0.002464988036081195,0.09241146640852094,0.010593832466436767,10.621604970090765,12.210611461987645,2.889686369428045
468,training,0.0015448549529537559,0.08098910376429558,0.010593832466436767,10.544043787190486,12.230577799717842,2.8910098199187857
469,training,0.0035819881595671177,0.1313709393143654,0.03332055251705804,10.447132541870811,12.254755993331667,2.9048458797800603
470,training,0.0015742830000817776,0.16352691128849983,0.03332055251705804,10.330408432863605,12.28108452893758,2.93597245656058
471,training,0.0017478491645306349,0.10772160068154335,0.015874302942921144,10.232456679207747,12.299986768068127,2.9653059584501635
472,training,0.0017196736298501492,0.09467501193284988,0.015874302942921144,10.15372465625452,12.313557885396214,2.974271695449146
473,training,0.0020997358951717615,0.11383368074893951,0.015874302942921144,10.035529230438378,12.333512015699405,2.9734168449356346
474,training,0.0009268735302612185,0.15868688374757767,0.003626946217528183,9.91732292215433,12.35291256615106,2.9848000233323186
475,training,0.002446204423904419,0.13892613351345062,0.003626946217528183,9.818604090579182,12.367711641173134,2.9999102110809726
476,training,0.004548180848360062,0.1458134688436985,0.010868095353778104,9.719699706257105,12.380788465297682,3.0190599118356043
477,training,0.0018175594741478562,0.05884784460067748,0.010868095353778104,9.60071845449566,12.393925287089365,3.0429006129351603
478,training,0.002693020738661289,0.10330033302307129,0.04582742116140156,9.54120026379388,12.400128153794116,3.0287601212686948
479,training,0.0035981512628495693,0.37844593822956085,0.04582742116140156,9.422102973784659,12.415822426494435,2.99200741303766
480,training,0.0014668891672044992,0.3258071839809418,0.04582742116140156,9.323306369867842,12.428010316902176,3.066595133865789
481,training,0.006083272397518158,0.27317942678928375,0.07913574815529201,9.244030894340508,12.431156709379866,3.137400436845707
482,training,0.011765549890697002,0.2478490099310875,0.07913574815529201,9.164289645410271,12.42956093323875,-3.099174805907638
483,training,0.002369657624512911,0.1887139491736889,0.07913574815529201,9.084733875150791,12.424882204650766,-3.0694462351209824
484,training,0.0010605431161820889,0.1356330905109644,0.08234127285413789,9.005260075780507,12.418379340707272,-3.0540683043734647
485,training,0.009214884601533413,0.11764719244092703,0.08234127285413789,8.885826497582933,12.407198695294579,-3.0429645586350773
486,training,0.001765425899066031,0.12944108992815018,0.06255598313868413,8.786342101520962,12.397352143308062,-3.0446801837180115
487,training,0.0027637681923806667,0.09969945345073938,0.06255598313868413,8.706835668264317,12.389474677910385,-3.0394184544146863
488,training,0.002727147424593568,0.022451549768447876,0.06255598313868413,8.627215049879917,12.381257087287054,-3.0395395109592975
489,training,0.0013469356345012784,0.09246247261762619,0.04233958104588129,8.547439184002235,12.373411271409275,-3.0481750145295035
490,training,0.006046568974852562,0.04786841943860054,0.04233958104588129,8.427794198257217,12.36355782383887,-3.072469427613287
491,training,0.004620309919118881,0.10472605936229229,0.02648989594178222,8.32786508592394,12.357662983555961,-3.091301909647333
492,training,0.0010841323528438807,0.06073915772140026,0.02648989594178222,8.247887679401904,12.35408986086077,-3.101922622797139
493,training,0.0013466880191117525,0.030865991488099098,0.02648989594178222,8.168036784446508,12.351154179342021,-3.1088687481282276
494,training,0.003936021123081446,0.035093849524855614,0.02049239835546909,8.088157514999212,12.34869556514932,-3.1130997885151377
495,training,0.0015545929782092571,0.0710091833025217,0.02049239835546909,8.008161953871145,12.346673440013424,-3.1196293072647667
496,training,0.0078944843262434,0.15102241653949022,0.02049239835546909,7.9481300333870095,12.34552509598895,-3.125242332645659
497,training,0.004587323404848576,0.03053773008286953,0.014768573768147024,7.808274659692367,12.343577604743878,-3.129753367216896
498,training,0.0031265043653547764,0.03498152911197394,0.014768573768147024,7.688416787774906,12.342204939505988,-3.129703988126108
499,training,0.0023743323981761932,0.14863534504547715,0.020266145855023003,7.608429329140763,12.34128631364935,-3.129596797234856
500,training,0.002765069715678692,0.1268276311457157,0.020266145855023003,7.508509096284977,12.340198951487674,-3.131501051847792
501,training,0.006201436743140221,0.1321784220635891,0.020266145855023003,7.408628412466247,12.33864101986598,-3.116199254941894
502,training,0.002010157098993659,0.13628306984901428,0.020607029615721903,7.328848294293617,12.336056805134438,-3.103261681271831
503,training,0.007242784835398197,0.05863575264811516,0.020607029615721903,7.249256548557871,12.332232916036626,-3.0831638471152596
504,training,0.005154482088983059,0.023144706152379513,0.020750450433157114,7.1296043785069845,12.324244525298834,-3.070959223824281
505,training,0.0014294504653662443,0.012764187529683113,0.020750450433157114,7.049864003269776,12.318699825834482,-3.0748548741348984
506,training,0.0033379201777279377,0.03811957873404026,0.009864226701471811,6.930038119501225,12.311371749111503,-3.087465844158219
507,training,0.002476029098033905,0.07429333217442036,0.009864226701471811,6.8301687631442105,12.306354903007463,-3.0956578476332295
508,training,0.0014445907436311245,0.025375826284289357,0.009864226701471811,6.750236201157198,12.303053821012035,-3.10532158316802
509,training,0.0023809627164155245,0.05821082368493081,0.00650818012582461,6.670234210503446,12.300459324973222,-3.1115664030634127
510,training,0.0013186091091483831,0.0371641768142581,0.00650818012582461,6.5306245982110225,12.295246241068936,-3.0917801772859272
511,training,0.0015035480028018355,0.05889524519443512,0.013048185454178466,6.41086387106617,12.288838599058838,-3.0851924766278067
512,training,0.006300560664385557,0.14233946427702904,0.013048185454178466,6.351087184773434,12.285036871779738,-3.0700873038656793
513,training,0.00036043819272890687,0.07467774022370577,0.013048185454178466,6.27136081020855,12.278655410524543,-3.0530622901510793
514,training,0.0040611932054162025,0.0423008615616709,0.0005805864553965081,6.192045041276679,12.270679205141851,-3.0287465860821854
515,training,0.0018999244784936309,0.08022042736411095,0.0005805864553965081,6.0930455798051995,12.258148635020428,-3.0048567631452516
516,training,0.006377295590937138,0.03256820421665906,0.0005805864553965081,5.994471223062614,12.24299607611464,-2.972564045639463
517,training,0.0031615677289664745,0.0037046349607408047,0.021285912728472852,5.915938766119079,12.228921953617856,-2.9557296034307314
518,training,0.005785523913800716,0.0025099366903305054,0.021285912728472852,5.83740546873346,12.213908291476164,-2.95249406651751
519,training,0.008702397346496582,0.0005169659852981567,0.021285912728472852,5.758871453897752,12.19863099036375,-2.9459593380311757
520,training,0.004564784932881594,0.03255997132509947,0.013962698891372893,5.641621257744393,12.174369677765563,-2.9294602936524776
521,training,0.0016053715953603387,0.03394360840320587,0.013962698891372893,5.563390363500786,12.157648266779649,-2.9355838226870934
522,training,0.002481769770383835,0.05136916600167751,0.019606459697474963,5.485104527598828,12.141848704569256,-2.950657282633033
523,training,0.003123186994343996,0.021574068814516068,0.019606459697474963,5.387118204189286,12.122991357744798,-2.947602409595338
524,training,0.0012203170917928219,0.010708080604672432,0.019606459697474963,5.288955052383499,12.10398053128878,-2.95509225061207
525,training,0.0021519786678254604,0.029045600444078445,0.031180995678791883,5.210284489872587,12.089555814578484,-2.9655556975589383
526,training,0.0010498538613319397,0.0066061597317457164,0.031180995678791883,5.092310131678977,12.068268675244646,-2.9575019647437073
527,training,0.0016765643376857042,0.04860018379986286,0.0243341973321407,5.013635943138609,12.053810018613625,-2.9636572641249623
528,training,0.0027396446093916893,0.06334307231009007,0.0243341973321407,4.934717020495647,12.03994910815774,-2.972577040307791
529,training,0.002353544579818845,0.10572738945484161,0.0243341973321407,4.836196641048372,12.023090971255066,-2.9690793104548936
530,training,0.0017359884222969413,0.09703517332673071,0.01978287623676672,4.757647177404501,12.008868547314481,-2.9547367868635197
531,training,0.0012175217270851135,0.13012343645095825,0.01978287623676672,4.659974461665082,11.988955392353276,-2.9240128239319714
532,training,0.0012622011126950383,0.1873299703001976,0.011624709777029599,4.543792570306436,11.960700544073601,-2.8810555585832804
533,training,0.004534746985882521,0.1626761481165886,0.011624709777029599,4.46718970647572,11.93878331442046,-2.8411215316344105
534,training,0.002129992935806513,0.2007884532213211,0.011624709777029599,4.39147340606575,11.913966942471955,-2.809516195044347
535,training,0.0014587368350476027,0.19234919548034668,0.05226037603042767,4.316792150022817,11.886530855151063,-2.767488709535206
536,training,0.002253309590741992,0.11055522039532663,0.05226037603042767,4.18945030555879,11.830160006862297,-2.6823859345698082
537,training,0.0024560303427278996,0.030353327281773083,0.06580425130849478,4.100964480118022,11.784198536284972,-2.6457340547632624
538,training,0.0057425121776759624,0.06961737480014563,0.06580425130849478,4.048572290264625,11.755377881309526,-2.6326489291045743
539,training,0.0012810582993552089,0.03165953978896141,0.06580425130849478,3.9623470399062213,11.705460900559684,-2.596768745749401
540,training,0.0017387419939041138,0.07549083232879639,0.05943657191494376,3.8773737187383386,11.652801292839785,-2.583076215600223
541,training,0.009445175528526306,0.07112758420407772,0.05943657191494376,3.8099800754035016,11.610046909879628,-2.5689082559238305
542,training,0.0037603750824928284,0.04385081306099892,0.05943657191494376,3.710320289818104,11.543776123231686,-2.5396201554008417
543,training,0.001362641341984272,0.021542157046496868,0.03518537505961206,3.6129081918613277,11.474282933750754,-2.502589084131952
544,training,0.0021981466561555862,0.00138959102332592,0.03518537505961206,3.548988789070206,11.426367604981394,-2.495791915049
545,training,0.0027298482600599527,0.018101753666996956,0.014829872737037094,3.4537750392051763,11.353698270535652,-2.48230298849589
546,training,0.0035529518499970436,0.07405298762023449,0.014829872737037094,3.375203880258634,11.292181060032245,-2.4715819889894752
547,training,0.0036572027020156384,0.0032116174697875977,0.014829872737037094,3.312799119016417,11.242388930619361,-2.46471208381837
548,training,0.0022058417089283466,0.34693965315818787,0.049239743192052425,3.2058149811723564,11.152846733738542,-2.4198431674023104
549,training,0.0021022027358412743,0.33692774176597595,0.049239743192052425,3.1113999243174257,11.077514055138787,-2.533393107141328
550,training,0.0011904294369742274,0.20868025720119476,0.007219942371795134,3.0259774941724658,11.024243259581542,-2.63186319972481
551,training,0.0015196586027741432,0.20380479842424393,0.007219942371795134,2.9546789851211375,10.987326486972993,-2.6911902236903984
552,training,0.005991945043206215,0.11218121461570263,0.007219942371795134,2.863131010948847,10.946249357559731,-2.7471723143571087
553,training,0.0025796392001211643,0.09861022792756557,0.006523973926391733,2.788885591975457,10.916254086981652,-2.7621494598733913
554,training,0.0015916174743324518,0.06308642402291298,0.006523973926391733,2.6961762255497925,10.879175794768633,-2.7565115163106735
555,training,0.0017459576483815908,0.0332262311130762,0.006523973926391733,2.6222926491161807,10.848732999904202,-2.7431477061221585
556,training,0.002660771831870079,0.1258602924644947,0.02488697450777147,2.5490867465708695,10.817005586523285,-2.7210630451994873
557,training,0.002020382322371006,0.190011665225029,0.02488697450777147,2.4597101639891883,10.77394095491628,-2.6568029091409042
558,training,0.003560309763997793,0.121768519282341,0.02488697450777147,2.4079062039281514,10.744769983338262,-2.5975079995156927
559,training,0.0032699427101761103,0.11146409809589383,0.06253854930540106,2.341248821425731,10.701327396130184,-2.535238967904532
560,training,0.000755437882617116,0.054571688175201416,0.06253854930540106,2.263066155624279,10.640735013773568,-2.4275875962906692
561,training,0.0003440112341195345,0.12389561533927917,0.126349079606704,2.205136243541334,10.586822513339808,-2.3627470677745106
562,training,0.001272861147299409,0.06635524332523346,0.126349079606704,2.1508089274786824,10.528907505797946,-2.279088387405936
563,training,0.005097540561109781,0.00830063223838809,0.126349079606704,2.1023391608677415,10.466426384613621,-2.1813758440773987
564,training,0.0015065416228026152,0.12061882764101028,0.1405247619529114,2.059697349751781,10.399662695522704,-2.099556559475331
565,training,0.012251215986907482,0.011252947151660905,0.1405247619529114,2.0211342605482017,10.329985219946163,-2.0599512577134678
566,training,0.005624035373330116,0.013918653130531311,0.1405247619529114,1.9766458593403957,10.241035815684464,-2.0053528102535205
567,training,0.0004943015519529581,0.05101054161787033,0.10841365587342301,1.9377409925714653,10.14951515068853,-1.9400032527573772
568,training,0.0034143233206123114,0.10507266223430634,0.10841365587342301,1.9109278978316544,10.074709023459937,-1.8901349247843213
569,training,0.0017314914148300886,0.07939387857913972,0.04606819295692032,1.8872893123349088,9.998510871498636,-1.8573652451146425
570,training,0.0010572986211627722,0.0984525978565216,0.04606819295692032,1.8608224907931266,9.902413132803852,-1.8208592734674005
571,training,0.004075017757713795,0.010727856308221824,0.04606819295692032,1.8419568087671172,9.824850144777919,-1.8001669967990244
572,training,0.001877601258456707,0.08632238581776619,0.009692814969117301,1.8247056454452844,9.74702030063308,-1.7789485509377476
573,training,0.003679693443700671,0.13456955435685813,0.009692814969117301,1.7986504620221933,9.609863435724614,-1.738045265876679
574,training,0.003844829509034753,0.1291731745004654,0.009692814969117301,1.7858226475895813,9.531097326019728,-1.7328344192642438
575,training,0.0012481582816690207,0.10656827874481678,0.011207008060448989,1.7729512160632435,9.452260205122531,-1.7331074544294776
576,training,0.0030687954276800156,0.026902712881565094,0.011207008060448989,1.7570353982117655,9.353703418502178,-1.7283739154655868
577,training,0.0024443473666906357,0.009976893663406372,0.013945008870495764,1.7396378326386286,9.235307581212412,-1.7048776667379841
578,training,0.004605879075825214,0.029844806529581547,0.013945008870495764,1.7290903085176024,9.156093140731672,-1.7033142620972819
579,training,0.003371438244357705,0.03459535911679268,0.013945008870495764,1.7155246534339899,9.057046164846927,-1.7111139368622899
580,training,0.00246764300391078,0.12704771012067795,0.010270047236155218,1.6985441682279274,8.938483068927779,-1.7137720002649504
581,training,0.002957349643111229,0.02364387921988964,0.01736210440524276,1.6775904875631864,8.80005040048997,-1.7314444231715633
582,training,0.0032034851610660553,0.026382338255643845,0.01736210440524276,1.664823125277537,8.721210071013125,-1.7321568156215734
583,training,0.001115689636208117,0.08094503358006477,0.01736210440524276,1.652249961211868,8.64232474754113,-1.724099233969528
584,training,0.0013234751531854272,0.062464453279972076,0.02700221305991328,1.6356303276774755,8.523888350490417,-1.6939335955455221
585,training,0.0024351950269192457,0.13285762257874012,0.02700221305991328,1.621862671431675,8.404902190554884,-1.6797680803715231
586,training,0.0046458058059215546,0.13250572606921196,0.02726924381531212,1.6116621287036732,8.305618318816252,-1.6670316896193647
587,training,0.0026074163615703583,0.04522117879241705,0.02726924381531212,1.6040422035925812,8.22604804111182,-1.6695074354206854
588,training,0.004230178892612457,0.010451387148350477,0.02726924381531212,1.5958962917126254,8.146379135364308,-1.6749487716477292
589,training,0.003613349748775363,0.012857513502240181,0.020421089086146562,1.5855261371102205,8.047053350962528,-1.6715786048633274
590,training,0.007537019904702902,0.06673992658033967,0.020421089086146562,1.577502388587019,7.967554568965307,-1.672016007431337
591,training,0.002777066081762314,0.06219184026122093,0.020421089086146562,1.569529992359943,7.888150634567731,-1.6705455483500244
592,training,0.0023286985233426094,0.014071071171201766,0.015325043775127216,1.5570962866742482,7.768780843104896,-1.6817148737992906
593,training,0.003607913851737976,0.05397418886423111,0.015325043775127216,1.54593155689583,7.66948472806671,-1.6837553699592633
594,training,0.0008011203026399016,0.0020954508800059557,0.016129635850470267,1.5351366296662154,7.570273702494137,-1.674774316418517
595,training,0.000527247553691268,0.044658318161964417,0.016129635850470267,1.522787667620421,7.450969987013461,-1.674649318745012
596,training,0.0017082301201298833,0.09622932225465775,0.01049706071317867,1.5095224912167124,7.331741046138356,-1.6899804375300316
597,training,0.0014000681694597006,0.08290896564722061,0.01049706071317867,1.4939746028856995,7.212768515193907,-1.7115949677240037
598,training,0.004705147352069616,0.04418197087943555,0.010429306747831713,1.4805275897947379,7.113965896553195,-1.6912913362783626
599,training,0.0012107571819797158,0.006975159049034119,0.010429306747831713,1.471966740295507,7.03468225342988,-1.6645490936557301
600,training,0.0020950469188392162,0.012855865061283112,0.010429306747831713,1.4655439127743757,6.955261734565906,-1.6399081296616382
601,training,0.003223334439098835,0.028248000890016556,0.026233157232548942,1.4590792711498533,6.835582879492457,-1.610311933075105
602,training,0.0009084329358302057,0.006229447200894356,0.026233157232548942,1.455746011482085,6.715727867543615,-1.5869816486608663
603,training,0.0027871904894709587,0.014853957574814558,0.034468192429919546,1.454744678159378,6.635900256791784,-1.5805675838266975
604,training,0.0010735804680734873,0.033095670863986015,0.034468192429919546,1.4540575589501517,6.555997301328252,-1.5783671613632704
605,training,0.008108632639050484,0.06477247923612595,0.034468192429919546,1.4535898388773878,6.456061562460438,-1.572053537206164
606,training,0.004280809313058853,0.05141475051641464,0.03591833284755594,1.45353827474408,6.376031306616185,-1.571469246551632
607,training,0.002105369698256254,0.022223226726055145,0.03591833284755594,1.4534730082166916,6.2561001059444425,-1.5713826086043732
608,training,0.005856260657310486,0.029038939625024796,0.03585291822901361,1.4534308556405866,6.176039138005554,-1.5714132212799252
609,training,0.0006690549198538065,0.005308652296662331,0.03585291822901361,1.4533804071795,6.07604114195437,-1.5713734959644665
610,training,0.0042168255895376205,0.10505665838718414,0.03585291822901361,1.453344775611951,5.996003692090196,-1.5713201609951863
611,training,0.00786285288631916,0.035764094442129135,0.028103578143212304,1.4533136474453237,5.916132105950784,-1.5712209905638448
612,training,0.0031963472720235586,0.018808430060744286,0.028103578143212304,1.4527756144055652,5.836098491673328,-1.5851698686924993
613,training,0.0012110300594940782,0.051370644941926,0.029743228763383565,1.4510912160298697,5.755962716442143,-1.597919949022439
614,training,0.006265066564083099,0.04765930958092213,0.029743228763383565,1.4477680607954013,5.655958165417396,-1.609801614178018
615,training,0.002855381229892373,0.022087860852479935,0.029743228763383565,1.4424783755286996,5.536115843752749,-1.6195296038576332
616,training,0.004103489685803652,0.0029837149195373067,0.032605734594593136,1.43655213834943,5.416310395291306,-1.6206132517297362
617,training,0.002862804103642702,0.026170386001467705,0.03484416787742506,1.4307532272677863,5.296473421859024,-1.6174335547018068
618,training,0.001415410079061985,0.08255382068455219,0.03484416787742506,1.427221723973289,5.216648107509859,-1.6123737263382967
619,training,0.002675954019650817,0.02357515599578619,0.03484416787742506,1.4235090694691548,5.116804810773832,-1.6028838425525376
620,training,0.002919232239946723,0.006957491161301732,0.03413573661159905,1.4211555510784573,5.036810562954288,-1.597972151194265
621,training,0.0016009837854653597,0.012697997502982616,0.03413573661159905,1.4191035147704745,4.956789496684899,-1.595706566207172
622,training,0.0016803466714918613,0.014366208808496594,0.03413573661159905,1.4167742772140226,4.856877625491048,-1.5916612700608246
623,training,0.0024486035108566284,0.049411432817578316,0.02820278081121931,1.415528011454529,4.7970440815234,-1.591422953921605
624,training,0.0037970507983118296,0.043939826311543584,0.02820278081121931,1.413630153952657,4.697108365851296,-1.5875164019231687
625,training,0.0014317214954644442,0.012166171334683895,0.02311777949032358,1.4117602402012117,4.577138093483322,-1.5858432211012037
626,training,0.002628403715789318,0.012227288447320461,0.02311777949032358,1.4101545435922471,4.477159862036267,-1.5883418000582146
627,training,0.0027383577544242144,0.09231973066926003,0.02311777949032358,1.4083265622259413,4.377192803541461,-1.589429112650958
628,training,0.0038661363068968058,0.08300955034792423,0.021512160483563907,1.4062278644950976,4.297089937427959,-1.604779503164521
629,training,0.0014585739700123668,0.009356434922665358,0.021512160483563907,1.4030244692506157,4.216994016373275,-1.6164912589114453
630,training,0.00335768423974514,0.03621911630034447,0.019402866628474676,1.4001674121471468,4.1571663781201975,-1.619360777271911
631,training,0.0015093868132680655,0.05612445995211601,0.019402866628474676,1.3962607210662283,4.0773158184778815,-1.6199628356164137
632,training,0.002133583649992943,0.06470884382724762,0.019402866628474676,1.3903487941333588,3.957483005744366,-1.6204247695475569
633,training,0.0026430704165250063,0.08575534261763096,0.02194951631132049,1.3863755065613905,3.8776060553201233,-1.6207379183497945
634,training,0.0029208732303231955,0.05912172980606556,0.02194951631132049,1.3824917923654096,3.797650903350392,-1.6176090611328136
635,training,0.0022025639191269875,0.029359945096075535,0.02194951631132049,1.3789949821457659,3.7177350822649355,-1.61105879626044
636,training,0.007527594454586506,0.09898998029530048,0.023051138053760058,1.3752622472201819,3.617884723660313,-1.605873163714782
637,training,0.0015066174091771245,0.15406681317836046,0.023051138053760058,1.372085340976372,3.518038377669567,-1.5984961790610528
638,training,0.000628629932180047,0.08610553812468424,0.012831846664461665,1.3700022564129748,3.438205271625499,-1.5952958174049412
639,training,0.001949397730641067,0.017631107941269875,0.012831846664461665,1.3680742266350752,3.358251501609857,-1.5950372123881997
640,training,0.0019552290905267,0.07774549350142479,0.012831846664461665,1.3653662706740355,3.2383347933820095,-1.5913465262646944
641,training,0.0011019703233614564,0.10551966354250908,0.005135454742737793,1.3644075750017202,3.1184908459829384,-1.564136192327209
642,training,0.0013418407179415226,0.10307656228542328,0.005135454742737793,1.3660891921009735,3.018683868574078,-1.5434731502015933
643,training,0.0069061871618032455,0.01546007115393877,0.00815551235973487,1.368590202187497,2.938857279474617,-1.535408613406577
644,training,0.004053695127367973,0.026222801301628355,0.00815551235973487,1.3743568112912103,2.79905729080453,-1.524018238238805
645,training,0.0016529869753867388,0.025238482281565666,0.012116160839687569,1.3795732233477065,2.6993710965797786,-1.5117233940497994
646,training,0.0012231569271534681,0.0254740035161376,0.012116160839687569,1.384245505558185,2.6195522884851163,-1.5142761304484762
647,training,0.0007258570403791964,0.026472544297575954,0.012116160839687569,1.3914610126787899,2.4796472004101,-1.5247059277738206
648,training,0.0017008609138429165,0.02269410109147429,0.0053401106308414974,1.396552175409066,2.379964410964278,-1.5126116250653991
649,training,0.0013824817724525928,0.02782464725896716,0.0053401106308414974,1.402904828505944,2.280328788641119,-1.5017301842246096
650,training,0.0016101165674626827,0.07773778075352311,0.011298389970678233,1.4084911028612512,2.2006766226697203,-1.500675058306792
651,training,0.002550675766542554,0.055715360678732395,0.011298389970678233,1.4140306574724553,2.1209160513491025,-1.502731123009141
652,training,0.001251219306141138,0.010479272343218327,0.011298389970678233,1.4211472605959554,2.0212859898729274,-1.4958993739313782
653,training,0.0035829409025609493,0.019335173070430756,0.009801105843640785,1.4272640892043724,1.94149244892447,-1.4946700432397642
654,training,0.0005497424281202257,0.09099249914288521,0.009801105843640785,1.4331578639763776,1.8617812613635107,-1.5014154496948533
655,training,0.0012197606265544891,0.174509521573782,0.018869767380904776,1.4426629531921595,1.742243195741719,-1.4731741377495973
656,training,0.00041659444104880095,0.2635645195841789,0.018869767380904776,1.452366329721844,1.6632232516236907,-1.42024530436972
657,training,0.0032451748847961426,0.17097124829888347,0.018869767380904776,1.4665805006755208,1.5850373743743615,-1.3597433091049294
658,training,0.0021898746490478516,0.30563871562480927,0.047122692670365174,1.4909802398779852,1.4886219820646898,-1.2859418646291503
659,training,0.000742339005228132,0.13956202659755945,0.047122692670365174,1.516291085012024,1.4136360898908584,-1.2018697630030508
660,training,0.002498019253835082,0.38459618389606476,0.047122692670365174,1.5644529735705106,1.304460653588678,-1.1160468002172612
661,training,0.006802505347877741,0.2801765874028206,0.07336110495353561,1.612482983965497,1.218094854493096,-1.0043655431058116
662,training,0.0019491767743602395,0.1860338095575571,0.07336110495353561,1.6703676182106588,1.1379328970366456,-0.88531381212434
663,training,0.0005294819129630923,0.14630628377199173,0.13823380704033802,1.7232367532579371,1.0786622048928967,-0.8010982285844678
664,training,0.0010613186750561,0.18703081086277962,0.13823380704033802,1.7958405908791801,1.0115190299678645,-0.692764589409796
665,training,0.0021449802443385124,0.012354463338851901,0.12559370036712483,1.8588186330112793,0.9637131552898013,-0.6064541451672582
666,training,0.002211392857134342,0.016093745827674866,0.12559370036712483,1.9601331735669025,0.901148059416723,-0.5022651197319732
667,training,0.00197844416834414,0.06885896623134613,0.11692781465399228,2.0858537149742005,0.8422772494128349,-0.3712584072570447
668,training,0.00038374908035621047,0.019120551645755768,0.11692781465399228,2.1985468287922125,0.8033521890724605,-0.29701162024155797
669,training,0.0031776782125234604,0.06498213857412338,0.10468992686935044,2.333281955129729,0.7672517437564532,-0.22791333649695564
670,training,0.0010015378938987851,0.07658512890338896,0.10468992686935044,2.411115443990188,0.7504788415699863,-0.19858145922805365
671,training,0.0008144887979142368,0.019883267581462846,0.07856004802652415,2.48950693928471,0.7358918793272261,-0.16879327239358297
672,training,0.001465372508391738,0.03810711205005646,0.07856004802652415,2.5684363092629074,0.7235507871223531,-0.1418217500802031
673,training,0.0026294186245650053,0.02025097794830799,0.07856004802652415,2.6871764737719093,0.7083934812183406,-0.11447584710490862
674,training,0.0037270677275955677,0.017359269782900803,0.045928198011413186,2.806336170980006,0.6960094078250811,-0.09308351148802994
675,training,0.006353679113090038,0.016067691147327427,0.045928198011413186,2.905789725266221,0.6877913096123155,-0.0711834189067037
676,training,0.0009503582259640098,0.017795251682400707,0.017741379078646723,3.0054177081401607,0.6814810229961098,-0.057225282863245935
677,training,0.001753026619553566,0.03561684489250183,0.017741379078646723,3.085231318028754,0.6772380211730062,-0.050232500929537065
678,training,0.0011564827291294932,0.01899675652384758,0.017741379078646723,3.1849720800543824,0.6728499938797866,-0.03883877621385198
679,training,0.0027595744468271732,0.017017486970871687,0.0015861548530327328,3.264786460858373,0.6700597232271943,-0.03325591568802644
680,training,0.001974834594875574,0.011295622214674946,0.0015861548530327328,3.3646020994646606,0.6669646523659394,-0.02961657835109136
681,training,0.002740363823249936,0.015322472900152205,0.011752278389966822,3.44449331586733,0.6648282394778403,-0.022699784524796485
682,training,0.0016725470777601004,0.033474525436758995,0.011752278389966822,3.5443261483898145,0.6628382866852092,-0.016556847968452987
683,training,0.0008106260793283582,0.03508328553289175,0.011752278389966822,3.624189892678317,0.6616193504006579,-0.013768089707241683
684,training,0.0006790572078898549,0.004020686727017165,0.012523342436893837,3.744023284738601,0.660446141157788,-0.005316219261145995
685,training,0.0012394859222695231,0.05259953672066331,0.012523342436893837,3.824013030726333,0.6599948483268796,-0.007145512694980909
686,training,0.000529512413777411,0.034697629511356354,0.010493160454738814,3.9641218249529,0.6571188831322291,-0.036792478135272845
687,training,0.0016996638150885701,0.0026074694469571122,0.010493160454738814,4.024043109706083,0.6546872110196276,-0.044135991915957386
688,training,0.0019316026009619236,0.0005554426461458206,0.011833486152515926,4.1637949464521355,0.6480120348041513,-0.05054622762931156
689,training,0.00039939809357747436,0.030243929475545883,0.011833486152515926,4.263540523754637,0.6428197123467737,-0.05227713874659214
690,training,0.002387248445302248,0.03791335830464959,0.011833486152515926,4.343333708600816,0.6386018875329024,-0.05350313802876574
691,training,0.0032679846044629812,0.018455440178513527,0.004121465816989871,4.46303985015514,0.6323075960742649,-0.05171349319436888
692,training,0.0008861052920110524,0.022605055943131447,0.004121465816989871,4.562788789948437,0.6273732813318119,-0.046091542027760064
693,training,0.002690049586817622,0.034167008474469185,0.016093040525444,4.642633152299344,0.6238873630196304,-0.04234438713293541
694,training,0.0036362409591674805,0.03378305397927761,0.016093040525444,4.762363504151722,0.6192698499317524,-0.035488403549622474
695,training,0.0006756759248673916,0.026391712948679924,0.016093040525444,4.84223473001481,0.6167061630069397,-0.02980463611956193
696,training,0.00045301401405595243,0.05740631092339754,0.024341858313123712,4.942040204778188,0.6142227755617319,-0.021543549334014173
697,training,0.003384969662874937,0.026494373567402363,0.024341858313123712,5.021896515458584,0.6126723694173909,-0.01909452211941992
698,training,0.0016212457558140159,0.0017641442827880383,0.02892704112573274,5.1417244404880345,0.6107930720804995,-0.012385029426059601
699,training,0.005002944730222225,0.02025079494342208,0.02892704112573274,5.221623786023681,0.6099214803219483,-0.011098190786025381
700,training,0.006341594737023115,0.02249099686741829,0.025859022118682903,5.361568996208125,0.6081226928048249,-0.015519069876845266
701,training,0.0012575732544064522,0.035180334001779556,0.025859022118682903,5.441449637652004,0.6069100055002796,-0.016023983416680838
702,training,0.0010193635243922472,0.06593891605734825,0.025859022118682903,5.521426108560873,0.6056255283172634,-0.015682800487672354
703,training,0.0006232458399608731,0.04234240297228098,0.024656101157523348,5.641363175635973,0.6027144602225554,-0.03554264599348886
704,training,0.00025270995683968067,0.05543215945363045,0.0341359382619088,5.74127612143071,0.5986322187955588,-0.0443140710651776
705,training,0.003840687684714794,0.09460863238200545,0.0341359382619088,5.82111647762643,0.5949587641075968,-0.045882442580785436
706,training,0.0053842258639633656,0.08852101862430573,0.0341359382619088,5.940923610139457,0.5892870037038691,-0.04841592805290134
707,training,0.001243106322363019,0.08196704369038343,0.036593578387498854,6.040696196578919,0.5843457459384089,-0.04931202984190768
708,training,0.0025631552562117577,0.019853523001074794,0.036593578387498854,6.140451477341677,0.579473413544776,-0.04642125817393306
709,training,0.0019676382653415203,0.07204130105674267,0.036593578387498854,6.220157812059703,0.5759876924289058,-0.039549274329233074
710,training,0.00487122219055891,0.06174633465707302,0.03140370151323707,6.339928384440386,0.571899003428969,-0.028397344969900915
711,training,0.0005263962084427476,0.05605674674734473,0.03140370151323707,6.419762010085601,0.5698337133852222,-0.02310171729780171
712,training,0.0008447670843452215,0.037029776722192764,0.0313647006620173,6.499662008132904,0.5681135943378575,-0.021677316887518547
713,training,0.003355414839461446,0.036135336849838495,0.0313647006620173,6.619500633724696,0.5655752493418337,-0.022046023974593543
714,training,0.0012214136077091098,0.05487278336659074,0.045451202899661855,6.7193724564616355,0.5634470677074632,-0.021452443930446805
715,training,0.0018041535513475537,0.04946941137313843,0.045451202899661855,6.799245351546318,0.5618541077593829,-0.019895683151117803
716,training,0.0016873584827408195,0.05480942130088806,0.045451202899661855,6.9191000288084625,0.5599873984106792,-0.012110671675622436
717,training,0.0036707790568470955,0.02679413929581642,0.053602464267553204,7.038973812111462,0.5587688679694597,-0.010591965380946214
718,training,0.0034670988097786903,0.031062366906553507,0.053602464267553204,7.09889690838265,0.5581633200231974,-0.01093372957728755
719,training,0.002440082374960184,0.04520492488518357,0.05286195077711605,7.198806637586343,0.5570988501135892,-0.010834839184410609
720,training,0.0009164102375507355,0.02553545869886875,0.05286195077711605,7.298704955798918,0.5560788947153494,-0.009918934976787332
721,training,0.0024688090197741985,0.04964447394013405,0.05286195077711605,7.398558919714879,0.5553285413244902,-0.004756681269554382
722,training,0.0018572031985968351,0.028547843918204308,0.055360756832565944,7.518486032470736,0.5547875891007251,-0.00515978202412408
723,training,0.0023651730734854937,0.0020744502544403076,0.055360756832565944,7.618232132230678,0.5552378274777006,0.015297504238523317
724,training,0.0027570342645049095,0.02810457162559032,0.057938725235268454,7.737990125836081,0.5584825608272836,0.037996793889122346
725,training,0.0022247647866606712,0.00552772730588913,0.057938725235268454,7.877573034616016,0.5652010962978199,0.05734853741987081
726,training,0.0006623833905905485,0.006559431552886963,0.05775701729363482,7.937296742866248,0.5689400192421347,0.06679947293666916
727,training,0.0008900553220883012,0.046108976006507874,0.05775701729363482,8.076808663264169,0.5788579708485776,0.07290146431033302
728,training,0.0010424689389765263,0.03548880619928241,0.045110995501842145,8.15658699267784,0.5844466496950683,0.06480248948762067
729,training,0.0015534117119386792,0.027456183917820457,0.045110995501842145,8.236367536049237,0.5892082750627291,0.05274472080892504
730,training,0.000945630541536957,0.015762912575155497,0.045110995501842145,8.336281036383882,0.5937334015643211,0.037889780287348254
731,training,0.001226964988745749,0.03590601310133934,0.03534743921876546,8.43621108377475,0.5969720350000836,0.027501013823059486
732,training,0.00289813126437366,0.056636231020092964,0.03534743921876546,8.536154711296694,0.599294648093732,0.019425936872568567
733,training,0.0029779074247926474,0.05680189514532685,0.03534743921876546,8.616129455921522,0.6005054392809502,0.011859122992230206
734,training,0.0016009550308808684,0.03461828315630555,0.030907649816725006,8.696044355923748,0.6012656066418679,0.00809747071156273
735,training,0.002366507425904274,0.025219295173883438,0.030907649816725006,8.776037684599588,0.6019069161879528,0.006946602555794065
736,training,0.007228091824799776,0.05491737648844719,0.022964662676565634,8.875951262793306,0.6026946941286904,0.007352312572649126
737,training,0.002129867672920227,0.044803866650909185,0.022964662676565634,8.935881589221214,0.6031864903821488,0.008808937316400619
738,training,0.0016035831067711115,0.044188869651407,0.022964662676565634,9.01578750756775,0.603812342636782,0.0072108268139554794
739,training,0.0004622533160727471,0.04991840943694115,0.012601575507497697,9.115729191242108,0.604395195161556,0.004337042910218037
740,training,8.559771231375635e-05,0.05247881030663848,0.012601575507497697,9.235666633630347,0.6049251282823648,0.0049060073915952705
741,training,0.0007492787553928792,0.04448534548282623,0.008563162706903951,9.315613450727815,0.6052827285639591,0.003985426343670705
742,training,0.0012344454880803823,0.06591619551181793,0.008563162706903951,9.435531664553194,0.6058138024965877,0.0047712922932078424
743,training,0.002666422165930271,0.024253249168395996,0.010602884579673982,9.515492782547716,0.6061981240789671,0.004460171111714876
744,training,0.0019777764100581408,0.03582662856206298,0.010602884579673982,9.655400767545409,0.6069275745797822,0.005905954897191905
745,training,0.0021920865401625633,0.04670773446559906,0.02482338285658242,9.775323541188165,0.6075814391469238,0.005394877856269464
746,training,0.001354895532131195,0.05381809687241912,0.02482338285658242,9.875266786309158,0.6080983656778459,0.005742324160040297
747,training,0.002928676549345255,0.1012475467287004,0.007697108856784153,9.95518929341777,0.608512086347503,0.005448241775815907
748,training,0.0008757048053666949,0.05350731828366406,0.007697108856784153,10.055124249016076,0.6090021477280831,0.0046639338496424565
749,training,0.003835675772279501,0.034033600240945816,0.007697108856784153,10.135098875767493,0.6093748456594421,0.004174967377442173
750,training,0.0016694823279976845,0.024031606502830982,0.026656968442468006,10.215054933824558,0.6097750516396158,0.00449525754462778
751,training,0.0038205573800951242,0.011515254154801376,0.026656968442468006,10.334890799340942,0.6112767513145556,0.02196568343302259
752,training,0.0006562339258380234,0.012498863507062197,0.03700307855881212,10.434672837890757,0.61445002199614,0.04041874712413925
753,training,0.0009242099476978183,0.028126568999141455,0.03700307855881212,10.514353519349667,0.6180645008316643,0.04680996750790393
754,training,0.00608544796705246,0.011279096361249685,0.03700307855881212,10.594135020097838,0.6220967741496619,0.056266467043338486
755,training,0.004190155770629644,0.01633375557139516,0.03360740625699472,10.713737166135768,0.6291984295747759,0.06055822370388025
756,training,0.001899569178931415,0.057290442287921906,0.03360740625699472,10.793550561180735,0.6340186152534422,0.0606562780527843
757,training,0.0028812247328460217,0.05187150649726391,0.03360740625699472,10.873360469672846,0.6386326935429101,0.05469610513873761
758,training,0.0016787222120910883,0.0012592952698469197,0.02657418437824616,10.973212772938735,0.643507044129588,0.04197182695707296
759,training,0.0019685584120452404,0.018456069752573967,0.02657418437824616,11.033151624184175,0.645847986673854,0.03518647956452305
760,training,0.0005520356935448945,0.007201352622359991,0.02657418437824616,11.133076879602735,0.6488898645836901,0.025680740336796484
761,training,0.002489473670721054,0.04929277114570141,0.034713931852003985,11.213019970553207,0.6507535318384543,0.022256379431677846
762,training,0.002129509113729,0.024272375274449587,0.034713931852003985,11.29293084321292,0.6523115979979384,0.017114516628927122
763,training,0.0026262751780450344,0.03621939057484269,0.03164746084889288,11.392823835936534,0.6538435633961935,0.014540804977709201
764,training,0.0024913353845477104,0.06792504340410233,0.03164746084889288,11.472825320220293,0.6549711483155556,0.012511728202555016
765,training,0.006091185845434666,0.012670385651290417,0.03164746084889288,11.61260880560083,0.6568390104208887,0.01406008540328254
766,training,0.0026664119213819504,0.010115231852978468,0.040575023682533816,11.712525177937003,0.6579828060452557,0.008860028636571943
767,training,0.001111181452870369,0.0039490885101258755,0.040575023682533816,11.79249443556621,0.6585992345641439,0.00651154731791741
768,training,0.004236097447574139,0.0077168685384094715,0.05007086547305172,11.892446611580556,0.6592721398352654,0.005844427083474252
769,training,0.0016893097199499607,0.02679483825340867,0.05007086547305172,11.99241531529136,0.6598049283132971,0.0028356723583415596
770,training,0.001129227690398693,0.0004872777499258518,0.05007086547305172,12.0723455213087,0.660020785241905,0.001170974708367305
771,training,0.0022788553033024073,0.03307023784145713,0.04786154774693369,12.152319968987193,0.6601064163433183,0.001538932431610446
772,training,0.0015023999148979783,0.022819172590970993,0.04786154774693369,12.292269902678083,0.6601842755834022,-0.000897810818017518
773,training,0.0008586319163441658,0.02696512220427394,0.03826074952242684,12.372201366381503,0.6601675959111046,-0.00028352834769238087
774,training,0.0020230538211762905,0.05676598730497062,0.03826074952242684,12.472160040277625,0.6600595402319047,-0.002153871084302748
775,training,0.004878371022641659,0.0003905189223587513,0.02569967954239118,12.592111916613089,0.6596623257252371,-0.0045470911186166075
776,training,0.0018188926624134183,0.03641107678413391,0.02569967954239118,12.712080214501329,0.6590992010250417,-0.005604291651708993
777,training,0.0010519734350964427,0.023984625935554504,0.02569967954239118,12.792005157651325,0.6587058351411774,-0.005428265677690958
778,training,0.0010139794321730733,0.029860209673643112,0.014219136379717653,12.891945799222603,0.6581587682997236,-0.005807469124610392
779,training,0.0036102808080613613,0.014527382329106331,0.014219136379717653,12.971930735422086,0.6576692208397993,-0.005696932373302802
780,training,0.0008685969514772296,0.010473886504769325,0.018540763911885926,13.071864104861781,0.6570289498277059,-0.006265534964013611
781,training,0.0015988664235919714,0.01983070932328701,0.018540763911885926,13.17179516810523,0.6563369009147838,-0.006853837719035716
782,training,0.000468699901830405,0.021837457083165646,0.018540763911885926,13.291726177674349,0.6554524212385785,-0.007391113993504794
783,training,0.0008279947796836495,0.03240940347313881,0.019868452134379263,13.371625869164973,0.6549366080861847,-0.0037476692631387564
784,training,0.0015792319318279624,0.004521182272583246,0.019868452134379263,13.451610655246713,0.6546984419043573,-0.0036413127492217704
785,training,0.0009040808072313666,0.04780455678701401,0.014021221782657379,13.55157122295615,0.6543775706070745,-0.004060910380495597
786,training,0.002051481045782566,0.040085598826408386,0.014021221782657379,13.65152095045677,0.6540269998498676,-0.004426913237692714
787,training,0.0036652279086411,0.05067046731710434,0.014021221782657379,13.751464035740064,0.6536402269695509,-0.004771367728401136
788,training,0.0023871834855526686,0.027180207893252373,0.01398413053833917,13.831387209895027,0.6533141060365553,-0.0046029511172049845
789,training,0.004124351777136326,0.040529432240873575,0.01398413053833917,13.95134238005453,0.6527583267123059,-0.005488766055501058
790,training,0.00077152403537184,0.04046446643769741,0.0042588999290534115,14.031266204769537,0.6523943887076001,-0.004493887767485472
791,training,0.011547510512173176,0.02185865305364132,0.0042588999290534115,14.111227825457323,0.6521498644663548,-0.00013605003696333203
792,training,0.0004861301276832819,0.008013978600502014,0.0042588999290534115,14.211137517983191,0.6521389217519845,0.00020465207566643036
793,training,0.0029490473680198193,0.010775323957204819,0.005264131823557049,14.291086342059032,0.6521298569098781,-0.0003237538372052348
794,training,0.005432295612990856,0.05875919573009015,0.005264131823557049,14.411022852127603,0.6521282300668865,0.00019958232562729118
795,training,0.0013059977209195495,0.0285609383136034,0.02100256653315879,14.490923164516893,0.6523565195344607,0.007597062261845966
796,training,0.001304656034335494,0.03392242640256882,0.02100256653315879,14.630780396619306,0.6539565856510152,0.012529256063118117
797,training,0.0025332558434456587,0.007558002485893667,0.02100256653315879,14.710671882844146,0.6551188250377665,0.017676840602047585
798,training,0.007352891378104687,0.005079442635178566,0.017377216878183496,14.790648299576896,0.6565861712240605,0.017369428086604022
799,training,0.0014235562412068248,0.01018647477030754,0.017377216878183496,14.890585379544568,0.658155857924819,0.011374704402182629
800,training,0.0017689524684101343,0.0046908739022910595,0.022835793489684536,14.970502285561173,0.6589547175002892,0.007259357293303273
801,training,0.0013184454292058945,0.05848657712340355,0.022835793489684536,15.050457487309,0.6593822873389941,0.004044282535984045
802,training,0.003201100043952465,0.044193499721586704,0.022835793489684536,15.130366376260747,0.6598844699320654,0.01313069537272171
803,training,0.001119809690862894,0.009042348712682724,0.022292338035261806,15.230084518154625,0.6621724730396962,0.03365901081631328
804,training,0.0006605751113966107,0.005059810355305671,0.022292338035261806,15.309949572551146,0.6652715423102392,0.041970734115263704
805,training,0.0009144469513557851,0.009439703077077866,0.022292338035261806,15.389688230141363,0.6689192992615074,0.04672188230134709
806,training,0.0019504798110574484,0.021605741698294878,0.020307340765668494,15.469504141475664,0.6727426940936061,0.04850133509404931
807,training,0.006024335511028767,0.016057194559834898,0.020307340765668494,15.569229090370813,0.6778523086865836,0.05557588797628419
808,training,0.001996810780838132,0.03631125995889306,0.020307340765668494,15.64903138692172,0.6823019523317924,0.05618259003670679
809,training,0.002836446277797222,0.01136857084929943,0.017904323136178565,15.728897083817282,0.6867292967113436,0.05363748405843398
810,training,0.001448910916224122,0.006061814725399016,0.017904323136178565,15.84858778868996,0.6929005947053825,0.04793417169585896
811,training,0.000993137015029788,0.023512428626418117,0.017904323136178565,15.92851911947727,0.6965328208418937,0.04175527032279803
812,training,0.0017956350930035114,0.01031837984919548,0.014646408244597012,16.00838114407068,0.6996024611317605,0.03273998860216804
813,training,0.002031982410699129,0.02269634045660496,0.014646408244597012,16.10835664430124,0.7023022319463247,0.021314628606914476
814,training,0.001304115867242217,0.01401899941265583,0.01217027842487268,16.228318924512656,0.704401193937788,0.01332984378027976
815,training,0.0009597917669452727,0.020210202783346176,0.01217027842487268,16.368158657723292,0.705894809069612,0.007708684178855974
816,training,0.004332534968852997,0.019498825073242188,0.01737346259429606,16.448164337391873,0.7065027904634021,0.006943842381063713
817,training,0.0015914172399789095,0.002683707512915135,0.01737346259429606,16.568035541471946,0.7072501383733764,0.0039070139318664165
818,training,0.000533837010152638,0.009635429305490106,0.021317054110933004,16.64805199366548,0.7075435399299959,0.0024437390995003133
819,training,0.0035443378146737814,0.02245233580470085,0.021317054110933004,16.787916297781905,0.7079678173217101,0.003132012149354108
820,training,0.0004707781772594899,0.03183045331388712,0.009492194943317567,16.90787369039312,0.708356780596212,0.003733577263676267
821,training,0.0018028244376182556,0.0008902125991880894,0.009492194943317567,17.027855985756972,0.708295518363637,-0.005409003840635325
822,training,0.0018505670595914125,0.04340124502778053,0.016844054217267812,17.14782117748336,0.7073477500282338,-0.010072422156312521
823,training,0.0010430051479488611,0.00032407231628894806,0.016844054217267812,17.247827051388253,0.7056990440005902,-0.02440216215748671
824,training,0.0019260342232882977,0.026220033410936597,0.0006117656599890067,17.32783877749223,0.7036150831163245,-0.02268362951061547
825,training,0.0007016978925094008,0.013084802776575085,0.0006117656599890067,17.407617888541605,0.7021223470978193,-0.01308182228013159
826,training,0.00576552702113986,0.04317863471806049,0.0006117656599890067,17.48763770662425,0.7010012819405695,-0.01890585121079529
827,training,0.0009737631189636886,0.030170810408890247,0.00915791109347181,17.607442172609524,0.6989961148858659,-0.011035467668877403
828,training,0.003566156607121229,0.02592595759779215,0.00915791109347181,17.70728069134765,0.6984031241945856,-0.0016513952217933692
829,training,0.0010768219362944365,0.001719840802252291,0.004835918804539688,17.807195221430852,0.698507626182812,0.002365947911577683
830,training,0.0009739183587953448,0.0023724526399746537,0.004835918804539688,17.88711551817128,0.6988894647715019,0.006157480047606172
831,training,0.0046571167185902596,0.007412581238895655,0.004835918804539688,17.987084145824948,0.6996542738226553,0.006905093025494925
832,training,0.0005871798493899405,0.00400666706264019,0.006426332212629405,18.1070024750663,0.7005710735647965,0.0072754482770912695
833,training,0.001508062006905675,0.006915198173373938,0.006426332212629405,18.226862267086123,0.701560595543752,0.008344596940859332
834,training,0.0006657976773567498,0.027666127309203148,0.006292394343704251,18.30685854921156,0.702268845667982,0.008160472153285808
835,training,0.0005379640497267246,0.009436376392841339,0.006292394343704251,18.38677077257902,0.7024771590010234,-0.006481815247638102
836,training,0.0038761282339692116,0.003914146684110168,0.012717314123857617,18.506842402818553,0.7003584499062635,-0.028659795477212056
837,training,0.0018116118153557181,0.014081573113799095,0.012717314123857617,18.646644912042138,0.6953738888929563,-0.04272100515512498
838,training,0.0016349464422091842,0.02500901883468032,0.03943401573083539,18.746475482286225,0.6908047929115184,-0.04849879109575525
839,training,0.0009222819353453815,0.014225363731384277,0.03943401573083539,18.886254235369634,0.6838575622638319,-0.050450364986160255
840,training,0.0014788059052079916,0.015728908590972424,0.03943401573083539,18.965965695194747,0.679866358003752,-0.04816772109156707
841,training,0.001309336512349546,0.054252514615654945,0.02165751977121779,19.065709988530305,0.6754961599100688,-0.03863187369172217
842,training,0.002309079747647047,0.0302052590996027,0.02165751977121779,19.165500444893684,0.672018392322896,-0.031041518285613627
843,training,0.0005360521608963609,0.04345555044710636,0.010190625315713442,19.24539150321612,0.6697322865649566,-0.02758708057692263
844,training,0.003066251054406166,0.05326339788734913,0.010190625315713442,19.32523436664221,0.6677586915373603,-0.023386785381052592
845,training,0.0015451929066330194,0.08052968978881836,0.007717945998818848,19.425060462924318,0.6657801201484674,-0.01684676193127863
846,training,0.001961899921298027,0.046463336795568466,0.007717945998818848,19.564933665090887,0.6635278679607804,-0.017007772885436454
847,training,0.001450609415769577,0.05477622151374817,0.00970929521128968,19.64483585291694,0.6621988595282537,-0.017798858560796212
848,training,0.001696526538580656,0.052712216041982174,0.00970929521128968,19.724722008911733,0.6608165681189684,-0.017809875849720977
849,training,0.0010164468549191952,0.04206959903240204,0.00970929521128968,19.824645486747663,0.6589195286777464,-0.020473576700502764
850,training,0.0021311724558472633,0.0766094122081995,0.009739029777892294,19.904618847581176,0.656885027011997,-0.030195094797507236
851,training,0.0009943482000380754,0.030626758933067322,0.009739029777892294,20.02458729084947,0.6521623059424897,-0.047882879532038604
852,training,0.001535748247988522,0.02533650770783424,0.009739029777892294,20.10445529118287,0.6475440301915667,-0.06739005799829488
853,training,0.0002210123639088124,0.07667115330696106,0.011854531047204856,20.224139418304375,0.6384641883798167,-0.0817887337083813
854,training,0.001280625001527369,0.005819462705403566,0.011854531047204856,20.303750308405437,0.6318704064278277,-0.08296390984958509
855,training,0.0008561843424104154,0.020362962502986193,0.024388586359542375,20.403322253380463,0.6235676595193415,-0.08374217600544771
856,training,0.00029213150264695287,0.05315460357815027,0.024388586359542375,20.48303060772269,0.616828471891905,-0.08634592850398458
857,training,0.0009567196248099208,0.003284517675638199,0.024388586359542375,20.58258526746633,0.6083927766655013,-0.08321852910621758
858,training,0.0009435056708753109,0.016387087758630514,0.017264404214969702,20.702015348222197,0.59892984758147,-0.07561044686992946
859,training,0.0059340461157262325,0.059133623726665974,0.017264404214969702,20.781743326233947,0.5931766401554495,-0.06970695778327782
860,training,0.000379037344828248,0.010995522141456607,0.00796995440042336,20.86147726260824,0.5878833768202931,-0.06361673219997917
861,training,0.0031775282695889473,0.015464840456843374,0.00796995440042336,20.981035666805543,0.5810223976662608,-0.05085261020022408
862,training,0.0012733116745948792,0.007392494939267635,0.00796995440042336,21.060860770795088,0.5772639276208794,-0.04389269776535383
863,training,0.0019059379119426012,0.038243893533945084,0.009484418192881715,21.160639417631998,0.5730692706892453,-0.03927044424151757
864,training,0.0022116273175925016,0.03583201579749584,0.009484418192881715,21.260396032811848,0.5695237127153476,-0.02965596705598656
865,training,0.0016212196787819266,0.07640373893082142,0.023956490047097084,21.340191440657343,0.5674031492588026,-0.022674489719891725
866,training,0.0008588666096329689,0.115812998265028,0.023956490047097084,21.460024271149294,0.5651767151798551,-0.014414691987470162
867,training,0.0019180660601705313,0.030680414289236062,0.023956490047097084,21.559587633068084,0.564847306178826,0.011630249457125827
868,training,0.0008877789368852973,0.026387337595224377,0.04027707703365945,21.659298024612383,0.5669272847591329,0.031189397472360512
869,training,0.0009437712142243981,0.05701653100550175,0.04027707703365945,21.77900916820002,0.5715574159449721,0.04590414416697928
870,training,0.0007634105277247727,0.06975732930004597,0.028191886271345747,21.85879208591388,0.5755335317889448,0.0548992806436759
871,training,0.0009679709328338504,0.08210756815969944,0.028191886271345747,21.95847660166256,0.5814462669510828,0.06334896554606609
872,training,0.0026772411074489355,0.09860741347074509,0.028191886271345747,22.038184380076846,0.5868677164713826,0.07164549275963294
873,training,0.0009936537826433778,0.1146938418969512,0.005630326809068334,22.11767827372641,0.5932216126121932,0.08787622831394512
874,training,0.001514436095021665,0.11848369473591447,0.005630326809068334,22.19720822615746,0.600703292756682,0.09760242226383802
875,training,0.0030950591899454594,0.11502780020236969,0.012391251315640957,22.296612554645915,0.6106391513442536,0.1012519355071455
876,training,0.0017684786580502987,0.040307361632585526,0.012391251315640957,22.376194471471106,0.6187200822613772,0.10189864171128617
877,training,0.003726085415109992,0.02155744656920433,0.012391251315640957,22.475692556183358,0.6284467505008514,0.09094104661156821
878,training,0.0018567448714748025,0.04326445050537586,0.0006226499878560815,22.595316305307403,0.6380795951721054,0.06975799786239607
879,training,0.0011844199616461992,0.03084653615951538,0.0006226499878560815,22.675141922949514,0.643140305594602,0.05793872912596113
880,training,0.00351691129617393,0.030861238017678264,0.012332547255930857,22.79502695227517,0.6489890983380662,0.039187328081186815
881,training,0.0014264481142163277,0.022313799243420362,0.012332547255930857,22.87498544947372,0.6516372134272717,0.027560733670761377
882,training,0.0027400150429457426,0.0007741502486169338,0.012332547255930857,22.974921800799677,0.6540863542986864,0.0220389290200562
883,training,0.000979582080617547,0.05206426419317722,0.009217332760433166,23.05482560571442,0.6558438383989162,0.020518909808472624
884,training,0.0023481538519263268,0.03562160208821297,0.009217332760433166,23.13466199006096,0.6569323282662148,0.0019063788397466377
885,training,0.0011318246833980083,0.019008424133062356,0.015251039508460016,23.23477971140516,0.6557711618526056,-0.02247967560147095
886,training,0.0007826487417332828,0.030591651797294617,0.015251039508460016,23.314780321783736,0.6534088644358809,-0.035523658938514495
887,training,0.0013465090887621045,0.014373475685715682,0.015251039508460016,23.414396648010303,0.6498626558988005,-0.02923245838307225
888,training,0.0010996044147759676,0.045928580686450005,0.00784215711244122,23.514175198518767,0.6475515979384655,-0.016917590946279128
889,training,0.0007052304572425783,0.043190931901335716,0.00784215711244122,23.63398453419643,0.6462907688141677,-0.003608116201465786
890,training,0.0013672169297933578,0.08471585810184479,0.012956956023683745,23.71383045656442,0.6462592736918734,0.0034282122156612887
891,training,0.0018328706501051784,0.017926845233887437,0.012956956023683745,23.81384253914511,0.6459284505399956,-0.01268031255002336
892,training,0.0005895427311770618,0.052370231598615646,0.014484100574945234,23.913704817423074,0.6446363073623805,-0.00847129514166687
893,training,0.001135034253820777,0.05774762015789747,0.014484100574945234,24.033679652136545,0.6433140492905532,-0.018465072979162382
894,training,0.001426315400749445,0.09989058040082455,0.014484100574945234,24.113653011378513,0.6415321136734644,-0.025757038140267263
895,training,0.0010337006533518434,0.022007614374160767,0.0030033670422135055,24.213570291707395,0.6385877267495914,-0.03491028249932761
896,training,0.0009755475330166519,0.05917664989829063,0.0030033670422135055,24.293361103461116,0.6361015504731342,-0.02344631573382756
897,training,0.0013416692381724715,0.0352078452706337,0.020845031698728884,24.413099954674315,0.6346425326199092,-0.003726537132264931
898,training,0.002451439155265689,0.04276227578520775,0.020845031698728884,24.49286088712958,0.6351383972384869,0.015191493872105779
899,training,0.0005422369576990604,0.08097130805253983,0.01609871393795698,24.612651596339354,0.6383405814990211,0.03663814831451883
900,training,0.0008734306902624667,0.043512802571058266,0.01609871393795698,24.732484946860207,0.643004416930069,0.03854049767340155
901,training,0.0007578851073049009,0.02291691303253174,0.01609871393795698,24.832162799720347,0.6477225316275126,0.05576254827977171
902,training,0.0026119595859199762,0.04804170876741409,0.004576616363579016,24.951487552219344,0.6567860882527614,0.09715872923197016
903,training,0.0019989190623164177,0.09344158321619034,0.015382246407086816,25.089833997720437,0.6741029304815658,0.15188787961353808
904,training,0.0007319864816963673,0.007531225681304932,0.015382246407086816,25.207749752081874,0.694440415895364,0.19038147189299193
905,training,0.00278575555421412,0.02431518584489825,0.04422523628551969,25.324180949687612,0.7209830981525839,0.2609430529486638
906,training,0.0031089866533875465,0.03104726970195773,0.04422523628551969,25.438209346113023,0.7562427192203776,0.34021619558662164
907,training,0.0011384256649762392,0.0702701658010483,0.04422523628551969,25.512269216539227,0.7849530626373499,0.40238816797271687
908,training,0.0008606510236859322,0.12629327178001407,0.07620313522869851,25.601878164129566,0.8277093121429233,0.48929021230814757
909,training,0.0016563155222684145,0.24009648710489273,0.07620313522869851,25.67027952919718,0.867638929835125,0.5681657783210197
910,training,0.0009363830904476345,0.2813769020140171,0.07951409644335318,25.7660043415161,0.9379024405395828,0.7002038132067534
911,training,0.00040477977017872036,0.3003915846347809,0.07951409644335318,25.837685244707927,1.0058485690756747,0.8177933679991034
912,training,0.008368922397494316,0.22002709098160267,0.10175167847809434,25.912679642191275,1.0978915317314026,0.9574441469379075
913,training,0.0005352687439881265,0.1950603350996971,0.10175167847809434,25.96537197335036,1.1817745010805596,1.0620928216729708
914,training,0.0010386616922914982,0.16465665400028226,0.1416268685480794,26.008529775206657,1.270848774568566,1.1791551940304783
915,training,0.006662123836576939,0.1082206591963768,0.1416268685480794,26.041494022468097,1.3643300864989485,1.280789351117327
916,training,0.0003807072062045336,0.028504587709903717,0.14251511780658252,26.06165651789453,1.4410200787843666,1.3449877165624635
917,training,0.00015738813090138137,0.06064449995756149,0.14251511780658252,26.08198810230195,1.538585238374976,1.3823727031150834
918,training,0.0014726268127560616,0.057278964668512344,0.11591919454803822,26.105759710028224,1.676176490943614,1.414899648640692
919,training,0.0008655792335048318,0.017949260771274567,0.11591919454803822,26.120119050965602,1.774846974128693,1.4368609202289808
920,training,0.0016152672469615936,0.04054214805364609,0.11591919454803822,26.13150243852344,1.8737588316225244,1.47679325698327
921,training,0.0011836871271952987,0.02195119112730025,0.08321631449397766,26.140536117985683,1.99304315625975,1.512251992002464
922,training,0.00738265598192811,0.03326324373483658,0.08321631449397766,26.14379841519178,2.0726469732503747,1.548539979145465
923,training,0.002414705464616418,0.05860835313796996,0.06533397930980177,26.143232570540164,2.172221532433268,1.6058538124613289
924,training,0.0009201499633491039,0.024245046079158783,0.06533397930980177,26.135838638332018,2.291545978015521,1.658917705296597
925,training,0.004593532532453537,0.007983788847923279,0.06287928266702354,26.124080908382755,2.3903307442251815,1.721786220777736
926,training,0.0012428072514012456,0.04859736002981663,0.06287928266702354,26.110681037787295,2.468994580037902,1.7543401100176625
927,training,0.0014958590036258101,0.026722688227891922,0.06287928266702354,26.09052816306258,2.5665693278382333,1.7926698654812225
928,training,0.0009328346932306886,0.004670705646276474,0.07278753634457871,26.06144159467848,2.682526278087563,1.838926658543218
929,training,0.0002999530406668782,0.013738460838794708,0.07278753634457871,26.039267347134345,2.759056795001149,1.8645844856446543
930,training,0.0025090689305216074,0.004556089639663696,0.054437695024707716,26.00884589025267,2.853963176839502,1.8969054472986213
931,training,0.0008947963360697031,0.019184665754437443,0.054437695024707716,25.98927169484577,2.9105945982771986,1.909817601875031
932,training,0.005188570823520422,0.024070385843515396,0.054437695024707716,25.95533420307546,3.0045075278573647,1.925808601750727
933,training,0.00269915908575058,0.034704294055700295,0.03631114798842757,25.919768935699647,3.097799474210359,1.9458548751755187
934,training,0.0011414468754082918,0.017625622451305376,0.03631114798842757,25.87468691821223,3.208713253650122,1.9678637361387106
935,training,0.004836913663893938,0.018463987857103348,0.03573220704909555,25.817557444511174,3.3359816326271234,2.0229359218209653
936,training,0.006249161437153816,0.07075569778680801,0.03573220704909555,25.77280436899911,3.42513836846382,2.0480250764369696
937,training,0.003277207724750042,0.06256774347275497,0.04427835096768392,25.726284176383736,3.513438298782787,2.06228725356555
938,training,0.0019588139839470387,0.06704991310834885,0.04427835096768392,25.678116612772016,3.600730117512378,2.0919907917837635
939,training,0.008929223753511906,0.0985790453851223,0.04427835096768392,25.627346684063298,3.686564376680316,2.116497649651338
940,training,0.0006838600384071469,0.05902908183634281,0.052995312863443125,25.585269455240145,3.7544427458275154,2.1338090585143954
941,training,0.0009516582940705121,0.012673761695623391,0.052995312863443125,25.508235521357744,3.8707084513609096,2.1797295734211692
942,training,0.0008773762383498251,0.015269229654222727,0.04317664869564432,25.42705220305393,3.9843868973182746,2.198744197970844
943,training,0.0009041703888215125,0.06194319762289524,0.04317664869564432,25.37988975682541,4.0488861093847985,2.2058205172625365
944,training,0.0015961184399202466,0.052905408665537834,0.04317664869564432,25.332380344171945,4.113077192009834,2.21105670044044
945,training,0.0009866802720353007,0.008857553359121084,0.02397723046856288,25.272407978956924,4.192832723268884,2.220622761644919
946,training,0.002135426737368107,0.0785734336823225,0.02397723046856288,25.211937737835832,4.272279795004538,2.2201094287552667
947,training,0.0013523565139621496,0.030750146135687828,0.010009307752797625,25.13894334279833,4.36630302395485,2.2429024916575693
948,training,0.0005007685394957662,0.013696141541004184,0.010009307752797625,25.064056206259398,4.459778492134109,2.2471275494246825
949,training,0.0007649105973541737,0.044760696589946754,0.010009307752797625,25.00226594249185,4.537112496104296,2.240009778011461
950,training,0.0010045088129118085,0.046219959855079644,0.004725185335305103,24.91686540844142,4.6481128297092384,2.211833618021534
951,training,0.0020369449630379677,0.016935536172240973,0.004725185335305103,24.846012183383902,4.7450932232083325,2.1910915191078177
952,training,0.0005087514873594046,0.045794516801834106,0.023818899119797836,24.753883221006262,4.875711157451252,2.1806363163932976
953,training,0.0007779964944347739,0.10039595142006874,0.023818899119797836,24.697261900624323,4.958111034505234,2.1660685394426196
954,training,0.0008478416129946709,0.07205212803091854,0.025307702458941008,24.630960687752065,5.05808368326809,2.1472239975646406
955,training,0.0016789069632068276,0.06605924852192402,0.025307702458941008,24.58752370930174,5.12515161425571,2.1457956710521673
956,training,0.0007098948117345572,0.031099706888198853,0.006724265718642949,24.500183381942225,5.258912887832949,2.153616641663638
957,training,0.0007858977187424898,0.1151384599506855,0.006724265718642949,24.432388240363398,5.357411410402232,2.196496413158568
958,training,0.0009797161910682917,0.04857327789068222,0.006724265718642949,24.372898963235,5.43743960310081,2.217802821851022
959,training,0.0020925577264279127,0.11267669126391411,0.00918927477043071,24.32413007219808,5.500397447189698,2.2426331655977285
960,training,0.0015516015700995922,0.015528455376625061,0.00918927477043071,24.248000134850507,5.592772045480815,2.276219863194287
961,training,0.0007508266135118902,0.013773035258054733,0.00918927477043071,24.195376556495408,5.652584645359139,2.3105928096284103
962,training,0.0011653894325718284,0.07796234264969826,0.011487405701322718,24.12679554986433,5.7249503486758035,2.3463616883944525
963,training,0.0014600972644984722,0.02946879342198372,0.011487405701322718,24.056190192336246,5.79553758333192,2.3629757056587537
964,training,0.0015283289831131697,0.007060430943965912,0.011487405701322718,23.99874982574613,5.851072046745351,2.385886403937765
965,training,0.0027693677693605423,0.018746331334114075,0.004051820299720138,23.925237879438562,5.918545708362649,2.4085439729102855
966,training,0.001613764325156808,0.025815505534410477,0.004051820299720138,23.83508910021476,5.997141569037082,2.4410532067735806
967,training,0.0008657890139147639,0.009273551404476166,0.006029283866139232,23.727816644665396,6.086781760622623,2.449361285868418
968,training,0.0009140269830822945,0.005105424672365189,0.006029283866139232,23.634345445745044,6.161428757546804,2.4894735473250114
969,training,0.0007013467838987708,0.019025586545467377,0.006029283866139232,23.554317435617524,6.220837799721946,2.516544357774773
970,training,0.00028771450161002576,0.004469655454158783,0.045134590864357026,23.45532291320762,6.286775077217805,2.5931432315578093
971,training,0.0006102969055064023,0.02796906232833861,0.045134590864357026,23.36905896768476,6.336429469578393,2.6444873248004375
972,training,0.0010783777106553316,0.0006947135552763939,0.06872482830333634,23.280544955975156,6.3823196188428755,2.68045744237487
973,training,0.0008985440945252776,0.041437163949012756,0.06872482830333634,23.19077772998209,6.426191112270221,2.6877892607199305
974,training,0.0017646081978455186,0.05613217782229185,0.055165916793968366,23.118859036121183,6.461462246118614,2.682982926140955
975,training,0.0027313639875501394,0.03753729537129402,0.055165916793968366,23.011473662219608,6.514796254926964,2.6789960164184605
976,training,0.0006880494765937328,0.02219019364565611,0.055165916793968366,22.922017830579808,6.55943355569472,2.678731039660032
977,training,0.0002480691473465413,0.03267412772402167,0.04273567255389162,22.796715112719177,6.621540977216625,2.6851404809406696
978,training,0.0018157189479097724,0.06093077128753066,0.04273567255389162,22.68917856399516,6.67500794725077,2.67138695742487
979,training,0.0022759600542485714,0.014983230270445347,0.03324167410156545,22.600525244093927,6.721312668697914,2.6463924064262003
980,training,0.001172828720882535,4.8656947910785675e-06,0.03324167410156545,22.530293464544894,6.7594208106269535,2.6439982080491684
981,training,0.002682123566046357,0.016479096841067076,0.03208805739333672,22.407269159497528,6.826235357888876,2.643602542369262
982,training,0.001002802513539791,0.00900604110211134,0.03208805739333672,22.301573335587552,6.882910784975608,2.6560048456203775
983,training,0.0006379361147992313,0.004709663800895213,0.029755808372377422,22.19551194481791,6.93864687783978,2.6577080480904054
984,training,0.00030587546643801033,0.022378978319466114,0.029755808372377422,22.107077913224977,6.985258144975037,2.6551438491707313
985,training,0.002375744516029954,0.0016384627670049667,0.03274170258809881,22.01892491986293,7.032486581714424,2.642935216992626
986,training,0.0027340480592101812,0.010730642825365067,0.03274170258809881,21.948771272345773,7.0704814306110375,2.650205416111294
987,training,0.00018565586651675403,0.00120090926066041,0.03274170258809881,21.860669523457045,7.117432990307484,2.651510532882277
988,training,0.00023011042503640056,0.04722287226468325,0.027922707386138147,21.7725242471145,7.164425114554389,2.6513091091201946
989,training,0.002821872243657708,0.016962942201644182,0.027922707386138147,21.70188988013886,7.201672389797726,2.6635434199337973
990,training,0.002625927561894059,0.0023077339865267277,0.024912023332743,21.577345848356096,7.265742804106073,2.6651716462510713
991,training,0.000617610348854214,0.018810205161571503,0.024912023332743,21.506388531622836,7.302356137850889,2.6648887223609146
992,training,0.0036849798634648323,0.017546100541949272,0.024912023332743,21.43537502318049,7.339014278223465,2.664873392675638
993,training,0.0010909154079854488,0.007403926458209753,0.01326018308321214,21.364378144142915,7.376046184798961,2.655635675735485
994,training,0.0014134964440017939,0.001990869641304016,0.01326018308321214,21.276154918204284,7.423009284804334,2.6511222915739623
995,training,0.0007486069807782769,0.012002827599644661,0.016195329184116678,21.205745202252917,7.4612313447630925,2.6360002723206932
996,training,0.0008900689426809549,0.010930766351521015,0.016195329184116678,21.101178084922243,7.519710976804396,2.631334158560384
997,training,0.0033889447804540396,0.007056494825519621,0.016195329184116678,21.03136274104896,7.558532276927772,2.6387707137573897
998,training,0.002421214245259762,0.016533587127923965,0.008426181332982646,20.943662321279454,7.6064126840664175,2.6415629594052303
999,training,0.0009639656636863947,0.03328376729041338,0.008426181332982646,20.873588139010927,7.644656925985337,2.641541721937315
1000,training,0.0022427609656006098,0.000837085768580435,0.008426181332982646,20.7859852629444,7.69274040257993,2.6366465168107256
1001,training,0.0008618023712188005,0.008569333236664534,0.009871993097309286,20.66331900972334,7.760217967106896,2.6424338278210406
1002,training,0.0014115564990788698,0.07320472924038766,0.009871993097309286,20.5931634478812,7.7982708043293885,2.6452713834496633
1003,training,0.0012780787656083703,0.017430318519473076,0.008887480275947955,20.504837046407353,7.844788383625914,2.6747877292583992
1004,training,0.004781259223818779,0.029334798455238342,0.008887480275947955,20.43328831269735,7.880303429682136,2.684655168659733
1005,training,0.00029578915564343333,0.035078102722764015,0.015889892983516892,20.325577915478075,7.933090810312718,2.685902694251146
1006,training,0.00035064227995462716,0.04056841321289539,0.015889892983516892,20.235700691178423,7.9766618364782955,2.696087878457028
1007,training,0.0023418418131768703,0.045439209789037704,0.015889892983516892,20.145386022007333,8.019365575441395,2.7037891998304358
1008,training,0.0015375595539808273,0.015705440659075975,0.013092560039727006,20.072826190612204,8.052937754242388,2.7129663745836003
1009,training,0.0013965461403131485,0.014807996340096,0.013092560039727006,19.981819629553666,8.094251898420788,2.716968785695452
1010,training,0.0017809687415137887,0.07604110147804022,0.023468513636456002,19.890589007235786,8.134963733463303,2.7275643813071433
1011,training,0.0011074631474912167,0.07728266902267933,0.023468513636456002,19.78064056944349,8.182557492391568,2.7373485795854124
1012,training,0.004394787363708019,0.08056875132024288,0.017266674688153454,19.688657004782414,8.2215719021168,2.742752738536373
1013,training,0.00047537387581542134,0.03708514664322138,0.017266674688153454,19.596454531825593,8.260053395599877,2.7495220768755924
1014,training,0.0011856016935780644,0.04077180149033666,0.017266674688153454,19.52248015363799,8.290676000232242,2.7458702764281475
1015,training,0.006442209705710411,0.030159483198076487,0.014683782375988942,19.430281467982212,8.32923637468998,2.745570508045357
1016,training,0.004622915759682655,0.07120959460735321,0.014683782375988942,19.338064029785155,8.367796150990648,2.743906561150472
1017,training,0.0019709342159330845,0.034351857379078865,0.014683782375988942,19.26433372487527,8.398508076627053,2.7510458905250723
1018,training,0.001831595553085208,0.006396830081939697,0.01238522332333352,19.134720668367546,8.451125810299631,2.759958959135606
1019,training,0.0019782790914177895,0.00879152212291956,0.019303352078455734,19.023468702623624,8.495648890853673,2.7603386076323035
1020,training,0.0007371028768830001,0.10716274753212929,0.019303352078455734,18.930697448026613,8.532807200095782,2.759927595026984
1021,training,0.001970691606402397,0.01950179599225521,0.008206985076437285,18.800128952650194,8.581874280605918,2.8085701408660846
1022,training,0.0030957108829170465,0.04045102559030055,0.008206985076437285,18.705641962685483,8.614145136314903,2.813848318315404
1023,training,0.0017410367727279663,0.05951313860714436,0.008206985076437285,18.610978419475924,8.645706493234972,2.8278742250635673
1024,training,0.002134338952600956,0.08824904263019562,0.013726535593283164,18.496648935581874,8.681202831046416,2.8548031161016687
1025,training,0.0017394130118191242,0.044132232666015625,0.013726535593283164,18.38148026417845,8.713155180145371,2.8886966122166897
1026,training,0.001249966211616993,0.0005999156273901454,0.0037119293198815306,18.304021775941454,8.732757390784336,2.899618155501388
1027,training,0.0003526413638610393,0.03301989927422255,0.0037119293198815306,18.16832299835766,8.766279627145604,2.896559301280988
1028,training,0.0006398212863132358,0.05360627546906471,0.009204178907747041,18.032618140666273,8.800326739989954,2.894422631076141
1029,training,0.0006660347571596503,0.030265819281339645,0.009204178907747041,17.916419921618363,8.829613030842085,2.894238904700861
1030,training,0.004093116149306297,0.0012206137180328404,0.020985645466329465,17.819563503905844,8.854383110447376,2.8859603678125407
1031,training,0.0016737388214096427,0.00929194642230868,0.020985645466329465,17.703580301086525,8.884416230147355,2.893141337994166
1032,training,0.0006258701905608177,0.030481288209557533,0.012519398030834898,17.60674502871093,8.908637023597278,2.9004697573547853
1033,training,0.001415025326423347,0.02852646540850401,0.012519398030834898,17.49034444423788,8.938231571067332,2.8812612144855083
1034,training,0.0022018004674464464,0.0012093335390090942,0.028781514007514768,17.393961418069637,8.964590506093822,2.8716363243463903
1035,training,0.0007846859516575933,0.009308580309152603,0.028781514007514768,17.278725583499508,8.998468367676072,2.8371868766284876
1036,training,0.0012261176016181707,0.04081984609365463,0.028781514007514768,17.202707399155084,9.023024447683323,2.8229854893163076
1037,training,0.002144226571545005,0.05032256431877613,0.011275281114993686,17.12694550194468,9.048639704440568,2.8078790286538142
1038,training,0.000789932266343385,0.06710207089781761,0.011275281114993686,17.032719675758155,9.0820204549907,2.7945135424016843
1039,training,0.0038266305346041918,0.004693878814578056,0.02415262624908707,16.92031470754743,9.123931746251342,2.77348014353996
1040,training,0.0005420560482889414,0.040090836584568024,0.02415262624908707,16.827301932951325,9.160606948210768,2.7585485113761616
1041,training,0.0032723690383136272,0.014088543131947517,0.006266174149678833,16.69731304000264,9.212244871019703,2.774311586258621
1042,training,0.0006212332518771291,0.02561044879257679,0.006266174149678833,16.585230054385665,9.254390769819754,2.789341566353971
1043,training,0.0009127547964453697,0.052369097247719765,0.012476889116140939,16.47277527740775,9.29601157404501,2.7823172774099976
1044,training,0.0011681773466989398,0.015449676662683487,0.012476889116140939,16.397965276971213,9.32430711227254,2.7769165002136518
1045,training,0.0007205369183793664,0.019031018018722527,0.012476889116140939,16.304561825833098,9.359772367239955,2.7854149948222506
1046,training,0.0006258667563088238,0.061604421585798264,0.0070609363630768735,16.22965996221491,9.38710036764512,2.7999498772015126
1047,training,0.0023327579256147146,0.0118881706148386,0.0070609363630768735,16.154299542122917,9.413179635687724,2.81803914047542
1048,training,0.0009656529873609543,0.026374220848083496,0.012696680046463543,16.059566492976263,9.44481507814663,2.8149191696384173
1049,training,0.0033165253698825836,0.05087057501077652,0.012696680046463543,16.002777325517965,9.46385561746925,2.820364190675258
1050,training,0.0015297706704586744,0.02163469512015581,0.012696680046463543,15.926817904792102,9.488253277012273,2.843884970919678
1051,training,0.0008972152136266232,0.0284218299202621,0.0028381569308895405,15.812311425560443,9.523688532964002,2.8348019072905086
1052,training,0.0021399264223873615,0.01530125131830573,0.0028381569308895405,15.698247265469735,9.56082677425639,2.817910453500277
1053,training,0.0009889386128634214,0.030492691323161125,0.0028381569308895405,15.622478098205395,9.586392355418713,2.8154102916506143
1054,training,0.00035377335734665394,0.027373989578336477,0.033644500825228324,15.54688214729685,9.61206066353749,2.814338467483096
1055,training,0.0023955092765390873,0.021199488081038,0.033644500825228324,15.471242579344251,9.637843960210382,2.8113551414668705
1056,training,0.0010476591996848583,0.027214104309678074,0.033644500825228324,15.395662535679659,9.663982748428268,2.803863418618967
1057,training,0.0009838321711868048,0.11770826950669289,0.02917054181374708,15.301377463543648,9.696787033098385,2.81080447819127
1058,training,0.0010204374557361007,0.09384249150753021,0.02917054181374708,15.226229662105846,9.723879315352814,2.7690786780521766
1059,training,0.007341694552451372,0.049617208540439606,0.027513023625246286,15.152390170836876,9.755113637683518,2.7154140706534746
1060,training,0.000890101888217032,0.007153861224651323,0.027513023625246286,15.062287208556034,9.799343365325637,2.655369493583753
1061,training,0.000910838833078742,0.050321122631430626,0.027513023625246286,14.974637878015521,9.847883349295806,2.616207279305626
1062,training,0.010552656836807728,0.0340578630566597,0.010998736657223966,14.871331161449648,9.908987026187623,2.600261738566507
1063,training,0.002508495468646288,0.011525936424732205,0.010998736657223966,14.802893668346886,9.950109137366546,2.6001109209848625
1064,training,0.0007001194171607494,0.004849381744861603,0.014310800662644594,14.717455246057607,10.001969883852253,2.589173664885472
1065,training,0.002989789703860879,0.011619441211223602,0.014310800662644594,14.666363575859524,10.0335503951363,2.58823076807707
1066,training,0.0020789969712495804,0.05931891966611147,0.014310800662644594,14.598451497162273,10.075631372705102,2.584409049675639
1067,training,0.0004576328210532665,0.01101071573793888,0.017985249988059924,14.5309167871553,10.118384020763779,2.5639898691404897
1068,training,0.003522717161104083,0.061344344168901443,0.017985249988059924,14.447604901046985,10.173752976761708,2.5501954694037563
1069,training,0.0027280107606202364,0.0195113867521286,0.017985249988059924,14.365631862973256,10.231154303390182,2.5067534231759634
1070,training,0.00129977660253644,0.0057307593524455955,0.044750534399214115,14.270260542972219,10.304260304847936,2.468932147652214
1071,training,0.0019109492423012853,0.02143530175089836,0.044750534399214115,14.19271964229508,10.367467534502069,2.4465443047233237
1072,training,0.0012506487546488643,0.007289264351129532,0.044750534399214115,14.131797528136241,10.419405232156175,2.4231348506098622
1073,training,0.0004980735830031335,0.005422763526439653,0.035380674219393074,14.057573796797916,10.486601185359989,2.3892708499172857
1074,training,0.0005395926418714225,0.06428351812064648,0.035380674219393074,13.985905447965077,10.55666336022507,2.3455218802052387
1075,training,0.0012990690302103758,0.018699294421821833,0.035380674219393074,13.930457010395212,10.614294871497453,2.330874537863919
1076,training,0.0013708758633583784,0.02309765387326479,0.035380674219393074,13.875578341410243,10.672539405024663,2.3224390655249243
1077,training,0.0010903560323640704,0.019191697239875793,0.023075504392626896,13.821059459295148,10.73120964374209,2.317283755265418
1078,training,0.0011560770217329264,0.033125199377536774,0.023075504392626896,13.752954988013006,10.80430464914185,2.328512775553832
1079,training,0.0019846111536026,0.04414484277367592,0.023075504392626896,13.697998208714882,10.862382073741452,2.3268159279380116
1080,training,0.0035961491521447897,0.03068372793495655,0.014021602129831405,13.643166956143643,10.920410450844324,2.3307741656515715
1081,training,0.0008958369144238532,0.040335239842534065,0.014021602129831405,13.601802461214126,10.963886393390348,2.3314667324558824
1082,training,0.0005410119774751365,0.05016738548874855,0.014021602129831405,13.5183032939832,11.0496431275429,2.359652757006427
1083,training,0.0003723407571669668,0.012404464185237885,0.005153568651240062,13.460796560382015,11.105040368748238,2.391338316408666
1084,training,0.0013823116896674037,0.07945933565497398,0.005153568651240062,13.386568446324736,11.171470754394933,2.429250277876897
1085,training,0.00444416981190443,0.13335620984435081,0.005153568651240062,13.340988241200046,11.210060545584211,2.4485729727633734
1086,training,0.0011146771721541882,0.03146260976791382,0.020754879453347468,13.247702712451938,11.284953423011004,2.4819439780820134
1087,training,0.0007180799730122089,0.011347174644470215,0.020754879453347468,13.183955741903171,11.332575728961537,2.526407594768547
1088,training,0.00026252365205436945,0.032205864787101746,0.020754879453347468,13.117845447289243,11.37702001088048,2.571911247460223
1089,training,0.003696492174640298,0.006805345416069031,0.020754879453347468,13.04987542130762,11.418087525148275,2.6242724736209855
1090,training,0.0020072341430932283,0.03429814800620079,0.03931919924716444,12.979774180247466,11.455796312663635,2.670051163686554
1091,training,0.001248277840204537,0.10632755607366562,0.03931919924716444,12.908031414054198,11.490807962213667,2.7038834522541473
1092,training,0.0011723333736881614,0.00651570409536361,0.03868508155730961,12.816882605550505,11.531122824027072,2.746358556545568
1093,training,0.0007116085034795105,0.00920645892620086,0.03868508155730961,12.742860965168557,11.5608700495222,2.7707223498632234
1094,training,0.0018085010815411806,0.0007888311520218849,0.03868508155730961,12.668259426750254,11.589020099049922,2.7914185037118444
1095,training,0.0008328771218657494,0.010396592784672976,0.02158091489754159,12.574277627687962,11.622672743642873,2.801734331143696
1096,training,0.0010034245206043124,0.005601927638053892,0.02158091489754159,12.480184071617815,11.656114260907975,2.7984712567170735
1097,training,0.0027851108461618423,0.0439225472509861,0.02158091489754159,12.405014352892845,11.683188965375845,2.7932904807490626
1098,training,0.0014622847083956003,0.023251394741237164,0.01476521300447477,12.348617602698075,11.703472105446428,2.7997177298528544
1099,training,0.0013134053442627192,0.023690344765782356,0.01476521300447477,12.254518808982288,11.736762923960784,2.7993156406017867
1100,training,0.003339070361107588,0.011707206256687641,0.01476521300447477,12.160500704428275,11.770621284699105,2.7913232163608597
1101,training,0.004970723297446966,0.0009788759052753448,0.0234724519796691,12.048005571226373,11.812051624421299,2.7858550949263936
1102,training,0.0042046960443258286,0.03251591511070728,0.0234724519796691,11.973003867618594,11.8397175993143,2.7913207484952163
1103,training,0.002684242557734251,0.056278519332408905,0.01758855366147232,11.897981479626212,11.866823352247096,2.8003549978141513
1104,training,0.001865263795480132,0.01580305211246014,0.01758855366147232,11.803860478606271,11.900123264244378,2.801550645598569
1105,training,0.0014544159639626741,0.0014538973337039354,0.01758855366147232,11.728480085839744,11.926441178596411,2.810690692427
1106,training,0.0005890208994969726,0.030559521168470383,0.021481324286522233,11.6339924798643,11.95879102976321,2.810471082565262
1107,training,0.0013383191544562578,0.00535193644464016,0.021481324286522233,11.55836484076348,11.984398736662392,2.8203854488261246
1108,training,0.0015725091798231006,0.011692756786942485,0.015811299107156878,11.463473748692262,12.015195575768828,2.833176467908167
1109,training,0.009854120202362537,0.0017866306006908417,0.015811299107156878,11.387270196353914,12.039072215845373,2.8424920779551903
1110,training,0.0008738671895116568,0.010103194043040276,0.015811299107156878,11.29172239327526,12.067732699326857,2.8594059676614854
1111,training,0.0008282354101538658,0.05264045111835003,0.013967348031023903,11.19576399774332,12.095378502658754,2.8615803675921914
1112,training,0.0008390198927372694,0.021005723625421524,0.013967348031023903,11.09971568641871,12.122195945049057,2.8835288749055685
1113,training,0.0012371932389214635,0.05990069638937712,0.013831066840970086,10.983736262872862,12.15133777086366,2.907154515353433
1114,training,0.0020660078153014183,0.01844718959182501,0.013831066840970086,10.866920872248773,12.176892290859417,2.9464257060559698
1115,training,0.000907266978174448,0.03274709731340408,0.013831066840970086,10.788496857010639,12.192078972445083,2.9490608487487
1116,training,0.0013534743338823318,0.05006565805524587,0.017627134195089992,10.651242816998849,12.218959226517628,2.9473843663872135
1117,training,0.0007465498638339341,0.02606970071792603,0.017627134195089992,10.553279653200185,12.239320287158126,2.921191315708072
1118,training,0.0017213285900652409,0.04127381322905421,0.0164035042220821,10.455910526833678,12.26186848460642,2.907440185568415
1119,training,0.0010796808637678623,0.05794030427932739,0.0164035042220821,10.339322864120955,12.289948325457434,2.9034353429866795
1120,training,0.00015997226000763476,0.045281579717993736,0.03225703496605017,10.20342407558453,12.322947829656082,2.9033357191948777
1121,training,0.0008443632978014648,0.04333421681076288,0.03225703496605017,10.125770339338521,12.341690245797196,2.9061011545258575
1122,training,0.0008576546679250896,0.00911705195903778,0.05107178420464691,10.02859077592205,12.364276175765719,2.9200433955620175
1123,training,0.0016510594869032502,0.030438169836997986,0.05107178420464691,9.950685786940621,12.381023346902156,2.9392918744014644
1124,training,0.0004138902295380831,0.051574163138866425,0.05107178420464691,9.852721482410722,12.399455516042284,2.9729069938246417
1125,training,0.002451598644256592,0.011045914143323898,0.013081825501539574,9.75414162930634,12.414378179476342,3.0101914796367084
1126,training,0.0014900442911311984,0.07960200123488903,0.013081825501539574,9.65501645867195,12.426261219049508,3.030938101941055
1127,training,0.0007035588496364653,0.05982659570872784,0.009507047051756694,9.555608709930981,12.437374757264802,3.024669621376374
1128,training,0.0005054763751104474,0.11136894673109055,0.009507047051756694,9.41655296208383,12.45464581582825,3.0120255168419563
1129,training,0.0006831681821495295,0.03652983531355858,0.03603778106654129,9.29768483481008,12.46505901053261,3.1004557140161477
1130,training,0.0014029447920620441,0.05087950732558966,0.03603778106654129,9.198348606422565,12.46627557649325,-3.1293676389774054
1131,training,0.0004937516059726477,0.042277321219444275,0.03627712729050493,9.098604986687247,12.463563908474375,-3.1041737081142973
1132,training,0.0035803732462227345,0.030615705996751785,0.03627712729050493,8.998808211502734,12.459557989499043,-3.1007045108803832
1133,training,0.0007631300250068307,0.036933534778654575,0.03627712729050493,8.898904182418558,12.455880485579605,-3.108853380011745
1134,training,0.007970265112817287,0.017063520848751068,0.022817044896732627,8.819047337787474,12.453452887274151,-3.1118390988731695
1135,training,0.0007941545336507261,0.014449641574174166,0.022817044896732627,8.71915679366372,12.450648231251453,-3.1151147428398125
1136,training,0.002185038523748517,0.013236827682703733,0.02002073263168987,8.639217466286246,12.44863455409636,-3.1178835034951775
1137,training,0.0006356640951707959,0.02226381096988916,0.02002073263168987,8.539299129573799,12.446319846495733,-3.1196411956481267
1138,training,0.002666424261406064,0.008556233253329992,0.02002073263168987,8.439323966651209,12.444496863722033,-3.1282996173677673
1139,training,0.002834389917552471,0.010425979271531105,0.007628968554822738,8.299464064379466,12.442997595141929,-3.1327863004987
1140,training,0.0008368991548195481,0.09969189763069153,0.007628968554822738,8.199528794931009,12.442333280564217,-3.1370272018812884
1141,training,0.001274852897040546,0.03861374780535698,0.013141941149395658,8.11955016690753,12.441989084611938,-3.1375274073849866
1142,training,0.001866789534687996,0.011552805081009865,0.013141941149395658,8.039519668521066,12.441609096467282,-3.1373571090702863
1143,training,0.0006986097432672977,0.056772565469145775,0.013141941149395658,7.959578880922685,12.441203625817755,-3.136121692425162
1144,training,0.0033359702210873365,0.039613910019397736,0.015213644331733157,7.879704438312543,12.440859098527884,-3.1382715100966685
1145,training,0.000284756300970912,0.012637816369533532,0.015213644331733157,7.799773135729698,12.440645338133264,-3.139102962447676
1146,training,0.0021786042489111423,0.12715107947587967,0.01456648755151149,7.680011120443821,12.439308281470257,-3.117612988488416
1147,training,0.0012849868508055806,0.028991312719881535,0.01456648755151149,7.58024502439472,12.436225451512078,-3.1040438939811397
1148,training,0.0011822732631117105,0.022951649501919746,0.01456648755151149,7.500397251160897,12.432990786413855,-3.0990483329215386
1149,training,0.00021918628772255033,0.032723975367844105,0.02002836474872327,7.4006107190839945,12.428331827983882,-3.091965516102372
1150,training,0.0023704650811851025,0.006738349329680204,0.02002836474872327,7.281072577128716,12.421505283894698,-3.077328509616551
1151,training,0.0031834477558732033,0.04220921918749809,0.010163260650558803,7.1614581883937305,12.413629117979275,-3.0761301824193477
1152,training,0.0016587672289460897,0.023184200748801235,0.010163260650558803,7.061702623800074,12.407449369272877,-3.084330609042669
1153,training,0.0032447203993797302,0.0005567669868469238,0.010163260650558803,6.981796759857054,12.403320583416855,-3.0961134049589485
1154,training,0.0027291791047900915,0.013805331662297252,0.0059115730224269525,6.882002303007097,12.39863589825163,-3.089510736475527
1155,training,0.0016091159777715802,0.02103453502058983,0.0059115730224269525,6.78232174595324,12.392785576413921,-3.0784216983985377
1156,training,0.0012315966887399554,0.023073725402355198,0.013699898567237839,6.702814639217497,12.386891046702328,-3.057005810247027
1157,training,0.0008977116085588932,0.051955448463559144,0.013699898567237839,6.583569720794419,12.375560257472356,-3.0395612416262514
1158,training,0.0023317700251936913,0.0656207948923111,0.0063642809543724204,6.484492485120526,12.363995735310954,-3.0107577862998482
1159,training,0.0012412595096975565,0.08271791413426399,0.0063642809543724204,6.365941175886553,12.34693135188803,-2.9896738219646912
1160,training,0.001410903176292777,0.006845608353614807,0.029254865401431764,6.2477651809738495,12.327468725558576,-2.967708580507001
1161,training,0.0011527817696332932,0.023993643932044506,0.029254865401431764,6.129760468162304,12.306320755695799,-2.963357288180599
1162,training,0.0012399678817018867,0.011252675671130419,0.01738835620820995,6.012029263938079,12.284332821658182,-2.947974809345291
1163,training,0.0030177654698491096,0.06384759396314621,0.01738835620820995,5.933513483575044,12.268870699295244,-2.947733894454986
1164,training,0.0027435231022536755,0.029819953255355358,0.01738835620820995,5.835265601974498,12.250191132199477,-2.9608598953256564
1165,training,0.001133949146606028,0.006344089284539223,0.01326920762002128,5.736701319822526,12.233117016804512,-2.979569311009785
1166,training,0.0014353672740980983,0.03753269463777542,0.01326920762002128,5.657904264194926,12.220009669832193,-2.974176115646263
1167,training,0.0015321675455197692,0.04068632237613201,0.01326920762002128,5.579192858465247,12.206578247935726,-2.972686895742346
1168,training,0.0005149691132828593,0.04124887473881245,0.01686120165803911,5.5003528927455765,12.19323261428037,-2.9754971547380826
1169,training,0.001359237707220018,0.020320402458310127,0.01686120165803911,5.362110661427851,12.171208612179438,-2.993103447918993
1170,training,0.0013389518717303872,0.029487527441233397,0.02113903750444734,5.263407733081821,12.156333714538485,-2.9896294316585132
1171,training,0.0013030758127570152,0.05272549390792847,0.02113903750444734,5.164693798721171,12.141116704146771,-2.989008476027734
1172,training,0.0013725650496780872,0.0014873147010803223,0.0140108640409079,5.066100957366425,12.125472452821773,-2.979194823029081
1173,training,0.003203135449439287,0.005325742065906525,0.0140108640409079,4.9285861766431704,12.100407887211581,-2.941125344298814
1174,training,0.0014621592126786709,0.03567950055003165,0.019282767977891847,4.83108356550191,12.07923838486476,-2.9160568948238437
1175,training,0.0008623550529591739,0.0031572282314300502,0.019282767977891847,4.772991967887154,12.065306691723178,-2.895461315374349
1176,training,0.0005442757392302155,0.04628137871623039,0.019282767977891847,4.657176820352678,12.034630506788844,-2.873285766428934
1177,training,0.0006730982568114996,0.02755888178944589,0.04107772317968927,4.561526914769228,12.00654654289448,-2.834253350247691
1178,training,0.0005233193514868617,0.007878679782152183,0.04107772317968927,4.429714945921625,11.960576165829544,-2.777670577747447
1179,training,0.0007647909806109965,0.05130570381879805,0.04044811227873998,4.336956957328581,11.923977195754594,-2.7548898294998856
1180,training,0.0010756475385278463,0.05764553509652616,0.04044811227873998,4.263622380292295,11.89293749602868,-2.7234280164879134
1181,training,0.0034335057716816664,0.07156079076230525,0.04044811227873998,4.191339282112029,11.859372240109728,-2.6901760903775678
1182,training,0.0007538647041656077,0.057798247784376144,0.049630723458297415,4.1202758294645845,11.823345381203634,-2.655745703285705
1183,training,0.0015139305032789707,0.06093266420066357,0.049630723458297415,4.050598309936768,11.784886012658086,-2.6195775260188814
1184,training,0.002880315063521266,0.02626895159482956,0.049630723458297415,3.981661498196597,11.74455872036411,-2.607083426648151
1185,training,0.0010139478836208582,0.00048152171075344086,0.04689851516242123,3.896489836422391,11.692632513054031,-2.5786214303057373
1186,training,0.0016267665196210146,0.03898788895457983,0.04689851516242123,3.7959312271676517,11.627646674081843,-2.5587436267753274
1187,training,0.00047053946764208376,0.031906753778457635,0.03800623758271791,3.6969214902651304,11.560322218738591,-2.5280002561847774
1188,training,0.0019292996730655432,0.015030004549771547,0.03800623758271791,3.5838946648692285,11.477956855901784,-2.495592827408658
1189,training,0.0019087730906903744,0.059981588274240494,0.025808439061009707,3.520245706123782,11.429670034377583,-2.4912513532277707
1190,training,0.00210338132455945,0.05031391978263855,0.025808439061009707,3.456634215852902,11.381258031124814,-2.491036682317957
1191,training,0.0009314444032497704,0.08266092091798782,0.025808439061009707,3.3771092502930933,11.320713519082922,-2.4909108053495905
1192,training,0.0025532294530421495,0.054926101118326194,0.004300429079239207,3.298292082159635,11.25947113977685,-2.469266292418779
1193,training,0.00024110170488711447,0.09327727276831864,0.004300429079239207,3.236283018271077,11.20905415924643,-2.4491039059366693
1194,training,0.0016819639131426811,0.15842100232839587,0.004300429079239207,3.1742670782690148,11.158583478831176,-2.4779578053992433
1195,training,0.0012180464109405875,0.16732255183160305,0.04045021820447386,3.0755995112641457,11.088929736156334,-2.5788990075989986
1196,training,0.0013884213985875249,0.12880482524633408,0.04045021820447386,2.9887029804015754,11.03866134766976,-2.6546305104477197
1197,training,0.0012704494874924421,0.05018703639507294,0.05509091065721494,2.862482237738652,10.977762037357246,-2.722515807384277
1198,training,0.0011990886414423585,0.1432717815041542,0.05509091065721494,2.7711872912274673,10.937336971857079,-2.724272486164968
1199,training,0.0010352543322369456,0.06264512240886688,0.05509091065721494,2.698353661321738,10.90475025225787,-2.714457580844931
1200,training,0.0007194684003479779,0.11571538262069225,0.0490919827278095,2.6261782140620338,10.870992713100481,-2.6900784175880474
1201,training,0.0015147095546126366,0.01997531205415723,0.0490919827278095,2.5547974578600336,10.835391387824002,-2.6733634499429177
1202,training,0.0013705596793442965,0.05483278632164004,0.0490919827278095,2.467144243525498,10.788136735283443,-2.6124040852598114
1203,training,0.0005360303912311792,0.07531040906906128,0.017190470183589737,2.3672380717629826,10.72314774622184,-2.5155295276227654
1204,training,0.0029136354569345713,0.07387952506542209,0.017190470183589737,2.304747149816396,10.674290972073688,-2.432511477809164
1205,training,0.0004298912826925516,0.08372162282466883,0.04775301637231253,2.2467643444845034,10.620142162941432,-2.351213579410483
1206,training,0.0009683017851784825,0.013752922415733337,0.04775301637231253,2.193959996088521,10.561456248848595,-2.2536879795914055
1207,training,0.001880947733297944,0.01761686801910403,0.04775301637231253,2.1461729360606188,10.498073044640545,-2.18458524062487
1208,training,0.000731020059902221,0.09005293995141986,0.04775301637231253,2.1127776995227268,10.44848060876973,-2.1428517726473064
1209,training,0.00046896113781258464,0.03215407580137253,0.10677634690405886,2.0712902396217574,10.38067888413781,-2.0999490204338858
1210,training,0.003145539201796055,0.04657986015081403,0.10677634690405886,2.032949437174893,10.3110513828977,-2.043983567619698
1211,training,0.0022235687356442213,0.023200899362564087,0.09794231481150717,1.9913392903060838,10.220902412444726,-1.962466944459586
1212,training,0.0011974833905696869,0.025135740637779236,0.09794231481150717,1.9566451311026054,10.127766265549226,-1.8945630526987824
1213,training,0.0028230990283191204,0.02237758785486222,0.09794231481150717,1.9329775769081778,10.051868364317299,-1.8554741188740271
1214,training,0.0013125991681590676,0.006539877504110336,0.061961702488384826,1.9116597144785468,9.975017505448193,-1.8289807483031393
1215,training,0.001309974235482514,0.03289835527539253,0.061961702488384826,1.8874700117145173,9.878187330012272,-1.8026683288958087
1216,training,0.0027524055913090706,0.012732062488794334,0.061961702488384826,1.8653647136190752,9.780786548289614,-1.78733349355956
1217,training,0.0030961015727370977,0.01910515688359737,0.018735246009309935,1.8487019636683997,9.702551183739425,-1.7738212004358271
1218,training,0.0010615340434014797,0.043627504259347916,0.018735246009309935,1.83303869490237,9.624180991369064,-1.7627700027969029
1219,training,0.00195165048353374,0.0009593516588211129,0.018735246009309935,1.8182849283611215,9.545778673879191,-1.7498382187130788
1220,training,0.0025327785406261683,0.050464718602597713,0.004968449291413629,1.8047068547996008,9.467130857124129,-1.732957032814314
1221,training,0.0012815617956221104,0.005308988620527089,0.004968449291413629,1.7885410992499848,9.368506023919723,-1.7362985284888488
1222,training,0.0024657147005200386,0.009361500851809978,0.01724943371409828,1.7686572298688337,9.25023804768304,-1.7381332522334516
1223,training,0.0017138631083071232,0.05308160185813904,0.01724943371409828,1.7491988261833369,9.13193466768418,-1.7276633910091632
1224,training,0.0008646535570733249,0.002838801592588421,0.02906577440738165,1.7297177147299416,8.993765916698225,-1.6900177770606828
1225,training,0.0024710644502192736,0.021444034762680534,0.02906577440738165,1.7205923728075951,8.914375499787145,-1.680987015791362
1226,training,0.0016900235787034035,0.02648458769544959,0.018452966181614405,1.7091568632214784,8.815043022745327,-1.6892876909547205
1227,training,0.0004494458553381264,0.0256263418123126,0.018452966181614405,1.6995055536879573,8.735772226882494,-1.6929397919642062
1228,training,0.0010994765907526016,0.006499495357275013,0.018452966181614405,1.6876013617896148,8.63667865132868,-1.6849772539510435
1229,training,0.001024513621814549,0.00856943242251873,0.015251795981801066,1.6766816269467213,8.537441161484328,-1.6760675218497512
1230,training,0.0006830728962086141,0.03293756488710642,0.015251795981801066,1.6665430276677564,8.438106279085062,-1.6693908921525757
1231,training,0.0008105563465505838,0.0081796043086797,0.015251795981801066,1.658158167608963,8.35853596820925,-1.6838165881893725
1232,training,0.0011839292710646987,0.03347337618470192,0.008121252383982095,1.6490750271284333,8.279142085369946,-1.6859047232776543
1233,training,0.0010274837259203196,0.032753285951912396,0.008121252383982095,1.640192473978418,8.199731604491776,-1.6771539657721988
1234,training,0.0006634026067331433,0.005862768739461899,0.004356355652754195,1.630329932808437,8.100477728804396,-1.6605023586021814
1235,training,0.00462427269667387,0.029553028754889972,0.004356355652754195,1.623163354890756,8.020829391839488,-1.6605580175242065
1236,training,0.0024752654135227203,0.06248706113547087,0.004356355652754195,1.6153907758129942,7.941199134459955,-1.6767906275734201
1237,training,0.0012715898919850588,0.013756520114839079,0.004356355652754195,1.6090744319745305,7.88158735658927,-1.6749479030033352
1238,training,0.0006740431999787688,0.023378451354801655,0.013501968052868652,1.5964668368096928,7.7623815641680105,-1.6795656052708186
1239,training,0.0003047650679945946,0.00509464048082009,0.0043596830409619565,1.5816782187808103,7.623314170990387,-1.6727859043504802
1240,training,0.0005407148273661733,0.06842713057994843,0.0043596830409619565,1.5736525864824742,7.543800900381866,-1.672293561459163
1241,training,0.0006950339302420616,0.03650565445423126,0.0043596830409619565,1.5582930362103018,7.4047041510459595,-1.6932243958582534
1242,training,0.000597911246586591,0.08062323927879333,0.0047156364455086894,1.5484093450415806,7.325360411365527,-1.6958470717944976
1243,training,0.0017510877223685384,0.033708289265632616,0.0047156364455086894,1.5353109872464399,7.2262358072715935,-1.7112276103676989
1244,training,0.0029030567966401577,0.038262926042079926,0.02170306681409557,1.5250862957411886,7.14702046349769,-1.6861060501709342
1245,training,0.0016386160859838128,0.03053267300128936,0.02170306681409557,1.5139130751704883,7.027978358695977,-1.642907635722474
1246,training,0.0023597455583512783,0.004392944276332855,0.02170306681409557,1.509252923286029,6.948460879013036,-1.6175678153573028
1247,training,0.0005846134154126048,0.04583634994924068,0.00536587483320332,1.5062751218020647,6.868629111068499,-1.5994956658713357
1248,training,0.001567284343764186,0.032701450400054455,0.00536587483320332,1.5041770270325978,6.7688653913400785,-1.5831597202116359
1249,training,0.0016166915884241462,0.028174360748380423,0.00536587483320332,1.5034408414943186,6.688972324972489,-1.5769115821894348
1250,training,0.00024914482492022216,0.009245682507753372,0.00873387338952755,1.503056389254029,6.589093207914265,-1.5738204649580272
1251,training,0.0022727902978658676,0.06027314998209477,0.00873387338952755,1.5028276685132524,6.489168734507356,-1.5737458902031891
1252,training,0.0005133455852046609,0.01989616081118584,0.007338331101640444,1.5016877727799467,6.389103929889825,-1.5935075605128042
1253,training,0.0006601308705285192,0.0030045863240957225,0.007338331101640444,1.4986993124383412,6.289202429573241,-1.6078102610503486
1254,training,0.0017114374786615372,0.01979019120335579,0.006215382029659351,1.4935142751391763,6.169365014318441,-1.6208229491897692
1255,training,0.001976810162886977,0.01582435774616897,0.006215382029659351,1.4894520438106278,6.089573513926971,-1.6228038554797992
1256,training,0.0011165274772793055,0.006559995934367176,0.011265827614427074,1.4843590341383257,5.98983875761688,-1.6222684396216762
1257,training,0.00030479455017484725,0.035116191022098064,0.011265827614427074,1.4788588312524353,5.870091063274498,-1.6113685359601329
1258,training,0.005029832012951374,0.01819443062413484,0.01327703131220049,1.473966961774013,5.750319763667843,-1.614422240625482
1259,training,0.00104427058249712,0.014465117827057838,0.01327703131220049,1.468544037834865,5.630580024159899,-1.6165117159606013
1260,training,0.0012903257738798857,0.05952587351202965,0.018201047919674307,1.4649108543590923,5.550782268781157,-1.6145661978607657
1261,training,0.0011542917927727103,0.03967582620680332,0.018201047919674307,1.4613252628908946,5.470970686878625,-1.6197023952422518
1262,training,0.0007529360009357333,0.004493286833167078,0.018201047919674307,1.4572368573110177,5.3911868722481735,-1.6253171299145854
1263,training,0.0010047823889181018,0.020803718362003565,0.011688157237755634,1.452690760425071,5.311292291880406,-1.6294145371529747
1264,training,0.0005948350299149752,0.007650761865079403,0.011688157237755634,1.4441590561724942,5.171757823322549,-1.6336495539868536
1265,training,0.002099734265357256,0.02418929245322943,0.012650713867827824,1.4383106525353648,5.072112679156862,-1.6253962295458788
1266,training,0.0005633794935420156,0.010124288965016603,0.012650713867827824,1.4326966183870022,4.972342011322543,-1.6318488358646963
1267,training,0.0005250995745882392,0.0306867896579206,0.012650713867827824,1.4276737963626445,4.892533875623401,-1.635290500049362
1268,training,0.0007336693815886974,0.0422617644071579,0.014823184102172645,1.422492849047254,4.812755839226915,-1.6342324311346141
1269,training,0.001430737553164363,0.039539534598588943,0.014823184102172645,1.4153885621620794,4.693207345921157,-1.6238858663076419
1270,training,0.002203658688813448,0.004876859951764345,0.01767150822724243,1.410136734525259,4.593467556647881,-1.6230363739884117
1271,training,0.00032337766606360674,0.025930237025022507,0.01767150822724243,1.4047966829396445,4.493724651463174,-1.6245017203184529
1272,training,0.0006517869187518954,0.0014468869194388407,0.01767150822724243,1.400435170820197,4.413953292519734,-1.6259771007657957
1273,training,0.0006574629805982113,0.020165085792541504,0.018934046330056742,1.3951517352030822,4.314224664365469,-1.6209567418741286
1274,training,0.0007325906190089881,0.030957352370023727,0.018934046330056742,1.3911841075812739,4.234478376848718,-1.621552972714298
1275,training,0.0003971029072999954,0.022478698752820492,0.020271005772469024,1.3871682829811165,4.15472204858336,-1.6217754879401898
1276,training,0.00045422243420034647,0.007038119249045852,0.020271005772469024,1.383167728942205,4.0748274632924275,-1.6190711673782452
1277,training,0.004058401100337505,0.018241189885884523,0.020271005772469024,1.3787195051348504,3.9751203548234644,-1.6096194048554917
1278,training,0.001929729012772441,0.011545946821570395,0.019898293747299556,1.3757127590422775,3.895290926399108,-1.6077579080093773
1279,training,0.00024273924645967782,0.00548781082034111,0.019898293747299556,1.3722211727100742,3.7954963763960263,-1.6040759780421785
1280,training,0.002257079817354679,0.03842070419341326,0.024493848811774847,1.36834994731717,3.675713134863025,-1.603188051809838
1281,training,0.002720973687246442,0.0027151182293891907,0.024493848811774847,1.364610270828958,3.556012421343301,-1.5998001585762645
1282,training,0.0012542018666863441,0.01187621243298054,0.024493848811774847,1.362536384967344,3.4761277743173022,-1.5922664107781486
1283,training,0.0014042789116501808,0.06904817558825016,0.010951729633923454,1.3607164874223432,3.3762970862165793,-1.5863550592211049
1284,training,0.0010319824796169996,0.028444867581129074,0.010951729633923454,1.3604403085486936,3.2566018285432343,-1.5580051500231333
1285,training,0.0002991066430695355,0.035659403540194035,0.014338705011976233,1.362107637914285,3.1767744889707976,-1.5415451807061369
1286,training,0.002438970375806093,0.007267696317285299,0.014338705011976233,1.3650254349293582,3.097041174053219,-1.527904526017535
1287,training,0.0012610778212547302,0.03663222771137953,0.014338705011976233,1.3687322491845173,3.0172142730205334,-1.5226429314841639
1288,training,0.0017395780887454748,0.07771414890885353,0.015173929657864647,1.3765338787244785,2.8775115539266376,-1.5046671303564891
1289,training,0.001259760232642293,0.011487684212625028,0.015173929657864647,1.3824064299702052,2.7979279112450985,-1.489377101861028
1290,training,0.0011415684130042791,0.013071144465357065,0.011576401477988134,1.3892411359729055,2.7182648609782607,-1.4819884203742588
1291,training,0.001573099521920085,0.016030997037887573,0.011576401477988134,1.3981981520775977,2.61868560163595,-1.481213855341023
1292,training,0.00190663558896631,0.023610102012753487,0.011576401477988134,1.4051752206515542,2.5388403559142896,-1.4862480251113874
1293,training,0.000570936594158411,0.00662638247013092,0.011750279196749277,1.4121983180535156,2.459289879604725,-1.477938015613194
1294,training,0.0008521596901118755,0.05159231834113598,0.011750279196749277,1.4197089472311628,2.3798057998105158,-1.4762680969488906
1295,training,0.0017079960089176893,0.008783262223005295,0.011750279196749277,1.426972364386905,2.3000923114908662,-1.4842910070254447
1296,training,0.0013657839735969901,0.03245225083082915,0.0013637127066179046,1.434873764824621,2.2003105315544964,-1.4992929885362936
1297,training,0.004792873747646809,0.0023869164288043976,0.0013637127066179046,1.4421314717282558,2.080432213425605,-1.5219987516407691
1298,training,0.0004243087605573237,0.013152254745364186,0.006274670760264515,1.4455007050520368,2.0003985950381664,-1.5347476020959827
1299,training,0.0009538846788927913,0.05981785338371992,0.006274670760264515,1.4491594731873025,1.900543143539063,-1.5279191536136703
1300,training,0.0017161264549940825,0.06772499904036522,0.006274670760264515,1.4547276838407568,1.8008898874755208,-1.4983517319384039
1301,training,0.0014164447784423828,0.05015119910240173,0.017836249199381378,1.4639086269677155,1.70160846942971,-1.4560697902789606
1302,training,0.000572704360820353,0.14211603254079816,0.017836249199381378,1.481501704965758,1.5835644661484443,-1.3888753635638378
1303,training,0.0010546681005507708,0.1069073602557182,0.03770819322318703,1.498419665946663,1.5059608793806412,-1.3185061728201153
1304,training,0.002407205756753683,0.2121106507256627,0.03770819322318703,1.5210930044502013,1.4300672113597983,-1.2430676248408161
1305,training,0.00026846726541407406,0.12353531271219251,0.03770819322318703,1.5496423118289284,1.3560155537136898,-1.1591985454848652
1306,training,0.0005398241337388754,0.1185617707669735,0.0254444069416826,1.5841455197489056,1.2845238959338656,-1.0866608227342944
1307,training,0.00043738653766922653,0.10564677417278293,0.0254444069416826,1.6446659200953373,1.1819749078670727,-0.9899477259607521
1308,training,0.002716346178203821,0.12625649571418762,0.11545505875350975,1.7155818578032334,1.0866000319269475,-0.8720438979468804
1309,training,0.0008562589646317065,0.12461689114570618,0.11545505875350975,1.7691488661157877,1.0284890747531477,-0.7761640457045911
1310,training,0.005031168926507235,0.05756048858165744,0.11545505875350975,1.8283506710066126,0.9757793246111309,-0.6792414693911986
1311,training,0.0006382236024364829,0.028698906302452087,0.10583418775436243,1.9087184309114476,0.9180403009073078,-0.5697482606379959
1312,training,0.0008713718852959573,0.016547247767448425,0.09464096530969092,2.0304360770186833,0.8513942996900414,-0.43548644695818217
1313,training,0.0005153394304215908,0.015033319592475891,0.09464096530969092,2.1035162670204004,0.8205307182269964,-0.3642907264303576
1314,training,0.0006807002937421203,0.01052829623222351,0.09464096530969092,2.2166528376838435,0.7829211997836224,-0.280703988132945
1315,training,0.0018831759225577116,0.02191471308469775,0.07305703431731733,2.2936075633972184,0.7626507296987342,-0.23484131794582044
1316,training,0.0018478336278349161,0.0007049366831779341,0.07305703431731733,2.3713654641586195,0.7460665671781824,-0.18217435267399937
1317,training,0.0009146900847554207,0.020977824926376343,0.05703014014205057,2.469737285046383,0.7309172786954591,-0.12604364022425205
1318,training,0.00030843395506963134,0.013179231435060501,0.05703014014205057,2.5489844251152376,0.7222532764305462,-0.09358956680629586
1319,training,0.0008289924589917064,0.018249081447720528,0.05703014014205057,2.6283981402843675,0.7159574744570711,-0.06581113555744854
1320,training,0.0007643830613233149,0.038581075146794326,0.0493160932947978,2.708163472875626,0.7113447305025179,-0.04963166808863417
1321,training,0.0008685422362759709,0.04208851978182793,0.0493160932947978,2.7880967147852487,0.7080363978111458,-0.03296200646389259
1322,training,0.0006187520921230316,0.04241242818534374,0.0493160932947978,2.8679534132777724,0.706008295368602,-0.018376259237909635
1323,training,0.0006191125139594078,0.029197971802204847,0.03141598644539076,2.9477448809556552,0.7049989184594415,-0.007204472058576658
1324,training,0.001251300098374486,0.052386850118637085,0.03141598644539076,3.0878060800294005,0.7044260831508984,-0.0033079124259215217
1325,training,0.0008062133565545082,0.04423639550805092,0.017208841162691196,3.167697840459807,0.7041874094771804,-0.003012401389670516
1326,training,0.0017392521258443594,0.0500979982316494,0.017208841162691196,3.2877257944456897,0.7038108616056121,-0.0032772279487283617
1327,training,0.005262627732008696,0.018892044201493263,0.007000908058137553,3.3675862569025865,0.7035530728678279,-0.0032409568727689146
1328,training,0.0006736108334735036,0.03432804346084595,0.007000908058137553,3.4475132018856818,0.7032858933269459,-0.0034798893445328323
1329,training,0.0002975247916765511,0.040015120059251785,0.007000908058137553,3.5474745821025757,0.702943966266633,-0.0036285409872424262
1330,training,0.0006643348606303334,0.03332970477640629,0.004400457361331356,3.6474381996137177,0.7025895267854978,-0.003788727883103499
1331,training,0.0014410867588594556,0.004801119677722454,0.004400457361331356,3.727474597305566,0.7024019921833098,-0.0010866570814832557
1332,training,0.0008870340534485877,0.015275982208549976,0.004400457361331356,3.807503829382694,0.7024159394672658,0.00031647565036921886
1333,training,0.000981573830358684,0.031307581812143326,0.015220460621967776,3.907466612361433,0.7024687318771922,0.0005624986713949939
1334,training,0.0013513487065210938,0.049571502953767776,0.015220460621967776,4.007430079001348,0.7025429681175471,0.0008342528697768524
1335,training,0.0007562317186966538,0.05168158560991287,0.00757449859332251,4.087314654806296,0.7026194480278579,0.0010419852459371615
1336,training,0.004526429809629917,0.04825258627533913,0.00757449859332251,4.207354471504611,0.7027729792836083,0.0015619893171230884
1337,training,0.0023268740624189377,0.041641153395175934,0.00757449859332251,4.287253543330387,0.7029063053610136,0.001848730455862015
1338,training,0.003265300765633583,0.03740366781130433,0.005375876892585621,4.387222395209372,0.7031164525780237,0.0023221877481539597
1339,training,0.0016291146166622639,0.05086459219455719,0.005375876892585621,4.467244179944119,0.7032483390961498,0.0006310961258812013
1340,training,0.001580720767378807,0.04272634536027908,0.004624213527190032,4.567238591983272,0.70331808395961,0.0006379383447599729
1341,training,0.001264758175238967,0.03331170231103897,0.004624213527190032,4.647351411159611,0.7033858806936987,0.0007731638460563168
1342,training,0.0010392743861302733,0.0016479883342981339,0.004624213527190032,4.747337917882362,0.7035029413150912,0.0012271911742129864
1343,training,0.0011139926500618458,0.007172785699367523,0.007750596238264438,4.807150775318474,0.7035941692112089,0.0015853336556778284
1344,training,0.002759950701147318,0.018737135455012318,0.007750596238264438,4.907215739948249,0.7031816782180089,-0.013174655967663484
1345,training,0.0015602910425513983,0.0024277865886688232,0.007661428655505202,4.987313275040268,0.7016413792769803,-0.024902842725257366
1346,training,0.0024945344775915146,0.00697288755327463,0.007661428655505202,5.067426894926121,0.6992552533901714,-0.034508122183435436
1347,training,0.0008736453019082546,0.01791612571105361,0.007661428655505202,5.167396309618452,0.6954694720339972,-0.040581746591057656
1348,training,0.0007937451591715217,0.0016952324658632278,0.00877679975294183,5.227184431078656,0.6930260072935122,-0.041240150410915805
1349,training,0.0011543715372681618,0.01168730016797781,0.00877679975294183,5.307082313547654,0.6897039455669028,-0.04181899182387997
1350,training,0.0008634190307930112,0.015449044294655323,0.00877679975294183,5.406975771402324,0.6855092413933674,-0.0423140148707244
1351,training,0.0027855755761265755,0.005380798131227493,0.008620934685669011,5.526824288780662,0.6804144554522251,-0.04282177674673968
1352,training,0.002709508640691638,0.018932128325104713,0.008620934685669011,5.60674867968328,0.6770734384988992,-0.040521954724464924
1353,training,0.001126859220676124,0.017328976653516293,0.011946574636678751,5.686757350784765,0.6740247319286932,-0.03546024359546151
1354,training,0.0007909124251455069,0.005719531793147325,0.011946574636678751,5.766627038513562,0.6714373476849551,-0.02949903005722206
1355,training,0.0008948624017648399,0.01917846128344536,0.014020240374017287,5.886583536199495,0.6681779430536549,-0.02544303753218789
1356,training,0.0021995236165821552,0.0060578202828764915,0.014020240374017287,6.006419390576588,0.665573486097993,-0.01801055814083105
1357,training,0.0027201552875339985,0.016171108931303024,0.014020240374017287,6.106389084740551,0.663890697756589,-0.01739607314897427
1358,training,0.00046813098015263677,0.018097964115440845,0.027465602499809234,6.166287863114926,0.662862751345825,-0.017181998725990414
1359,training,0.001874272944405675,0.01742343557998538,0.027465602499809234,6.266223305473755,0.6612501761487449,-0.01419963203435248
1360,training,0.0005382326780818403,0.012502404861152174,0.027465602499809234,6.346159973889466,0.6601238911057719,-0.014107915925439673
1361,training,0.0005791326984763145,0.038166165351867676,0.03423596840651217,6.426172767943941,0.6591511826819075,-0.01066304545244454
1362,training,0.005387364886701107,0.030466582626104355,0.03423596840651217,6.526138107532664,0.6581786717530874,-0.010310120347449415
1363,training,0.0006926737842150033,0.013060914818197489,0.04142509474253497,6.6261124097019595,0.6571732409497495,-0.010723170448291084
1364,training,0.0017193314852192998,0.03856257535517216,0.04142509474253497,6.706106679762979,0.6564019639384833,-0.008686935457462661
1365,training,0.0013489255215972662,0.027447614818811417,0.03962461645004674,6.8059902252906985,0.6558214107652196,-0.0023512313015173116
1366,training,0.0010140377562493086,0.04682818427681923,0.03962461645004674,6.885873935743036,0.6556478070313778,-0.0021299581407444273
1367,training,0.0009922028984874487,0.02531258948147297,0.03962461645004674,7.0259680900753905,0.655344730319413,-0.0023636633532966925
1368,training,0.0008553511579521,0.0035941852256655693,0.03645251697595197,7.105839986683828,0.6552818388886468,0.0009444721414125782
1369,training,0.0011194355320185423,0.01347713777795434,0.03645251697595197,7.205791527170313,0.655449181526616,0.002011008956112899
1370,training,0.0013697793474420905,0.004208005033433437,0.03654916657769019,7.30575411550924,0.6555804833032772,9.199082469994824e-05
1371,training,0.0011680196039378643,0.000230422243475914,0.03654916657769019,7.3857086591154495,0.6555745438760975,-7.903846206755562e-05
1372,training,0.0006695498013868928,0.0010351035743951797,0.026120277536772877,7.485693103169003,0.6555828731806702,8.773747787530189e-05
1373,training,0.0006746352300979197,0.007245970889925957,0.026120277536772877,7.585679538903707,0.6556095096528343,0.00025935755935856824
1374,training,0.000839090789668262,0.019988297019153833,0.016851066439657253,7.685668021215569,0.6556547703623834,0.0004387652377619585
1375,training,0.0011268215021118522,0.02257000468671322,0.016851066439657253,7.785668230644132,0.6556548693182365,-0.0008580261630619656
1376,training,0.0013146820710971951,0.0026531927287578583,0.016851066439657253,7.865766839165668,0.6555945851467775,-0.000998884080943349
1377,training,0.0009582233615219593,0.003996073268353939,0.013125283758522413,7.945727770070155,0.6555427118218985,-0.0006487580085975743
1378,training,0.00155349588021636,0.006709038745611906,0.013125283758522413,8.06576956110364,0.6554791417473979,-0.0005781629789402617
1379,training,0.0003301375836599618,0.004720030818134546,0.01857215924327002,8.16575251668117,0.6554505362602325,-0.00035739998103334077
1380,training,0.0015206653624773026,0.0006367340683937073,0.01857215924327002,8.26572214756814,0.6554386908118162,-0.00016704352576742303
1381,training,0.0011861948296427727,0.019997425377368927,0.018163088663090694,8.365689385017063,0.6554414305695915,2.356508461460144e-05
1382,training,0.0013891407288610935,0.03992978623136878,0.018163088663090694,8.465656153806876,0.6554627301634905,0.00023099300851107818
1383,training,0.0018673557788133621,0.07768728956580162,0.016581437202177616,8.545523371409846,0.6554278069758008,-0.0016578616942808278
1384,training,0.0007379967137239873,0.04689805954694748,0.016581437202177616,8.665697447182518,0.6540344668119767,-0.02495810908029352
1385,training,0.0006299607921391726,0.0395463015884161,0.016581437202177616,8.74562344006567,0.6515959778380467,-0.03486592996798178
1386,training,0.008710549212992191,0.046046114061027765,0.022564347855670592,8.865604371923414,0.6469023401833324,-0.042975341188597936
1387,training,0.0017503281123936176,0.03951103240251541,0.022564347855670592,8.985558131857381,0.6414932723992972,-0.04650504532647371
1388,training,0.001834286842495203,0.0013131424784660374,0.02782095696039815,9.105410887218044,0.6358668009314756,-0.04721217760428569
1389,training,0.001101505709812045,0.034719678573310375,0.02782095696039815,9.205241308676351,0.631555945513904,-0.0374225200189072
1390,training,0.0025672425981611013,0.019028455018997192,0.02301125835594403,9.32492916939051,0.6284435568328265,-0.012686850605768837
1391,training,0.0006238959613256156,0.0015156529843807186,0.02301125835594403,9.404868486799378,0.6280976229071796,0.0034093766774884655
1392,training,0.001273552654311061,0.06181564927101135,0.02301125835594403,9.48465428617907,0.6288397570730181,0.01485604740488606
1393,training,0.0008753979345783591,0.04619786888360977,0.020281154169087382,9.564597931457172,0.6300105834074157,0.010058644448999851
1394,training,0.004226095974445343,0.022368758916854862,0.020281154169087382,9.66466932160164,0.6302374346820342,-0.006062608248618987
1395,training,0.001397551386617124,0.014279959723353384,0.01452737154913951,9.744789509169514,0.6293585339943377,-0.0155725737085454
1396,training,0.0006132947746664286,0.01769357779994607,0.01452737154913951,9.824891157921437,0.6278683660326626,-0.021694335996628764
1397,training,0.003435438498854637,0.031377434730529785,0.01452737154913951,9.944803628399928,0.6249562490085868,-0.02672672344135636
1398,training,0.0012837635586038232,0.045111145824193954,0.0012165038383126288,10.02481291468571,0.6228222865509676,-0.026771204387747733
1399,training,0.0005696046864613891,0.012130044400691986,0.0012165038383126288,10.10465949737902,0.6206592793115593,-0.027215634339135587
1400,training,0.000505939417053014,0.031281476840376854,0.015532101901642,10.184558408995988,0.6185503509240612,-0.024983193312391273
1401,training,0.00063024100381881,0.038091566413640976,0.015532101901642,10.284469685606187,0.6164027785558395,-0.01751460410437668
1402,training,0.00031315552769228816,0.015792079269886017,0.015532101901642,10.364504390242484,0.6150931467856044,-0.016809394674974453
1403,training,0.0017077195225283504,0.032997030764818185,0.030185789188375507,10.444561207036275,0.6137618532434836,-0.016851748936747804
1404,training,0.0014475557254627347,0.020256076008081436,0.030185789188375507,10.524316097829802,0.6129483735372089,0.00020815235316814785
1405,training,0.0003337712842039764,0.021488243713974953,0.030185789188375507,10.60411199786997,0.6137060018336862,0.01883772212035857
1406,training,0.00047516325139440596,0.04255277011543512,0.036736782898645216,10.723853059979467,0.6174480983752538,0.04380751959097949
1407,training,0.0007843853090889752,0.028067714534699917,0.036736782898645216,10.803548904424042,0.6215227526870759,0.05857850745252133
1408,training,0.00048776951734907925,0.032158199697732925,0.02958104693280838,10.903168179134557,0.6280578535495243,0.07150616638419383
1409,training,0.0016258074901998043,0.02918194606900215,0.02958104693280838,11.022797635811434,0.6364815288584801,0.06650120988857962
1410,training,0.0024808926973491907,0.019927872344851497,0.02958104693280838,11.102676937804873,0.6413166442552337,0.053556675738501244
1411,training,0.0005485831061378121,0.03623489197343588,0.015022748919243052,11.2025979894559,0.6459568452130097,0.03897494182964331
1412,training,0.0006866722833365202,0.023973322939127684,0.015022748919243052,11.282704976401451,0.6486848683706069,0.028398580433359806
1413,training,0.0008033537887968123,0.05655314587056637,0.015571726827693158,11.382647939226636,0.6512362944949192,0.02336741957079778
1414,training,0.0017700002063065767,0.02436646306887269,0.015571726827693158,11.462533938251445,0.652947209975978,0.018728193102546142
1415,training,0.003533667419105768,0.024850359186530113,0.015571726827693158,11.582524890708108,0.6550037741175662,0.01597744819392752
1416,training,0.0012673265300691128,0.021922261454164982,0.013844577886955022,11.662377100363072,0.6561586268170274,0.01195988154199343
1417,training,0.0012507070787250996,0.0013610459864139574,0.013844577886955022,11.782396758742523,0.6573783842252223,0.00905587239754859
1418,training,0.0011076831724494696,0.0017264658235944808,0.013523333566707176,11.882369766886718,0.6580747324853636,0.004524019534853226
1419,training,0.0003965699579566717,0.011618664488196373,0.013523333566707176,11.962257070129642,0.6583822851964695,0.0038285224347153765
1420,training,0.0012915387051180005,0.013328089378774166,0.013523333566707176,12.06223194034846,0.6586560105388438,0.0012387717951751463
1421,training,0.0008533541695214808,0.0021406826563179493,0.016554814283535252,12.12230372518282,0.6587331912446338,0.0012476988024871017
1422,training,0.0036321086809039116,0.052716534584760666,0.016554814283535252,12.222311474559394,0.6588176389146942,-0.00029982740955621247
1423,training,0.0011109166080132127,0.009611678775399923,0.016554814283535252,12.302342541947542,0.6587948494467483,-0.000328600153460934
1424,training,0.0012941902969032526,0.014101547189056873,0.009408628770119137,12.382221034903727,0.6586999940880867,-0.0024758523564786146
1425,training,0.0010678661055862904,0.054060712456703186,0.009408628770119137,12.482169163971182,0.6584196442052508,-0.002857510733962059
1426,training,0.0004380002210382372,0.003794456832110882,0.014302985881162389,12.5621080241444,0.6581868218015537,-0.003046449307484557
1427,training,0.0003529315290506929,0.005181298591196537,0.014302985881162389,12.642143609901847,0.6579526751086039,-0.0032923310588688698
1428,training,0.0017762797651812434,0.03162487968802452,0.014302985881162389,12.7222001795522,0.6577094813958823,-0.0032417444004535665
1429,training,0.0011099099647253752,0.03367924317717552,0.015078258265169581,12.822147216379735,0.6574003067475136,-0.0032611076526280415
1430,training,0.00028681010007858276,0.02555989660322666,0.015078258265169581,12.902000561003254,0.6571475192950451,-0.0031969702044522064
1431,training,0.0006209334242157638,0.046424515545368195,0.01926704621131778,12.98191729910555,0.6568847695140102,-0.0034014603293844145
1432,training,0.0005327216349542141,0.025829151272773743,0.01926704621131778,13.081873826121376,0.6565490408032922,-0.0035370832102618877
1433,training,0.0012363741407170892,0.034724172204732895,0.01926704621131778,13.1619032307158,0.6562739355284386,-0.003821406916151955
1434,training,0.0008783101220615208,0.04978547990322113,0.029970947475257498,13.301780853752607,0.655769329875884,-0.0037422441753293344
1435,training,0.001530286855995655,0.029743846505880356,0.029970947475257498,13.421775235866628,0.6553171299729105,-0.0038390020248834115
1436,training,0.0006453416426666081,0.03292795270681381,0.03206888715275726,13.521717050427547,0.6549216795626136,-0.004016077476850805
1437,training,0.0010891809361055493,0.037023670971393585,0.03206888715275726,13.621661639173382,0.6545088411588286,-0.004213855890846402
1438,training,0.002201056107878685,0.060961585491895676,0.024541984402943313,13.721608870474213,0.6540773311691621,-0.00442944009184736
1439,training,0.0013572577154263854,0.03583496995270252,0.024541984402943313,13.84161841467813,0.6535348629371786,-0.004601334833781656
1440,training,0.0008518088725395501,0.03284401819109917,0.024541984402943313,13.921492579783353,0.6532590577561488,-0.0018240728137075557
1441,training,0.0013720629503950477,0.0015376051887869835,0.014863822050637108,14.021460048718298,0.6531186262314091,-0.0014124038798124007
1442,training,0.001293838256970048,0.018362775444984436,0.014863822050637108,14.121431560432235,0.652985646157551,-0.0013738882422405355
1443,training,0.0009313486516475677,0.030169298872351646,0.01071346139996172,14.22140633954086,0.6528582606404151,-0.0013305184663901619
1444,training,0.00017705486970953643,0.0038977125659585,0.01071346139996172,14.301455128437977,0.6527615342111303,-0.0014078895479519985
1445,training,0.0008350103162229061,0.016248125582933426,0.011335555901669717,14.401445902527778,0.6526460037122839,-0.0013433015202664877
1446,training,0.0008922418346628547,0.01242802944034338,0.011335555901669717,14.501436703310704,0.6525372598439725,-0.0012423208106124369
1447,training,0.00034209919977001846,0.003092723898589611,0.011335555901669717,14.581454030535534,0.6524562304776265,-0.0010692939390891888
1448,training,0.0022297727409750223,0.010098849423229694,0.012083200876235796,14.70144228657388,0.6523406071214155,-0.0011300328655860473
1449,training,0.00048286031233146787,0.012861940078437328,0.012083200876235796,14.781373463620204,0.6522821111550594,-0.000815048213945289
1450,training,0.00024987966753542423,0.007035976275801659,0.015535033801344576,14.881334840971196,0.6522091915263356,-0.0006853136088226249
1451,training,0.004068194888532162,0.004490390419960022,0.015535033801344576,14.98129849086805,0.6521474058202011,-0.0005559587235170475
1452,training,0.0032290839590132236,0.004364226013422012,0.015535033801344576,15.081266158336282,0.65209813540678,-0.00042555142233097556
1453,training,0.0012465380132198334,0.01951867714524269,0.020291628100317177,15.201328680046457,0.6520541773563436,-0.00032648400089788695
1454,training,0.003024578094482422,0.018376490101218224,0.020291628100317177,15.321359580106222,0.6520279368907463,-0.0002701370901003405
1455,training,0.0011496430961415172,0.006966578774154186,0.028364018292995414,15.401268780389405,0.6520341401730385,-8.857496740955535e-06
1456,training,0.0008584065362811089,0.015419301576912403,0.028364018292995414,15.501240232071536,0.6520440852475616,0.0001348777167449942
1457,training,0.0005067525780759752,0.021086428314447403,0.04027047826792536,15.601213557221032,0.6520671785571358,0.00027797135264717466
1458,training,0.0012183258077129722,0.07471578940749168,0.04027047826792536,15.68114846383647,0.6520943842739576,0.0003774550981596194
1459,training,0.0015364123973995447,0.019443728029727936,0.04027047826792536,15.761054234655358,0.6525866311220422,0.016520901546737143
1460,training,0.00026824159431271255,0.020988997071981434,0.038370925176809956,15.86085075696317,0.6553599457407739,0.036845923249696405
1461,training,0.0026233643293380737,0.017931465059518814,0.038370925176809956,15.940782999004933,0.6586786629689363,0.0453409643521407
1462,training,0.0008842553943395615,0.050894592888653285,0.03705982019598339,16.02051343034527,0.6625997266865276,0.05219826516952407
1463,training,0.0014001799281686544,0.026848343200981617,0.03705982019598339,16.100138058176636,0.6671821388304728,0.06553528062661218
1464,training,0.0008684737840667367,0.04635431058704853,0.03705982019598339,16.179818582384097,0.672842224194838,0.07496555813907566
1465,training,0.0020879232324659824,0.005210353061556813,0.02166869077383379,16.27950504226307,0.6801858403779265,0.06902227496658617
1466,training,0.00125892274081707,0.0055794660001993145,0.02166869077383379,16.379297813481145,0.6866084202654991,0.05856201551241522
1467,training,0.0008001545793376863,0.006792360916733742,0.02166869077383379,16.459297449210233,0.6909833020443887,0.04979919264022101
1468,training,0.0005617297138087451,0.01510857604444027,0.012776850649141597,16.53914541824645,0.694561667117459,0.03918803334966971
1469,training,0.0007638089591637254,0.030503091402351856,0.012776850649141597,16.65913965883431,0.6985360476514809,0.027602596050525886
1470,training,0.002102510305121541,0.018215163610875607,0.013739045837270576,16.759119564236503,0.7007687555610933,0.0162820432660857
1471,training,0.0011768011609092355,0.06246391031891108,0.013739045837270576,16.838996856864583,0.7018403535009257,0.010595276634032876
1472,training,0.0012528435327112675,0.025450718589127067,0.01319918519103468,16.93909968346281,0.7018305121674886,-0.013211779701417427
1473,training,0.0006648150738328695,0.009945623576641083,0.01319918519103468,17.03916914099879,0.6996493409358328,-0.02879548009363538
1474,training,0.0008830754086375237,0.008122646249830725,0.01319918519103468,17.13914125789461,0.6962038926183006,-0.03955386969737972
1475,training,0.0011196035193279386,0.014569105114787817,0.023381443653506993,17.219081227008235,0.6928054837272583,-0.045022380395692695
1476,training,0.0014035204658284783,0.0034706518054008484,0.023381443653506993,17.29907606842791,0.6891316128252941,-0.046602387690936
1477,training,0.00015679285570513457,0.015342107508331537,0.023381443653506993,17.379015934238463,0.6853859222679004,-0.04701605659452395
1478,training,0.001882021315395832,0.007047048769891264,0.01933416281587597,17.498834633112818,0.6798962810882332,-0.04388488898691939
1479,training,0.0005158575950190425,0.0043989247642457485,0.01933416281587597,17.61855758554436,0.6750906604878729,-0.03590100209032686
1480,training,0.0010924262460321188,0.011553295888006687,0.017700729263398888,17.698587085905178,0.6723291790986213,-0.033418383215455164
1481,training,0.0009958515875041485,0.029482317622750998,0.017700729263398888,17.7783990779348,0.6697957579316419,-0.029412101180223083
1482,training,0.001024730270728469,0.03638136573135853,0.018975529289680423,17.898383294275067,0.6665101955735477,-0.026037556044581703
1483,training,0.002345718676224351,0.030934182461351156,0.018975529289680423,17.998280059635196,0.6641233416151934,-0.020916934861245604
1484,training,0.001542641781270504,0.007940825074911118,0.018726201933833286,18.11822398202854,0.661816953209059,-0.018420659568557016
1485,training,0.002094004303216934,0.03110351273790002,0.018726201933833286,18.19812711727234,0.6605166329290899,-0.013930131744784016
1486,training,0.0028596094343811274,0.04675115831196308,0.018726201933833286,18.298061650067886,0.6592174296633192,-0.012082705908771902
1487,training,0.0007361571188084781,0.0036015715450048447,0.014737115077004682,18.37793336524079,0.6583987631851754,-0.00788732676301304
1488,training,0.001145468559116125,0.0022735539823770523,0.014737115077004682,18.45792231979864,0.6577984128249332,-0.00781919149784806
1489,training,0.0012229109415784478,0.05046326480805874,0.014737115077004682,18.557902592793685,0.6570197180074228,-0.008229074900677796
1490,training,0.0005219948943704367,0.04810474254190922,0.01768245133099599,18.658019535490972,0.655301488773422,-0.027670270953250736
1491,training,0.002944669220596552,0.053388578817248344,0.01768245133099599,18.777799043404325,0.6526002584756829,-0.013373696509292292
1492,training,0.0008958380785770714,0.023365684784948826,0.016871010617205622,18.837902194166833,0.6520098464651248,-0.006609795542469265
1493,training,0.0003941913309972733,0.05346406623721123,0.016871010617205622,18.93782129668579,0.6517692963570931,0.0009885237438548196
1494,training,0.001358594628982246,0.03847186174243688,0.008971330184181978,19.0578066226397,0.6508859251422274,-0.019382230520518944
1495,training,0.0002726319362409413,0.007238984107971191,0.008971330184181978,19.13786689177705,0.6487613616919499,-0.03359951310975824
1496,training,0.0015467158518731594,0.016210548114031553,0.008971330184181978,19.217693371831974,0.6457167969606489,-0.04072173353523425
1497,training,0.006079388316720724,0.0062087662518024445,0.005782812736153254,19.33764530274351,0.6406098959923461,-0.04365861445772874
1498,training,0.001067972625605762,0.011248546652495861,0.005782812736153254,19.437500263522043,0.6361964170323927,-0.04443267923156177
1499,training,0.0005318271578289568,0.005299408454447984,0.02107931616413647,19.53735346617854,0.6317336242299608,-0.04489805360921893
1500,training,0.0006901012384332716,0.017226243391633034,0.02107931616413647,19.617170699212068,0.6282304515718483,-0.04253651634628196
1501,training,0.0016595326596871018,0.1769343139603734,0.02107931616413647,19.717019989606356,0.6242691523314058,-0.036093126851876586
1502,training,0.0006376418750733137,0.023458823561668396,0.02371271194267772,19.79698592935101,0.6215033611868455,-0.03349654606128091
1503,training,0.0005288320826366544,0.03888865374028683,0.02371271194267772,19.896907265943554,0.6183462292132833,-0.029880004847666904
1504,training,0.0013951272703707218,0.03258437290787697,0.026565034486000425,20.016738081217063,0.6152200937395604,-0.02231886636726147
1505,training,0.0010711245704442263,0.011859703809022903,0.026565034486000425,20.096795611289284,0.6135086751257912,-0.021871124219743552
1506,training,0.0022557987831532955,0.022529590874910355,0.02788497922675603,20.196778037028132,0.6113302008223898,-0.022404336303665166
1507,training,0.00107405218295753,0.024846811778843403,0.02788497922675603,20.296748977668795,0.609099362389876,-0.02293343706617274
1508,training,0.0011822563828900456,0.01217440573964268,0.02788497922675603,20.376736457930605,0.6069510545386027,-0.03193514200315337
1509,training,0.0027972545940428972,0.00734713114798069,0.03656750791199548,20.456572128244716,0.6041563495096012,-0.035769009832473546
1510,training,0.0005648180958814919,0.033993566408753395,0.03656750791199548,20.556493490428497,0.6004149599488819,-0.0397530363688986
1511,training,0.0015180400805547833,0.03518585115671158,0.02605398930445636,20.676456433174835,0.5950473358938558,-0.050007734381899566
1512,training,0.0016815117560327053,0.05864779418334365,0.02605398930445636,20.75627887754627,0.5909480488485402,-0.05165718206045308
1513,training,0.0002637129509821534,0.009210621938109398,0.02605398930445636,20.876099543795394,0.5849137270035685,-0.048372054813674494
1514,training,0.000495525891892612,0.016151478048413992,0.010456748917910841,20.97591401296529,0.5803651057926984,-0.041980903576075417
1515,training,0.0017647247295826674,0.027719246223568916,0.010456748917910841,21.07577687496391,0.5763706363996116,-0.03841354361395017
1516,training,0.0010305517353117466,0.036941847298294306,0.009871243090078884,21.17564298942715,0.5728637094128485,-0.031598640125725067
1517,training,0.001337668625637889,0.05489182285964489,0.009871243090078884,21.295589598882902,0.5693092016727007,-0.027881978269674996
1518,training,0.000832835678011179,0.05018871137872338,0.021849998407434512,21.39548377994464,0.5668003772768695,-0.021557419184275884
1519,training,0.0007517817430198193,0.08368989638984203,0.021849998407434512,21.475396610983655,0.5651907971241671,-0.01895596512057688
1520,training,0.0010209258180111647,0.007072637788951397,0.021849998407434512,21.575315071199103,0.5636168308565692,-0.012113817981718443
1521,training,0.0019857303705066442,0.0712928157299757,0.027210365821736516,21.67527900905747,0.5624162132597627,-0.012417277771907
1522,training,0.002073785988613963,0.03265464957803488,0.027210365821736516,21.775115073116137,0.5620288894332875,0.009589945347225043
1523,training,0.0008577071130275726,0.04547762591391802,0.02147501068631356,21.855048661509088,0.5635431990346477,0.02569589910649114
1524,training,0.001013674191199243,0.04275106452405453,0.02147501068631356,21.97465245564074,0.568052008382979,0.049571318778852985
1525,training,0.0013159208465367556,0.0013181132380850613,0.02147501068631356,22.05443738113962,0.5727055048690387,0.06607109767019297
1526,training,0.0013063098303973675,0.06748967804014683,0.012173760511650679,22.134179722429394,0.5780466284961105,0.06717874692050364
1527,training,0.0008204454206861556,0.014794834889471531,0.012173760511650679,22.233585219611587,0.5857838371032191,0.09309083323314009
1528,training,0.0009833924705162644,0.012050256133079529,0.006549933676128255,22.352886132552843,0.5974434459750414,0.09791180582782898
1529,training,0.0004592960176523775,0.03454201342537999,0.006549933676128255,22.45242281252851,0.6067924237325866,0.08862944667068204
1530,training,0.0012871935032308102,0.03709429129958153,0.027686101595521276,22.571818539963175,0.6175335467652189,0.09147811669991514
1531,training,0.0007397363660857081,0.023442940786480904,0.027686101595521276,22.651400869460023,0.6248007350775838,0.08830777118975185
1532,training,0.0006748204468749464,0.01695434004068374,0.027686101595521276,22.751042464090613,0.6330240915237924,0.07651110278200195
1533,training,0.0011878055520355701,0.005841340869665142,0.026922577259313813,22.890809606845416,0.6422146627581082,0.05401193518347072
1534,training,0.0029614928644150496,0.011119206435978413,0.024246138915011855,22.99073663988718,0.6469500041642108,0.03958373504220118
1535,training,0.002006783615797758,0.003350277431309223,0.024246138915011855,23.070686589675695,0.6497989037207679,0.031178135907448504
1536,training,0.0006062924512661994,0.017161020077764988,0.024246138915011855,23.190655929814227,0.6530690289073214,0.023453805471381203
1537,training,0.001607332844287157,0.017460878938436508,0.023265231772506067,23.31052761083924,0.655291845624653,0.012644709989965941
1538,training,0.0011391888838261366,0.018167277332395315,0.023718445528953858,23.45045327972706,0.6564092523794886,0.0035229199018813645
1539,training,0.0009527300717309117,0.01171599980443716,0.023718445528953858,23.570490258929674,0.656632124950659,0.0010889816235608685
1540,training,0.0016502041835337877,0.017135655973106623,0.022821385810564244,23.670464990044774,0.6567441651035348,0.0013291291623611936
1541,training,0.002989545464515686,0.026474207639694214,0.022821385810564244,23.770445381048415,0.6567821378850556,-0.0009696051369184765
1542,training,0.001785358297638595,0.012207495979964733,0.01949702881310489,23.8704135093562,0.6566469203011035,-0.0013869079134048274
1543,training,0.0011962042190134525,0.002001584507524967,0.01949702881310489,23.950387578964595,0.6565366079518332,-0.0014551102121515187
1544,training,0.0007744709146209061,0.00047249067574739456,0.01949702881310489,24.050366760123868,0.6564046361940592,-0.0014287183311282668
1545,training,0.00026660170988179743,0.02386966347694397,0.009922086584727364,24.130444197361605,0.656304184508508,-0.0014941886444179426
1546,training,0.0005810572765767574,0.0404837466776371,0.009922086584727364,24.270285274164497,0.6561311517971227,-0.0012633347339492263
1547,training,0.0010358672589063644,0.018067236989736557,0.009465662749799106,24.350322435815023,0.6560371307564322,-0.0013367282276923703
1548,training,0.0006233369349502027,0.017374221235513687,0.009465662749799106,24.470239428188844,0.6559035182830312,-0.0011764209372420904
1549,training,0.0013250563060864806,0.04134170338511467,0.011693584054609261,24.55030349560264,0.655819624555257,-0.001224100186560095
1550,training,0.0011950042098760605,0.058842115104198456,0.011693584054609261,24.65029567006536,0.6557203730889283,-0.001137988432484198
1551,training,0.0007147284341044724,0.07333701848983765,0.011693584054609261,24.73030515292088,0.6556464940939347,-0.000978300445826761
1552,training,0.004260229412466288,0.05402590334415436,0.011489780270032921,24.830264015531693,0.65556212293496,-0.0008647602515618412
1553,training,0.0011550220660865307,0.037913627922534957,0.011489780270032921,24.930169174594248,0.656367884228604,0.02208075530477376
1554,training,0.0016185184940695763,0.0329577997326851,0.010229792009583169,25.04971400118145,0.6615601996923703,0.06741670492939436
1555,training,0.001811204943805933,0.002851337194442735,0.010229792009583169,25.188380024371817,0.6753774080687556,0.13123976550955943
1556,training,0.001767267007380724,0.03399702161550522,0.016822473704244334,25.286833714771316,0.6907490673985903,0.1770584068338645
1557,training,0.0008548573823645711,0.030236557126045227,0.016822473704244334,25.40392292696803,0.7147622203286836,0.2256187131186461
1558,training,0.00110592448618263,0.12919944524765015,0.05251578696791423,25.519081834698863,0.7457610538806683,0.30747847121355115
1559,training,0.0016651940532028675,0.060535214841365814,0.05251578696791423,25.629392897993363,0.7892643288134336,0.4516492616615817
1560,training,0.001306661986745894,0.14504738897085193,0.036584570890681054,25.699263602418203,0.8266862669332055,0.5273423322142068
1561,training,0.002031143754720688,0.25112244859337807,0.036584570890681054,25.766015244362244,0.8692905574842049,0.6131102396492136
1562,training,0.001236740150488913,0.23554372228682044,0.038261321031728704,25.843044069029006,0.9312442669646138,0.7453592921671944
1563,training,0.0026924596168100834,0.24294321797788143,0.038261321031728704,25.92388018661896,1.0179723116427375,0.8944643134128147
1564,training,0.0007812021649442613,0.0404958575963974,0.06612651360359287,25.990994929855308,1.11578764587374,1.0444121528488866
1565,training,0.0005896150832995772,0.1521257534623146,0.1067863729331453,26.04475169951767,1.2219142293080065,1.1518541335927055
1566,training,0.0008136347751133144,0.13686042279005048,0.1067863729331453,26.080516938955476,1.3142469016668277,1.2532926239832483
1567,training,0.00029147061286494136,0.025901317596435547,0.1067863729331453,26.106930307584193,1.4096617215873193,1.3455526458767268
1568,training,0.001468214439228177,0.09723473340272903,0.1108734308199407,26.12843127212273,1.5270698144844872,1.4307610185954842
1569,training,0.0006340552936308086,0.015980832278728485,0.1108734308199407,26.138867889228827,1.606454531980848,1.4433294808561223
1570,training,0.00023689764202572405,0.0874522477388382,0.09217851952185097,26.152305147523958,1.7254415189738528,1.4793066564587345
1571,training,0.0002758252085186541,0.0732015036046505,0.09217851952185097,26.160962514005654,1.825020839870202,1.4845937291048164
1572,training,0.0006168727995827794,0.07772938534617424,0.07836525213143261,26.17025991299202,1.944350165521305,1.505377162054563
1573,training,0.0005559817072935402,0.04874049127101898,0.07836525213143261,26.175901089833935,2.0439725632979173,1.523658777748685
1574,training,0.0013889838010072708,0.04501298815011978,0.07836525213143261,26.17918842631974,2.143573571770529,1.5542098180789585
1575,training,0.00016786763444542885,0.0001889839768409729,0.06663586680170742,26.179215163885118,2.2232040740255656,1.589423734103938
1576,training,0.003285344922915101,0.038845792412757874,0.07955989859849186,26.169071408581896,2.381860295603108,1.6830551322368446
1577,training,0.0010078622726723552,0.0014012232422828536,0.07955989859849186,26.151878835407725,2.500152687866499,1.7441453517263115
1578,training,0.0009904173202812672,0.029423017054796233,0.07955989859849186,26.132528392804556,2.597892411260321,1.7881150267352937
1579,training,0.0010510304709896445,0.009076941758394241,0.07897604649185852,26.10398297940215,2.7141315741475274,1.835265574500515
1580,training,0.000936863012611866,0.009293608367443092,0.07897604649185852,26.082080806614915,2.790673485828408,1.8642725511150418
1581,training,0.0010739394929260015,0.010237310081720359,0.0452563771542511,26.039101801694425,2.923591797115798,1.901030124692412
1582,training,0.0010174214839935303,0.03749139979481697,0.0452563771542511,26.00570590279144,3.017563484871185,1.9223488472012802
1583,training,0.004155482165515423,0.08533221110701561,0.027033070546768494,25.970219876452415,3.110720853201526,1.9469985186324426
1584,training,0.002307137008756399,0.012506037950515747,0.027033070546768494,25.924767848133996,3.22144309203914,1.9725404186751407
1585,training,0.0007865119259804487,0.007719449698925018,0.02158733141288324,25.884127856608192,3.3123501033091505,2.010027098329864
1586,training,0.0006130255060270429,0.06520432978868486,0.02158733141288324,25.840236857033023,3.4018117636626246,2.0427266867219687
1587,training,0.0023126411251723766,0.01736378110945225,0.02158733141288324,25.80269779210263,3.4720971154175895,2.0818954928474307
1588,training,0.0005597006529569626,0.05067551136016845,0.03321237288020673,25.753096011192902,3.5587918659944417,2.096626591150087
1589,training,0.0007066681864671409,0.012478966265916824,0.03321237288020673,25.702032172300285,3.6445701354041837,2.1206332788445073
1590,training,0.0003854619571939111,0.024123445153236393,0.04361034698526715,25.648835566382548,3.729017726071439,2.1456679516857475
1591,training,0.0013892118586227298,0.006643697619438171,0.04361034698526715,25.604931162949992,3.795898666863632,2.1567819384768296
1592,training,0.0007299589924514294,0.03835464268922805,0.04361034698526715,25.54906533254212,3.8786251841062467,2.17312110693692
1593,training,0.0002911964838858694,0.049582971259951585,0.026479016650757383,25.491398388245326,3.959955548545128,2.2023995463808506
1594,training,0.000687921536155045,0.05136091448366642,0.026479016650757383,25.419217889464175,4.0553551083931385,2.2337155576262435
1595,training,0.0005229507223702967,0.037008621729910374,0.026479016650757383,25.344336749687827,4.148683498898018,2.258750042198135
1596,training,0.0007824407075531781,0.04183966666460037,0.015765394445187552,25.293284486928414,4.210016214284324,2.269471815283726
1597,training,0.0005661714822053909,0.022065969184041023,0.015765394445187552,25.216221588058115,4.301734393555113,2.2645527480959404
1598,training,0.001824985258281231,0.0829196460545063,0.009926207189805332,25.153692073556147,4.378046285323984,2.249860387155975
1599,training,0.0012286538258194923,0.034820184111595154,0.009926207189805332,25.09059826803469,4.455404007306696,2.262831250745717
1600,training,0.0008885679999366403,0.00019063521176576614,0.009926207189805332,25.01427234327084,4.546413771512391,2.2666750423189272
1601,training,0.002090135822072625,0.07512861117720604,0.014363699430942185,24.912241655828968,4.669593873595771,2.258199824045549
1602,training,0.0007918237242847681,0.006217405200004571,0.014363699430942185,24.862381128905753,4.732258036546188,2.224465341480327
1603,training,0.00014241322060115635,0.01090513169765472,0.03298404068353081,24.79105743449349,4.828935954488156,2.1915458963213856
1604,training,0.0005244736676104367,0.009265388362109661,0.03298404068353081,24.733596285747172,4.910743040911219,2.1774797849753007
1605,training,0.0006331468466669321,0.06533503904938698,0.03298404068353081,24.67684861805237,4.993026459832596,2.1718259666080373
1606,training,0.0005282085039652884,0.0001719482243061135,0.031414069050515914,24.63193961257082,5.0591981768113845,2.160488134114986
1607,training,0.00035443506203591824,0.014879118651151657,0.031414069050515914,24.57621679734645,5.142047777168268,2.172178755917104
1608,training,0.0012654182501137257,0.04382159933447837,0.031414069050515914,24.530485915047574,5.207618532105267,2.1869280145132017
1609,training,0.0008267988450825214,0.15662048012018204,0.007411066936476672,24.460143996452704,5.304418368426085,2.211248939228042
1610,training,0.00030014081858098507,0.02566733583807946,0.007411066936476672,24.39945263255331,5.383544987324322,2.239425948428876
1611,training,0.006174062844365835,0.050968553870916374,0.007411066936476672,24.349348615957936,5.445698835581478,2.257231442623497
1612,training,0.0012419528793543577,0.0036878734827041695,0.014324995543847427,24.285397342822808,5.522215959924683,2.274763219482042
1613,training,0.00031867678626440465,0.020685166120529175,0.014324995543847427,24.206514405917,5.612151734509155,2.306660763278519
1614,training,0.0009188352269120514,0.03669430688023567,0.014324995543847427,24.152558795030963,5.670760911665298,2.3196122108540003
1615,training,0.0017177072586491704,0.004589412361383431,0.010096935746373726,24.083723685424534,5.742792458574498,2.3517799458165567
1616,training,0.002051193732768297,0.024966545403003693,0.010096935746373726,24.012511827598946,5.8125235757029134,2.3804731599502094
1617,training,0.0028350804932415485,0.011015873402357101,0.010096935746373726,23.9540207006777,5.8668722008750755,2.4068923468827514
1618,training,0.0009540491155348718,0.030017569661140442,0.0032085468378334533,23.87929747026643,5.93302560000286,2.4258660658620275
1619,training,0.0023260226007550955,0.008541803807020194,0.0032085468378334533,23.803195728994975,5.997550605305565,2.4533927027971116
1620,training,0.000357789802365005,0.03319410607218742,0.0032085468378334533,23.72532482830524,6.060018677075904,2.477367768015168
1621,training,0.0026990429032593966,0.036252787336707115,0.006369342664313764,23.64610434076453,6.120780588622873,2.4967370340456134
1622,training,0.001025587785989046,0.02496397495269776,0.006369342664313764,23.54974975021748,6.191849328769165,2.5146765491012
1623,training,0.0005621425807476044,0.08943022042512894,0.050828172974218835,23.468152309166687,6.249311221757684,2.541006614896335
1624,training,0.0007102633826434612,0.02654299885034561,0.050828172974218835,23.367456844593946,6.313064956367538,2.6221518699058035
1625,training,0.0005937196547165513,0.0048529664054512995,0.050828172974218835,23.279953417785027,6.360557196915593,2.6618768985945422
1626,training,0.0007402374176308513,0.07052670419216156,0.05401847588971894,23.191324559623126,6.406163717984539,2.6675402656854574
1627,training,0.001958976499736309,0.02909725531935692,0.05401847588971894,23.120354695221586,6.442770598375786,2.6603301624341307
1628,training,0.0005464616697281599,0.01607416197657585,0.042546375605161314,23.031787202831193,6.488842504287858,2.6656291151373828
1629,training,0.00020235366537235677,0.013115915469825264,0.042546375605161314,22.925555165017204,6.5446331230019315,2.6458400647800198
1630,training,0.0009655744070187211,0.06457201205193996,0.04049969777537193,22.820505989888392,6.602533035755219,2.6287950021906004
1631,training,0.003232560120522976,0.021367784589529037,0.04049969777537193,22.73339689520782,6.651308799456015,2.6368564035416524
1632,training,0.0012760080862790346,0.00577315129339695,0.04049969777537193,22.645663358085805,6.698757932472286,2.65340174599089
1633,training,0.001241239020600915,0.007099596783518795,0.036028492255660044,22.575100575616748,6.73600187816636,2.655424835109762
1634,training,0.0012130680261179805,0.009881333447992802,0.036028492255660044,22.4869234517377,6.78310404775453,2.643666639740942
1635,training,0.0020182300359010696,0.004882492125034332,0.03090994907615782,22.416811405479258,6.821604437211775,2.6363815732533906
1636,training,0.0017738132737576962,0.016680086031556136,0.03090994907615782,22.312006412743454,6.879616579446379,2.6387959626223068
1637,training,0.0006972955306991935,0.03819168172776699,0.024123656500152323,22.188900047087955,6.945539502895473,2.662563179349637
1638,training,0.0008235047571361065,0.006608924828469753,0.024123656500152323,22.10043443797407,6.991738328780636,2.6532254056227083
1639,training,0.0014024521224200726,0.014672555029392242,0.023651050180462516,21.994682689630306,7.048100482809852,2.651083181341426
1640,training,0.0003791544586420059,0.03925243020057678,0.023651050180462516,21.906559517199774,7.095121182604121,2.6505260937304365
1641,training,0.0016674369107931852,0.04202769324183464,0.023651050180462516,21.818372328881647,7.1419067039715625,2.6570473940247514
1642,training,0.0010022592032328248,0.004464522935450077,0.01623606681411155,21.747801026126325,7.179319810212605,2.647553940611164
1643,training,0.0015884829917922616,0.020547919906675812,0.01623606681411155,21.6774719884602,7.217364554311663,2.645931695442384
1644,training,0.0013914117589592934,0.0056136175990104675,0.018981609076871225,21.554192254382542,7.282982807679465,2.661530829058074
1645,training,0.0009027815540321171,0.018249633722007275,0.018981609076871225,21.448033033120762,7.338677589103085,2.6481760968535473
1646,training,0.002874357160180807,0.029004939831793308,0.017653339262306913,21.342860740469305,7.396283791829311,2.633077625476203
1647,training,0.00021803673007525504,0.020326521247625354,0.017653339262306913,21.255606759311306,7.444802363630637,2.638828010686057
1648,training,0.000575909623876214,0.009551319293677807,0.019749111495063365,21.167835051342834,7.4922656781487085,2.652273197040195
1649,training,0.0010448347311466932,0.03555675037205219,0.019749111495063365,21.079573634509508,7.538925286330005,2.654990687240707
1650,training,0.00025334313977509737,0.0015643751248717308,0.019749111495063365,20.973944563996504,7.595700680837625,2.6394568388127455
1651,training,0.0011603396851569414,0.002375985961407422,0.01621399432731843,20.886585532461105,7.644197905962864,2.6306195571624937
1652,training,0.0035723026376217604,0.06202577054500579,0.01621399432731843,20.79953452119949,7.693183279849704,2.627246634313029
1653,training,0.0012056869454681873,0.024919334799051285,0.02167032205399877,20.729623219450517,7.731636427320206,2.6495830148289032
1654,training,0.000513574865180999,0.008516501635313038,0.02167032205399877,20.659075804177444,7.768734693229928,2.662413130187189
1655,training,0.0015453697415068746,0.0025885067880153656,0.02167032205399877,20.570301295278913,7.814302667518622,2.671409649347865
1656,training,0.0004476996255107224,0.014897672459483147,0.02155594610003119,20.481186105194247,7.859261855855534,2.6766071524646486
1657,training,0.0009035773109644651,0.016597114503383636,0.02155594610003119,20.391905995234048,7.903976553268534,2.6770326786788305
1658,training,0.00047039357014000416,0.05172193981707096,0.02155594610003119,20.320566151616077,7.940289575151135,2.6639853572370584
1659,training,0.00042328573181293905,0.007054286543279886,0.02181300359564532,20.24985319814716,7.976565473140816,2.675026095807887
1660,training,0.0008855852647684515,0.009977149777114391,0.02181300359564532,20.160578992165043,8.021253324424723,2.6762214477343953
1661,training,0.0008410782320424914,0.023032539524137974,0.0200721975102348,20.053484969584563,8.075033746233201,2.6761390620360417
1662,training,0.0010511365253478289,0.008416689932346344,0.0200721975102348,19.964286927145903,8.11996632643226,2.673495009164377
1663,training,0.0004615005454979837,0.0518800001591444,0.029412561383784834,19.892923370025812,8.15581144975028,2.678808847727214
1664,training,0.0003415925893932581,0.022332672961056232,0.029412561383784834,19.821515210181175,8.19157413922164,2.6713173274076185
1665,training,0.008280515670776367,0.00935107283294201,0.029412561383784834,19.732369159708867,8.236687568932377,2.6797630579040086
1666,training,0.00264328857883811,0.011519769206643105,0.031093553770523138,19.642894767186522,8.280923103630126,2.6841607089928594
1667,training,0.00046115968143567443,0.03376001678407192,0.031093553770523138,19.553149940086666,8.324518390493553,2.6957652732658364
1668,training,0.0017011878080666065,0.03038307372480631,0.029876231627638163,19.444641473076324,8.375101913255111,2.7149235008760852
1669,training,0.0004336490237619728,0.004565067589282986,0.029876231627638163,19.353552273085036,8.4158118338596,2.7259594008987276
1670,training,0.00100024975836277,0.030747466254979372,0.023454527165065596,19.243598635662938,8.46339815880732,2.739888973862058
1671,training,0.0016001928597688675,0.07488957419991493,0.023454527165065596,19.15168091127323,8.502251364758969,2.7403029464994075
1672,training,0.0010257769608870149,0.018651416525244716,0.023454527165065596,19.078274431527337,8.53381353747003,2.7288139602508674
1673,training,0.0025700032711029053,0.014463253319263458,0.01874677267992928,18.968394273085025,8.581581470337268,2.737305285029764
1674,training,0.0015056808479130268,0.013985879719257355,0.01874677267992928,18.894935422250153,8.612907543646374,2.7381382531999945
1675,training,0.0006571916164830327,0.010266928002238274,0.02154778758309982,18.78450770605208,8.659329385091066,2.7497410773820987
1676,training,0.003016904229298234,0.021481016650795944,0.02154778758309982,18.692021662574366,8.696859858548834,2.7623797258499834
1677,training,0.0007109133875928819,0.01709863543510437,0.02154778758309982,18.617597511077552,8.725874331255108,2.7793005744134516
1678,training,0.00044494777102954686,0.019304104149341583,0.020067937816684502,18.523954270905755,8.760558665468926,2.792322716951042
1679,training,0.0010829151142388582,0.023553970269858837,0.020067937816684502,18.429821689479862,8.793871478908045,2.81256678466856
1680,training,0.0010513148736208677,0.0195753313601017,0.01546937631598315,18.335007487943365,8.82521376079505,2.8316356904708493
1681,training,0.00037871685344725847,0.015433445572853088,0.01546937631598315,18.258664134929415,8.848732775873458,2.8549913591910734
1682,training,0.001416109735146165,0.052118107210844755,0.01546937631598315,18.1433904289384,8.881138171350349,2.8779482079617362
1683,training,0.0034506754018366337,0.051559723913669586,0.011056879111677997,18.046867578643813,8.907003559410919,2.8778423482052067
1684,training,0.0009561303304508328,0.05629621259868145,0.011056879111677997,17.969666700145577,8.927617393171857,2.884190913627641
1685,training,0.0003206203691661358,0.022153543308377262,0.018565989646720342,17.87299601093163,8.952785176648632,2.889694464701755
1686,training,0.00038267450872808695,0.011305308900773529,0.018565989646720342,17.795646362679452,8.97242987109996,2.8969463794873302
1687,training,0.0008916694787330925,0.03633082285523415,0.018565989646720342,17.679274104861758,9.001715380157517,2.890004544028229
1688,training,0.0008435526397079229,0.0015587955713272095,0.01105838035977127,17.582459919626874,9.025853427563378,2.90771882082749
1689,training,0.0024825171567499638,0.0072699617594480515,0.01105838035977127,17.504642237511124,9.044202438215232,2.9081059995466756
1690,training,0.0004149755113758147,0.007994569838047028,0.013623430080030231,17.42685417266573,9.062960833011463,2.9004502540078496
1691,training,0.0006569934776052833,0.04025137983262539,0.013623430080030231,17.349188331276263,9.082510603646936,2.8867485292624075
1692,training,0.000750391511246562,0.01340543758124113,0.013623430080030231,17.252502856767755,9.107794666014275,2.889635770501802
1693,training,0.00040639034705236554,0.001220783218741417,0.018145043160093823,17.155776325263734,9.133036642088971,2.881175804415477
1694,training,6.0212871176190674e-05,0.0020776893943548203,0.018145043160093823,17.059259314109344,9.159141641634028,2.8746976101651045
1695,training,0.0008788072736933827,0.001154246274381876,0.014367474551130226,16.96294336567423,9.185898347806935,2.8663712380036293
1696,training,0.0008748702239245176,0.003997182473540306,0.014367474551130226,16.82845907650539,9.224395827329715,2.859585712128649
1697,training,0.0009243919048458338,0.004213735461235046,0.014367474551130226,16.75153659331364,9.246342041369502,2.8686103295478795
1698,training,0.00045951944775879383,0.026053851470351216,0.021722072800981738,16.69396594266536,9.26237661235828,2.870039715969086
1699,training,0.00037596127367578447,0.03142856806516647,0.021722072800981738,16.55919114714166,9.300829682506395,2.8557745007819815
1700,training,0.0008046956500038505,0.06329436972737312,0.0153051456604091,16.48264456910404,9.323817180901262,2.843979272906782
1701,training,0.0031076977029442787,0.03442961350083352,0.0153051456604091,16.387234320347698,9.354003403659174,2.8260273982736366
1702,training,0.0009954595007002354,0.04084762185811997,0.0153051456604091,16.311290732887084,9.378660751737263,2.836706611637804
1703,training,0.0014694307465106249,0.02687661722302437,0.015439124665324478,16.177362328167884,9.418952002571707,2.860065979124094
1704,training,0.0009113531559705734,0.025459167547523975,0.015439124665324478,16.06204775413865,9.452181374867656,2.8609277093608525
1705,training,0.0009697764762677252,0.013589896727353334,0.01625262637620795,15.985281399235742,9.474065838694306,2.868847507570903
1706,training,0.0008026865543797612,0.03220423869788647,0.01625262637620795,15.869595732419109,9.506070180216604,2.872646607628312
1707,training,0.0007072414155118167,0.030254211276769635,0.0545081480731868,15.753954494862583,9.53764140596376,2.87796093502109
1708,training,0.004382497631013393,0.07245512399822474,0.0545081480731868,15.63826721202916,9.56940365320251,2.86478109351457
1709,training,0.00014675887359771878,0.033690743148326874,0.04139121480188144,15.54217320624351,9.597074160174053,2.8578129481503063
1710,training,0.0007486690301448107,0.14369335770606995,0.04139121480188144,15.465406784990073,9.61973764958514,2.8501378973135627
1711,training,0.0006503395852632821,0.05352935381233692,0.04139121480188144,15.389217626410831,9.643861155639412,2.813707560710313
1712,training,0.006833053659647703,0.04693242162466049,0.023023767715909645,15.313704267619077,9.670685088021086,2.7944832225936573
1713,training,0.0011259994935244322,0.016767427325248704,0.023023767715909645,15.201584084027408,9.714274818353035,2.738224146815474
1714,training,0.0007035506423562765,0.025822483003139496,0.0063277179955223885,15.128404454601803,9.746851791507364,2.7082250021518908
1715,training,0.002192858373746276,0.016246583312749863,0.0063277179955223885,15.056109712849825,9.781658576716193,2.678051620907704
1716,training,0.006847507786005735,0.007795367389917374,0.0063277179955223885,14.985039176122102,9.81839422282054,2.6523456593785273
1717,training,0.0011356458999216557,0.0407894104719162,0.023876913970882745,14.897305417880903,9.866416230398276,2.62958388834642
1718,training,0.0011959230760112405,0.0675881914794445,0.023876913970882745,14.810617487574719,9.916258785767448,2.609412523035066
1719,training,0.0020983500871807337,0.02507057413458824,0.023876913970882745,14.725039306681218,9.968077081591698,2.583264207543315
1720,training,0.0007214799989014864,0.008212974295020103,0.022556997179800004,14.657527997545255,10.011186410760681,2.5619165825024797
1721,training,0.0015185798984020948,0.04150711325928569,0.022556997179800004,14.590920126585077,10.055558324504155,2.5473790016362554
1722,training,0.000968359294347465,0.01711619645357132,0.022556997179800004,14.508317306240484,10.111712246926755,2.5460604292495903
1723,training,0.001158975064754486,0.054004453122615814,0.00885141035404025,14.409858569736878,10.180531235107901,2.512639541147633
1724,training,0.0005547186592593789,0.036205954849719994,0.00885141035404025,14.299320425154626,10.266863885225328,2.439950804508057
1725,training,0.0015497286804020405,0.0006165206432342529,0.027863822761818213,14.208690844676452,10.34562148356855,2.4152148476932025
1726,training,0.001037486712448299,0.02278325706720352,0.027863822761818213,14.121001965976363,10.428102311382307,2.3492589109647386
1727,training,0.0017955154180526733,0.0003128647804260254,0.02022125527786212,14.037980074492497,10.514911591002477,2.3211978481661024
1728,training,0.002280733548104763,0.05757905915379524,0.02022125527786212,13.983980174639225,10.573862750029644,2.3014536317876453
1729,training,0.002585143782198429,0.05828055925667286,0.02022125527786212,13.930978180957085,10.633745720138219,2.2896910688763974
1730,training,0.0009144385112449527,0.08192695304751396,0.02022125527786212,13.878544150989928,10.69412222964222,2.283528442017033
1731,training,0.0013363518519327044,0.04985986649990082,0.009907919823076705,13.813915594410286,10.770508785624676,2.261907323243401
1732,training,0.0014698890736326575,0.04333663475699723,0.009907919823076705,13.738031722991972,10.863228998963983,2.2565136853388763
1733,training,0.00046820277930237353,0.037521643564105034,0.003296197430098971,13.649602680994139,10.971528750426623,2.2541533405071728
1734,training,0.0005074454238638282,0.043354213237762465,0.003296197430098971,13.598657474234608,11.032902867448172,2.27527961291283
1735,training,0.0032779809553176165,0.16898030787706375,0.003296197430098971,13.532646927363364,11.107391080628078,2.3210586810470994
1736,training,0.0016912113642320037,0.0814499855041504,0.005519297721133952,13.463699750222068,11.17943012047001,2.3437350801208563
1737,training,0.0008025027345865965,0.07857058942317963,0.005519297721133952,13.392623082392902,11.24917169812466,2.3911430695752283
1738,training,0.0011733077699318528,0.06958243995904922,0.005519297721133952,13.333294048429352,11.302637541653873,2.4239960732616415
1739,training,0.0006613528239540756,0.06270867586135867,0.034626437252845935,13.257105131873862,11.367041154001075,2.453807997896843
1740,training,0.0013797361170873046,0.0219607874751091,0.034626437252845935,13.178248626982427,11.427174391368055,2.5334652863206735
1741,training,0.001542150042951107,0.08320310711860657,0.034626437252845935,13.111832918021216,11.47054191103024,2.588830729182539
1742,training,0.0009765359573066235,0.034126415848731995,0.05772879256440585,13.025554643087746,11.51936521557931,2.6681584915286582
1743,training,0.004672812297940254,0.006589159369468689,0.05772879256440585,12.93584225337729,11.562736746282631,2.7088484282886105
1744,training,0.0007214851793833077,0.058951169252395616,0.05004711515743664,12.826416553793946,11.610777913265734,2.74784245706095
1745,training,0.000928725756239146,0.028149038553237915,0.05004711515743664,12.733524611733166,11.64669844816851,2.801276795918664
1746,training,0.0005703958449885249,0.04664776474237442,0.05004711515743664,12.676809902985104,11.666302225164662,2.8137437799807934
1747,training,0.0004884585505351424,0.004868112504482266,0.013612876225503612,12.56285640736789,11.702929592136112,2.8515508497533797
1748,training,0.003168016206473112,0.04609155282378197,0.013612876225503612,12.46697944965559,11.730670109725748,2.86396698484856
1749,training,0.000902643776498735,0.01009941473603249,0.03002369447816475,12.390127071655547,11.752187451262367,2.8737452605786973
1750,training,0.0002717039315029979,0.031083351001143456,0.03002369447816475,12.313163069126393,11.773680869619296,2.863038565078049
1751,training,0.00036408237065188587,0.04838411882519722,0.03002369447816475,12.217092061530527,11.801151232999906,2.8657643925661658
1752,training,0.0005275236326269805,0.07665865495800972,0.018461015121571323,12.140136674687191,11.823234252371517,2.8563160696250716
1753,training,0.000313305645249784,0.03187158331274986,0.018461015121571323,12.044363175203792,11.852345106761772,2.834677435861434
1754,training,0.0014675698475912213,0.03569595981389284,0.016161287347748417,11.949141273648713,11.882847496553742,2.8309142652123067
1755,training,0.0005660714814439416,0.027663840912282467,0.016161287347748417,11.872930579652667,11.90736678660993,2.8288593164311364
1756,training,0.002516265492886305,0.010125145316123962,0.016161287347748417,11.77778018529957,11.937733781108596,2.8400849970510906
1757,training,0.0005818073987029493,0.033843714743852615,0.02882151699128824,11.701526708090821,11.961455921318915,2.8382864515938793
1758,training,0.001963735558092594,0.02417457289993763,0.02882151699128824,11.625220706628111,11.984942998126296,2.8494978735963237
1759,training,0.00160642946138978,0.05292396992444992,0.02882151699128824,11.548518280740776,12.007530307622142,2.860042293698865
1760,training,0.0011296102311462164,0.0027275756001472473,0.02444367724640582,11.452466836883033,12.035202160301045,2.857705650063986
1761,training,0.0007462098728865385,0.0023480020463466644,0.02444367724640582,11.356451631230076,12.062837953337628,2.865132069161406
1762,training,0.0002413346228422597,0.0557742603123188,0.02444367724640582,11.260251793560355,12.089902360479895,2.866689463220584
1763,training,0.005196530371904373,0.0701203178614378,0.02600496883843926,11.183250516551531,12.111362357229124,2.8739072673740593
1764,training,0.0019132525194436312,0.020933602005243294,0.02600496883843926,11.06751543272621,12.142112844503433,2.890198621416533
1765,training,0.0004541062517091632,0.020023483783006665,0.021888255643645018,10.990033494066852,12.161393622747633,2.905588740744318
1766,training,0.001949930563569069,0.03742435295134783,0.021888255643645018,10.853945835637065,12.193115035986834,2.9173282649605428
1767,training,0.0016554322792217135,0.023122836370021105,0.013805571976454135,10.776022692950724,12.210815014524286,2.915531760922209
1768,training,0.00026541168335825205,0.029478722251951694,0.013805571976454135,10.678664241592918,12.23345332402059,2.9110856734603443
1769,training,0.00047771440586075187,0.03323327377438545,0.013805571976454135,10.600904547006161,12.251564789448807,2.917029467599448
1770,training,0.00048122211592271924,0.06128394696861505,0.01727135221317881,10.503522490683526,12.273155994459362,2.931646304026089
1771,training,0.0006934423581697047,0.036234560422599316,0.01727135221317881,10.444897184198547,12.285291613251369,2.9430496011413627
1772,training,0.0013499881606549025,0.03869352117180824,0.01727135221317881,10.366576628295396,12.300263873363836,2.9608839718433204
1773,training,0.0008681222097948194,0.03733037412166595,0.00826053606920791,10.268294464038425,12.317091150704567,2.9826494912957213
1774,training,0.003041481366381049,0.03308130893856287,0.00826053606920791,10.18934047861017,12.32894293401098,3.0038733243144167
1775,training,0.001026482554152608,0.0258161798119545,0.01998765218808889,10.090411979171071,12.341502708371287,3.0277842908360735
1776,training,0.0006874941755086184,0.002930542454123497,0.01998765218808889,9.991197591460823,12.351821867671697,3.0492190817941487
1777,training,0.00042811367893591523,0.018115250393748283,0.01998765218808889,9.891725274045392,12.360937471516708,3.0504606038032995
1778,training,0.0029012025333940983,0.0023231636732816696,0.030085870821603224,9.812170531000646,12.368161352753214,3.052919941414615
1779,training,0.0013260211562737823,0.017699025571346283,0.030085870821603224,9.712663564822009,12.376852857665913,3.053877776131411
1780,training,0.0020889248698949814,0.034101702272892005,0.013947193908446218,9.613188172593052,12.385590572739707,3.053082462139267
1781,training,0.0010966912377625704,0.0587528832256794,0.013947193908446218,9.473874551846116,12.399413316729577,3.028446341354313
1782,training,0.0010503438534215093,0.07709691673517227,0.013947193908446218,9.375059365700782,12.408657515297353,3.0776893525841134
1783,training,0.00028993369778618217,0.07412708178162575,0.031269263672634565,9.29546390855384,12.411983887029546,3.1220481158684454
1784,training,0.003206247929483652,0.042519710958004,0.031269263672634565,9.215795598550201,12.412169947072481,-3.129833025735142
1785,training,0.0011102119460701942,0.04319809330627322,0.031269263672634565,9.13596253104182,12.410593922707804,-3.1159672638263927
1786,training,0.001386596355587244,0.05212480062618852,0.038510945317855816,9.036036897301877,12.407848711835474,-3.1131488706686126
1787,training,0.00034139264607802033,0.027837170287966728,0.038510945317855816,8.916099265133617,12.404484833947757,-3.114595874777628
1788,training,0.00042491237400099635,0.028718722984194756,0.02576027797093372,8.836106074686711,12.402444476654603,-3.117961799273091
1789,training,0.000859106658026576,0.053708051797002554,0.02576027797093372,8.736107404930333,12.400341694269622,-3.1229673323586167
1790,training,0.0006129925604909658,0.01904220029246062,0.020795131574213026,8.636125862604933,12.398574752673662,-3.1240204593465295
1791,training,0.0012433105148375034,0.0013497164472937567,0.020795131574213026,8.53614698821763,12.396835265326741,-3.1240427605479772
1792,training,0.0012560933828353882,0.06112225868855603,0.013460619738926736,8.416213810194634,12.394928881424093,-3.1278563722693886
1793,training,0.0007860574987716973,0.014185978565365076,0.013460619738926736,8.336147309392542,12.393872126068533,-3.12790691502895
1794,training,0.0006540961330756545,0.0039618071168661135,0.013460619738926736,8.256089598919383,12.392851323737894,-3.1302804753132514
1795,training,0.0007980579975992441,0.003560955170542001,0.011307468216755651,8.156093132270728,12.391992721673674,-3.136665080763404
1796,training,0.0003923887270502746,0.013492016587406397,0.011307468216755651,8.01618287217415,12.391648820685907,-3.140946449414748
1797,training,0.003399454988539219,0.03243529424071312,0.015194508936857722,7.936065893675096,12.391716139670793,3.139556370512859
1798,training,0.0003091017424594611,0.027454692870378494,0.015194508936857722,7.856166025230606,12.391900152807496,3.1389066376056713
1799,training,0.0008195501286536455,0.04758676141500473,0.015194508936857722,7.756205502060779,12.392180891917896,3.1385113033126246
1800,training,0.0007936605252325535,0.020753055810928345,0.021195234245127547,7.636147180323,12.392572912938375,3.138090122595932
1801,training,0.0030422715935856104,0.05233679339289665,0.021195234245127547,7.496613619652282,12.39098119472105,-3.111208697342616
1802,training,0.0007387240184471011,0.023185678757727146,0.01930514214048109,7.3968275114133535,12.387013334747406,-3.092487403609111
1803,training,0.0003206009278073907,0.0285859783180058,0.01930514214048109,7.277174185037917,12.380545323291066,-3.0837355992434743
1804,training,0.0012554784771054983,0.009621081873774529,0.019415037777441475,7.197243738358077,12.375975916140128,-3.0856368913754646
1805,training,0.0004951676819473505,0.008078584447503092,0.019415037777441475,7.09740948436998,12.370382652475518,-3.085647722770329
1806,training,0.0004654727235902101,0.02125010080635548,0.006671057010179976,6.997536286933707,12.364920646598273,-3.089492444691355
1807,training,0.001836854382418096,0.02407270297408104,0.006671057010179976,6.877743603544431,12.359209363537435,-3.099341376605322
1808,training,0.0006277160719037056,0.043143600225448615,0.0064765668052523305,6.777793557604022,12.35527092116316,-3.104576785036836
1809,training,0.0008039788226597011,0.012541535310447216,0.0064765668052523305,6.658134774848442,12.349890646933328,-3.0869559968466334
1810,training,0.00048594913096167147,0.0466257045045495,0.011001186050085831,6.558413780568512,12.343943586488743,-3.0782471006372756
1811,training,0.0012831491185352206,0.09811000525951385,0.011001186050085831,6.4589302066914,12.336355404914375,-3.0510373543284994
1812,training,0.0015515352133661509,0.028999995440244675,0.011001186050085831,6.379518617902894,12.327997366220767,-3.02216814733437
1813,training,0.0003933020052500069,0.02087922766804695,0.008211032481696351,6.260989771381778,12.31174885222769,-2.992866945460942
1814,training,0.00041867041727527976,0.04203719738870859,0.008211032481696351,6.182014203712944,12.299678198483942,-2.9900861079281467
1815,training,0.0015075026312842965,0.02789659239351749,0.024678533827907488,6.083543985818193,12.283719509239006,-2.970424077463507
1816,training,0.0016234797658398747,0.01810239627957344,0.024678533827907488,5.9852921411677045,12.266180855098623,-2.9598376272710305
1817,training,0.0003908995713572949,0.02264605462551117,0.024678533827907488,5.9263852982565375,12.255376011026367,-2.962010875434184
1818,training,0.00092146429233253,0.008271652273833752,0.00927848451221138,5.847872391805261,12.240903153161488,-2.9522083671295207
1819,training,0.0008876679930835962,0.03786994144320488,0.00927848451221138,5.7695756128207005,12.225400992573073,-2.9437001184617713
1820,training,0.000917322700843215,0.0528070842847228,0.00927848451221138,5.671692142582266,12.205792218199859,-2.9478210186065534
1821,training,0.0004874548176303506,0.026164040900766853,0.025329211681040693,5.593043653993596,12.190939752988116,-2.962613300609718
1822,training,0.0007332093082368374,0.05515697272494435,0.025329211681040693,5.514537287459938,12.176667910077036,-2.9571420987721
1823,training,0.0012262824457138777,0.01915651001036167,0.025329211681040693,5.41632247883456,12.158402752262756,-2.9592255846453135
1824,training,0.001288614235818386,0.009320661425590515,0.027656907147959778,5.298244649788363,12.13718124532615,-2.9686431684377106
1825,training,0.0005310563137754798,0.020763343665748835,0.027656907147959778,5.2000124497760964,12.119690654855347,-2.9579225146720343
1826,training,0.0013389033265411854,0.003106299787759781,0.023393016707350868,5.1017657570297255,12.10156028615537,-2.9600999558533
1827,training,0.0003943165356758982,0.028118439484387636,0.023393016707350868,5.0232417277843995,12.086905123639061,-2.9529124102467303
1828,training,0.0029390547424554825,0.01986785978078842,0.023393016707350868,4.944684497857679,12.071877665887783,-2.9547549718071484
1829,training,0.0010587441502138972,0.01607426255941391,0.003685033836353139,4.846684587701503,12.05272946025409,-2.9422701503665714
1830,training,0.0009104160126298666,0.013884060084819808,0.003685033836353139,4.768714584877772,12.036163851600548,-2.9221818414244805
1831,training,0.0008012479520402849,0.006339319050312042,0.03162207268427506,4.691074338225373,12.017894508583499,-2.8956787693015387
1832,training,0.0012046217452734709,0.005835115909576416,0.03162207268427506,4.575933289845321,11.98600786649117,-2.8454274373612543
1833,training,0.0022644298151135445,0.03448262065649034,0.03162207268427506,4.462367743902824,11.948573197392216,-2.8018140769765716
1834,training,0.001765458844602108,0.05275343358516693,0.05739312601355427,4.3875730401226125,11.920731868677722,-2.7661992179484196
1835,training,0.0006869400385767221,0.02612126618623732,0.05739312601355427,4.27765071615419,11.873896489609907,-2.711017525866341
1836,training,0.0006614128360524774,0.02822076715528965,0.06785292346066912,4.205602658647985,11.839484240761395,-2.682865541680046
1837,training,0.002339671365916729,0.026558171957731247,0.06785292346066912,4.099443374024974,11.784505933877991,-2.6463154375003586
1838,training,0.0030266677495092154,0.025715187191963196,0.06551955433814906,4.029729106618523,11.745659240079556,-2.620617717630528
1839,training,0.0006015732069499791,0.01975760981440544,0.06551955433814906,3.9441891896441916,11.694601061221396,-2.587831689411611
1840,training,0.006503410171717405,0.02798963151872158,0.06551955433814906,3.8764411424598317,11.652377726059374,-2.581771081930121
1841,training,0.00048007923760451376,0.035250268876552575,0.0427404235198355,3.809104014279719,11.609551174662762,-2.5659986033214413
1842,training,0.0014207103522494435,0.054528103210031986,0.0427404235198355,3.7262031737918524,11.554217653890886,-2.538455882344887
1843,training,0.0016550876898691058,0.014909259974956512,0.0427404235198355,3.6129379503666468,11.472834455935969,-2.498518219757608
1844,training,0.0006414928939193487,0.052445387467741966,0.02324379479743763,3.517464172789597,11.400463665453184,-2.4896616471400717
1845,training,0.0011491029290482402,0.11064848862588406,0.02324379479743763,3.454157252588982,11.351791320761482,-2.48276807022031
1846,training,0.0005731386481784284,0.09383329749107361,0.02324379479743763,3.3911848183084405,11.30253682662508,-2.4714888087262126
1847,training,0.001351870596408844,0.09762750007212162,0.008090093593326105,3.3444956157299957,11.265148226653327,-2.4608475074243277
1848,training,0.0011276786681264639,0.07170701771974564,0.008090093593326105,3.252131673277196,11.188764375693872,-2.442033165637647
1849,training,0.0005735981976613402,0.05813905596733093,0.008090093593326105,3.190102209234315,11.13811762754023,-2.4868612571532958
1850,training,0.0016812921967357397,0.09839715063571933,0.016116953951784845,3.1250415638027484,11.090994211781775,-2.542512410165087
1851,training,0.0011172597296535969,0.1287369206547737,0.016116953951784845,3.039682223328219,11.037717628404298,-2.6267145357869857
1852,training,0.0009237315971404314,0.13827946037054062,0.016116953951784845,2.9505524090506863,10.991446244942392,-2.6929154821349686
1853,training,0.004574776627123356,0.09715778665849939,0.031220223767936116,2.859248654062744,10.950196919267418,-2.7399968415812226
1854,training,0.001281272852793336,0.046073898673057556,0.031220223767936116,2.748137006271929,10.90456984593784,-2.7537728623184514
1855,training,0.000579663144890219,0.0036486871540546417,0.032211401112070104,2.637988054456969,10.857756500296201,-2.7227460085601547
1856,training,0.002239220542833209,0.05767980217933652,0.032211401112070104,2.529698325219255,10.807069701749072,-2.684750370584395
1857,training,0.0009212625445798039,0.18763389810919764,0.013218491290045348,2.4417780094612125,10.760495325703905,-2.622627619279338
1858,training,0.00107042386662215,0.013462983071804047,0.013218491290045348,2.374436935340676,10.718776077963964,-2.543812311623583
1859,training,0.0008616261184215546,0.17076174169778824,0.05426908062363926,2.278790057429948,10.647783031080598,-2.4773858523713037
1860,training,0.000987301580607891,0.058728381991386386,0.05426908062363926,2.2186479874191294,10.596335343197078,-2.3812794272697135
1861,training,0.002341797575354576,0.010541707277297974,0.09229488095832031,2.150992779738887,10.524071865007405,-2.2677209262829967
1862,training,0.00046113666030578315,0.040425613522529574,0.09229488095832031,2.0907363152989205,10.445196972543368,-2.183570524885066
1863,training,0.0003400181303732097,0.01142752170562747,0.09229488095832031,2.0477027125489218,10.378743850355102,-2.107240967621772
1864,training,0.0010845082579180598,0.02897171676158905,0.09079070139611305,2.009689396848203,10.309068820782608,-2.033587756399599
1865,training,0.0008041106630116701,0.04284615069627762,0.09079070139611305,1.9768781798686876,10.23665629057316,-1.959033768699349
1866,training,0.0015843331348150969,0.06026167422533034,0.09079070139611305,1.9420767141376412,10.14350566565316,-1.904858195558037
1867,training,0.0019505440723150969,0.032431684434413924,0.05003982816792973,1.911533403496464,10.048778051706122,-1.8625207127619121
1868,training,0.00039085911703296006,0.02032201737165451,0.05003982816792973,1.8800754128277242,9.933467161216221,-1.8131244059969527
1869,training,0.001180174178443849,0.020456649363040924,0.003272089093793061,1.8543827160166801,9.81668397576567,-1.7626086823429075
1870,training,0.0009525475325062871,0.07462648930959404,0.003272089093793061,1.8338019292963084,9.69875761415862,-1.7266327540887183
1871,training,0.0004336731508374214,0.02325688675045967,0.015714829750241716,1.8216693171869476,9.619801053889006,-1.7235849463883492
1872,training,0.0010462154168635607,0.039470808580517776,0.015714829750241716,1.8095256407964868,9.540898768046757,-1.724056940127261
1873,training,0.001579842995852232,0.022393763065338128,0.015714829750241716,1.7928900489007782,9.422245077059246,-1.6938978636867144
1874,training,0.004971440881490707,0.020678392611443996,0.01582774086637454,1.7802175320342426,9.323098515210713,-1.706951836018201
1875,training,0.0011596891563385725,0.025788205675780773,0.01582774086637454,1.763347363039955,9.204212222644237,-1.715881960369655
1876,training,0.0014229035004973412,0.06156218610703946,0.020068295355572648,1.748977302147629,9.105416545375437,-1.7132249683960024
1877,training,0.0009888504864647985,0.0809885635972023,0.020068295355572648,1.7310735882405859,8.966955587888766,-1.6823992166815316
1878,training,0.00022525557142216712,0.0253038089722395,0.017660994207940227,1.7187635898666487,8.84778873598867,-1.6660078796000166
1879,training,0.006147736683487892,0.003739133942872286,0.017660994207940227,1.7107008494469964,8.768038858607733,-1.678114491834981
1880,training,0.0012695611221715808,0.02269261423498392,0.014748686668283295,1.6996109958697891,8.668646337003187,-1.6837151499360028
1881,training,0.0008716705488041043,0.02046901546418667,0.014748686668283295,1.688714981746174,8.569293448593196,-1.6756277442072545
1882,training,0.0008961248677223921,0.018034737557172775,0.014748686668283295,1.6804223731422143,8.489787872988675,-1.6748216709647181
1883,training,0.0019382571335881948,0.048372797667980194,0.0025070944667510624,1.672229868024792,8.410348000211162,-1.67204608920831
1884,training,0.0015744328266009688,0.010347448289394379,0.0025070944667510624,1.6641886443958764,8.33077773524416,-1.6716460220599145
1885,training,0.0021662369836121798,0.0005559474229812622,0.008958546794640278,1.6492160066110215,8.191476269641132,-1.686438616110593
1886,training,0.0003985909861512482,0.017006658017635345,0.008958546794640278,1.6398462523243253,8.112087312550885,-1.6886298311409096
1887,training,0.001470302464440465,0.010346878319978712,0.008958546794640278,1.628181568699871,8.012822030895952,-1.6862003090923463
1888,training,0.0003423189336899668,0.03472452983260155,0.008312534605786766,1.6169826196627677,7.913524938244177,-1.679512404576892
1889,training,0.0003933579137083143,0.009018331766128542,0.008312534605786766,1.6057561302180507,7.814112776263458,-1.6897040488307757
1890,training,0.0033447749447077513,0.0033706584945321083,0.014177722983096006,1.5916993419390557,7.6950203665356565,-1.6841941581185422
1891,training,0.0008328886469826102,0.0735083557665348,0.014177722983096006,1.5827978542476082,7.615542590162213,-1.6811100085316015
1892,training,0.0008008130243979394,0.035505220759660006,0.014177722983096006,1.5714738408754398,7.516150567247165,-1.6892491411443593
1893,training,0.0003599133051466197,0.007971597835421562,0.012667450708849625,1.561906987206791,7.4366156623593005,-1.6912170827795157
1894,training,0.00047289812937378883,0.05411131167784333,0.012667450708849625,1.552132904647524,7.357258352749513,-1.6957509630763012
1895,training,0.0005139474524185061,0.050871413201093674,0.043055436555788376,1.542053999822426,7.278013494633915,-1.6983073231273682
1896,training,0.000991522567346692,0.0707694161683321,0.043055436555788376,1.5287948100149809,7.178857234851896,-1.7109023257998046
1897,training,0.005979637615382671,0.08490295987576246,0.043055436555788376,1.5162436269557389,7.079959926285892,-1.6743048475367468
1898,training,0.0022101369686424732,0.044432587921619415,0.00991349488348318,1.506872976916214,6.960679017923543,-1.6235448080557928
1899,training,0.0019283012952655554,0.013911436311900616,0.00991349488348318,1.5031811094792273,6.861026976963736,-1.592222759009062
1900,training,0.0007529623107984662,0.03265524469316006,0.012481557037916665,1.5019267138799162,6.78119444248175,-1.5820901514805132
1901,training,0.00032615638338029385,0.039045851677656174,0.012481557037916665,1.5011688479364798,6.6813213264490265,-1.5756577904354034
1902,training,0.0011951647466048598,0.07780550979077816,0.012481557037916665,1.5009681225346663,6.581399948187677,-1.5711424619751477
1903,training,0.00024305074475705624,0.006250247359275825,0.006413232976535846,1.5012411611207364,6.4814773941630985,-1.565807659185493
1904,training,0.00033443563734181225,0.027923368848860257,0.006413232976535846,1.5008998697732336,6.361476477872746,-1.583689434849198
1905,training,0.0010783695615828037,0.031619710847735405,0.009615993373640318,1.4993534593679916,6.281381644878529,-1.5970241433119439
1906,training,0.0006573390564881265,0.029581991955637932,0.009615993373640318,1.495398884736872,6.161506190906733,-1.610504924130724
1907,training,0.0018960809102281928,0.01628478616476059,0.0123366204838331,1.4919927953521823,6.081526802003955,-1.6169471061943173
1908,training,0.0006532087572850287,0.02702084183692932,0.0123366204838331,1.488270289207609,6.001611965918546,-1.6177831996290128
1909,training,0.00029340334003791213,0.057926034554839134,0.0123366204838331,1.4835510920146104,5.901771425963041,-1.6181704029675563
1910,training,0.0011293832212686539,0.029104137793183327,0.014546228004843962,1.4798506684174502,5.822013081418381,-1.6151131962110443
1911,training,0.0007747993804514408,0.029855437576770782,0.014546228004843962,1.4765423776990665,5.742210462470149,-1.6085156122002535
1912,training,0.0012069246731698513,0.02004362689331174,0.0189569228841536,1.4725905404843207,5.622396610456415,-1.5994171472596803
1913,training,0.0009311090689152479,0.02925085835158825,0.0189569228841536,1.4697284027927497,5.522481334670225,-1.601062783768175
1914,training,0.005241741426289082,0.006697813048958778,0.0189569228841536,1.4671277390959656,5.442555622659451,-1.6063969548129269
1915,training,0.0031787906773388386,0.042081259191036224,0.016063831127262087,1.4627580095771953,5.3227279764895075,-1.6077782053029448
1916,training,0.0003940562601201236,0.023994763381779194,0.009400175990889399,1.4595989086973438,5.242781146382199,-1.615296164460286
1917,training,0.0016415175050497055,0.005605579353868961,0.009400175990889399,1.4558084227710562,5.162826931662824,-1.6217442056270064
1918,training,0.0007557924254797399,0.02167138922959566,0.009400175990889399,1.4516564056574233,5.082972359789563,-1.6228313979057976
1919,training,0.0005540032871067524,0.0244369488209486,0.009224690600059773,1.4462738434741695,4.983166906857484,-1.6265616745982927
1920,training,0.0016197037184610963,0.05435248650610447,0.009224690600059773,1.4417475527987798,4.9034125282429954,-1.6277028610683029
1921,training,0.0009414637461304665,0.001858211122453211,0.009224690600059773,1.4351720520997968,4.783639099546516,-1.6226504919454612
1922,training,0.0006844181334599853,0.001615192275494337,0.0008195882761778802,1.4298574331392093,4.683807699164961,-1.6268634952315166
1923,training,0.0014900834066793323,0.04506038315594196,0.0008195882761778802,1.4228616725973915,4.564014149886053,-1.6300210082635322
1924,training,0.0006698116194456816,0.01951632648706436,0.012042670026723747,1.4167076122372892,4.464233871883791,-1.6344738331042532
1925,training,0.0009919204749166965,0.04093546839430928,0.012042670026723747,1.411656383116617,4.384565080682247,-1.6312609823320248
1926,training,0.00029583045397885144,0.044442655984312296,0.012042670026723747,1.4068753075267373,4.304736768707878,-1.6320546092020178
1927,training,0.0007048443658277392,0.02922915853559971,0.0068451145737415025,1.400686656016549,4.204957298617242,-1.6339815409975915
1928,training,0.00276216771453619,0.047598650213330984,0.0068451145737415025,1.3944928545469668,4.105201469599399,-1.6316316387185221
1929,training,0.0007293409435078502,0.0414834120310843,0.0054428738353125795,1.3884542679975915,4.005415625056056,-1.632981070684115
1930,training,0.0005006188293918967,0.020354195381514728,0.0054428738353125795,1.3833996022053685,3.9255460796345134,-1.6362136519077304
1931,training,0.0016829181695356965,0.06984036415815353,0.0054428738353125795,1.3794952947855537,3.865792907642708,-1.635885412602234
1932,training,0.00041331411921419203,0.0376008115708828,0.011782195728983253,1.374050525333102,3.785975428246906,-1.643567462803004
1933,training,0.0007426285883411765,0.01986254646908492,0.011782195728983253,1.3664164024611747,3.6862689315252464,-1.6506678788372522
1934,training,0.0009726224816404283,0.036182052455842495,0.011782195728983253,1.3583350792480662,3.5866234110384148,-1.6526335906185317
1935,training,0.0002624481567181647,0.02778054121881723,0.03022137625795124,1.3520822708832505,3.506858020495781,-1.6453670253883392
1936,training,0.0017508328892290592,0.03952041082084179,0.03022137625795124,1.3464801610960264,3.427151536968478,-1.6367994857211705
1937,training,0.0007713302038609982,0.0796238761395216,0.012776875887087855,1.3402174505886826,3.3274505661057647,-1.6300756585356726
1938,training,0.0011551616480574012,0.007976513355970383,0.012776875887087855,1.3351886004412783,3.227832715459005,-1.6078716009307075
1939,training,0.0004978469805791974,0.011071514338254929,0.012776875887087855,1.332969036782226,3.148106918664475,-1.5888366324557193
1940,training,0.001504414016380906,0.01811746507883072,0.00480158120750534,1.3322307254295567,3.068261644221251,-1.5721678484620367
1941,training,0.0007234110962599516,0.027893707156181335,0.00480158120750534,1.333433661092246,2.9685167846491907,-1.5460618128484676
1942,training,0.0015955970156937838,0.04485958558507264,0.012206521183297491,1.336716430934835,2.868687071096072,-1.534904105148407
1943,training,0.0009590943809598684,0.052435850724577904,0.012206521183297491,1.3404576005785127,2.7688510862100273,-1.5344944948967312
1944,training,0.0011352968867868185,0.03139987029135228,0.012206521183297491,1.3432228998975904,2.689007877781606,-1.5396040924034888
1945,training,0.000646470463834703,0.003396639600396153,0.005574515723595567,1.3479513813405075,2.5692591896353627,-1.5194017982084682
1946,training,0.0011097922688350081,0.019569776952266693,0.005574515723595567,1.3539647753196975,2.4696890994958864,-1.5035353967715013
1947,training,0.0021485902834683657,0.021725996863096952,0.012856848123808492,1.3594987692908134,2.3900115391496835,-1.5010257596667023
1948,training,0.0007464738446287811,0.0002703014761209488,0.012856848123808492,1.3650175675029361,2.3102837149938984,-1.5014833842800035
1949,training,0.0016832088585942984,0.01919412985444069,0.012856848123808492,1.370710802956133,2.2305879261213892,-1.4970394688382866
1950,training,0.0006385860033333302,0.03213002532720566,0.009025533489280285,1.3766932223217405,2.1508598746208616,-1.4965916922421603
1951,training,0.002277722116559744,0.00178151577711105,0.009025533489280285,1.3840116446789765,2.051210898877021,-1.5010880705475833
1952,training,0.004022887907922268,0.023483891040086746,0.009025533489280285,1.3914473112189547,1.9516251303070993,-1.491009225325172
1953,training,0.001048218342475593,0.08950236160308123,0.015068430221352291,1.4013973095321548,1.832192761598685,-1.4877993703955648
1954,training,0.0007983034010976553,0.11510132905095814,0.015068430221352291,1.4090951375682566,1.752920443404472,-1.4569119629257241
1955,training,0.0028866745997220278,0.1752737434580922,0.0028225855859520775,1.4198285824317394,1.6740246053755248,-1.412955125000564
1956,training,0.001005303580313921,0.07618827745318413,0.0028225855859520775,1.4443614201467403,1.557494088669671,-1.3096357808793062
1957,training,0.0006098666926845908,0.1186385527253151,0.0028225855859520775,1.4609990790507246,1.4999980515362892,-1.2689911889990446
1958,training,0.0007424866198562086,0.06802083551883698,0.028533820892283575,1.4941500267899173,1.4065098436718722,-1.1896500511245371
1959,training,0.0009337436058558524,0.04966208338737488,0.028533820892283575,1.544169697473804,1.2986044917647352,-1.083413230367368
1960,training,0.0013380771270021796,0.18210281431674957,0.07137509029025439,1.5938562553511397,1.2126030213258228,-1.012716021967238
1961,training,0.005060136318206787,0.09756715595722198,0.07137509029025439,1.6384732811283935,1.1472346104930145,-0.9209185779225315
1962,training,0.0012008963385596871,0.10583359748125074,0.13185558689864577,1.7172995197381185,1.0587519751963874,-0.7640552407803916
1963,training,0.0013732612133026123,0.10266456007957458,0.13185558689864577,1.7924366334416522,0.9941812734288777,-0.6559558393492473
1964,training,0.0005390632431954145,0.07649113237857819,0.11437766531398932,1.9085832079223393,0.919203547242179,-0.48850322827438775
1965,training,0.0008294195868074894,0.041635841131210355,0.11437766531398932,1.9798163730140577,0.8841063892220368,-0.43267102516459494
1966,training,0.0018740860978141427,0.008851438760757446,0.09880933290384257,2.0527987744385996,0.8530297305060324,-0.37040601349845714
1967,training,0.0009127844823524356,0.015435568988323198,0.09880933290384257,2.1844814099899015,0.8072940768103126,-0.3045332649657591
1968,training,0.0010202742414548993,0.028327226638793945,0.09880933290384257,2.280160524431863,0.7795851054702421,-0.25943553766147626
1969,training,0.001596878981217742,0.026919491589069366,0.0678924084047492,2.3769930501107805,0.7559318129862912,-0.2192424846421918
1970,training,0.0002700327313505113,0.008043445646762848,0.0678924084047492,2.4746850886597187,0.7360251078843724,-0.18259568023810346
1971,training,0.0005506377783603966,0.03465793654322623,0.03829353223048015,2.5730045352034026,0.7195157444549393,-0.14955197689475516
1972,training,0.0007868522079661489,0.012132257223129272,0.03829353223048015,2.671782918266809,0.7067401935878554,-0.10509735159106243
1973,training,0.0008497980888932943,0.03442486375570297,0.03829353223048015,2.7511734961981915,0.6997826763008825,-0.07019694028844209
1974,training,0.002249805722385645,0.016721311956644065,0.012442039967690392,2.8506924815012384,0.6946924059125815,-0.03356286166930515
1975,training,0.0010227650636807084,0.04842807352542877,0.012442039967690392,2.950405392469248,0.6925937889124008,-0.013456271112307138
1976,training,0.0001755214761942625,0.02952133398503065,0.010522582570138985,3.0501242071921415,0.6924189884965936,0.010108721807758198
1977,training,0.0010043182410299778,0.02367179375141859,0.010522582570138985,3.149936519793663,0.6931967019983496,-0.0022899992318122617
1978,training,0.003317004069685936,0.06011313199996948,0.005723927568271946,3.2700047516257893,0.6916710999765955,-0.023853002794204457
1979,training,0.0006728978478349745,0.05384732224047184,0.005723927568271946,3.3697920131407604,0.6898148231492552,-0.011591033226120047
1980,training,0.000562438159249723,0.04247969388961792,0.005723927568271946,3.449513106091638,0.6894697724459019,0.0019669105548476527
1981,training,0.0005509206093847752,0.013096118345856674,0.01075237603792283,3.549343090360088,0.6903315932011025,0.013749312131393587
1982,training,0.0031815527472645044,0.0473701236769557,0.01075237603792283,3.6694296808536926,0.6914023725610421,-0.0022125597778145634
1983,training,0.0017311275005340576,0.01303190365433693,0.003735350522487364,3.769220900631851,0.6911003132408617,-0.0007041023977465801
1984,training,0.0014180988073349,0.04534671641886234,0.003735350522487364,3.8292082629787605,0.6909468103023658,-0.006397233560603464
1985,training,0.001549426931887865,0.03589865565299988,0.014584610521771159,3.948995195838845,0.6903615145574051,0.0013141542083233454
1986,training,0.001195274293422699,0.03669988736510277,0.014584610521771159,4.048891865138661,0.6908963426273398,0.008252344603075569
1987,training,0.0007890141569077969,0.016122959554195404,0.009135328828765653,4.148795788634691,0.6920771930521165,0.015792212247300756
1988,training,0.0003458515857346356,0.03383131697773934,0.009135328828765653,4.248688887009295,0.6938315833116473,0.018269442536113092
1989,training,0.0008727025706321001,0.011549729853868481,0.013273981197157555,4.3888397440044935,0.6942176759315178,-0.015245014006084552
1990,training,4.031018033856526e-05,0.007004318758845329,0.013273981197157555,4.468805286895104,0.6925068723446627,-0.027572207884571355
1991,training,0.001236672280356288,0.07585755735635757,0.013072690013906768,4.548842441299304,0.6898710290666316,-0.03703426937413909
1992,training,0.0010082910303026438,0.014708681032061577,0.013072690013906768,4.64850218327288,0.6865182642846928,-0.0214626270902869
1993,training,0.0005877530202269554,0.019128025975078344,0.013072690013906768,4.768269585475368,0.684072093379695,-0.02518890394311508
1994,training,0.0017621500883251429,0.02306835912168026,0.0078225263642398,4.848275964305812,0.6819151804352109,-0.027576634164516545
1995,training,0.0012655165046453476,0.01993211917579174,0.0078225263642398,4.928168388699642,0.6795338252209437,-0.03229281991080296
1996,training,0.0004351086390670389,0.026263979729264975,0.0078225263642398,5.027994572572381,0.6762307472311744,-0.03418929911704913
1997,training,0.00027204968500882387,0.024536581244319677,0.0071827331535843225,5.107764945250201,0.6735924816484266,-0.03328757594190316
1998,training,0.0008923814166337252,0.015642480924725533,0.0071827331535843225,5.187580626455229,0.6710710704956563,-0.030704262318548708
1999,training,0.0013139392249286175,0.001740830484777689,0.014241851592395854,5.3073410676443835,0.6679114640056236,-0.022123301484104758
2000,training,0.001731554395519197,0.013204899616539478,0.014241851592395854,5.407183237377973,0.665926776178099,-0.01948423880834206
2001,training,0.0024022057186812162,0.001360840164124964,0.02393556137208977,5.487088466267366,0.6643885158472657,-0.019621404152128936
2002,training,0.0017332094721496105,0.025524945463985205,0.02393556137208977,5.567072248361032,0.6629666466399534,-0.014642515524833193
2003,training,0.000545874354429543,0.03886432945728302,0.02393556137208977,5.666940553862906,0.6616717618550835,-0.01146856782015544
2004,training,0.0013414847198873758,0.0016611725732218474,0.029874337276171208,5.786773318065214,0.6602790077635108,-0.011707126687292693
2005,training,0.0007939947536215186,0.01817752979695797,0.029874337276171208,5.88667382935048,0.6590229181820102,-0.012467631611213299
2006,training,0.0005800932412967086,0.02234269306063652,0.03141921043506452,6.006371129382341,0.65774724552042,-0.007721545424752711
2007,training,0.0013851359253749251,0.009181462228298187,0.03141921043506452,6.106289706140818,0.6570282217758958,-0.007345149242466349
2008,training,0.0010832687839865685,0.00962462741881609,0.03141921043506452,6.186319591929232,0.6564090114328247,-0.007708784365800196
2009,training,0.0007826406508684158,0.00014087464660406113,0.04018481091824885,6.266151264366676,0.6558425338254983,-0.00645274469023202
2010,training,0.0005097627872601151,0.023580122739076614,0.04018481091824885,6.3660565114794165,0.6552819057939995,-0.006378505763063206
2011,training,0.003035806119441986,0.03540913248434663,0.04234764194218993,6.465962966404477,0.6546750256699875,-0.00687093431893573
2012,training,0.0005265749059617519,0.012865718454122543,0.04234764194218993,6.5458078586905675,0.6542125538040658,-0.005519496353189842
2013,training,0.0010262468131259084,0.016809210181236267,0.04234764194218993,6.645667737729996,0.6539002454647421,-0.0008272977776673746
2014,training,0.0011749144177883863,0.01815742114558816,0.05128580423176634,6.7256719634616315,0.6538972316680931,0.00015034897236070646
2015,training,0.000687676714733243,0.009360533207654953,0.05128580423176634,6.845576326503085,0.6538258671383329,-0.0014255221108807965
2016,training,0.0019188316073268652,0.03417671099305153,0.05262660877983911,6.965510674329834,0.6536337611262565,-0.002041702453229417
2017,training,0.0026949672028422356,0.0066819582134485245,0.05262660877983911,7.08548761718289,0.6533975928159877,-0.0025880022996815234
2018,training,0.001161739812232554,0.04640612006187439,0.04967288512950612,7.2054772036629275,0.6531108207527185,-0.003031332141412762
2019,training,0.00026094072381965816,0.014703530818223953,0.04967288512950612,7.285337576800378,0.6529012835709525,-0.0033365366192618907
2020,training,0.0010968121932819486,0.03869009902700782,0.04401935568658501,7.365258492494782,0.6526554957516013,-0.0034353509065405247
2021,training,0.0006771517801098526,0.02282223105430603,0.04401935568658501,7.465180556482819,0.6523617443802298,-0.002276245346815524
2022,training,0.00031257839873433113,0.00046897120773792267,0.04401935568658501,7.565127159019354,0.6521249486343111,-0.002569321038243097
2023,training,0.000914846605155617,0.0031648343428969383,0.026731154576427642,7.685035357826208,0.6517904640429174,-0.0033156230259902826
2024,training,0.0012202357174828649,0.03610718995332718,0.026731154576427642,7.784943749117389,0.6515603116527565,-0.001342460759735282
2025,training,0.0007596014766022563,0.007815618067979813,0.02563826928948323,7.864945979972395,0.6514838295917467,-0.0008624605405934212
2026,training,0.00840372871607542,0.01767168566584587,0.02563826928948323,7.964903098046853,0.6513752065903444,-0.0010823675957194229
2027,training,0.0018138966988772154,0.026560775935649872,0.01719921951089998,8.08478793134983,0.6512191629695183,-0.001528559017354297
2028,training,0.002471982967108488,0.0017981925047934055,0.01719921951089998,8.204708085419945,0.651020060376826,-0.0020576119867705416
2029,training,0.005141394678503275,0.03387907799333333,0.009358818341123563,8.32464774837713,0.6509497654679042,0.0004396420070593692
2030,training,0.0002597849234007299,0.0409959489479661,0.009358818341123563,8.424671839277682,0.6501585719552658,-0.017790215437419165
2031,training,0.0011954078217968345,0.03984553460031748,0.014374769311335897,8.564747887845202,0.6459993904322232,-0.041848469908567824
2032,training,0.0018741318490356207,0.02800806425511837,0.014374769311335897,8.644576684372296,0.6424312512054644,-0.04804920327419035
2033,training,0.0005534718511626124,0.004137099254876375,0.02339423751195438,8.744359395649507,0.637641589872813,-0.04899795819599339
2034,training,0.0009178726468235254,0.016555534675717354,0.02339423751195438,8.844097356727245,0.6328634800458216,-0.04781259527184725
2035,training,0.000993692665360868,0.007450724020600319,0.02339423751195438,8.963854608726054,0.6274095972069231,-0.043964653643313895
2036,training,0.001378884306177497,0.00851856451481581,0.023377219705552753,9.083582721267232,0.6225654185232148,-0.037109011621270165
2037,training,0.0017624043393880129,0.022933691740036004,0.023377219705552753,9.163357208470197,0.6198598879655105,-0.03107323158207683
2038,training,0.0006672669551335275,0.045378748327493654,0.025714292772635518,9.303035473515104,0.6178593741146526,0.004796082423065523
2039,training,0.000812387210316956,0.03041138406842947,0.025714292772635518,9.402720919263341,0.6200892790780376,0.04244573953892572
2040,training,0.0007856143638491631,0.018218716606497765,0.028119078267923446,9.48242475364825,0.6243054712201329,0.061054740001798155
2041,training,0.0025123367086052895,0.11144337803125381,0.028119078267923446,9.602094180458012,0.6319534705192738,0.06445682188316948
2042,training,0.0016954017337411642,0.06381271313875914,0.028119078267923446,9.682037853005156,0.6362710125098324,0.03928208916637481
2043,training,0.0006628934061154723,0.041967024095356464,0.019088333113357395,9.78220531586322,0.6385699056328553,0.006147580256212299
2044,training,0.0009153041755780578,0.02148076333105564,0.019088333113357395,9.86220674692216,0.6383658562911106,-0.01129673471127666
2045,training,0.000549442193005234,0.004525284864939749,0.014373457621086716,9.982235932686004,0.6361513630257483,-0.02547936387820817
2046,training,0.0012819143012166023,0.016679948195815086,0.014373457621086716,10.082090608141486,0.6334100516067143,-0.028728992214659542
2047,training,0.0008356741745956242,0.10553138330578803,0.012863656868586997,10.161918391481947,0.6311380943762704,-0.029094954807567703
2048,training,0.0014076796360313892,0.08585047349333765,0.012863656868586997,10.241694598914474,0.6295123573405708,-0.004320419659589113
2049,training,0.00041892536683008075,0.037546975538134575,0.012863656868586997,10.321537084433086,0.630297173834778,0.023575599012109864
2050,training,0.0010582928080111742,0.0013314501265995204,0.019087608012157982,10.421297784710651,0.6338941214375413,0.04657085166906974
2051,training,0.001494577620178461,0.015060890465974808,0.019087608012157982,10.501037113287353,0.6378868994636065,0.05004018901271943
2052,training,0.0008456582436338067,0.015932905487716198,0.015552067018211747,10.600891825082904,0.6427896442556952,0.04682026305319981
2053,training,0.001084313029423356,0.032115244306623936,0.015552067018211747,10.680795214047086,0.6463013208960655,0.04043945569977765
2054,training,0.0012911097146570683,0.03859514929354191,0.015552067018211747,10.760844151226662,0.6491615580471866,0.031090539397421325
2055,training,0.003197137266397476,0.020107761956751347,0.019445288467438746,10.840886449241287,0.6512503556665481,0.021674342328501264
2056,training,0.0013868159148842096,0.009000049903988838,0.019445288467438746,10.920823068559505,0.6527131515184504,0.014431791651202551
2057,training,0.0010822192998602986,0.016838654410094023,0.019445288467438746,11.020774969145897,0.6539259800350854,0.009201101154197222
2058,training,0.00026009761495515704,0.018551260232925415,0.014706890162289746,11.100683529164833,0.6546199815473002,0.007784631969218235
2059,training,0.0016660145483911037,0.0004038689658045769,0.014706890162289746,11.200627334649747,0.6553913092471726,0.0078306144942666
2060,training,0.001214775606058538,0.004228929523378611,0.014706890162289746,11.280633994520144,0.6559070467679652,0.005120271744370582
2061,training,0.0010810114908963442,0.006761981174349785,0.01482996632488722,11.360642766472731,0.6562103875175676,0.0033961127964666385
2062,training,0.0019995616748929024,0.005654053064063191,0.01482996632488722,11.500488526620233,0.6567213832524811,0.0037937950138025255
2063,training,0.0005267661763355136,0.013952045701444149,0.010883737894186039,11.600455689567081,0.6570458306476746,0.0029189615980316787
2064,training,0.0007576115312986076,0.018566103652119637,0.010883737894186039,11.700430892794401,0.6572335245241658,0.0012158083485006759
2065,training,0.0010360602755099535,0.012636883184313774,0.017740670169214837,11.840350812715053,0.6573271181907149,0.000210842762804665
2066,training,0.0010510963620617986,0.011737950146198273,0.017740670169214837,11.920302870955275,0.6573659483087361,0.00034649910342404104
2067,training,0.00082613859558478,0.0020740218460559845,0.025721921687721312,12.040247281666117,0.6573994814283914,-8.072731244859348e-05
2068,training,0.0005134292296133935,0.0024139657616615295,0.025721921687721312,12.140197483605958,0.6574065719474551,-0.000239868317086482
2069,training,0.0007140053785406053,0.003138410858809948,0.030901775737550884,12.240148204079146,0.6573934539828716,-0.00040540206352132456
2070,training,0.0003382924769539386,0.005067931022495031,0.030901775737550884,12.32015597307436,0.6573648912014498,-0.0002918148322903716
2071,training,0.003044547513127327,0.038526603020727634,0.030901775737550884,12.44006295397909,0.6572426753121625,-0.0019051316193869048
2072,training,0.0003742404514923692,0.01578690856695175,0.03636690110586046,12.559811166378392,0.6582015228827334,0.022668459430672295
2073,training,0.0012179820332676172,0.01423005759716034,0.03636690110586046,12.67964114304095,0.6621786682460576,0.04085594108987135
2074,training,0.005380088929086924,0.046264233998954296,0.028864356361333568,12.779294130212762,0.6673219111511834,0.06330768530882087
2075,training,0.0006448644562624395,0.043147462420165546,0.028864356361333568,12.859131497673424,0.6721065952961794,0.05187640558366351
2076,training,0.0007697890396229923,0.05085871182382107,0.022376689190081216,12.979223902624732,0.6765745462252392,0.021605256676703245
2077,training,0.00015717529458925128,0.06185230240225792,0.022376689190081216,13.059270545872854,0.6775880691285545,0.0038378365907099574
2078,training,0.0014020005473867059,0.031176390126347542,0.02529622535294436,13.159296461377576,0.6772620239224771,-0.007762131087571173
2079,training,0.0004985816776752472,0.023310384713113308,0.02529622535294436,13.219381020637366,0.6765907645176257,-0.014321597404310512
2080,training,0.0013708057813346386,0.043375732842832804,0.02529622535294436,13.319271053501856,0.6748352930547017,-0.02033717482202069
2081,training,0.002074191579595208,0.013320347294211388,0.025244270712114193,13.419126823748421,0.6727236844281295,-0.02271436335920404
2082,training,0.0029538755770772696,0.008440892212092876,0.025244270712114193,13.518970268924445,0.6704480752478967,-0.02372800862918217
2083,training,0.0014926355797797441,0.007331434171646833,0.025244270712114193,13.598758295295328,0.6685844547571949,-0.024270506448209498
2084,training,0.000892606214620173,0.044597866013646126,0.022882295000091937,13.678613236579357,0.6667139054991338,-0.023125952543328547
2085,training,0.0010608036536723375,0.03137107007205486,0.022882295000091937,13.798411011032547,0.6641602720106181,-0.019558676795963455
2086,training,0.0016006267396733165,0.0359770804643631,0.014115099970278596,13.898236419017945,0.6625132699008085,-0.014030821673921381
2087,training,0.0009749410673975945,0.03250690549612045,0.014115099970278596,13.998100961756254,0.6612252175175339,-0.013432647697483287
2088,training,0.0008198091527447104,4.3361447751522064e-05,0.014115099970278596,14.078062669650809,0.6601473568444491,-0.013692905324556194
2089,training,0.0009485244518145919,0.012751433998346329,0.018848725418366546,14.158033528086884,0.6591903109581393,-0.009112655451439302
2090,training,0.0012498614378273487,0.014035004191100597,0.018848725418366546,14.277909881944947,0.6582123475700302,-0.008144433901799286
2091,training,0.0018057196866720915,0.007554205134510994,0.01743612798675885,14.357867359881624,0.6575082761872695,-0.009273263111588867
2092,training,0.0006662096129730344,0.00750328414142132,0.01743612798675885,14.497620065413008,0.6562121409464484,-0.009812280988261344
2093,training,0.0005294583388604224,0.00651633832603693,0.016243254496239142,14.597483736788531,0.6554984659033055,-0.00391089916019338
2094,training,0.000977967749349773,0.004069468821398914,0.016243254496239142,14.697424782297539,0.6551699704852614,-0.0033265277450463676
2095,training,0.0008490378968417645,0.004641211591660976,0.016243254496239142,14.8173045432747,0.6547080646690185,-0.0044699163149125335
2096,training,0.0011305833468213677,0.0018721362575888634,0.018927476570739215,14.937212565598688,0.6541417446139149,-0.005276407896484131
2097,training,0.0006643845699727535,0.0004321392625570297,0.02414300259676395,15.037139387947278,0.6536178001047573,-0.005711999227514881
2098,training,0.0003915611596312374,0.05190214887261391,0.02414300259676395,15.117088577008964,0.6532617540430521,-0.0030966262504665202
2099,training,0.0014473097398877144,0.03185912314802408,0.02414300259676395,15.216889328192574,0.6539325559393527,0.019991337072709954
2100,training,0.000999809941276908,0.02991069946438074,0.028568479464322935,15.336581181852418,0.6577437114489637,0.04306821841464554
2101,training,0.0015194062143564224,0.00939781405031681,0.028568479464322935,15.436380096673854,0.6625994437576136,0.05267864976573935
2102,training,0.0015894847456365824,0.00893036276102066,0.028170816509052052,15.51634526931152,0.6668558485559705,0.05394508467652149
2103,training,0.0008117213728837669,0.06333224475383759,0.028170816509052052,15.61608883259374,0.6727720196913164,0.06651345809781516
2104,training,0.0010398959275335073,0.024420343339443207,0.028170816509052052,15.695843363632713,0.6781857384009451,0.06767739182543292
2105,training,0.0011796167818829417,0.044978123158216476,0.014979308632495686,15.775552263073163,0.6835603973968383,0.06596017537301974
2106,training,0.00129887240473181,0.03135156072676182,0.014979308632495686,15.875571640705733,0.6889713180331861,0.03817487990436108
2107,training,0.0009128465899266303,0.023780442774295807,0.010826457467989084,15.955685010984208,0.6911153798801033,0.015622395845541035
2108,training,0.0011892674956470728,0.022845654748380184,0.010826457467989084,16.055679028485276,0.6921248478711929,0.009827372034993447
2109,training,0.0004653852083720267,0.025412430986762047,0.0049975066180973785,16.1556177987057,0.693353050221037,0.015969369172575017
2110,training,0.000524421688169241,0.007616844959557056,0.0049975066180973785,16.23561119933354,0.6948021446328787,0.021014922824824055
2111,training,0.0007782304310239851,0.002570646815001963,0.0049975066180973785,16.33552745946512,0.6970018163222343,0.02250924222179772
2112,training,0.0008077345555648208,0.0020862463861703907,0.007529193859447,16.435486357412067,0.6991510382065623,0.019672470576384722
2113,training,0.00023097224766388535,0.0700408834964037,0.007529193859447,16.51544889740581,0.7005165532434582,0.013049041944386027
2114,training,0.0007799779996275902,0.015700656455010176,0.009093858774749781,16.615526992032674,0.700887641633909,-0.0077473230326171524
2115,training,0.0008600940927863121,0.032381078228354454,0.009093858774749781,16.71550273643802,0.699698241275001,-0.014543723521461781
2116,training,0.00038207645411603153,0.021983559243381023,0.012184482020672965,16.815465633285168,0.6976751397659776,-0.028967151886091058
2117,training,0.0019281290005892515,0.01720072329044342,0.012184482020672965,16.895366461108324,0.6949964512519498,-0.03726690762318257
2118,training,0.0004535996704362333,0.007883351761847734,0.012184482020672965,17.01518656208997,0.6900902846226161,-0.04482992873874552
2119,training,0.0012811251217499375,0.014947937801480293,0.007783985276187848,17.095014486759506,0.6864182496197376,-0.04749390575529834
2120,training,0.0003596924361772835,0.006951377261430024,0.007783985276187848,17.194765396924222,0.6817790598245113,-0.04512788454225601
2121,training,0.0015430172206833959,0.004643769934773445,0.012546266704219955,17.274689389790428,0.6782240138591775,-0.04313628259641367
2122,training,0.002156898844987154,0.0025363583117723465,0.012546266704219955,17.374431441507156,0.6741882393841896,-0.03564498031058766
2123,training,0.0006634632591158152,0.007635964080691338,0.012546266704219955,17.474211777466113,0.6710632715147727,-0.026612687621674142
2124,training,0.0009534452110528946,0.01131531409919262,0.006303757697111576,17.554008048906766,0.669102545576526,-0.023413267715093472
2125,training,0.0011624565813690424,0.0046908194199204445,0.006303757697111576,17.633770058302915,0.667492230955082,-0.018066770582726738
2126,training,0.0003193094162270427,0.0031846705824136734,0.006303757697111576,17.73362640173431,0.6657878586220612,-0.01772938698282333
2127,training,0.0005110984784550965,0.016016650944948196,0.011268616037241235,17.81353629858138,0.6643753551172223,-0.018108845154035224
2128,training,0.0013626955915242434,0.008767889812588693,0.011268616037241235,17.913415072287957,0.6625373858084517,-0.01883629590446361
2129,training,0.00024725624825805426,0.009196164552122355,0.011538178476749516,17.993413005930535,0.6611787629083157,-0.014040039699504452
2130,training,0.0008976692333817482,0.0032000960782170296,0.011538178476749516,18.113191433565234,0.6597437638549932,-0.010575684512528861
2131,training,0.0001693266094662249,0.005094811785966158,0.011538178476749516,18.19316652847952,0.6588634179588655,-0.01131940056178309
2132,training,0.0004868420073762536,0.005326737649738789,0.021055233994971622,18.29302899573712,0.6577933344660077,-0.010078896328347464
2133,training,0.004805040545761585,0.006271271035075188,0.021055233994971622,18.392884594283338,0.6570300470203835,-0.005609780774618181
2134,training,0.0016137450002133846,0.011056472547352314,0.025359984692396597,18.472729907095463,0.6566435444288975,-0.005486095969470721
2135,training,0.0005315656308084726,0.01384540181607008,0.025359984692396597,18.612747796206918,0.6558744880920613,-0.00577338843097352
2136,training,0.0010171562898904085,0.011506905779242517,0.012682748863757884,18.73260880822323,0.655157345157107,-0.00614603913471161
2137,training,0.0008970330818556249,0.024324389174580574,0.012682748863757884,18.812586556802966,0.6547648443124396,-0.0031300647280333004
2138,training,0.0036170901730656624,0.026398107409477234,0.007257670791482909,18.91253183721744,0.6545525371354003,-0.002589066331772988
2139,training,0.002897460712119937,0.004709105007350445,0.007257670791482909,19.012461403341497,0.6543089196503732,-0.00308322045807211
2140,training,0.0008206454804167151,0.005468468589242548,0.011843935986831425,19.152316532772886,0.6538966354801334,-0.0032886981101597776
2141,training,0.006210764870047569,0.0027739712968468666,0.011843935986831425,19.23236206587925,0.6535922505373201,-0.004210716049395462
2142,training,0.0011740141781046987,0.02223256742581725,0.018079301295878678,19.33230258489746,0.6531509580915459,-0.004914444788554091
2143,training,0.0003919391892850399,0.023179732263088226,0.018079301295878678,19.45216835663344,0.6527253454055149,-0.0019315611953094904
2144,training,0.00043092621490359306,0.027902528643608093,0.018079301295878678,19.532104265585,0.652573648853495,-0.0023012586609254277
2145,training,0.0011825126130133867,0.03544572368264198,0.010549286137315712,19.652056491802682,0.6523176590052501,-0.00233000970463833
2146,training,0.0004026915703434497,0.028227277100086212,0.010549286137315712,19.75200281866193,0.6520567318202416,-0.0029179880868747524
2147,training,0.0010526119731366634,0.023346520960330963,0.0037333026836923306,19.831888611232138,0.6518175876698826,-0.0037280164658255225
2148,training,0.001363513758406043,0.02336631342768669,0.0037333026836923306,19.911765032512623,0.6515477433599691,-0.003944157728412473
2149,training,0.002284448128193617,0.03215474262833595,0.010286129480921809,20.031737569655,0.6510691203703836,-0.004657229556468715
2150,training,0.0019188583828508854,0.05715656280517578,0.010286129480921809,20.13166096683671,0.6506225880711007,-0.005088967876951346
2151,training,0.0015463543822988868,0.00012960657477378845,0.010286129480921809,20.211572871731516,0.6502346787703654,-0.005247965080237763
2152,training,0.0012155927252024412,0.0004474893212318559,0.004093994166611896,20.291714863107867,0.649051020275088,-0.025974716527663772
2153,training,0.000842777022626251,0.009832739830017097,0.004093994166611896,20.41170759172075,0.6436090598644983,-0.06483778247194255
2154,training,0.002595981815829873,0.013847730122506618,0.008693877189264839,20.53138475107948,0.634342923827644,-0.08880644988156124
2155,training,0.00016525678802281618,0.016061224043369293,0.008693877189264839,20.65081270004023,0.6235463621711084,-0.08958704251098294
2156,training,0.00097623560577631,0.009355857037007812,0.011939020577743585,20.750273089066646,0.6146827461588542,-0.08991122149868377
2157,training,0.0003823736624326557,0.02429520431905985,0.011939020577743585,20.82979127273776,0.6077917168116738,-0.0832358757171126
2158,training,0.00046408461639657617,0.0024839285761117935,0.007655637289673986,20.969200611518676,0.5967960675750896,-0.07537251362451063
2159,training,0.001198005280457437,2.2212043404579163e-05,0.007655637289673986,21.068759639554177,0.5897243830929925,-0.06751080226094461
2160,training,0.00034846243215724826,0.01791937556117773,0.007655637289673986,21.168362827502705,0.5835081112269365,-0.05824233691511523
2161,training,0.0006546326912939548,0.0046483781188726425,0.006125642552188318,21.228126770166334,0.5802561846228175,-0.051145733000313005
2162,training,0.0009500571177341044,0.011532651260495184,0.006125642552188318,21.347763691744944,0.5747102192713048,-0.04234501787879472
2163,training,0.0009202953660860658,0.007963813841342926,0.01695798714787944,21.427665490187387,0.5715361302539365,-0.036901964562137235
2164,training,0.00037474476266652346,0.03934379294514656,0.01695798714787944,21.547312656320095,0.5676391071881223,-0.027460973946864812
2165,training,0.0001334877306362614,0.09114987775683403,0.01695798714787944,21.62722943039326,0.5662565268509512,-0.0045757932150076045
2166,training,0.0002845783019438386,0.0004414841532707145,0.019036054470722437,21.707054360686904,0.5667557499596619,0.017112322557577955
2167,training,0.0007248664041981101,0.016497600357979536,0.019036054470722437,21.826837228833856,0.5702185419388581,0.03914801844842397
2168,training,0.00018818528042174876,0.02120939176529646,0.011021428864706197,21.906682889594734,0.5735598643882809,0.04314010121662255
2169,training,0.00032602064311504364,0.011369842104613781,0.011021428864706197,22.006481572336927,0.5782290253211049,0.05063242164921434
2170,training,0.0004125985433347523,0.0017021968960762007,0.011021428864706197,22.086265609347247,0.5823619068731526,0.05206142856763911
2171,training,0.0006715704221278429,0.006517508998513222,0.007645392662753141,22.186135586438795,0.5874333570660384,0.04908627079583134
2172,training,0.0006790700135752559,0.027752873487770554,0.007645392662753141,22.30607935279443,0.5928840892693855,0.04078620292436246
2173,training,0.0009253522148355842,0.000638231635093682,0.01720707409433672,22.40605811224983,0.5964487946566922,0.02959598511538927
2174,training,0.0013709390768781304,0.02395673282444477,0.01720707409433672,22.50585609608054,0.5999828800423755,0.0433943799883664
2175,training,0.0008184651378542185,0.014188326895236969,0.03321189994761957,22.625645908102694,0.6060905635228879,0.05811724812139907
2176,training,0.000906155037228018,0.03904589684680104,0.03321189994761957,22.725203320247434,0.6130539901583948,0.08194940660561548
2177,training,0.001234478666447103,0.008661296218633652,0.03321189994761957,22.804806572821924,0.6198354036819798,0.08659670812279813
2178,training,0.0006060519372113049,0.03498604893684387,0.035898456447603706,22.924440474216603,0.629832789719886,0.07860785121841163
2179,training,0.0008676956640556455,0.05643627792596817,0.035898456447603706,23.00423658936694,0.6357632377558242,0.06962777352635516
2180,training,0.0017264271154999733,0.02915430348366499,0.022539899345464225,23.1241130988028,0.6430963611909226,0.05185641530633355
2181,training,0.00046618428314104676,0.004860355518758299,0.022539899345464225,23.22406778101654,0.6476718064084646,0.04002734976780719
2182,training,0.00019703451835084707,0.005800919607281681,0.017219226596920136,23.304047199785526,0.6506501219689461,0.034692295874002015
2183,training,0.0006396247772499919,0.03308724798262119,0.017219226596920136,23.38412241098196,0.6531291324513128,0.027586474149752554
2184,training,0.0005084241274744272,0.054220851510763175,0.017219226596920136,23.46414373204485,0.6549254739432648,0.016986342463284666
2185,training,0.0038671595975756645,0.0009934678673744202,0.020138583917706083,23.564261457770534,0.6556827906716015,-0.005365068423858608
2186,training,0.002024496905505657,0.006408844608813525,0.020138583917706083,23.66418151527155,0.6549559943350375,-0.008120500945771538
2187,training,0.0009912113891914487,0.0009578699246048945,0.02533163971246564,23.76405949278017,0.6542626455665971,-0.006381244820816377
2188,training,0.00122149009257555,0.005638647824525833,0.02533163971246564,23.883991016468713,0.6538548513918844,-0.0007440349823317017
2189,training,0.00046901701716706157,0.003639921545982361,0.02363777131572646,24.00394451273788,0.6538944100026942,0.00043245192580502074
2190,training,0.000813233433291316,0.0023737195879220963,0.02363777131572646,24.103911560046893,0.6539131371613367,0.00017614298945596379
2191,training,0.0002624976041261107,0.032670972403138876,0.015105025616230033,24.20387235359523,0.6539165661454851,-9.77415320806209e-05
2192,training,0.002461779396981001,0.03340432047843933,0.015105025616230033,24.323768870342242,0.6538263049464343,-0.001671420011299073
2193,training,0.0006990281981416047,0.05841556936502457,0.01478403643356786,24.423746432503638,0.6536008200283284,-0.0023108934296636407
2194,training,0.000631180009804666,0.04299093782901764,0.01478403643356786,24.523711949729122,0.6533256087398808,-0.0027712257257835175
2195,training,0.0006751046748831868,0.044918157160282135,0.01478403643356786,24.603657850190984,0.6530664663194632,-0.0037928500436916605
2196,training,0.002591522177681327,0.021048400551080704,0.01730016819590553,24.72361323120411,0.6526239883593712,-0.003937936525596416
2197,training,0.0023907346185296774,0.014050275087356567,0.01730016819590553,24.82325300567974,0.6532302739017275,0.019426222788258108
2198,training,0.0005635481211356819,0.08234966918826103,0.017687340283102045,24.922771302438864,0.6574185143776037,0.06542519046837494
2199,training,0.0012754941126331687,0.08292592316865921,0.017687340283102045,25.022206752410757,0.6654599022881403,0.09421749950551915
2200,training,0.0003667533164843917,0.022546306252479553,0.005130293591704658,25.141057088926505,0.6792276380232743,0.13826781362484597
2201,training,0.0010663192952051759,0.004530765116214752,0.005130293591704658,25.23918132083996,0.6954907666518648,0.19212089262427698
2202,training,0.0012792599154636264,0.0004968568682670732,0.027267588317812817,25.336073179880884,0.7175019238135963,0.2543069832218355
2203,training,0.0007680634735152125,0.03812085837125778,0.027267588317812817,25.412675636012192,0.7391556015945576,0.29640481975316857
2204,training,0.0019627176225185394,0.04628181457519531,0.027267588317812817,25.50656632495213,0.771569351075481,0.37175901945363093
2205,training,0.000656760879792273,0.052947476506233215,0.060647198215161215,25.614689925186024,0.8210134850915515,0.4918905363378263
2206,training,0.001091990270651877,0.15085457265377045,0.060647198215161215,25.73262039699763,0.8942998485485563,0.6171763120141837
2207,training,0.0005176633130759001,0.2064550146460533,0.06840280784801724,25.83954833398056,0.9822433326538768,0.7646548951671162
2208,training,0.0013435351429507136,0.2340255007147789,0.06840280784801724,25.894288022369413,1.0395869248861915,0.8536820719115703
2209,training,0.00042402464896440506,0.116856575012207,0.08233653001853458,25.965197122470663,1.134553676626486,1.0095960455986515
2210,training,0.0009359886171296239,0.06292749196290967,0.11155305840034686,26.030673408543187,1.2568567118544447,1.143987551510593
2211,training,0.0013235346414148808,0.1447257474064827,0.11155305840034686,26.07509509795482,1.3675221934844823,1.231783712338082
2212,training,0.0006815835367888212,0.022147282958030687,0.09468298716151125,26.109211998040614,1.4816625629926325,1.3308561095730398
2213,training,0.0006009324570186436,0.016766916960477822,0.09468298716151125,26.13484982597519,1.598418999218083,1.3745138956168235
2214,training,0.000753530184738338,0.015835061669349657,0.0877890446098474,26.159583142609765,1.7358444422719144,1.409062755233889
2215,training,0.0010035608429461718,0.01844754070043564,0.0877890446098474,26.175789842568403,1.8544436298173466,1.4642317119611457
2216,training,0.00031420300365425646,0.012503936886787415,0.07390884362077389,26.184377662213162,1.9537732730705752,1.5028130712679502
2217,training,0.000832787889521569,0.047780245542526245,0.07390884362077389,26.188404189344332,2.073070714701684,1.579064972568311
2218,training,0.002219878137111664,0.03420773893594742,0.067855896885281,26.183841775075127,2.1722039540365468,1.654489903581971
2219,training,0.0006470282678492367,0.009783148765563965,0.067855896885281,26.169178089952037,2.290635308591924,1.7327306656391575
2220,training,0.00033398461528122425,0.07589915581047535,0.08558800086225034,26.151146322907188,2.3885960850379377,1.7695976659659656
2221,training,0.0007771870004944503,0.07166568934917449,0.08558800086225034,26.129282043296808,2.485719779335781,1.8179028894369909
2222,training,0.0005124923773109913,0.012075543403625488,0.08558800086225034,26.102361380587446,2.5815825743138245,1.87240905260847
2223,training,0.0017010187730193138,0.0349016971886158,0.08384950286373352,26.050178942543646,2.7324976786049837,1.9311046198357724
2224,training,0.004581376910209656,0.02198109216988087,0.047021887205650995,26.00672755073044,2.8439441682720767,1.9500842150128965
2225,training,0.0023930601309984922,0.0036776792258024216,0.047021887205650995,25.96917911169333,2.93648637222137,1.9611490941088432
2226,training,0.0009249466238543391,0.01540402788668871,0.047021887205650995,25.930650698024152,3.028589086617486,1.971290610605226
2227,training,0.0008144102757796645,0.01187985623255372,0.019845003407890954,25.891542700987557,3.1204557748467883,1.9727403913240416
2228,training,0.0004470942367333919,0.020797377452254295,0.019845003407890954,25.852302459691913,3.212297393602395,1.9754382116103242
2229,training,0.000692503759637475,0.008991710841655738,0.01533303830311637,25.812366992278847,3.303723751796565,1.9916853451688539
2230,training,0.0011921292170882225,0.040608908981084824,0.01533303830311637,25.753284615735154,3.4301674059772327,2.0242349547259093
2231,training,0.0010085180401802063,0.010417543351650238,0.0214792526405058,25.700097113202066,3.5374697458369755,2.0363941076823595
2232,training,0.00042187224607914686,0.010706536471843706,0.0214792526405058,25.63562751313499,3.6611803895730337,2.069938863527816
2233,training,0.00048722527571953833,0.018327325582504272,0.032633550847176986,25.57637908284953,3.7650225713960097,2.1096309873879853
2234,training,0.0005816664197482169,0.01342742890119552,0.032633550847176986,25.52351713957332,3.8494019162459745,2.15230528231785
2235,training,0.0003733010671567172,0.020508788526058197,0.028588575836222783,25.45581635848193,3.9480896645716275,2.1907556042583196
2236,training,0.000612173113040626,0.01219696644693613,0.028588575836222783,25.39653956201691,4.028270575772541,2.224559471773839
2237,training,0.0010927816620096564,0.011103441007435322,0.028588575836222783,25.347535124982144,4.091330238391058,2.2370272595087983
2238,training,0.0001984939881367609,0.05158645007759332,0.01651074968014559,25.285569076251267,4.169733513451403,2.2400696211993827
2239,training,0.00035521763493306935,0.015281060710549355,0.01651074968014559,25.21017214787031,4.262737852534291,2.2698100128760306
2240,training,0.0006563549395650625,0.026107268407940865,0.01651074968014559,25.145838416691394,4.338350109125739,2.274409548092891
2241,training,0.0006526809884235263,0.03694649040699005,0.004914926602162684,25.068538075764238,4.430131234414557,2.265682517643062
2242,training,0.0007585710263811052,0.021084934473037723,0.004914926602162684,24.992278493481553,4.521117268199025,2.272845620370955
2243,training,0.0005091786733828485,0.007926508784294128,0.010118466899570714,24.902507721759825,4.6287192870796625,2.25733923717299
2244,training,0.0014082633424550295,0.008055729791522033,0.010118466899570714,24.83985610406878,4.706842648653253,2.234184587831534
2245,training,0.0008133851224556565,0.03532891906797886,0.03404820123593044,24.743232290992363,4.834376795634813,2.2055131808591786
2246,training,0.0007990768062882125,0.012627391144633293,0.03404820123593044,24.68445958001772,4.915303505579297,2.1922193765206086
2247,training,0.001179065671749413,0.013713909313082695,0.045244182203840536,24.61515636109238,5.013335540679742,2.1801041443548925
2248,training,0.002119235461577773,0.024733475409448147,0.045244182203840536,24.558191783817243,5.095472649201953,2.1736743917857257
2249,training,0.0003723796980921179,0.02701329067349434,0.045244182203840536,24.51277687263079,5.161137326781917,2.1803671566206506
2250,training,0.00037330813938751817,0.028461728245019913,0.012403023966890843,24.454832595399555,5.242366921819508,2.202396090169404
2251,training,0.00096233090152964,0.018531568348407752,0.012403023966890843,24.40699141991182,5.306348958550699,2.224286748776848
2252,training,0.00038442577351816,0.07229407969862223,0.012403023966890843,24.345490171475483,5.3849969839067,2.2439203718125045
2253,training,0.0018119221786037087,0.031713340431451804,0.01915955704923437,24.28278784193505,5.462770136042486,2.252686085435076
2254,training,0.00016711564967408776,0.023364871740341187,0.01915955704923437,24.206191101187148,5.554715404735436,2.2807867690780617
2255,training,0.001940844813361764,0.02841915935277939,0.01915955704923437,24.140392814566,5.629793432431655,2.2978478602798713
2256,training,0.000689153210259974,0.007615529000759125,0.021212323669727712,24.086373900135992,5.688480220010151,2.3335211145822
2257,training,0.00332813011482358,0.05995292589068413,0.021212323669727712,24.030418788174977,5.745118519163862,2.365237270207843
2258,training,0.0016840826719999313,0.049262706190347665,0.021212323669727712,23.95844441933767,5.814131533582485,2.387144683628261
2259,training,0.0005742665962316096,0.012766640633344643,0.021403534555500654,23.8702343387612,5.894875418501332,2.414885257149005
2260,training,0.0024153804406523705,0.0755795193836093,0.021403534555500654,23.794912579872136,5.960156450388253,2.4399734824585595
2261,training,0.0008632242679595947,0.019797399640083313,0.021403534555500654,23.717896524982574,6.023387096283681,2.4694222808275135
2262,training,0.0002940134145319462,0.09551597386598587,0.028089139939441926,23.639159041406785,6.084573844709213,2.4914538404478206
2263,training,0.0011129524791613221,0.07329481095075607,0.028089139939441926,23.57529009377134,6.1326511140853155,2.5014744376549065
2264,training,0.001274369191378355,0.06366314738988875,0.028089139939441926,23.47919359344921,6.204064820759403,2.5024216873535776
2265,training,0.0007787948125042021,0.03652421385049821,0.0695125439381977,23.364993445669253,6.283940481425276,2.5650562772480177
2266,training,0.0002560136199463159,0.0034820735454559257,0.0695125439381977,23.26264832084968,6.345645189068394,2.634959743488043
2267,training,0.0007394343265332282,0.019203174393624067,0.06563652029077272,23.156744566138027,6.40175380397376,2.668489438874359
2268,training,0.0003235438489355147,0.023405222687870264,0.06563652029077272,23.067653784708455,6.446738860493495,2.6760575433950793
2269,training,0.0015934919938445091,0.012574467808008194,0.0401056106891792,22.97842320505696,6.49162531706845,2.6742980315093914
2270,training,0.0006239279173314571,0.01542086061090231,0.0401056106891792,22.889561655612823,6.537578742626592,2.6535169133842644
2271,training,0.000823682697955519,0.005170587450265881,0.026425986323941584,22.78399748976909,6.594569981679228,2.6408707038652497
2272,training,0.0015015072422102094,0.060791488736867905,0.026425986323941584,22.69651554084392,6.643068793327945,2.6291146355249144
2273,training,0.0006307874573394656,0.00685189850628376,0.026425986323941584,22.626880479300425,6.682155668150524,2.6333824163359845
2274,training,0.0026360927149653435,0.023687362670898438,0.02521436780945476,22.557165905453658,6.72127325210554,2.6257229181659136
2275,training,0.0004711543442681432,0.06036455649882555,0.02521436780945476,22.47026861602921,6.770653836384206,2.6246515891335873
2276,training,0.0008566870237700641,0.0014276087749749418,0.019619168866796575,22.365397224765346,6.828459559679873,2.6552917400445293
2277,training,0.0010660677216947079,0.004821556620299813,0.019619168866796575,22.294653061437604,6.865608372830506,2.6586194888006203
2278,training,0.005517966113984585,0.0067094918340444565,0.019619168866796575,22.188637305383537,6.921750092455981,2.649466728137265
2279,training,0.0005294836009852588,0.051012273877859116,0.016210077566526013,22.118271464332313,6.959859244903376,2.640411864639662
2280,training,0.0007795373094268143,0.023138805292546746,0.016210077566526013,22.030474611214235,7.007481395292826,2.651823521508852
2281,training,0.0006152598070912063,0.04898567218333483,0.0025923886570817767,21.924404713133562,7.063158798457802,2.6637626881889003
2282,training,0.0007896110764704645,0.008037339895963669,0.0025923886570817767,21.853436228251976,7.100239753292387,2.6520670165840645
2283,training,0.0008846757700666785,0.03859625943005085,0.005624298013837308,21.748073126332265,7.157621922302442,2.6337422036298506
2284,training,0.000640949176158756,0.004174502100795507,0.005624298013837308,21.678018754386084,7.1962499933182125,2.641473208382043
2285,training,0.0010410068789497018,0.023553108796477318,0.005624298013837308,21.607807520785403,7.234593231806334,2.64044881619577
2286,training,0.00039176963036879897,0.030860161408782005,0.006658655512568115,21.5378492761497,7.273109518629634,2.635792854562819
2287,training,0.0015547346556559205,0.04163331352174282,0.006658655512568115,21.46803854337181,7.312097573458899,2.6282293393251672
2288,training,0.0016245732549577951,0.03397895395755768,0.006658655512568115,21.363744861446847,7.371432046246956,2.621194856958095
2289,training,0.0007522840751335025,0.008961548563092947,0.009678126973790084,21.294336458350227,7.411022739611628,2.6262318711775863
2290,training,0.0005898202653042972,0.011562585830688477,0.009678126973790084,21.224633050904725,7.45030530138068,2.6295531425986574
2291,training,0.0010318432468920946,0.016866392455995083,0.009678126973790084,21.137247064624933,7.498692500818081,2.6438515690745406
2292,training,0.0010472382418811321,0.0011765835806727444,0.007343148441719569,21.049414902474613,7.546387753527869,2.641422088631117
2293,training,0.005500629544258118,0.014255731366574764,0.007343148441719569,20.961606699022727,7.594035097035487,2.647390984110954
2294,training,0.00031540292548015714,0.016602843068540096,0.019012787841792184,20.8912452913717,7.631876683597979,2.648220968352567
2295,training,0.0007449463591910899,0.008830782026052468,0.019012787841792184,20.820902200073938,7.669659255206924,2.650219035299553
2296,training,0.0009652590961195529,0.06108638737350702,0.009847143915453672,20.69698858658919,7.734500019159777,2.671251268968375
2297,training,0.0008340430213138461,0.027929207310080528,0.009847143915453672,20.57268007287405,7.798625737211844,2.6499336643585636
2298,training,0.0005159972934052348,0.018914056941866875,0.01248862048053445,20.467081448386917,7.855409337535323,2.647889747177793
2299,training,0.0004910868592560291,0.015427133068442346,0.01248862048053445,20.378932204761313,7.9023473169337235,2.658201462875457
2300,training,0.0008764792000874877,0.03454187884926796,0.01248862048053445,20.290506077666997,7.948945069783246,2.653057457360621
2301,training,0.0011514570796862245,0.04761550389230251,0.003347723150121605,20.237471912029275,7.977278136798601,2.6479407084709754
2302,training,0.0008313855505548418,0.014264212921261787,0.003347723150121605,20.14970060603002,8.02525450380937,2.633661908103546
2303,training,0.0007592332549393177,0.028838615864515305,0.01619529458783092,20.044925111840755,8.083602769904733,2.6358580830591656
2304,training,0.005798333324491978,0.022446014918386936,0.01619529458783092,19.92210869170779,8.15004480571697,2.6564416073485235
2305,training,0.000908924441318959,0.006662430241703984,0.014557784974054385,19.833549042291196,8.196221402884241,2.663304548484033
2306,training,0.0007162534748204052,0.023825442418456078,0.014557784974054385,19.76241662011629,8.232734164938485,2.670982094653871
2307,training,0.0005607822095043957,0.003260514698922634,0.014557784974054385,19.67318799156514,8.277558050197745,2.679363838339705
2308,training,0.0010632886551320553,0.03802423179149628,0.02099993773109321,19.58367753700727,8.321860184591358,2.68141318892876
2309,training,0.0008759094635024667,0.011463550850749016,0.02099993773109321,19.512033761871727,8.357317461782905,2.6821325378256153
2310,training,0.002375219017267227,0.028613834641873837,0.015139795824508202,19.422537003653083,8.401658105876628,2.681783631650313
2311,training,0.0005728845135308802,0.01293810922652483,0.015139795824508202,19.315229657237666,8.45510047831483,2.676376146199289
2312,training,0.0007639198447577655,0.030576432123780247,0.015139795824508202,19.2437594507728,8.490815728211537,2.68180918855829
2313,training,0.0004007748793810606,0.0023398334160447103,0.013613282671941548,19.154099730770543,8.534581064079134,2.694926163074964
2314,training,0.0023712560068815947,0.009056701324880123,0.013613282671941548,19.045916842837013,8.586407095727727,2.6925929885674442
2315,training,0.0004676992248278111,0.01973331579938531,0.012905168934186211,18.95604838700827,8.63008506900086,2.6861847698447585
2316,training,0.002774927532300353,0.021873915567994118,0.012905168934186211,18.902372154571054,8.65647028546695,2.6842650373824495
2317,training,0.0007138100336305797,0.0013928748667240073,0.012905168934186211,18.81270509398719,8.700440579252362,2.687633468927293
2318,training,0.0014090710319578648,0.028501592576503747,0.0037448453561125523,18.70461627539743,8.751977199134291,2.7066079721944694
2319,training,0.0010634734062477946,0.003835604526102543,0.0037448453561125523,18.595435103861533,8.801109238296249,2.7328294582405523
2320,training,0.0010454539442434907,0.03393975459039211,0.01217968248710031,18.50363501835979,8.840374899973368,2.7406375949465525
2321,training,0.0009236042387783527,0.03601207584142684,0.01217968248710031,18.393232886490775,8.886929283677565,2.744977026830866
2322,training,0.0009991801343858242,0.019323639571666718,0.0076381195168175875,18.3195081513383,8.917468192537486,2.7564760566184505
2323,training,0.0005142816225998104,0.04894743859767914,0.0076381195168175875,18.24535712065672,8.946807948059865,2.774239989908877
2324,training,0.001660700305365026,0.03184491768479347,0.0076381195168175875,18.170694980699327,8.975065325946455,2.779596394526084
2325,training,0.0006916690617799759,0.06328675709664822,0.012495877295061972,18.095963072464063,9.003110232954473,2.7856565061248646
2326,training,0.0003788511676248163,0.03349932283163072,0.012495877295061972,18.020962236343287,9.030775343502272,2.7914033717838356
2327,training,0.0025542734656482935,0.0243961736559868,0.012495877295061972,17.9270148968269,9.062994820794698,2.834672170120091
2328,training,0.0017717273440212011,0.052059272304177284,0.01492303582446669,17.8506107392891,9.085708660090024,2.8709607210061754
2329,training,0.0009757754160091281,0.05079742148518562,0.01492303582446669,17.75405898806578,9.111186469649006,2.8886020518280997
2330,training,0.00023246950877364725,0.02168641984462738,0.01492303582446669,17.67675840558265,9.131083310317061,2.889168675739341
2331,training,0.0009710470330901444,0.042923614382743835,0.00966083191710501,17.580020171356743,9.156021172415075,2.888784924132847
2332,training,0.0004425367806106806,2.468004822731018e-08,0.00966083191710501,17.5026720782633,9.176455629977252,2.874714077430435
2333,training,0.0008134552626870573,0.07294358685612679,0.013912578016067224,17.40638207351655,9.203180288517007,2.8691500539847694
2334,training,0.0007014269940555096,0.03028322523459792,0.013912578016067224,17.32933280159962,9.22514031563427,2.8581241384650404
2335,training,0.0009051105589605868,0.005757078528404236,0.013912578016067224,17.23353175342793,9.253341931561296,2.8546443223541855
2336,training,0.001340577844530344,0.030484301038086414,0.017715795124058232,17.156944578488268,9.275540006245514,2.8666035895472404
2337,training,0.0005104955052956939,0.03763674385845661,0.017715795124058232,17.080048502355112,9.296675581363539,2.878473079040598
2338,training,0.0001313821121584624,0.036986916325986385,0.017715795124058232,16.983484826238385,9.322126795502822,2.88792137974092
2339,training,0.000720484065823257,0.011772721540182829,0.034115521861357696,16.88669463234659,9.346655166341456,2.8987338803885816
2340,training,0.00040941371116787195,0.05852082744240761,0.034115521861357696,16.809090142962937,9.365919254940547,2.8972004207316955
2341,training,0.0017108817119151354,0.032845064997673035,0.025767889224852302,16.73143184785834,9.38574711523109,2.8849674203865234
2342,training,0.0009734499617479742,0.0328999450430274,0.025767889224852302,16.634815375379578,9.41113223949744,2.8866943878623585
2343,training,0.0016637986991554499,0.06476833019405603,0.01758328719715686,16.499649354401253,9.446621927635066,2.881270344901876
2344,training,0.0004955038893967867,0.06763422675430775,0.01758328719715686,16.422334776936804,9.467095636568846,2.8848913059712507
2345,training,0.005350955296307802,0.026074379216879606,0.01758328719715686,16.344876007503476,9.48713302708829,2.893001428168058
2346,training,0.0004917532787658274,0.019039869308471676,0.024523735804899183,16.2479935899248,9.511589385705395,2.8936241023980864
2347,training,0.0013467054814100266,0.039907257072627544,0.024523735804899183,16.170604550002533,9.530917358436437,2.9004405473721566
2348,training,0.0005084160366095603,0.061233505606651306,0.024523735804899183,16.05392769560331,9.558666436825739,2.916047607059309
2349,training,0.00042796082561835647,0.014626458287239075,0.013241476601537069,15.936898014387033,9.585178156375402,2.9190409441501757
2350,training,0.0004507088742684573,0.016211651265621185,0.010773484836745593,15.800677215019034,9.616911531027913,2.9039342331362303
2351,training,0.0006672721938230097,0.04325511306524276,0.010773484836745593,15.722922045299574,9.636315059973924,2.8895469523895834
2352,training,0.00032907305285334587,0.01797686517238617,0.010773484836745593,15.645531231152027,9.657078744133258,2.8676231339781153
2353,training,0.0002251703990623355,0.027975255623459816,0.037762450095552284,15.56880306216299,9.679369236914603,2.8507025184232093
2354,training,0.0009089004015550017,0.07723461836576462,0.037762450095552284,15.492378048469865,9.70277519736164,2.8376258978045277
2355,training,0.00031294848304241896,0.06123020499944687,0.037762450095552284,15.397206505082657,9.733252895836989,2.826252321718684
2356,training,0.0005733750876970589,0.08234954625368118,0.0732490025153381,15.321184104006704,9.758167369803775,2.825055556209593
2357,training,0.0015936964191496372,0.02243773639202118,0.0732490025153381,15.207853561397533,9.79834548583529,2.7655667273064983
2358,training,0.00027356803184375167,0.01143147423863411,0.0732490025153381,15.133807855289083,9.829087725292716,2.7335957273512688
2359,training,0.0007772344397380948,0.02529437467455864,0.04701094484669919,15.04265398911282,9.870106367110765,2.7074444060036953
2360,training,0.0006314036436378956,0.013313446193933487,0.04701094484669919,14.952434833268889,9.913257917584477,2.683621110289272
2361,training,0.00022223443374969065,0.04353566281497478,0.0247097622585372,14.880891919052047,9.94898282373132,2.6738201380617923
2362,training,0.00045366818085312843,0.018820890225470066,0.0247097622585372,14.80966567763521,9.985628898339357,2.6557238679505017
2363,training,0.0009517412981949747,0.06050453521311282,0.0247097622585372,14.72163404240366,10.03311016274887,2.638802660137884
2364,training,0.0007853007991798222,0.06576507166028024,0.01608699671635398,14.617736621353561,10.093333650028626,2.5902494633528765
2365,training,0.0009170061093755066,0.005343800410628319,0.01608699671635398,14.533569424472777,10.14793333790742,2.5414150585434694
2366,training,0.0019706354942172766,0.02133878879249096,0.02399218231877159,14.435329168845614,10.216740492527638,2.5229223335745377
2367,training,0.00027639640029519796,0.04160778224468231,0.02399218231877159,14.354398505969124,10.275603308512537,2.500375684532432
2368,training,0.0011057197116315365,0.020031623542308807,0.02399218231877159,14.290821954340815,10.324560952253526,2.4689826456933677
2369,training,0.00038106495048850775,0.01231864467263221,0.05496979515795393,14.213678040864355,10.38830646583592,2.4359901285067593
2370,training,0.0007203996647149324,0.029663369059562683,0.05496979515795393,14.123526380470071,10.467603373404717,2.4054814221307597
2371,training,0.0017301602056249976,0.0006614848971366882,0.05496979515795393,14.064921400461936,10.522200815599154,2.378033017081837
2372,training,0.0005861010868102312,0.012601960450410843,0.04120020541434569,14.021887316720429,10.564140775939467,2.359161792174843
2373,training,0.0003499654121696949,0.015273550525307655,0.04120020541434569,13.951926366474845,10.635759566965522,2.329095752789522
2374,training,0.003387071192264557,0.00290433131158352,0.04120020541434569,13.88354075544388,10.708638543204778,2.3195495208800607
2375,training,0.0016997697530314326,0.028096001595258713,0.027061466349635105,13.815695630534941,10.782012308653421,2.3148908016926915
2376,training,0.00035850564017891884,0.009693661704659462,0.027061466349635105,13.761470971381884,10.840586512515271,2.322068596500609
2377,training,0.0008591032237745821,0.018916410394012928,0.027061466349635105,13.70683089037858,10.89875452974881,2.3281487178026685
2378,training,0.0017068670131266117,0.00037047080695628773,0.015572345250245123,13.651722465096663,10.95661477369649,2.3347695668041926
2379,training,0.004604330286383629,0.04910295503214002,0.015572345250245123,13.596213118639096,11.014039822905987,2.342348832979082
2380,training,0.0012254557805135846,0.04840587452054024,0.015572345250245123,13.526578686135764,11.085651746916437,2.3402768920427013
2381,training,0.0011019515804946423,0.033428519964218126,0.019610471976996446,13.456722716438474,11.156896890569552,2.354870689720776
2382,training,0.0008115672972053289,0.01576261967420578,0.019610471976996446,13.399604195073056,11.212461818147375,2.386597261166767
2383,training,0.0012029276695102453,0.0022217929363250732,0.019610471976996446,13.310530580603954,11.29191411448463,2.4412557134012185
2384,training,0.0005008985754102468,0.002387531101703644,0.014801434663987085,13.232803187918547,11.354043508837021,2.4943922541417813
2385,training,0.0012624396476894617,0.019727125763893127,0.014801434663987085,13.135234241663198,11.422868126126836,2.5611700954687704
2386,training,0.00023455129121430218,0.04661241173744202,0.014801434663987085,13.050669019349922,11.475564909428806,2.606422915776614
2387,training,0.0017054337076842785,0.02478279173374176,0.042068422245834736,12.981313384421991,11.514963701062264,2.643689788519588
2388,training,0.0009395403903909028,0.016798987984657274,0.042068422245834736,12.910608535363131,11.551707611476525,2.679442070392986
2389,training,0.0006251888698898256,0.045709710568189635,0.05093787660256946,12.80234469326618,11.602269128453115,2.728128882495499
2390,training,0.0009971053805202246,0.042590945959091187,0.05093787660256946,12.691597471409084,11.647004329154631,2.7858575645928116
2391,training,0.0005204761982895434,0.10010644420981407,0.05093787660256946,12.616576276299433,11.673690047660644,2.8094015685193017
2392,training,0.000744415505323559,0.041499124839901924,0.023548690657199764,12.502908133278716,11.711401896094422,2.8314309746197432
2393,training,0.0005052884225733578,0.040503665804862976,0.023548690657199764,12.4268199478657,11.735310777887907,2.8412350225043275
2394,training,0.0015384468715637922,0.10518897883594036,0.016262374747430582,12.331286704393904,11.764213472009455,2.8544096264012637
2395,training,0.0005555145908147097,0.0028529828414320946,0.016262374747430582,12.235195073529868,11.790663940252854,2.894003045798258
2396,training,0.0009298081859014928,0.03891396522521973,0.016262374747430582,12.157595513114176,11.810304571701087,2.892927588382535
2397,training,0.0005246021901257336,0.04417802579700947,0.007966713622891732,12.079960955696615,11.829748695070473,2.901466078206046
2398,training,0.0008130106143653393,0.01205479260534048,0.007966713622891732,11.98277478269767,11.852434235149655,2.924732759149817
2399,training,0.0033187069930136204,0.007138269022107124,0.013412618301737168,11.90475573716531,11.8691248738612,2.935919912212303
2400,training,0.0011691382387652993,0.034450922161340714,0.013412618301737168,11.80684240805909,11.889333366569538,2.9382793330830626
2401,training,0.0003704729024320841,0.0010902956128120422,0.013412618301737168,11.708982146548609,11.909914287598449,2.9283647155289456
2402,training,0.0025655883364379406,0.0210831705480814,0.02023523597988363,11.650328038837928,11.92263834902803,2.9277878592065245
2403,training,0.0006789892795495689,0.00738470908254385,0.02023523597988363,11.552590775212245,11.943495658378076,2.936895678983692
2404,training,0.0005642888136208057,0.027681606821715832,0.02023523597988363,11.474184036901256,11.959502271959124,2.94309509752349
2405,training,0.0007510167779400945,0.006211055908352137,0.029040311994281556,11.41555328827044,11.971327580897846,2.941082995223906
2406,training,0.0004946604603901505,0.055443921126425266,0.029040311994281556,11.29796969694536,11.99538879943849,2.939156325352226
2407,training,0.000382436002837494,0.022742530331015587,0.009662349065035812,11.180251001844974,12.017829919530925,2.9702309273282554
2408,training,0.0006048547802492976,0.032880404964089394,0.009662349065035812,11.10150924907003,12.031068289319526,2.978489334185607
2409,training,0.0004226044984534383,0.0493545001372695,0.009662349065035812,11.022631086931918,12.043711882979878,2.987432356104312
2410,training,0.0013394325505942106,0.008057963103055957,0.01209820300692244,10.92385709777789,12.057952286306826,3.0107270166794953
2411,training,0.0009194518206641078,0.059905221685767174,0.01209820300692244,10.824770694167116,12.070855171907715,3.0071191458418554
2412,training,0.0003327967133373022,0.10255212336778641,0.01209820300692244,10.745480496984912,12.081816841017952,2.9999939608525974
2413,training,0.001387172844260931,0.07870175689458847,0.00652750695896282,10.646524924689967,12.096812242499494,2.9794140671859273
2414,training,0.0012498258147388697,0.03682746738195419,0.00652750695896282,10.528275847647873,12.117050467837384,2.9648698756705927
2415,training,0.0004636715748347342,0.02763793198391795,0.028100530096522438,10.410281665767858,12.138285808239102,2.9630387605147406
2416,training,0.001550088170915842,0.0455741323530674,0.028100530096522438,10.29226427426922,12.159736121499382,2.959687004592854
2417,training,0.0010546338744461536,0.029835928231477737,0.034915880168453504,10.213597538238664,12.174609502414036,2.9485806377682042
2418,training,0.0014014131156727672,0.05302658677101135,0.034915880168453504,10.135017635744964,12.19032381868754,2.9397830526465096
2419,training,0.0003665268886834383,0.040364883840084076,0.03137181623553943,9.997971554318154,12.217343283517963,2.959222964318274
2420,training,8.12060316093266e-05,0.06256069056689739,0.03137181623553943,9.938836631695372,12.228384212398414,2.9536387056640154
2421,training,0.00099748105276376,0.08378787338733673,0.03137181623553943,9.801558339083051,12.255124151765422,2.944887620494694
2422,training,0.00034212012542411685,0.08882835134863853,0.015297846653193932,9.703537733277843,12.275382178191483,2.9288529016057194
2423,training,0.0009468729258514941,0.022241780534386635,0.015297846653193932,9.605909339388042,12.29771898033703,2.9024267958500944
2424,training,0.0012619997141882777,0.08560896664857864,0.013138224316206088,9.528119197878906,12.316720398719117,2.904718139795244
2425,training,0.0008836123161017895,0.2487634718418122,0.013138224316206088,9.450442385411797,12.33586951768217,2.891280785272446
2426,training,0.0009510776726529002,0.2526470124721527,0.013138224316206088,9.373652101833137,12.35413944412752,2.9535157675762482
2427,training,0.0015155549626797438,0.24357829988002777,0.10562904378149701,9.295264612352478,12.36481748774693,3.0585597587943862
2428,training,0.011533623561263084,0.12895933166146278,0.10562904378149701,9.19623391940374,12.367831248593415,-3.123398071015885
2429,training,0.0006807800382375717,0.028487157076597214,0.11280365636255835,9.057409423882563,12.357676680608174,-3.020041060871591
2430,training,0.001183949294500053,0.04749958962202072,0.11280365636255835,8.958480233646384,12.344166642745481,-2.997280652416947
2431,training,0.0007917861803434789,0.017148168757557872,0.11280365636255835,8.879269429866971,12.33266176718539,-2.999290160064691
2432,training,0.00019690935732796788,0.02491198666393757,0.08374928339161472,8.800170680646112,12.321550475461867,-3.0053101135306215
2433,training,0.001333119929768145,0.051285963505506516,0.08374928339161472,8.70099980207459,12.308493463595184,-3.016514674618249
2434,training,0.0006326555158011615,0.03210228681564331,0.05447908960217792,8.621665789369812,12.298578547183537,-3.0169865312234463
2435,training,0.003766651265323162,0.051352087408304214,0.05447908960217792,8.522357886085576,12.286486729328804,-3.02573617299065
2436,training,0.0009471343364566565,0.0013843998312950134,0.05447908960217792,8.422863609081443,12.275617191752012,-3.0400654620925107
2437,training,0.0008425586856901646,0.007858369499444955,0.029928475026037977,8.303258866349243,12.26473742419807,-3.0619413865271263
2438,training,0.001710069365799427,0.06093176454305649,0.029928475026037977,8.183356342563957,12.256718208529637,-3.0887431451103122
2439,training,0.0013456494780257344,0.023158185184001923,0.021631918240777304,8.063395750758524,12.251231615781117,-3.103123997809941
2440,training,0.0006702480604872108,0.019370345398783684,0.021631918240777304,7.9634982112326025,12.247767197314245,-3.1118191710013745
2441,training,0.00029740389436483383,0.0314323827624321,0.019415413222026192,7.863590213866238,12.245021198276948,-3.117689826804218
2442,training,0.0006814293446950614,0.035036953166127205,0.019415413222026192,7.783717957261429,12.243312819882052,-3.1249080322048863
2443,training,0.00046654592733830214,0.031033849343657494,0.019415413222026192,7.683763010850203,12.24207204007874,-3.1335954336586704
2444,training,0.0012162683997303247,0.012459918390959501,0.017253362550393444,7.5838231447542785,12.24152338051052,-3.1386751683739456
2445,training,0.00039141997694969177,0.01570340385660529,0.017253362550393444,7.443801128834288,12.241462188127992,3.139385625559864
2446,training,0.001678860280662775,0.04341934807598591,0.020474654496210505,7.323866700208022,12.24174069675148,3.1381999499225715
2447,training,0.0005757242906838655,0.003163494169712063,0.020474654496210505,7.224111556583392,12.241040333023312,-3.1221319351683836
2448,training,0.0007552850292995572,0.002602978609502314,0.02855618367126039,7.124319522973854,12.238085850748048,-3.1043950454691434
2449,training,0.0014172085793688893,0.014876333996653557,0.02855618367126039,7.004583225253783,12.232919451868687,-3.094790495531664
2450,training,0.00032828463008627295,0.001706165261566639,0.02099911219991617,6.904846933780159,12.22779485902123,-3.0837108250279677
2451,training,0.00047323922626674175,0.03023337945342064,0.02099911219991617,6.765287322163424,12.219383875858878,-3.0808780858386937
2452,training,0.0021812496706843376,0.008295079693198202,0.012133758495421818,6.665447104988693,12.2137022968419,-3.089146727935518
2453,training,0.0009985377546399832,0.018838525749742985,0.012133758495421818,6.565590956312577,12.208844077697664,-3.0959190082664945
2454,training,0.0014247518265619874,0.026602749712765217,0.013823202605265436,6.4457654255573305,12.203865283385927,-3.1041803506055534
2455,training,0.0007921180222183466,0.03530430234968662,0.013823202605265436,6.345884985602833,12.200364413891585,-3.1085875411346287
2456,training,0.00040617474587634206,0.00815482810139656,0.013823202605265436,6.225957512341425,12.196977676096198,-3.118900368038138
2457,training,0.000455313827842474,0.013021407648921016,0.008721566785927093,6.1261271170378295,12.194203458994908,-3.1055553396325246
2458,training,0.0005281512858346105,0.014148419722914696,0.008721566785927093,6.00638808339942,12.188952020348308,-3.090701997976876
2459,training,0.0005336760077625513,0.03009338304400444,0.008453808222988324,5.926662752030952,12.1845851899219,-3.084262274862312
2460,training,0.0009944665944203734,0.004243180155754082,0.008453808222988324,5.787237901763862,12.174207580936729,-3.048800874671563
2461,training,0.000835272716358304,0.0040795281529426575,0.008247227035363644,5.687977421182458,12.163834369863634,-3.0267043279081784
2462,training,0.0003846914623863995,0.03148163855075836,0.008247227035363644,5.588903047829656,12.151481646837173,-3.0087944455580904
2463,training,0.001607856247574091,0.0011065863072872162,0.008247227035363644,5.509727462988594,12.14077318047511,-3.006776710980028
2464,training,0.0007127263816073537,0.01984718814492226,0.022402791270152288,5.430594353426246,12.129605098902601,-2.992909744756546
2465,training,0.00039036356611177325,0.017423204146325588,0.022402791270152288,5.331900511017721,12.11413257536157,-2.9811249011671954
2466,training,0.0008722062921151519,0.053218165412545204,0.031185451490213654,5.213490009417077,12.095080745930169,-2.9841087017176218
2467,training,0.0017549151089042425,0.0031139138154685497,0.031185451490213654,5.134641508349914,12.081950398080478,-2.9665244023560744
2468,training,0.00032278650905936956,0.01316406112164259,0.031185451490213654,5.0363936068571595,12.063925990239763,-2.9578835534252743
2469,training,0.0013887358363717794,0.009440174326300621,0.009328229012335647,4.938288131892934,12.045077291110804,-2.945088739689445
2470,training,0.0010439367033541203,0.00775530003011227,0.009328229012335647,4.860022287158199,12.029093704330503,-2.9363608612087493
2471,training,0.0011551666539162397,0.03859900590032339,0.009811162881429965,4.762394682696574,12.008221740539607,-2.924650939401709
2472,training,0.0006990004912950099,0.0038013681769371033,0.009811162881429965,4.645904061284965,11.980806474044643,-2.895306373012831
2473,training,0.0006559392204508185,0.008570019155740738,0.013509540244456322,4.549493032635789,11.955442155030001,-2.8750707678005063
2474,training,0.0003028330684173852,0.05418049544095992,0.013509540244456322,4.472727827651614,11.933703333459695,-2.8538911599192387
2475,training,0.0011096540838479996,0.023736953735351562,0.013509540244456322,4.396856092063615,11.909732547145044,-2.8123239662947817
2476,training,0.0006849000928923488,0.014536198228597648,0.037738542742542396,4.303516159174995,11.875034898336162,-2.760478069416971
2477,training,0.0009101619943976402,0.04717357084155084,0.037738542742542396,4.229881594459144,11.844399099258116,-2.736817123453515
2478,training,0.0007113022147677839,0.06710088998079301,0.037738542742542396,4.157215288517067,11.811835135380036,-2.7022531427893277
2479,training,0.0009820446139201522,0.02942848950624466,0.07682091382527403,4.085709272750865,11.776567296627155,-2.663284023909157
2480,training,0.00024406446027569473,0.027095459401607513,0.07682091382527403,4.015491321399594,11.738519954251151,-2.6270439479940646
2481,training,0.0006644329987466335,0.024899519979953766,0.060221425954811884,3.895515777967887,11.667385030211605,-2.589967983979248
2482,training,0.0021521064918488264,0.030654802918434143,0.060221425954811884,3.793991366004233,11.603769831453198,-2.5752235808480077
2483,training,0.0018381618428975344,0.05210292339324951,0.060221425954811884,3.7272109994267653,11.560145180408956,-2.550040493511722
2484,training,0.0002850468154065311,0.02841680822893977,0.03831007540246625,3.6612768391996724,11.515011040677496,-2.5348459235765506
2485,training,0.0024866070598363876,0.05264323391020298,0.03831007540246625,3.5960962400094774,11.469004265115304,-2.5199927861219926
2486,training,0.0007973400643095374,0.07847477402538061,0.03831007540246625,3.5315183553938114,11.422153380004676,-2.507213706781532
2487,training,0.0006354752695187926,0.08328832779079676,0.02193372099254897,3.4513287827756463,11.36266592881455,-2.4999930784018023
2488,training,0.0005589773645624518,0.1092892549932003,0.02193372099254897,3.371184919665864,11.303052150914919,-2.503754474507904
2489,training,0.000127640159917064,0.15890443325042725,0.02193372099254897,3.291365733728537,11.243382161173246,-2.4906078009195576
2490,training,0.0020524081774055958,0.03154165297746658,0.031757450156524994,3.2132628797776666,11.181540131595053,-2.4509665991644605
2491,training,0.001819934113882482,0.1401226408779621,0.031757450156524994,3.151008460854897,11.130480319679805,-2.479367720690284
2492,training,0.0006965873180888593,0.13836421072483063,0.031757450156524994,3.086134609239575,11.082931450760546,-2.5416034809780634
2493,training,0.0006680160877294838,0.10482358559966087,0.043554626025295744,3.000817104034107,11.029564142660158,-2.624977068637603
2494,training,0.0008841457311064005,0.046683307737112045,0.043554626025295744,2.89378060942171,10.974478085505037,-2.7045279388856525
2495,training,0.00047242024447768927,0.08591515384614468,0.043554626025295744,2.820828016282751,10.941385506641232,-2.722169927189507
2496,training,0.0007649736944586039,0.03572671115398407,0.04503784111111405,2.747656923819408,10.909198187961556,-2.7329475201921505
2497,training,0.0013242197455838323,0.011851683259010315,0.04503784111111405,2.6745061914494426,10.877147644539649,-2.7205250816199538
2498,training,0.001120272558182478,0.019984044134616852,0.03018375112069718,2.58417217727718,10.834965556641748,-2.6878919861528927
2499,training,0.0005331537686288357,0.07273294031620026,0.03018375112069718,2.5131547296836194,10.798635807084624,-2.6470186242812193
2500,training,0.0017968290485441685,0.031036250293254852,0.03018375112069718,2.4441154402572116,10.758939926298712,-2.589683056883713
2501,training,0.00023417439660988748,0.11527590453624723,0.02349561432625281,2.3445826717713807,10.69315650032551,-2.5316578331544832
2502,training,0.002172593493014574,0.015613153576850891,0.02349561432625281,2.2516244834455605,10.619138605787287,-2.3977189193370094
2503,training,0.001723244320601225,0.1084056943655014,0.08051766141259671,2.1683140984937874,10.533975288869044,-2.3008994413543764
2504,training,0.0011582879815250635,0.030126169323921204,0.08051766141259671,2.084579977316315,10.423981843674712,-2.134944927205645
2505,training,0.0003709967713803053,0.013480514287948608,0.10413777311611666,2.044832305045752,10.355467036180626,-2.0602858620706073
2506,training,0.0005194664699956775,0.020733602344989777,0.10413777311611666,2.0098077883752676,10.284236917728727,-1.9964755765626452
2507,training,0.0009241538355126977,0.014638110995292664,0.08799719704617674,1.9650773965112316,10.173640939552046,-1.9145884294275544
2508,training,0.004416754003614187,0.043224141001701355,0.08799719704617674,1.9287467312482627,10.05981819381476,-1.8464984273691705
2509,training,0.001248964574187994,0.0010149851441383362,0.08799719704617674,1.9081242818752273,9.982726770534114,-1.820941697567261
2510,training,0.00026228255592286587,0.02018276602029801,0.03624728311453482,1.8806468260992464,9.866271135333376,-1.7829367648585353
2511,training,0.0007214595098048449,0.020002964884042726,0.03624728311453482,1.8611214927297124,9.768513063655085,-1.7524030632776293
2512,training,0.0007098253117874265,0.032439746893942356,0.004228560233528348,1.8447601898656334,9.670245617842273,-1.7176476103934275
2513,training,0.000548163487110287,0.010578788351267576,0.004228560233528348,1.8227731817122752,9.512195331561996,-1.7123188241241356
2514,training,0.0014192441012710333,0.029871306382119656,0.012738933441126987,1.805712959240882,9.393492429468134,-1.7158230983179563
2515,training,0.0007854653522372246,0.04396087396889925,0.012738933441126987,1.788870494435285,9.274858605665855,-1.7080389248733634
2516,training,0.0007874275906942785,0.0015021269209682941,0.008375243085867269,1.772231776436436,9.156132291132373,-1.7140325427995649
2517,training,0.002116971416398883,0.029482590034604073,0.008375243085867269,1.7607025591465408,9.077055213276562,-1.717084979324299
2518,training,0.001987901283428073,0.027032330632209785,0.0177453487301688,1.7468544050595507,8.978247379800855,-1.7029826159835257
2519,training,0.0011166855692863464,0.03284476976841688,0.0177453487301688,1.7371792739818406,8.899129801409835,-1.6829951170587871
2520,training,0.0004193206550553441,0.057490412145853036,0.01069821847283664,1.7228376117203281,8.760015149461648,-1.666451704482744
2521,training,0.0006237387424334884,0.00584743358194828,0.01069821847283664,1.710313185806648,8.640709270018434,-1.6868622436394565
2522,training,0.0006526242941617966,0.016368217766284943,0.01069821847283664,1.701236075584704,8.561484776130735,-1.6817682222160895
2523,training,0.00026338844327256083,0.05882299877703189,0.010842336725816313,1.6903335254166614,8.462237258533682,-1.6810004362064137
2524,training,0.0008011024328880012,0.04480399377644062,0.010842336725816313,1.6783722119415092,8.363055197587325,-1.702915528237965
2525,training,0.0005578165873885155,0.009497753344476225,0.005325184459516158,1.6673929974249075,8.283905584974931,-1.7145008931500305
2526,training,0.0015505114570260048,0.013098284602165215,0.005325184459516158,1.6529933009758637,8.185025396644606,-1.713833918132017
2527,training,0.0007945089600980282,0.025872713886201378,0.005325184459516158,1.6394426371657973,8.086192249523062,-1.6988065612242333
2528,training,0.000745616212952882,0.0303580267354846,0.0013646799665851298,1.6297103560844985,8.006924945372228,-1.6874340758694575
2529,training,0.0012496374547481537,0.028820567764341835,0.0013646799665851298,1.6180422038036681,7.907677052229714,-1.6902451889454504
2530,training,0.0008235050481744111,0.028553014155477285,0.011764648080811135,1.6086692222611259,7.828311998593496,-1.6844735911804225
2531,training,0.0005897765513509512,0.008521040435880423,0.011764648080811135,1.5974247514126418,7.729036565228948,-1.6853111002915395
2532,training,0.0001365663338219747,0.06318267062306404,0.011764648080811135,1.5882728993803643,7.649723209024713,-1.6868862961396465
2533,training,0.0014242285396903753,0.03228776063770056,0.005807424458110515,1.5761960467795297,7.550547197924995,-1.7001781051682783
2534,training,0.0010601130779832602,0.013578192330896854,0.005807424458110515,1.5657121620056804,7.471366017099696,-1.704989699863184
2535,training,0.0018202589126303792,0.011709913611412048,0.005807424458110515,1.554980717908514,7.392110620675921,-1.7052821355087873
2536,training,0.0009670824510976672,0.0828014612197876,0.004811719260290334,1.5423596264324264,7.293155203770036,-1.68573842301171
2537,training,0.002301532309502363,0.04279763251543044,0.004811719260290334,1.532952512520417,7.213696086612737,-1.6952828496460495
2538,training,0.0017577237449586391,0.0442187674343586,0.020346371611906652,1.5197445771681874,7.0948703390653725,-1.6610698911085624
2539,training,0.0008774344460107386,0.04696664679795503,0.020346371611906652,1.5111344788323382,6.9756056211401845,-1.6242002735538634
2540,training,0.001602071919478476,0.029325236566364765,0.006069884297495876,1.5064566191559792,6.855956404024162,-1.5965146934353915
2541,training,0.00011644657934084535,0.059972165152430534,0.006069884297495876,1.505126251861451,6.79584474778804,-1.589893640363964
2542,training,0.0009854944655671716,0.010984154418110854,0.006069884297495876,1.5039508367145968,6.716029875899739,-1.5804658557526177
2543,training,0.0014798457268625498,0.02706458326429128,0.012397036480774165,1.5030426234972176,6.636065750591348,-1.5875098128980676
2544,training,0.0012494176626205444,0.006387147121131422,0.012397036480774165,1.5011571128752401,6.555978184768334,-1.6016288072872427
2545,training,0.0003581800265237689,0.015817394014447927,0.016981445805994644,1.4959072964454134,6.4160504909902,-1.6135920031063116
2546,training,0.0019900421611964703,0.01981346681714058,0.016981445805994644,1.4923505470352145,6.33619045500081,-1.6169890831948237
2547,training,0.0007168550509959459,0.030176179949194193,0.016981445805994644,1.4867256625614296,6.216364404598876,-1.6182693683201559
2548,training,0.00034035820863209665,0.02591493260115385,0.019495125066969963,1.4820862492500901,6.116547655857961,-1.6160629919833163
2549,training,0.0012116753496229649,0.05870341323316097,0.019495125066969963,1.4778252982879858,6.016724393945232,-1.6106373902329991
2550,training,0.0011509673204272985,0.011511998251080513,0.027567322775803604,1.4742560839728471,5.916882655521403,-1.6020251409096984
2551,training,0.0009644401143305004,0.006296470237430185,0.027567322775803604,1.4714298803736146,5.816983402426369,-1.596825669628167
2552,training,0.0030738210771232843,0.004785730503499508,0.029897391834819206,1.4698842611540803,5.75684665776909,-1.596388913859309
2553,training,0.0007752718520350754,0.02083898521959782,0.029897391834819206,1.4679024726378094,5.676979509914572,-1.5943472505275813
2554,training,0.00027509196661412716,0.012608051300048828,0.029897391834819206,1.4654988063957133,5.557028259659827,-1.5863457769366756
2555,training,0.0007112533785402775,0.006083119660615923,0.023662047584574873,1.4637262107774272,5.437141205871336,-1.5859671390565087
2556,training,0.000692861620336771,0.0015656850882805884,0.023662047584574873,1.4623992750840562,5.357117572211862,-1.5892528214972648
2557,training,4.43986282334663e-05,0.0028521036729216576,0.01931572335896706,1.460847183388383,5.277273335216202,-1.5906989568403016
2558,training,0.0005093301879242063,0.029841066338121894,0.01931572335896706,1.4592355619407387,5.197341076234374,-1.5912055407681147
2559,training,0.00720573216676712,0.024520139209926132,0.01931572335896706,1.4567998734433842,5.097328337960157,-1.6013298527992852
2560,training,0.0019615106284618378,0.022408786229789257,0.015784267486137014,1.454052236546304,5.017269841811459,-1.6088491132884966
2561,training,0.0021895740646868944,0.0054999455460347235,0.015784267486137014,1.4499164128048567,4.917346676448401,-1.6150015884806859
2562,training,0.0004820357426069677,0.013441817834973334,0.015784267486137014,1.445428993337675,4.817459878797976,-1.6161628643035029
2563,training,0.0019655153155326843,0.008675324264913797,0.013734426638348344,1.4416623339617074,4.737549008429354,-1.6197866288252265
2564,training,0.000783004448749125,0.01754551101475954,0.013734426638348344,1.4356623140335731,4.617741494636755,-1.6213889918728492
2565,training,0.001258128322660923,0.01464841328561306,0.014590788516696514,1.4316793271739796,4.537972118003399,-1.619822887832053
2566,training,0.002513183280825615,0.028993883170187473,0.014590788516696514,1.427949275444193,4.458213188792518,-1.6152130266608995
2567,training,0.0005376686458475888,0.010943694971501827,0.014590788516696514,1.4243989451098846,4.378304698079556,-1.617419224533558
2568,training,0.0015208073891699314,0.0033552460372447968,0.01153797882950592,1.417737291465137,4.238485105271385,-1.6189484403895804
2569,training,0.002305512083694339,0.013130635488778353,0.01153797882950592,1.4111433523571695,4.118553055485475,-1.6338052537428427
2570,training,0.0006348612951114774,0.000311962328851223,0.01707572272019687,1.404672921891267,4.018819491183935,-1.6368671773064813
2571,training,0.0014728705864399672,0.02793358499184251,0.01707572272019687,1.3994012273053806,3.9391523038890344,-1.6374449448592598
2572,training,0.0028991890139877796,0.014822114259004593,0.01707572272019687,1.3941468270557444,3.859406810318094,-1.6358764303087665
2573,training,0.0018150890246033669,0.004703367128968239,0.018034141948759956,1.3892034933820185,3.779558855553752,-1.6287860553914504
2574,training,0.0008877810323610902,0.051555925980210304,0.018034141948759956,1.384783697465661,3.6996958573560783,-1.6235463566908788
2575,training,0.0005562941078096628,0.035075610503554344,0.018034141948759956,1.380860533710396,3.62000300898682,-1.616390968198811
2576,training,0.00226805848069489,0.015077335759997371,0.019425054057094677,1.378229798382034,3.560096001908836,-1.6132580690484144
2577,training,0.0012260209769010544,0.014062659814953804,0.019425054057094677,1.3731505011848213,3.4203392471133696,-1.6003161197303593
2578,training,0.0010215204674750566,0.005593063309788704,0.01396269734786601,1.370981082958834,3.3404277912728357,-1.5958555183964946
2579,training,0.000995158334262669,0.04938840959221124,0.01396269734786601,1.369051566492018,3.260385888083327,-1.5950804860049763
2580,training,0.00036142091266810894,0.05430039577186108,0.01396269734786601,1.36758011480719,3.1804536021019416,-1.5783365997072922
2581,training,0.0027130786329507828,0.024353870190680027,0.0026018190680861383,1.3677920095703384,3.100723000975404,-1.558166279370268
2582,training,0.0020728614181280136,0.02643622457981109,0.0026018190680861383,1.3704052011655548,2.9808307707705066,-1.5409535374512067
2583,training,0.00098578748293221,0.0006394758820533752,0.0026018190680861383,1.3734550730942363,2.9011285571673575,-1.5222119764353648
2584,training,0.0018818092066794634,0.05327928578481078,0.010991092986111256,1.377919778618522,2.8214142398120226,-1.5086041859968475
2585,training,0.0007833279087208211,0.020536895841360092,0.010991092986111256,1.3843412349104727,2.721702699837567,-1.5078386468219336
2586,training,0.0012883818708360195,0.02990684099495411,0.010359461071431925,1.3924455587287576,2.6021502758995068,-1.4973727021583205
2587,training,0.0009362895507365465,0.015995579247828573,0.010359461071431925,1.3985407777593137,2.522454558336839,-1.4918268701032622
2588,training,0.0017960465047508478,0.00244988314807415,0.010359461071431925,1.4049397743342762,2.442672527140921,-1.491296448657031
2589,training,0.00036209632526151836,0.0784685742110014,0.010308832818522212,1.4112301346868734,2.3630231146229566,-1.49343929938436
2590,training,0.0010016546584665775,0.03689746046438813,0.010308832818522212,1.4171875851542526,2.2833655268776165,-1.4986222974925283
2591,training,0.0023192143999040127,0.05328464228659868,0.010308832818522212,1.4242352970553096,2.1836858557738674,-1.5006958076351353
2592,training,0.0015266465488821268,0.0682133138179779,0.012516016289830255,1.4324591682572747,2.063985917092555,-1.503821659444672
2593,training,0.0006916187703609467,0.007182855159044266,0.012516016289830255,1.4385217769837066,1.9641935760529068,-1.5167844428096087
2594,training,0.0009619994089007378,0.05048515275120735,0.0054222209402793745,1.4470133460303847,1.8245896193065914,-1.499374333620923
2595,training,0.001134255202487111,0.062031399458646774,0.0054222209402793745,1.4588777567697822,1.705634534656157,-1.4408753978485873
2596,training,0.0006341967964544892,0.131998211145401,0.011140172508790333,1.4744563206821797,1.6073777294830605,-1.3880146614107698
2597,training,0.0009089673403650522,0.1309383325278759,0.011140172508790333,1.5026339410807452,1.4916237733253368,-1.2714279754178683
2598,training,0.0005164403119124472,0.06464012712240219,0.04840481319460129,1.5289648612493452,1.41692253734741,-1.192850159226932
2599,training,0.002245431300252676,0.08228878676891327,0.04840481319460129,1.5520740539148599,1.3617456629015057,-1.1586618535569373
2600,training,0.008200305514037609,0.030498147010803223,0.04840481319460129,1.5952853490555923,1.2723748101909182,-1.0790400513868947
2601,training,0.0016354804392904043,0.1228829100728035,0.08713052877785565,1.6350715170278807,1.2038154147501352,-1.0120439470641336
2602,training,0.0013379831798374653,0.04276929795742035,0.08713052877785565,1.7170224030270407,1.0921260704017224,-0.8589817006507291
2603,training,0.0021326388232409954,0.08497828245162964,0.13813655891209672,1.7858583117513278,1.0210302872827415,-0.7429577390584202
2604,training,0.0008956348756328225,0.039851561188697815,0.13813655891209672,1.8465937822901062,0.9705337840993952,-0.6417677277023176
2605,training,0.0016360175795853138,0.009061560034751892,0.13102073980471113,1.9289800498724399,0.9146048215354442,-0.5587333316510221
2606,training,0.001013599568977952,0.09005829691886903,0.13102073980471113,1.9976164335154567,0.875214916858798,-0.4800907465342862
2607,training,0.001464494620449841,0.04233734309673309,0.13102073980471113,2.0693751134050626,0.840780140654576,-0.4219492756853069
2608,training,0.0012601158814504743,0.019865259528160095,0.10787067995557338,2.1428041242787255,0.8100795349305376,-0.3684995859193662
2609,training,0.008204042911529541,0.01800205558538437,0.10787067995557338,2.2366914454539257,0.7776065872805059,-0.29958515563241533
2610,training,0.002084579551592469,0.021173693239688873,0.07594914161417361,2.332521884356814,0.7513876646185497,-0.23724164833497738
2611,training,0.0007472594734281301,0.026502542197704315,0.07594914161417361,2.4692632247820385,0.7238253219834316,-0.16114134503375008
2612,training,0.0033082051668316126,0.008913416415452957,0.047745024761882325,2.567987147118293,0.709571734912741,-0.12720127298261796
2613,training,0.0010592108592391014,0.006824471056461334,0.047745024761882325,2.6869114378767316,0.6964413521173654,-0.09410927008679013
2614,training,0.0017782903742045164,0.03537200018763542,0.047745024761882325,2.7665269481969745,0.6896519044581807,-0.07699113026177849
2615,training,0.0021375748328864574,0.003726806491613388,0.024084138216703122,2.8860003066460056,0.6816763640730805,-0.057464833770732505
2616,training,0.0030339742079377174,0.017152581363916397,0.024084138216703122,2.985710578590321,0.6765922482312273,-0.0464465873526616
2617,training,0.0011004378320649266,0.004001898691058159,0.010368437973489473,3.0655563462919386,0.673164805312326,-0.039594925645163516
2618,training,0.00032048948924057186,0.005700366571545604,0.010368437973489473,3.145336297606617,0.6701197184029452,-0.03598691240799798
2619,training,0.0009202985092997551,0.0051193218678236025,0.010368437973489473,3.2052514992658785,0.6680952027557493,-0.031704703285534444
2620,training,0.0003085012431256473,0.007551426999270916,0.009514282290837157,3.305076319364418,0.6653402782343341,-0.026174489693187128
2621,training,0.004523804411292076,0.003077107947319746,0.009514282290837157,3.4049060957923247,0.6631274267725421,-0.018981508915811147
2622,training,0.0033971769735217094,0.01080551790073514,0.009514282290837157,3.4847907910110965,0.6618021911988876,-0.01550274646736255
2623,training,0.0009389029000885785,0.01629105070605874,0.006963391473654309,3.604649832845099,0.659979571332361,-0.01567670400998469
2624,training,0.0006976822623983026,0.015488730743527416,0.006963391473654309,3.684603214368891,0.6588182336453663,-0.013148382630207251
2625,training,0.0003610515268519521,0.01822943426668644,0.007117537557760221,3.764431243568364,0.657910911230019,-0.00766200594081812
2626,training,0.0005750209093093872,0.011366740800440311,0.007117537557760221,3.8643744909588063,0.6572867382239413,-0.006172909404770785
2627,training,0.0031927695963531733,0.0006014881655573845,0.007117537557760221,3.944344049237475,0.6567750314042275,-0.007226744430194245
2628,training,0.0014211746165528893,0.010765786282718182,0.013930413027922034,4.024308012096179,0.656237193674034,-0.0076767248838962195
2629,training,0.0010478909825906157,0.019154331646859646,0.013930413027922034,4.124243058297987,0.6555082664508305,-0.00810131925439694
2630,training,0.002950747963041067,0.008519169874489307,0.02468889473010742,4.264043554852693,0.6549265276399624,0.0005861187843416956
2631,training,0.0011570700444281101,0.02303914725780487,0.02468889473010742,4.3639945863382215,0.6550895504664769,0.0014313991646303576
2632,training,0.0004738837596960366,0.0032871635630726814,0.029172269847444598,4.444013008782893,0.6552446683751788,0.001285105470401402
2633,training,0.00020102839334867895,0.019094552844762802,0.029172269847444598,4.52395599272328,0.6554186377828386,0.002198675899025642
2634,training,0.0010315044783055782,0.020230885595083237,0.02902138398564893,4.663865712163313,0.6557356966672448,0.001974006875545987
2635,training,0.0023019774816930294,0.026036392897367477,0.02902138398564893,4.74384906072691,0.6559555730919142,0.0023272864607035886
2636,training,0.0008654473349452019,0.008457239251583815,0.02902138398564893,4.843792577640611,0.6562441426340008,0.0027327475441575816
2637,training,0.0001268115156562999,0.0005293763242661944,0.03183693500937448,4.963755471538177,0.6564059202821635,-0.0011929415343224338
2638,training,0.0017912720795720816,0.016795245464891195,0.03183693500937448,5.043710445134905,0.656303998410996,-0.0021342314951722386
2639,training,0.0007832471746951342,0.014075337909162045,0.028124518264103466,5.123653858606473,0.6560759635572486,-0.00300987682570688
2640,training,0.000208906814805232,0.015204666182398796,0.028124518264103466,5.223627143604909,0.655701850514263,-0.0036037165031699314
2641,training,0.006813188083469868,0.024436339735984802,0.02670337046902971,5.303568444451136,0.6553739874173304,-0.004445966231835927
2642,training,0.0023671486414968967,0.007477066479623318,0.02670337046902971,5.403523534673664,0.654936247849492,-0.0049135342953023145
2643,training,0.0014839110663160682,0.0058515556156635284,0.02670337046902971,5.503477957469713,0.6544614548906308,-0.005400670299710835
2644,training,0.0005155538092367351,0.018351159524172544,0.028922813328239982,5.603432303822702,0.6539470771384018,-0.005924084755178546
2645,training,0.0016390334349125624,0.03985664760693908,0.028922813328239982,5.683393954917089,0.6535366879367647,-0.0057144850212680134
2646,training,0.00045836647041141987,0.017298102844506502,0.03210194805616009,5.783321583789969,0.6530743123936287,-0.0046596568830976105
2647,training,0.0015047441702336073,0.0018278704956173897,0.03210194805616009,5.9032534778874375,0.6526648910296861,-0.0033433366732060774
2648,training,0.0008109878981485963,0.0005146227777004242,0.03210194805616009,5.983204623335085,0.6524651161998325,-0.0029370656625543586
2649,training,0.0011444221017882228,0.0013105063699185853,0.03976110213982199,6.123135310651791,0.6520508013902345,-0.0035739320593661116
2650,training,0.0006808775942772627,0.01885310560464859,0.03976110213982199,6.203096562082761,0.651861420639112,-0.002533832886344637
2651,training,0.0005031800828874111,0.008819772046990693,0.04417245613372568,6.323037083179934,0.6516252132820851,-0.0026417684604817917
2652,training,0.00021918458514846861,0.007746676914393902,0.04417245613372568,6.442944848714253,0.6514170491540132,-0.001625631152257493
2653,training,0.000901155115570873,0.011419855989515781,0.04608930304172012,6.562889969758393,0.6512475580778843,-0.001303842294472179
2654,training,0.00046686548739671707,0.02476288005709648,0.043695522963664225,6.682859649310041,0.6510734186622195,-0.001208112039168903
2655,training,0.000489934696815908,0.030235977843403816,0.043695522963664225,6.782804165686504,0.650913064060058,-0.0012988580063154635
2656,training,0.0012614827137440443,0.04376114904880524,0.043695522963664225,6.862677246064078,0.6509101802652514,0.002357074361607605
2657,training,0.0012852188665419817,0.008513900451362133,0.03984864605806018,6.962607221149568,0.6512954517329594,0.004006701759364216
2658,training,0.0037878514267504215,0.0011387243866920471,0.03984864605806018,7.042627197205793,0.6516448402426323,0.00373039415448795
2659,training,0.003103373572230339,0.0026618381962180138,0.037892153787572075,7.142573678208741,0.652113080724286,0.004129854638930399
2660,training,0.0024644979275763035,0.0016690166667103767,0.037892153787572075,7.222503652572655,0.6525319722460601,0.005182085505986731
2661,training,0.0005102618597447872,0.005918989889323711,0.030651700987330638,7.362382603842333,0.6533004462863062,0.005470430012366004
2662,training,0.0006344702560454607,0.0019158185459673413,0.030651700987330638,7.462330737299299,0.6539228418343327,0.005846412625324002
2663,training,0.0008743003127165139,0.013676206581294537,0.030651700987330638,7.542311193194146,0.6544199044680641,0.005071829944685005
2664,training,0.005517406854778528,0.0020207376219332223,0.013981518683886434,7.622252872326387,0.6548415025470947,0.005836627649438461
2665,training,0.0008435720228590071,0.033767534856451675,0.013981518683886434,7.7421842252196695,0.6554592922187727,0.004405792487495705
2666,training,0.003431252669543028,0.005433184094727039,0.011905533094732175,7.862139284081016,0.6559860043369409,0.003963895441260519
2667,training,0.001370286219753325,0.014562803786247969,0.011905533094732175,7.942072016661165,0.6563762653591139,0.005095725265494835
2668,training,0.0012805507285520434,0.028767164796590805,0.014470945581412813,8.042023023826221,0.6568037301187208,0.003653878103409489
2669,training,0.002036936581134796,0.005142037756741047,0.014470945581412813,8.141980282765822,0.6569910357651056,0.0004990084596493503
2670,training,0.0008463941048830748,0.007656877860426903,0.015983719218099716,8.261921182083086,0.6570243367631331,0.00012453498536407472
2671,training,0.0007862197235226631,0.0012029274366796017,0.015983719218099716,8.34186540959562,0.6570478879284477,0.000764274989675138
2672,training,0.002698661293834448,0.004101843107491731,0.015983719218099716,8.481845258774403,0.6569075824477367,-0.003744743756720528
2673,training,0.002108759479597211,0.0030919359996914864,0.02533183255267246,8.561794773835048,0.6565811171726236,-0.004978368189238578
2674,training,0.0030792797915637493,0.0011408384889364243,0.02533183255267246,8.661756854247544,0.6560192735984997,-0.005600945803168578
2675,training,0.0007638526149094105,0.012739967554807663,0.028833470713211316,8.741688380355527,0.6555250280412861,-0.006013948014805693
2676,training,0.0013333193492144346,0.023364012129604816,0.028833470713211316,8.841623366924209,0.6548759588830085,-0.006607637030522603
2677,training,0.0009260748629458249,0.01148822158575058,0.028833470713211316,8.921522329266672,0.6544640027334314,-0.003580473554475808
2678,training,0.0008633338147774339,0.008061549626290798,0.0248477430548497,9.00150517282976,0.6542554632794481,-0.0033491164810495826
2679,training,0.0007185853319242597,0.003869163803756237,0.0248477430548497,9.121450330413301,0.6538993180795123,-0.0037701908079852205
2680,training,0.00024492747616022825,0.011582909151911736,0.022507703571898945,9.241368863703439,0.6534977736823026,-0.003762643116677004
2681,training,0.00038258940912783146,0.005800673272460699,0.022507703571898945,9.341331864665452,0.6531306894400021,-0.004217487335210935
2682,training,0.0008423373219557106,0.01340494491159916,0.01585148336363502,9.421307557800546,0.6528639038528217,-0.003652950160387473
2683,training,0.0002264561044285074,0.0273105651140213,0.01585148336363502,9.501259334403112,0.6526357805205495,-0.003132212486774687
2684,training,0.0008554284577257931,0.029561874456703663,0.01585148336363502,9.581232576718936,0.6523698316886805,-0.002946323351621885
2685,training,0.0010942938970401883,0.021082822233438492,0.024711627080693566,9.661128507508144,0.6522148921779257,0.0003931833060756749
2686,training,0.0027939588762819767,0.018195962999016047,0.024711627080693566,9.781079939693168,0.6524043758550742,0.001980431518138341
2687,training,0.0008842563256621361,0.01181902177631855,0.024711627080693566,9.881029132617854,0.652528842110776,0.0008075008057201058
2688,training,0.00190096499864012,0.00212162546813488,0.014813504173818224,9.960990698127706,0.6525715728471072,0.00024304619130934615
2689,training,0.000467809964902699,0.004770738072693348,0.014813504173818224,10.060949083794565,0.6526422555887836,0.00036000281816868905
2690,training,0.001853627385571599,0.008389816619455814,0.013071682886613874,10.160904749542473,0.652731695251959,0.0005224215411411162
2691,training,0.0008079529507085681,0.005278484895825386,0.013071682886613874,10.240907239892927,0.6528266950261893,0.0006317391443542668
2692,training,0.0012361633125692606,0.005064928904175758,0.013071682886613874,10.360836841795853,0.6529777524998158,0.0007810650109675004
2693,training,0.0005153396632522345,0.01590876281261444,0.004177629239457253,10.46080108550811,0.6531309412839121,0.0009590318636368395
2694,training,0.0007125476258806884,0.027524670120328665,0.004177629239457253,10.540751402712782,0.6532849319105929,0.001712710447233847
2695,training,0.0013317996636033058,0.017258530482649803,0.002314124562924732,10.60065889130294,0.6533468841413425,0.0006601350257076972
2696,training,0.0009094943525269628,0.009814880322664976,0.002314124562924732,10.700606499742971,0.653359635125836,0.00010187783814977788
2697,training,0.000870411517098546,0.02729027485474944,0.002314124562924732,10.800561896425108,0.65335583865304,-0.0003646661441305137
2698,training,0.0010570940794423223,0.04134257044643164,0.009386544969321696,10.88057807382216,0.6532931031769339,-0.0021153204008531744
2699,training,0.00047679065028205514,0.0037201507948338985,0.009386544969321696,10.960659916900124,0.6527287341688998,-0.014307613055313955
2700,training,0.000992210698314011,0.007505107671022412,0.009386544969321696,11.040641920608781,0.6515423318643726,-0.013358330596695871
2701,training,0.000484946824144572,0.0047438982874155045,0.011007931652999303,11.180384179264898,0.6502898034002019,-0.0039488589079204345
2702,training,0.0007097909692674875,0.014929262455552816,0.0039090122799226995,11.30024965912535,0.6503645229166274,0.00372145468706613
2703,training,0.0011870989110320807,0.0016461154446005821,0.0039090122799226995,11.420142645800048,0.6509644103641099,0.0048292962020562175
2704,training,0.0006909143412485719,0.014249651227146387,0.011386330515868416,11.520083999917556,0.6514767518247263,0.005146004744347241
2705,training,0.000887106463778764,0.016297196969389915,0.011386330515868416,11.620027869843332,0.6520055988684456,0.004698902809307264
2706,training,0.0009089161758311093,0.0005828291177749634,0.011386330515868416,11.700045491982612,0.6524215558694337,0.004551515905498304
2707,training,0.0011423451360315084,0.030898205935955048,0.007227665065090481,11.819913568332314,0.6530852179915827,0.005415019926323815
2708,training,0.00048484213766641915,0.01572539284825325,0.007227665065090481,11.899909047001874,0.6535829712585778,0.0056833831467690285
2709,training,0.0018291114829480648,0.002366855042055249,0.013951979462265968,11.979842306120595,0.6541004405120441,0.006888235804865625
2710,training,0.0011950847692787647,0.021062875632196665,0.013951979462265968,12.059743154454988,0.6545975447605434,0.006159626028004249
2711,training,0.0005463778506964445,0.03702278435230255,0.013951979462265968,12.139684544434395,0.6549935218976216,0.0037430063563174154
2712,training,0.000905512657482177,0.025492874905467033,0.01108833964882243,12.219712184699743,0.655300436132612,0.0031457413118010638
2713,training,0.0005599381984211504,0.027525944635272026,0.01108833964882243,12.299652874574612,0.655633814066891,0.004124787638862782
2714,training,0.0009205061360262334,0.02073219185695052,0.01108833964882243,12.399593425717875,0.6560694480219729,0.004655123850919904
2715,training,0.0007347723585553467,0.023500073235481977,0.01777480690871616,12.479518923256643,0.6563657621961175,0.0034282943032072745
2716,training,0.0005280075711198151,0.014321736991405487,0.01777480690871616,12.579473971706292,0.6565317128000158,0.00038352233140030934
2717,training,0.0003074384876526892,0.034735728055238724,0.02709293570801862,12.699462706402313,0.6564919226842433,-0.00010424615908423571
2718,training,0.0005150032811798155,0.010525318793952465,0.02709293570801862,12.819404759346936,0.656459344522854,-0.0003962126629516536
2719,training,0.0009400640265084803,0.010463775135576725,0.032063554640144584,12.919352337792853,0.6564386449599035,-0.00015186160798466315
2720,training,0.0006281663663685322,0.02032032236456871,0.032063554640144584,13.03930158257453,0.6564289548418099,-0.0005183359270885229
2721,training,0.0008084793225862086,0.0049996161833405495,0.04001116228187538,13.139248768566498,0.6564420141367984,-0.00025240508499889175
2722,training,0.0011643553152680397,0.012555141933262348,0.04001116228187538,13.25918714229481,0.6564700768289705,-0.0003043788334729183
2723,training,0.0008558677509427071,0.02539805881679058,0.04366634147539647,13.359144450412966,0.656519086518147,-0.0001213565621317543
2724,training,0.0014595447573810816,0.003983639180660248,0.04366634147539647,13.459097052438192,0.6565912528810908,0.00012798374137754846
2725,training,0.0012400656705722213,0.016972084995359182,0.04291714686096619,13.578991180881193,0.6566975029794726,0.0005621825923296621
2726,training,0.0007483585504814982,0.045949121471494436,0.04291714686096619,13.678960263917416,0.6567870055596864,1.1430406467860645e-05
2727,training,0.0008107343455776572,0.012732419185340405,0.04291714686096619,13.798879045402934,0.6566995031252646,-0.0026425856165802467
2728,training,0.00036977874697186053,0.028158679604530334,0.04552427041209328,13.878888783482148,0.6564921926296422,-0.0034907443752441127
2729,training,0.000620376318693161,0.029722660779953003,0.04552427041209328,13.99880691929002,0.6561331023873913,-0.0036135350682819987
2730,training,0.001906663877889514,0.010604225099086761,0.03809561491254673,14.118735731480498,0.655735088052343,-0.00357485143082849
2731,training,0.0015355776995420456,0.0008086804300546646,0.03809561491254673,14.218696402000912,0.6553697458914028,-0.004023591049452011
2732,training,0.003460442181676626,0.0192519910633564,0.024729196159474366,14.318655979895052,0.6549686762109439,-0.004481966821946833
2733,training,0.0010217723902314901,0.0009586028754711151,0.024729196159474366,14.398660242588484,0.6546311173214067,-0.00521766163001895
2734,training,0.000708242878317833,0.04538534954190254,0.024729196159474366,14.518569484375323,0.6540570887508595,-0.005424617308546441
2735,training,0.000814129482023418,0.03716775216162204,0.02879523146751855,14.618339963279455,0.6545955501637305,0.017064139162406126
2736,training,0.0011807556729763746,0.047304535284638405,0.02879523146751855,14.738021650419537,0.6580400178881223,0.039556244363273735
2737,training,0.0006478352006524801,0.03447503224015236,0.026381421065340697,14.837719271534569,0.6627521042272294,0.05445816039552499
2738,training,0.0010758431162685156,0.0005682995542883873,0.026381421065340697,14.917557191345868,0.6672397943502769,0.05548993224651715
2739,training,0.0047217304818332195,0.026542313396930695,0.026381421065340697,14.99728653033877,0.671771355789603,0.0566136394439663
2740,training,0.0005494324723258615,0.03790493216365576,0.02112019190355227,15.097145254877754,0.6766666131720854,0.03593385756553533
2741,training,0.0015212970320135355,0.029467986896634102,0.02112019190355227,15.177081978494419,0.6791643553238378,0.030556035701756502
2742,training,0.0009727083379402757,0.034646300598978996,0.02112019190355227,15.256936712685858,0.6815530283225548,0.030224213286217765
2743,training,0.0004900585627183318,0.028795743361115463,0.00535244985926446,15.396683037157622,0.6864526061671035,0.04050563035736411
2744,training,0.0004342331667430699,0.013166839256882668,0.00535244985926446,15.476665170371083,0.6890448067575152,0.022650086193284753
2745,training,0.0015234193997457623,0.032115345820784576,0.010089704169794655,15.59663482598266,0.6909227538904945,0.013305513120511885
2746,training,0.0019602403044700623,0.021333845332264907,0.011517370807116258,15.716757243490663,0.6911485642190541,-0.011642854511389937
2747,training,0.0008490338223055005,0.03405488654971123,0.011517370807116258,15.836809258615965,0.6884198812578427,-0.033351038701092836
2748,training,0.00035449196002446115,0.053415503352880485,0.015768620887679916,15.936589124620824,0.6857010982632117,-0.015144519964022414
2749,training,0.0007761373999528587,0.03344306536018848,0.015768620887679916,16.016386876582462,0.6854478268335206,0.009006572635633214
2750,training,0.0007382304756902158,0.006015233928337693,0.015768620887679916,16.116128123754887,0.6873758059716228,0.029712224330149573
2751,training,0.001404491369612515,0.012217227835208178,0.014327501511050854,16.215918437711164,0.6906725244554752,0.03385506886906118
2752,training,0.0009435241809114814,0.01375179411843419,0.014327501511050854,16.315771047132042,0.6939636115844533,0.03291935618420669
2753,training,0.0012090327218174934,0.010811984539031984,0.017389380519550413,16.395631352815844,0.6965011009029448,0.03112070575588235
2754,training,0.0005976094398647547,0.010786952450871468,0.017389380519550413,16.51552001497038,0.7000083778595186,0.027399409824122346
2755,training,0.0008200883166864514,0.06279262527823448,0.006148019602667621,16.635453250474416,0.7029329438862022,0.021672782969294802
2756,training,0.0015209661796689034,0.03391337022185325,0.006148019602667621,16.715485348100636,0.7037985811228501,-0.0010360452883063814
2757,training,0.0014961462002247572,0.009365111589431763,0.006148019602667621,16.8155509403459,0.7022907063880259,-0.02786360748696464
2758,training,0.0007887560641393065,0.011584196239709854,0.015474203681439373,16.915504041811616,0.6985740380066405,-0.044415860178769875
2759,training,0.0006363099091686308,0.006962111219763756,0.015474203681439373,16.995400194902576,0.6949309761524214,-0.046567388795668734
2760,training,0.0022831715177744627,0.004699813202023506,0.01979422038455332,17.115145762374404,0.6893674705546402,-0.047059678138895986
2761,training,0.00033271987922489643,0.02697828970849514,0.01979422038455332,17.25496153130684,0.6827553657586631,-0.04740947730952106
2762,training,0.0021732328459620476,0.00701893679797649,0.020228600659001606,17.334684636444834,0.6790367163608264,-0.04462564165070539
2763,training,0.0008663275511935353,0.007196848280727867,0.020228600659001606,17.454465695396973,0.674288680210778,-0.03309319647276617
2764,training,0.0011871212627738714,0.006749443709850311,0.019673117478492937,17.59421096777016,0.6704711164189521,-0.02226279135948787
2765,training,0.0007155097555369139,0.0052631935104727745,0.019673117478492937,17.674113215086482,0.668792886861798,-0.020777662201063214
2766,training,0.0008397317724302411,0.0009077647700905783,0.019673117478492937,17.75395861406022,0.66706041459279,-0.021636776461316534
2767,training,0.001337083405815065,0.0182390958070755,0.02079791931906979,17.893728162367584,0.6643330492764863,-0.016490582902426155
2768,training,0.0007103055249899626,0.00954078184440732,0.02079791931906979,17.993629892736234,0.6627540156548472,-0.016286362931639344
2769,training,0.000707663013599813,0.0007987064309418197,0.01774861045890503,18.0935390118047,0.6612068869752398,-0.014040775840719794
2770,training,0.0007717438857071102,0.009122149553149939,0.01774861045890503,18.19345214673202,0.6598255055946427,-0.0132874214110514
2771,training,0.0006358093814924359,0.008073217235505583,0.02204663416164755,18.313269141072965,0.6583475950677407,-0.010975960959051246
2772,training,0.0003065577184315771,0.006198763381689787,0.02204663416164755,18.43311601464315,0.6574791214185712,-0.003873319889046866
2773,training,0.0014865060802549124,0.0013862778432667255,0.02066891323420142,18.553046546673205,0.6570640865044921,-0.0047973701814797085
2774,training,0.001041158102452755,0.004671910777688026,0.02066891323420142,18.672987096332665,0.6563636727523366,-0.0077058560062755145
2775,training,0.002956927288323641,0.010235338471829891,0.01594958644427688,18.75298145728814,0.6557201262623682,-0.009156391885357681
2776,training,0.0033385776914656162,0.00973835401237011,0.01594958644427688,18.85291671645489,0.6548593561301476,-0.009687704825585878
2777,training,0.00047696090769022703,0.021947538014501333,0.01594958644427688,18.932845536359075,0.6541385496498917,-0.009604490565064556
2778,training,0.0011556653771549463,0.010233071632683277,0.006445008903302664,19.032766901484898,0.653218863103436,-0.009015019357205577
2779,training,0.0009250924340449274,0.0375291109085083,0.006445008903302664,19.11272737334334,0.6524953566081845,-0.008670392403925418
2780,training,0.000766564451623708,0.0346046406775713,0.003908806765459305,19.232723576551823,0.6505495505215337,-0.026103161021483783
2781,training,0.0013184798881411552,0.017133070155978203,0.003908806765459305,19.312686123558137,0.648009242475393,-0.0361135526891792
2782,training,0.002050858223810792,0.019575773738324635,0.003908806765459305,19.392328142758434,0.6452883688412139,-0.02789036110180606
2783,training,0.0016264229780063033,0.029652511700987816,0.014228115273983646,19.492117352721735,0.6433798360315782,-0.011341063140234068
2784,training,0.0008480499382130802,0.013011681847274303,0.014228115273983646,19.592113604724123,0.6420421368894614,-0.020120891359849694
2785,training,0.0008958918042480946,0.002186371944844721,0.007868985279560335,19.672148275136365,0.6400719977117937,-0.030382677175927145
2786,training,0.0007103126845322549,0.014485453750239685,0.007868985279560335,19.752088018491797,0.6374266628382131,-0.035692487214055144
2787,training,0.0007002761121839285,0.0015526846691500396,0.015783839643277217,19.891836203170005,0.6322574607345705,-0.03823465528533196
2788,training,0.0002751724678091705,0.033100477419793606,0.015783839643277217,19.97171018335694,0.6292443153053694,-0.03867065184655195
2789,training,0.0009899543365463614,0.0032099960371851904,0.02884743285215812,20.111481601303446,0.6229414954175286,-0.05443719331522384
2790,training,0.0004655155644286424,0.008500801399350166,0.02884743285215812,20.211244260371437,0.6176428300456358,-0.05115317440538249
2791,training,0.0005490982439368963,0.006377773359417915,0.04307999461215252,20.35098902661957,0.609863210313146,-0.06232737388839376
2792,training,0.001041741343215108,0.012085241265594961,0.04307999461215252,20.430726164361594,0.6048261960281444,-0.06352957773380086
2793,training,0.0004171323962509632,0.005946043878793716,0.04307999461215252,20.510540160378923,0.599923958866113,-0.060090227905081305
2794,training,0.0005716537707485259,0.011771014425903559,0.04404120331897211,20.610292004962506,0.5940063336163917,-0.06040213392229043
2795,training,0.00171570829115808,0.029583068564534187,0.04404120331897211,20.710024692470896,0.588127113978155,-0.05837572779379223
2796,training,0.00011449782323325053,0.004611829295754433,0.021525135559819046,20.80974779100148,0.582674077983922,-0.0520167563904716
2797,training,0.0008473871275782585,0.017803767696022987,0.021525135559819046,20.909494791914476,0.5778614385666729,-0.045859499351094915
2798,training,0.0011692428961396217,0.006761397235095501,0.021525135559819046,21.029214875140863,0.5729625899652504,-0.03688831886570753
2799,training,0.002012050710618496,0.04667265526950359,0.009413233989888175,21.148944830595987,0.5691978579412189,-0.0269937245284943
2800,training,0.0013358407886698842,0.04314274154603481,0.009413233989888175,21.228839346131778,0.5673008668745403,-0.022208033440714675
2801,training,0.0015650473069399595,0.0359567366540432,0.011619480280364665,21.3286896731848,0.5654110583947133,-0.017337133294025805
2802,training,0.001210792688652873,0.015101172495633364,0.011619480280364665,21.46850872636551,0.5631534500624402,-0.01661126388573128
2803,training,0.0015743242111057043,0.01271169912070036,0.016372756890738086,21.58838069237464,0.561354109791154,-0.012891053289044616
2804,training,0.00016236933879554272,0.014039870351552956,0.016372756890738086,21.708280367282253,0.5599070164688188,-0.010806328891975922
2805,training,0.0014799385098740458,0.018172480165958398,0.022305832042319656,21.768044158416124,0.5595120473870161,3.768660762184498e-05
2806,training,0.0006048885406926274,0.039217340759932995,0.022305832042319656,21.867789415749755,0.5607906487001821,0.024497523117424664
2807,training,0.0013068582629784942,0.011132493615150452,0.012695596394179174,21.987354857186183,0.5656329023848529,0.056238609440049554
2808,training,0.0007219495018944144,0.0158197320997715,0.012695596394179174,22.067093054455587,0.570657585280278,0.0676134150161484
2809,training,0.0008505578152835369,0.010851331055164337,0.012695596394179174,22.16670166489969,0.5777855946675275,0.07123279573792474
2810,training,0.0010249660117551684,0.016672030091285706,0.009073929860796621,22.24634425046686,0.5834464543237303,0.06849947589019284
2811,training,0.0015517226420342922,0.012277528643608093,0.009073929860796621,22.326173472958047,0.5886240355748935,0.06060715890597311
2812,training,0.0008677664445713162,0.0021800007671117783,0.009073929860796621,22.446017421650318,0.594812462666446,0.04229396308765041
2813,training,0.0013075923779979348,0.010399503633379933,0.01631092292132346,22.56595044499039,0.5990694682067269,0.02905610599620324
2814,training,0.006876434665173292,0.03586376737803221,0.01631092292132346,22.68591745557509,0.6020269759735793,0.019491422943428146
2815,training,0.0011818293714895844,0.00773278996348381,0.028453309832523022,22.76583227119269,0.6034632501880297,0.014972591315260537
2816,training,0.0018250043503940105,0.006982985883951187,0.028453309832523022,22.86571195599444,0.6054623668331093,0.02980618454533042
2817,training,0.001204276573844254,0.011576626449823386,0.037950671073367706,22.98538593570351,0.6103338855012729,0.050538664749538526
2818,training,0.0015804305439814925,0.016483123879879713,0.037950671073367706,23.084970232035616,0.6163552001785702,0.06922442711677869
2819,training,0.0015640154015272856,0.03382003540173173,0.029382977458490837,23.16462699374579,0.6222091135572558,0.07521148499710736
2820,training,0.0006626223330385983,0.008237194269895554,0.029382977458490837,23.324057693470937,0.6341302614361031,0.07308513837377337
2821,training,0.0006825801101513207,0.0018030758947134018,0.01998554486546627,23.423833959595534,0.6407795521984897,0.058343239971801165
2822,training,0.0003379230329301208,0.004729598760604862,0.01998554486546627,23.50374803721984,0.645024583504116,0.04663851934861691
2823,training,0.0010163284605368972,0.004715701565146443,0.01998554486546627,23.60366170675802,0.6491104221690343,0.034006343566663266
2824,training,0.0009778337553143501,0.008114211726933718,0.017328293392640033,23.703610894268955,0.6520084076123468,0.023137767113279705
2825,training,0.0013933866284787655,0.022723231464624405,0.017328293392640033,23.803536983391414,0.6541184300622988,0.01974085442890481
2826,training,0.0012024607276543975,0.022059700451791286,0.014271684490143892,23.903472601893178,0.6558777025643484,0.014030963681520046
2827,training,0.0004504926619119942,0.02831024629995227,0.014271684490143892,23.983400721874304,0.6569506121897799,0.01318206420859288
2828,training,0.0003448032366577536,0.02772314567118883,0.014271684490143892,24.103318093646802,0.6582997840274015,0.00945706348731333
2829,training,9.215449972543865e-05,0.017197441309690475,0.0052224010618132375,24.243225897051918,0.6591014288404258,0.0015327218833661495
2830,training,0.0006135059520602226,0.015275169163942337,0.00537157214470664,24.343208044251543,0.6590663273787198,-0.00337276086620252
2831,training,0.002455546287819743,0.019230032339692116,0.00537157214470664,24.443151794502782,0.6587577275699016,-0.004011045749245325
2832,training,0.0018253866583108902,0.013987450860440731,0.00537157214470664,24.523097974762873,0.6584897340569006,-0.003778342281583343
2833,training,0.0005729061085730791,0.0343419024720788,0.011331443803079185,24.60308239777706,0.6581824164367083,-0.0034618709219036248
2834,training,0.00022314320085570216,0.0030173510313034058,0.011331443803079185,24.723002319642706,0.6576221522484563,-0.005997751847194958
2835,training,0.00028581940568983555,0.021803133189678192,0.011008768936557937,24.802837124910532,0.6577929247998584,0.013712955321273375
2836,training,0.0004174284404143691,0.030170060694217682,0.011008768936557937,24.902602150661515,0.6601158991996862,0.03284963190628589
2837,training,0.0010154441697522998,0.03823778033256531,0.012847452414828452,24.982141256726177,0.6637984950905939,0.06208678039142816
2838,training,0.001286222948692739,0.013124927878379822,0.012847452414828452,25.101087116958627,0.6747592316802818,0.12336507092691197
2839,training,0.0004643624124582857,0.043819725513458266,0.012847452414828452,25.199379046311922,0.6902432382334971,0.19278924432586883
2840,training,0.0011679216986522079,0.04175309091806412,0.02206244256552918,25.29680598114876,0.711423948735278,0.23191109819278743
2841,training,0.0010055577149614692,0.06254772841930392,0.02206244256552918,25.411560242556536,0.7435814660044665,0.3199615457336329
2842,training,0.0007784294430166483,0.042136937379837036,0.06759061651066528,25.503981018606602,0.7791812034817915,0.4150328501004124
2843,training,0.001966147916391492,0.11563830822706223,0.06759061651066528,25.610018027254068,0.8330502885664843,0.5227911959055752
2844,training,0.00015546510985586792,0.1542183011770248,0.07737955658285166,25.69309596054805,0.8868315674463216,0.6316081859024185
2845,training,0.00034184017567895353,0.16959405690431595,0.07737955658285166,25.754839071614814,0.9363410151623938,0.7209085735071361
2846,training,0.0008334895828738809,0.3293359652161598,0.10028932266668376,25.82537269865737,1.0057460609311069,0.8349975147392896
2847,training,0.002063319319859147,0.155724436044693,0.10028932266668376,25.8758067592297,1.0667398860851764,0.923689661148542
2848,training,0.0003588994441088289,0.09542451053857803,0.13283149279996762,25.950378850891056,1.1834654904877897,1.080604921196121
2849,training,0.0012331214966252446,0.07157987356185916,0.13283149279996762,25.985141661084416,1.254351261779154,1.144970928253602
2850,training,0.00040396652184426785,0.1210877783596516,0.13283149279996762,26.01590769537165,1.3277331728561395,1.203559853092468
2851,training,0.0015910046640783548,0.014629751443862915,0.15198734694685762,26.042521469558398,1.4027759292669133,1.255838122291586
2852,training,0.002831289079040289,0.004855796694755554,0.15198734694685762,26.070601144992292,1.498276185187364,1.3115299845053878
2853,training,8.66373156895861e-05,0.026942700147628784,0.10549042788380895,26.097879583293942,1.6146358789841473,1.3688491130064022
2854,training,0.0005916739464737475,0.014431461691856384,0.10549042788380895,26.11262177712938,1.6929570575385011,1.3995627083447657
2855,training,0.0009909244254231453,0.008628286421298967,0.10549042788380895,26.130686315799238,1.8111081995814056,1.4384419121474723
2856,training,0.0012532435357570648,0.02130787819623947,0.06683913574968012,26.139722991040244,1.8902724888290263,1.4767264485546263
2857,training,0.002302458742633462,0.0071614161133766036,0.06683913574968012,26.145985815523996,1.9697256034270543,1.5077473068094116
2858,training,0.0012287355493754148,0.02061072736978531,0.0463419539658065,26.150549793571855,2.1089288990344626,1.5698071704274117
2859,training,0.0007366306381300092,0.004099011421203613,0.0463419539658065,26.146676302500396,2.2283158814385255,1.6380024946828178
2860,training,0.0003738583764061332,0.038725100457668304,0.05335829391721351,26.13207769711309,2.367090214582477,1.7135468657625883
2861,training,0.0006907174829393625,0.035482116043567664,0.05335829391721351,26.110653604053223,2.4844042339179824,1.7908198741201875
2862,training,0.0008686231449246407,0.0007463768124580383,0.08330516487705429,26.087311143376247,2.5812615232076936,1.8221303335304582
2863,training,0.0013946396065875888,0.03595663607120514,0.08330516487705429,26.060904156460843,2.6773206370673965,1.8559756946402362
2864,training,0.0003244747349526733,0.02954452857375145,0.04325252058105484,26.03743642043358,2.753531476874073,1.8838174314777627
2865,training,0.00034186686389148235,0.04255208559334278,0.04325252058105484,26.00516906157089,2.8478323870744386,1.9183566067786706
2866,training,0.00011503376299515367,0.004276201128959656,0.04325252058105484,25.977118463363254,2.9226098178964803,1.9414441029810954
2867,training,0.0008968989714048803,0.00914619117975235,0.025014604294591215,25.932153392576133,3.0335559475017693,1.9689105261452715
2868,training,0.0022060361225157976,0.0080028623342514,0.025014604294591215,25.876335809940873,3.161571685995307,1.9951142968690443
2869,training,0.0010159503435716033,0.0074656084179878235,0.02248657727508996,25.826144923060316,3.2704360679401487,2.0106111901077655
2870,training,0.00041419570334255695,0.0219614990055561,0.02248657727508996,25.782573266437264,3.3601976877017954,2.03545014813922
2871,training,0.0005066178855486214,0.04084223601967096,0.036486739686588374,25.71803193341127,3.484287462010861,2.06530355252153
2872,training,0.0004128006403334439,0.04990112408995629,0.036486739686588374,25.649641546410976,3.6058579835797344,2.1009977972755522
2873,training,0.0005260887555778027,0.03366850316524505,0.0505388130360085,25.598305225874647,3.691405558335434,2.120748805015869
2874,training,0.00019660324323922396,0.011282941326498985,0.0505388130360085,25.52313294276399,3.8090044133972296,2.159537206598647
2875,training,0.0006064121844246984,0.0047401972115039825,0.05120581547767235,25.466861857158865,3.8914049480891824,2.179868067534397
2876,training,0.0006704505067318678,0.051792905665934086,0.05120581547767235,25.397381547871795,3.988921284256745,2.2001429158284727
2877,training,0.0011742276838049293,0.028875320218503475,0.03584583532124817,25.33768476729791,4.068709187312896,2.228838973008422
2878,training,0.002255657920613885,0.0004390981048345566,0.03584583532124817,25.288415272627283,4.131502630733902,2.243522934604538
2879,training,0.0005310424021445215,0.013906920328736298,0.03584583532124817,25.225894211993655,4.209365594584641,2.2477786604529895
2880,training,0.0004781871975865215,0.009776190156117082,0.022236681970323864,25.150043400403842,4.302037153583376,2.268514215225226
2881,training,0.0005752264987677336,0.01298642810434103,0.022236681970323864,25.099341426625504,4.362703566146555,2.264135954445336
2882,training,0.00032304401975125074,0.018447261303663254,0.022236681970323864,25.02262327512764,4.454820975059685,2.265788857960963
2883,training,0.0018566688522696495,0.06693061022087932,0.010157967150809728,24.9469121544874,4.547050273849652,2.24749062831309
2884,training,0.0002945314336102456,0.0015077013522386586,0.010157967150809728,24.884343155284512,4.624947679411397,2.2491520543661228
2885,training,0.0008458414231427014,0.06610920839011669,0.0036818735391642835,24.80967112373869,4.718820200702701,2.2346238483903664
2886,training,0.00041221652645617723,0.028884693980216983,0.0036818735391642835,24.73766796914781,4.815074775246037,2.1852938939105133
2887,training,0.00044070256990380585,0.048746747896075256,0.0036818735391642835,24.66941519322824,4.91423390270993,2.166836724905974
2888,training,0.0010540790390223265,0.011230247095227242,0.024237107930250613,24.602884796701627,5.013977539524519,2.149571510848505
2889,training,0.0005511455237865448,0.09041891247034073,0.024237107930250613,24.548083551695747,5.097461950746691,2.155560506639058
2890,training,0.0013622147962450981,0.0694313207641244,0.011773291623679218,24.503592875078844,5.16367813079742,2.1690815807179797
2891,training,0.0011875848285853863,0.07190052419900894,0.011773291623679218,24.42413581116176,5.278512402928573,2.179759923878348
2892,training,0.0013556748162955046,0.0464787855744362,0.011773291623679218,24.37809104016054,5.343737815344359,2.1905395817513496
2893,training,0.0018654130399227142,0.039589591324329376,0.011255475164956015,24.31905207858095,5.424049027299052,2.219859334579979
2894,training,0.000524015398696065,0.08923950418829918,0.011255475164956015,24.257510981936086,5.502395604233332,2.252694092947344
2895,training,0.0007312172092497349,0.0649084746837616,0.011255475164956015,24.193555017692464,5.578861474229124,2.2804291525827285
2896,training,0.0007768410141579807,0.008388295769691453,0.011752850976432205,24.12785508214354,5.6539792897353776,2.2957062821595313
2897,training,0.0030038312543183565,0.00014351308345794678,0.011752850976432205,24.046908344593664,5.7420999872861636,2.3367545391158218
2898,training,0.00043447467032819986,0.0815433319658041,0.011752850976432205,23.97635779111479,5.812493400418381,2.3787256562567203
2899,training,0.0008694136049598455,0.023893244564533248,0.011302518307108489,23.88884843522718,5.8944320451925325,2.3974153018270483
2900,training,0.0007828668458387256,0.05490582808852196,0.011302518307108489,23.829496450648406,5.9475466007487565,2.42873563954612
2901,training,0.0002861050597857684,0.0012697316706180573,0.01641757751246636,23.73764638217679,6.024348988050685,2.459714545936988
2902,training,0.00046852443483658135,0.006997976452112198,0.01641757751246636,23.6594045012846,6.086128795175505,2.488217799906255
2903,training,0.00046074221609160304,0.06434893235564232,0.01641757751246636,23.579533085793148,6.1459331581662395,2.5090921421877797
2904,training,0.0007567977299913764,0.01894298940896988,0.024307673541167498,23.48222219808207,6.215690481572581,2.5307484561673257
2905,training,0.00017593937809579074,0.022605881094932556,0.024307673541167498,23.383155236530943,6.282466535049331,2.56820077504566
2906,training,0.0015265215188264847,0.00841321796178817,0.052634408820237545,23.315634426139397,6.325046500527662,2.5887305259127227
2907,training,0.00018534879200160503,0.027565032243728638,0.052634408820237545,23.230182436928395,6.376420379226497,2.614111475955825
2908,training,0.0013605665881186724,0.003898583352565762,0.052634408820237545,23.161092988611387,6.416531764429036,2.615662584923988
2909,training,0.0002448309969622642,0.032555232755839825,0.04472944675286842,23.074573305279916,6.466323041739893,2.624204405943348
2910,training,0.0007988864090293646,0.0204638559371233,0.04472944675286842,22.952492933076567,6.53401675567639,2.646775946826807
2911,training,0.0009700360824353993,0.024481328611727804,0.031698123085476704,22.846795747278527,6.590390005756138,2.6557134478667552
2912,training,0.0007936028996482491,0.009206373244524009,0.031698123085476704,22.74074531501132,6.646332166222423,2.6556436621269564
2913,training,0.0035918259527534246,0.03917830716818571,0.023234941841946945,22.65263700285571,6.6936015364176145,2.6384318356577925
2914,training,0.0016326338518410921,0.05400543473660946,0.023234941841946945,22.56518522227173,6.741839913305237,2.639616390001222
2915,training,0.0011344804661348462,0.015924785286188126,0.023234941841946945,22.495028891492375,6.780076508012893,2.6458526027970484
2916,training,0.0003038894501514733,0.020201576873660088,0.020210275651930718,22.372253947386184,6.8471838902636,2.6327588888128086
2917,training,0.0005855120252817869,0.041676294058561325,0.01854777122724911,22.249918385171362,6.915074050241326,2.6396625964528844
2918,training,0.0004003282228950411,0.03231403976678848,0.01854777122724911,22.16217701215084,6.962731289608626,2.648687985629363
2919,training,0.001589885912835598,0.010698015801608562,0.01854777122724911,22.091866962526712,7.00041822761232,2.648872228203469
2920,training,0.0005981929134577513,0.015351677313446992,0.014676077843876393,22.02153449959792,7.038266311109465,2.645445589024895
2921,training,0.001654515857808292,0.02168986201286316,0.014676077843876393,21.951386695283272,7.076796428903997,2.632006501661422
2922,training,0.0006078437436372042,0.020092952996492386,0.014676077843876393,21.86457033427517,7.126455972928599,2.6119961907421954
2923,training,0.001490403781645,8.578039705753326e-05,0.016319163114991306,21.812921426263262,7.157025901704119,2.602477934394526
2924,training,0.005449473857879639,0.030535582453012466,0.016319163114991306,21.727178711339146,7.208092052667429,2.6098922074622104
2925,training,0.0013844731729477644,0.04090481624007225,0.02102495196269539,21.6056979935605,7.277001409327571,2.6425767151779787
2926,training,0.0018413797952234745,0.04453136771917343,0.02102495196269539,21.518114869682794,7.325390388849799,2.631336050619681
2927,training,0.0017622326267883182,0.04388681286945939,0.02007667684740685,21.43098247131897,7.373923349233702,2.637149337583542
2928,training,0.0007080212235450745,0.01881314441561699,0.02007667684740685,21.34346377621758,7.422051297224845,2.6405077207522347
2929,training,0.0008206884376704693,0.03843076154589653,0.02007667684740685,21.256048316654276,7.470546346786324,2.626065178614304
2930,training,0.0003814229858107865,0.0052507128566503525,0.022810910803918553,21.186583322274714,7.5096371574339145,2.63459761836472
2931,training,0.0004056653124280274,0.08918952196836472,0.022810910803918553,21.11676170927889,7.548123698346897,2.6377005262561934
2932,training,0.0025340146385133266,0.00553907081484795,0.022810910803918553,21.028940107339125,7.595440452902097,2.6604693957849204
2933,training,0.0005229931557551026,0.00577862933278084,0.0190407911887078,20.940369879975613,7.641729611913493,2.654184575009941
2934,training,0.0006607844843529165,0.026982514187693596,0.0190407911887078,20.85224010347608,7.688872462182127,2.646856036545399
2935,training,0.0004651362251024693,0.0067513808608055115,0.023618481831442016,20.747094730097317,7.746668538298883,2.629532486093113
2936,training,0.0011093351058661938,0.05733221955597401,0.023618481831442016,20.677442641154116,7.785793291237695,2.6310783813665033
2937,training,0.0012553114211186767,0.04231484979391098,0.023618481831442016,20.60748097684414,7.824516284223086,2.6437222027237945
2938,training,0.0005561838624998927,0.05926090106368065,0.027210652697114365,20.519419432626123,7.871529214520564,2.6591242751461714
2939,training,0.001503078849054873,0.005421664100140333,0.027210652697114365,20.412813066552523,7.925935366982948,2.681179704792213
2940,training,0.001139587489888072,0.0301361046731472,0.02645933112280422,20.340972799940417,7.961213350211105,2.686603571794669
2941,training,0.0005337832262739539,0.0031787240877747536,0.02645933112280422,20.251396353144543,8.005725811249228,2.671418498890712
2942,training,0.0015125051140785217,0.021950988098978996,0.02645933112280422,20.180387543996048,8.042197617950803,2.6637910094790094
2943,training,0.0013658355455845594,0.02123461291193962,0.024416720187158545,20.09183621568262,8.088537882087955,2.6535382154399
2944,training,0.0019304025918245316,0.01011267676949501,0.024416720187158545,20.021198403381305,8.125776257324077,2.6624131848115273
2945,training,0.0014080884866416454,0.02320441696792841,0.021151045061156434,19.91429159165521,8.179835522512203,2.6847103206599945
2946,training,0.0012510817032307386,0.0414439532905817,0.021151045061156434,19.842433991718636,8.214783226500932,2.691450535544276
2947,training,0.0007982249371707439,0.03664371557533741,0.021151045061156434,19.752505572510085,8.25858834196781,2.681672833734219
2948,training,0.0001720728469081223,0.029011527076363564,0.0152746905075632,19.68090171161024,8.294470542877862,2.672583651765661
2949,training,0.0014038882218301296,0.06801711581647396,0.0152746905075632,19.57452221951629,8.349971219560326,2.6474024057905807
2950,training,0.0020152810029685497,0.0010178405791521038,0.012386382948135235,19.504000128972756,8.387676314345883,2.6604546908627515
2951,training,0.002163003198802471,0.013829777017235756,0.012386382948135235,19.415171769673297,8.433324939294607,2.6716861469113544
2952,training,0.0014070257311686873,0.04473410174250603,0.014579353122412984,19.308031507987856,8.486819724771438,2.686053375901822
2953,training,0.00047107477439567447,0.03821389190852642,0.014579353122412984,19.236100082925734,8.52191792813206,2.687747558911485
2954,training,0.0011309378314763308,0.013357779011130331,0.014579353122412984,19.164404711412114,8.557169974695455,2.679501450808455
2955,training,0.000529139768332243,0.017301795072853565,0.0037627915999773258,19.07492177175042,8.601792311831787,2.6818229759119836
2956,training,0.0007022764184512198,0.02576913870871067,0.0037627915999773258,19.00321096311085,8.63693149624219,2.690204158950125
2957,training,0.0008105788729153574,0.024435391649603844,0.0037627915999773258,18.913315023882305,8.68075472503056,2.6830025846172036
2958,training,0.0014532966306433082,0.0034047476947307587,0.007660484223536841,18.841581658516677,8.716239033560933,2.682150436140736
2959,training,0.00038307008799165487,0.011626537889242172,0.007660484223536841,18.769743057816296,8.75149475902619,2.690627557254096
2960,training,0.00024200620828196406,0.014732150360941887,0.011962943984603205,18.661604521230093,8.803091031736486,2.701787899160689
2961,training,0.00211636652238667,0.048812757595442235,0.011962943984603205,18.552868612059736,8.853315315836994,2.7166647662795893
2962,training,0.00168098253197968,0.015197696629911661,0.011962943984603205,18.498137550691574,8.87807262420446,2.716460209780502
2963,training,0.0006217890186235309,0.01871492073405534,0.007355309692453103,18.40708274286043,8.919218565302627,2.7187081298358895
2964,training,0.0007834811112843454,0.006310451775789261,0.007355309692453103,18.315941044074002,8.9601960746363,2.7187912549685107
2965,training,0.0004720808647107333,0.012687314301729202,0.009557790547798933,18.206255344641708,9.008460096041166,2.7386927372901027
2966,training,0.0007237292011268437,0.004050023853778846,0.009557790547798933,18.13267707632917,9.039231964617853,2.751993154714128
2967,training,0.001171468524262309,0.04286227375268936,0.009557790547798933,18.02128171780065,9.08316158813073,2.7828674925811248
2968,training,0.0003556584124453366,0.05018381215631962,0.004184738752208814,17.946353018524718,9.109874373420446,2.8189771135197508
2969,training,0.0004828947421628982,0.04280113708227873,0.004184738752208814,17.870346263916012,9.134260722047893,2.837689661399615
2970,training,0.0019461631309241056,0.05510303704068065,0.004184738752208814,17.793978596264047,9.157611945114017,2.8516873926682735
2971,training,0.0023374781012535095,0.004971638321876526,0.010474175923967302,17.71737513528352,9.180107835313656,2.8550603549103646
2972,training,0.0005383414099924266,0.024487096816301342,0.010474175923967302,17.640580207345053,9.202410505809665,2.8679567444582226
2973,training,0.0004513099556788802,0.02480888180434704,0.011876174992578103,17.544330318926693,9.228666436335427,2.8822289121500178
2974,training,0.004930988419800997,0.013809110969305038,0.011876174992578103,17.447754662099307,9.253815218998914,2.8924517467982365
2975,training,0.0009533540578559041,0.01296483539044857,0.011876174992578103,17.37034641824824,9.273117165417595,2.903410338554061
2976,training,0.0014416422927752137,0.037091322243213654,0.018452998150050894,17.27321214981968,9.295888185241335,2.918347826851537
2977,training,0.003723668400198221,0.00035798666067421436,0.018452998150050894,17.175800269826595,9.317860348812827,2.918968804397817
2978,training,0.0014472086913883686,0.043150052428245544,0.02099717693947852,17.058902363968762,9.344189928243004,2.9209367136721296
2979,training,0.0012253082823008299,0.005554737523198131,0.02099717693947852,16.961500672752933,9.3665115187106,2.910816307935452
2980,training,0.0008055322687141597,0.003506750799715519,0.02099717693947852,16.864373258320192,9.39008160254926,2.8955108288119935
2981,training,0.000701750279404223,0.05575581081211567,0.004217694536412541,16.786900967601348,9.409627028524637,2.8946776646098695
2982,training,0.00046036014100536704,0.02585044875741005,0.004217694536412541,16.690096874551177,9.434508975668562,2.8796596431007013
2983,training,0.0033910539932549,0.05078738275915384,0.02656663846581516,16.612860352113913,9.455066771326539,2.883022922366476
2984,training,0.0009684341493993998,0.02753298543393612,0.02656663846581516,16.535546111391447,9.47560102531017,2.8800236469058476
2985,training,0.0008338382467627525,0.009282898157835007,0.02656663846581516,16.419903547871808,9.506779890034856,2.8775832594587216
2986,training,0.0017436313210055232,0.052815891802310944,0.05613587303641145,16.304102274542302,9.537231762831448,2.8918894190041526
2987,training,0.0013519758358597755,0.02956066932529211,0.05613587303641145,16.22664588435705,9.556498498736778,2.9034124081588737
2988,training,0.000578385079279542,0.021198823116719723,0.032481831082321416,16.110252590225723,9.585553625364295,2.8837048322032253
2989,training,0.0007910165004432201,0.021995013579726223,0.032481831082321416,15.99434419498536,9.616047783551155,2.8863748670914546
2990,training,0.001388141536153853,0.008881944580934942,0.013930077906538278,15.89763979787642,9.640602092519352,2.899529446978551
2991,training,0.0004279180720914155,0.002264304086565968,0.013930077906538278,15.761829271041298,9.673844982282876,2.900575706755424
2992,training,0.00068677868694067,0.02963222935795784,0.027014299165181152,15.684270143418479,9.693229624369875,2.8900118937323964
2993,training,0.0009940380696207285,0.06874567177146673,0.027014299165181152,15.587657062812267,9.719231556915473,2.8631768426300495
2994,training,0.0006733813206665218,0.03206461202353239,0.027014299165181152,15.510786079791751,9.741388404309006,2.8585418643104905
2995,training,0.0015954382251948118,0.03805358707904816,0.007848846466443559,15.41484788020316,9.768961428693705,2.865558806588108
2996,training,0.0012222514487802982,0.012790471315383897,0.007848846466443559,15.337894499935919,9.79056052345131,2.870913058787072
2997,training,0.0010808332590386271,0.08562747202813625,0.007848846466443559,15.26096784594725,9.8127268790405,2.8444183819221203
2998,training,0.0005436376086436212,0.03015559166669847,0.027506300495844536,15.18475898165557,9.83787736015968,2.7990740789664144
2999,training,0.001194947399199009,0.025111641734838486,0.027506300495844536,15.109664929249783,9.866105015421914,2.7649172903045782
3000,training,0.0005847312277182937,0.04466217942535877,0.027506300495844536,15.035631494892613,9.896692966480346,2.7355047093784037
3001,training,0.00028360405121929944,0.07122620567679405,0.010120882882946403,14.925928991332777,9.945717880725509,2.7116209236678697
3002,training,0.0011577758705243468,0.002730228006839752,0.010120882882946403,14.816931843272743,9.99569864957489,2.714491970398378
3003,training,0.0005517375539056957,0.027670690789818757,0.009118707855310602,14.72612989426022,10.037829083163706,2.6957756368687638
3004,training,0.002921371255069971,0.005295487120747566,0.009118707855310602,14.636339769973379,10.082204469990938,2.668642465196401
3005,training,0.0008881206740625203,0.06348776258528231,0.0032820608089552564,14.547598858058244,10.128252836742327,2.6621326672819277
3006,training,0.00334519287571311,0.09176331199705602,0.0032820608089552564,14.459412904848186,10.175749553358505,2.629084395611055
3007,training,0.000568403338547796,0.08741678297519684,0.0032820608089552564,14.37344506092494,10.227277355617653,2.57215209134881
3008,training,0.0004214824002701789,0.022181779146194458,0.025405860793403977,14.290744002974229,10.284018249474247,2.5061269775565593
3009,training,0.00037306506419554353,0.08971881121397018,0.025405860793403977,14.211636838486363,10.345516784326325,2.458935901366795
3010,training,0.0004551302408799529,0.01017896831035614,0.04697286494373817,14.11897652848505,10.421601105969861,2.4496152185093463
3011,training,0.0011040513636544347,0.014215528964996338,0.04697286494373817,14.05787133655741,10.473372547858368,2.425151416028329
3012,training,0.001061898423358798,0.07330857217311859,0.04697286494373817,13.95424900064576,10.56771850172834,2.380534072692648
3013,training,0.000325007364153862,0.06858229963108897,0.02886866184913231,13.868199115075967,10.651555498732513,2.358199701487136
3014,training,0.0014130970230326056,0.014820080250501633,0.02886866184913231,13.797436642529076,10.7221093165159,2.3590181117519737
3015,training,0.0006277640350162983,0.024107933044433594,0.02886866184913231,13.726765523727131,10.792811391232737,2.3515917927472256
3016,training,0.00045931313070468605,0.016955828294157982,0.012680165479270557,13.670826131644835,10.849980821881402,2.3373730868565454
3017,training,0.0004672490176744759,0.0808154959231615,0.012680165479270557,13.587842523391682,10.936632345993047,2.3344288841876213
3018,training,0.0006318995147012174,0.0843430757522583,0.012680165479270557,13.532141473328162,10.993787335893073,2.3549291148545044
3019,training,0.0009373417124152184,0.00941791012883186,0.01821914092122883,13.489582168896188,11.036251609062875,2.3574230063322403
3020,training,0.0008512291242368519,0.00217242538928987,0.01821914092122883,13.432940131719594,11.092476965652368,2.364157773861831
3021,training,0.0020268745720386505,0.034345611929893494,0.01821914092122883,13.361051019010457,11.161306766041907,2.3974625797149938
3022,training,0.0014981119893491268,0.027567192912101746,0.01821914092122883,13.301668830064612,11.214428865698899,2.4267647539392816
3023,training,0.00025218346854671836,0.024735797196626656,0.03025713396779484,13.25603373308994,11.25323059890154,2.446042127198686
3024,training,0.0007605352438986301,0.042138151824474335,0.03025713396779484,13.178606959026341,11.316001239212573,2.4720173007247648
3025,training,0.0007811273680999875,0.014931559562683105,0.03025713396779484,13.11506974515991,11.364250165743346,2.519046076131699
3026,training,0.00029638776322826743,0.018470287322998047,0.041466056614031896,13.049415319258754,11.409334009535263,2.5606804835963994
3027,training,0.0011269281385466456,0.006944015622138977,0.041466056614031896,12.981953646348718,11.451561647691287,2.604083361494603
3028,training,0.0022136869374662638,0.0069486647844314575,0.041466056614031896,12.912735450277498,11.490607309120312,2.651062864900638
3029,training,0.0011102512944489717,0.021698333323001875,0.04170682041340748,12.841732772718917,11.526836600663751,2.6880970589809534
3030,training,0.000427181861596182,0.009728439152240753,0.04170682041340748,12.769393979667926,11.56064327025239,2.720625578518559
3031,training,0.000994459493085742,0.025059621781110764,0.04170682041340748,12.69609853763987,11.592327555022162,2.7447868552916397
3032,training,0.0016148027498275042,0.06463657505810261,0.029733279195117115,12.585377625759504,11.637843997867098,2.7542974827809545
3033,training,0.0018007600447162986,0.0018851496279239585,0.029733279195117115,12.492746382115863,11.675166673854818,2.7619638697974014
3034,training,0.0006703350809402764,0.03823616914451122,0.0009507344360046557,12.381153965141465,11.718507205287251,2.780361784191029
3035,training,0.0016947162803262472,0.03529781103134155,0.0009507344360046557,12.3063061512146,11.746460595152545,2.7859173410965274
3036,training,0.0017502885311841965,0.026556656695902348,0.0009507344360046557,12.231272954489137,11.773864180299768,2.799143452008537
3037,training,0.000559498555958271,0.0170000996440649,0.013185897630310077,12.118216631460832,11.813408375008342,2.809380591584284
3038,training,0.00027584799681790173,0.035348862409591675,0.013185897630310077,12.02368159318203,11.845413444204569,2.821519439727098
3039,training,0.0014766628155484796,0.008667998015880585,0.011468204517736948,11.90991214187173,11.883050512187209,2.8212748702174797
3040,training,0.0021532620303332806,0.007031729444861409,0.011468204517736948,11.815018965991989,11.914105826344787,2.830034758007271
3041,training,0.0029186727479100227,0.010846370831131928,0.012867264042216376,11.719851985900542,11.944005955068564,2.8441264691260684
3042,training,0.00018456930411048234,0.01940162666141987,0.012867264042216376,11.605019241368748,11.977765282458964,2.8664986258547915
3043,training,0.0016528770793229342,0.023392282426357266,0.009636781446527168,11.528087943563309,11.998790558655985,2.882028847476299
3044,training,0.001134900376200676,0.006743942387402058,0.009636781446527168,11.412263846554563,12.029844725215876,2.8706542301490483
3045,training,0.000705271668266505,0.015792986378073692,0.009636781446527168,11.296719416206129,12.061693591589199,2.8752359951829534
3046,training,0.0007820972823537886,0.02107088267803192,0.012466678270599593,11.180909139505646,12.092220610394198,2.892005967040182
3047,training,0.00034905155189335346,0.004006978124380115,0.012466678270599593,11.084095878628796,12.116644714740266,2.8936573467389075
3048,training,0.0005232034018263221,0.04180519375950098,0.0068722938032686485,11.00669608685854,12.135931342760179,2.9003470305146695
3049,training,0.00036071334034204483,0.02404879406094551,0.0068722938032686485,10.890253624710322,12.164655246243331,2.896221790939321
3050,training,0.0006411210051737726,0.11939013004302979,0.015521589745898512,10.81273212389311,12.183296846875928,2.9165953589295808
3051,training,0.002732633613049984,0.02081820834428072,0.015521589745898512,10.67590688632299,12.211270933260096,2.9638403038326735
3052,training,0.0006057021673768759,0.003798583522439003,0.015521589745898512,10.617182084793946,12.22161202448618,2.9681430577141783
3053,training,0.0007057387847453356,0.03868018090724945,0.026067449305928976,10.518758176027724,12.238545899713206,2.9743978461258886
3054,training,0.0008468310697935522,0.061234092339873314,0.026067449305928976,10.420237496241722,12.255442485158106,2.966530255557178
3055,training,0.0010035069426521659,0.05404348112642765,0.017936748833160723,10.30225691170192,12.277079250476438,2.953400368672719
3056,training,0.0013598359655588865,0.0039696842432022095,0.017936748833160723,10.184516123857893,12.300093179493816,2.94320568141556
3057,training,0.001592031680047512,0.10838614962995052,0.018281223408412234,10.106223004504615,12.315354223429262,2.956300358106843
3058,training,0.0016480849590152502,0.030841810628771782,0.018281223408412234,10.027621741166286,12.33014364098385,2.950634268410662
3059,training,0.0008361968211829662,0.024895388633012768,0.018281223408412234,9.910044194669135,12.35346044274417,2.941620945830697
3060,training,0.0005058142123743892,0.011975497007370002,0.04166586715719781,9.772850689255366,12.380574006742483,2.953192275039964
3061,training,0.0007296657422557473,0.00772583298385144,0.00887809104067861,9.654833397772782,12.401111687267987,2.986564786291947
3062,training,0.0020264636259526014,0.04378335177898407,0.00887809104067861,9.536192579676706,12.418226716169869,3.0079653034639118
3063,training,0.0019202791154384613,0.18116788566112524,0.00887809104067861,9.43710318571755,12.431545116867524,3.0054443547080143
3064,training,0.0011265971697866917,0.16611971333622932,0.06766627600502645,9.378406361402062,12.438456267048453,3.0556906289965404
3065,training,0.0006754883215762675,0.0873231329023838,0.06766627600502645,9.299156615079198,12.44185506881023,3.1413962125864328
3066,training,0.0018103064503520727,0.06191853526979685,0.06766627600502645,9.219706297968562,12.439461930229811,-3.0859772533409644
3067,training,0.004016311839222908,0.08102423325181007,0.07357435180569515,9.140336304809466,12.433630548059659,-3.0543091698553875
3068,training,0.0004982086829841137,0.09087774157524109,0.07357435180569515,9.041028966446245,12.423944873955453,-3.038103840654809
3069,training,0.0006505618803203106,0.03051316924393177,0.05254987343437123,8.941704652418762,12.413465183027881,-3.0358769045687573
3070,training,0.00048289092956110835,0.06870577484369278,0.05254987343437123,8.862184254966255,12.405140084842946,-3.038252327799331
3071,training,0.0011096345260739326,0.05118246749043465,0.05254987343437123,8.762893536471681,12.394628174127952,-3.0303212855118318
3072,training,0.002511049387976527,0.0066918544471263885,0.03953326494661256,8.663627532642666,12.383476513642169,-3.0313226444482373
3073,training,0.0006721916142851114,0.014833759516477578,0.03953326494661256,8.583967793121895,12.375149318796973,-3.0462605507109126
3074,training,0.000567386276088655,0.019287349656224258,0.03953326494661256,8.484328436070639,12.366409329794473,-3.0629347406301357
3075,training,0.0002675293944776058,0.01273302547633648,0.019641964459514424,8.40457128211242,12.360517663655976,-3.074302400872842
3076,training,0.00023943185806274414,0.016651889309287064,0.019641964459514424,8.304740195857852,12.354450167018921,-3.0879721324966645
3077,training,0.0006739195669069886,0.005489695817232132,0.017529163178049992,8.184782916742789,12.349167433227759,-3.1085185249049165
3078,training,0.0017153089866042137,0.0100841224193573,0.017529163178049992,8.064935285457866,12.345846720829993,-3.1191157560612175
3079,training,0.0007671117782592773,0.008783899713307619,0.0158402048474018,7.924991064432466,12.343330627333284,-3.127997948481121
3080,training,0.0013434928841888905,0.05484889913350344,0.0158402048474018,7.825087910221719,12.342053734338363,-3.128614496474178
3081,training,0.0008892541518434882,0.024228126741945747,0.01224381233990161,7.725294475040069,12.340165198011308,-3.1120123576951904
3082,training,0.0004984042607247829,0.05589497275650501,0.01224381233990161,7.625545742139349,12.33652043719124,-3.098204858258888
3083,training,0.0008440983365289867,0.0037645064294338226,0.01224381233990161,7.54576011488417,12.332735929721993,-3.090362766782435
3084,training,0.0008428747532889247,0.007969934493303302,0.01655966564943941,7.426076364152147,12.326341917624875,-3.0877162819264825
3085,training,0.0012155990116298199,0.017546214163303375,0.01655966564943941,7.306440878717389,12.319346277460419,-3.077475007861938
3086,training,0.001014322740957141,0.02731434162706137,0.006482883888757519,7.206717296919332,12.31308035458626,-3.0824515034778197
3087,training,0.000742205826099962,0.009013688191771507,0.006482883888757519,7.126868727899159,12.308705173289518,-3.091373552130047
3088,training,0.0019829971715807915,0.014885232783854011,0.0025677284506764385,7.026973504759181,12.304254232003618,-3.1035488488692065
3089,training,0.0027266505640000105,0.033750494942069054,0.0025677284506764385,6.907062155864896,12.300456628352169,-3.11631713248349
3090,training,0.0012015670072287321,0.011997189372777932,0.01255558262953465,6.787075980397806,12.298081068029251,-3.1267376977115457
3091,training,0.0005443458212539554,0.013814806938171387,0.01255558262953465,6.707226593252171,12.296723681613871,-3.1172408503941385
3092,training,0.0002954989322461188,0.02395428530871868,0.01255558262953465,6.607476437487191,12.293384956376705,-3.099863674261331
3093,training,0.001214575138874352,0.01332776248455047,0.0036009642285152682,6.527625554063691,12.289632970768363,-3.0910536892007325
3094,training,0.0005118076805956662,0.02541578374803066,0.0036009642285152682,6.4082394046091915,12.281655064003065,-3.058591906505306
3095,training,0.0009986120276153088,0.022165603935718543,0.009480025285337925,6.289004871704889,12.270612154282125,-3.041535995587599
3096,training,0.0017279492458328605,0.0018814336508512497,0.009480025285337925,6.209589536395472,12.262055685665777,-3.027049680266333
3097,training,0.0008997002150863409,0.06273453496396543,0.009480025285337925,6.130430900764547,12.252342752006792,-3.014376637041236
3098,training,0.0011684643104672432,0.05389538127928972,0.010502914381484867,6.031747968262903,12.238393444734488,-2.9850850726901546
3099,training,0.0015220821369439363,0.02684526890516281,0.010502914381484867,5.9334980411032126,12.221401422051896,-2.955862793232029
3100,training,0.00033891931525431573,0.0461479164659977,0.020821005843978058,5.835319546937051,12.202776029038306,-2.957596737414072
3101,training,0.00033479632111266255,0.011623469879850745,0.020821005843978058,5.7568195695085915,12.187722066777495,-2.9436058913012655
3102,training,0.0008902770350687206,0.018711283802986152,0.020821005843978058,5.658911471778801,12.167740839099661,-2.9399910365648774
3103,training,0.0009471135563217103,0.03920503798872232,0.0143903024530423,5.58033481583306,12.152199647428299,-2.953757318600739
3104,training,0.00022645553690381348,0.01309940405189991,0.0143903024530423,5.443433576384801,12.1252626157861,-2.935399193749917
3105,training,0.0006790435872972012,0.030054327100515366,0.020772949788701423,5.345549689187832,12.104874039382214,-2.9401582991617543
3106,training,0.0017792434664443135,0.002670527435839176,0.020772949788701423,5.266919422580337,12.089508473094975,-2.9573534464595954
3107,training,0.0012563178315758705,0.030075632967054844,0.0181105807807667,5.1293594379408844,12.064509598791176,-2.961882127001557
3108,training,0.001133117824792862,0.016491785645484924,0.0181105807807667,4.991439750510865,12.040311901378967,-2.9759813826135972
3109,training,0.001182411564514041,0.035347647964954376,0.0181105807807667,4.892696388295905,12.024553023272862,-2.9920907643704315
3110,training,0.0005938777467235923,0.029151979833841324,0.011897167370300145,4.774539827361936,12.004850830722287,-2.9606558358308033
3111,training,0.0015255468897521496,0.009996078908443451,0.011897167370300145,4.696418188810454,11.989355480783614,-2.931210762887293
3112,training,0.0011960777919739485,0.0032879635691642622,0.01682560130399443,4.618703446218651,11.971478416774062,-2.8988883263088017
3113,training,0.0007607560255564749,0.04897128418087959,0.01682560130399443,4.541540867247052,11.950972562237002,-2.8637505179760856
3114,training,0.0008412362658418715,0.021216168999671922,0.01682560130399443,4.4459503450510836,11.922300752586953,-2.83849809503893
3115,training,0.0012338742380961776,0.02527847886085509,0.06704307596373524,4.370375734800965,11.897105934028403,-2.799309043868855
3116,training,0.00025088427355512977,0.036927009001374245,0.06704307596373524,4.295999613799171,11.868963112919957,-2.75997348827977
3117,training,0.0007919257041066885,0.03180816397070885,0.08305795561805322,4.2039176005502386,11.830598085649084,-2.738922838793231
3118,training,0.0010122585808858275,0.029085524380207062,0.08305795561805322,4.131120246000965,11.79855089679442,-2.710274795579436
3119,training,0.0012436944525688887,0.06854174658656122,0.08305795561805322,4.023661339127512,11.746106993200021,-2.6665614425524753
3120,training,0.0005167561466805637,0.01665565371513366,0.06266946924078538,3.9361033188218175,11.698671614722079,-2.620327273918034
3121,training,0.0016103293746709824,0.061415142379701124,0.06266946924078538,3.867535797514751,11.657937487392147,-2.5953663918403524
3122,training,0.0011219328735023737,0.01795948948711157,0.06266946924078538,3.800038165020286,11.615630539343332,-2.5675717477710256
3123,training,0.0002552718506194651,0.013821003958582878,0.045299786508657666,3.7167848021121617,11.560549019122943,-2.5493899962997104
3124,training,0.0008582432055845857,0.05346198286861181,0.045299786508657666,3.6344433172790103,11.504088507243907,-2.5310649468800146
3125,training,0.0014856308698654175,0.08406035043299198,0.045299786508657666,3.553252937116905,11.446037857688438,-2.50954767017521
3126,training,0.00141791848000139,0.13512729480862617,0.018032822726420338,3.4892703538978225,11.398197869526248,-2.4888790799043625
3127,training,0.0016521414509043097,0.10954971984028816,0.018032822726420338,3.4263372726627574,11.34896804898195,-2.4669158086128475
3128,training,0.0009309315355494618,0.10804057121276855,0.018032822726420338,3.3643780424492404,11.298825897267843,-2.4577318624796716
3129,training,0.0018375974614173174,0.09135139733552933,0.008649226801879356,3.3028961493030082,11.24810166741781,-2.443666952748561
3130,training,0.0013182247057557106,0.11193682253360748,0.008649226801879356,3.2419723963813922,11.1964561194187,-2.4346642807479335
3131,training,0.0007164814742282033,0.036565668880939484,0.008649226801879356,3.163791439644136,11.133443833696269,-2.5071041886677246
3132,training,0.0031717331148684025,0.10325255990028384,0.02865103172316213,3.0977655353219533,11.087433565349922,-2.558138460746309
3133,training,0.0008033363847061992,0.05463675409555435,0.02865103172316213,3.02928513910051,11.045319694926334,-2.6241222028339695
3134,training,0.00031662313267588615,0.06306135654449463,0.02865103172316213,2.9585780824101007,11.00741833846752,-2.6731487466130415
3135,training,0.0033484057057648897,0.17042086273431778,0.0333277778140212,2.8684224200055013,10.963751252690978,-2.702881675419385
3136,training,0.000743543088901788,0.13285954855382442,0.0333277778140212,2.795870426403927,10.93012377834695,-2.7123063779540817
3137,training,0.0004523156676441431,0.1013791374862194,0.0333277778140212,2.722978351445217,10.897264976925923,-2.723055455013305
3138,training,0.0013258084654808044,0.14561902731657028,0.01692563628658014,2.631788432858721,10.856756350798186,-2.719163083798371
3139,training,0.001867018872871995,0.11096994951367378,0.01692563628658014,2.5592847708670043,10.823427788672317,-2.7012971071746477
3140,training,0.0007637874223291874,0.01576974987983701,0.01692563628658014,2.48749994886948,10.788647919076181,-2.6809296113694825
3141,training,0.00015178541070781648,0.03487300872802737,0.015813091828383325,2.4171141463049883,10.752073060766552,-2.632812435280993
3142,training,0.00801768060773611,0.11213204264640808,0.015813091828383325,2.3330831685256492,10.699628286445506,-2.528834460702876
3143,training,0.0005523782456293702,0.0907195508480072,0.050933994743669934,2.2564336469873862,10.637469991475779,-2.386990222270387
3144,training,0.0036880443803966045,0.03233800828456876,0.09770907920406947,2.189292135423774,10.56509187754848,-2.25370588748324
3145,training,0.001078311470337212,0.09760223329067232,0.09770907920406947,2.130673343698257,10.485436408284624,-2.166288330175083
3146,training,0.0003587624814826995,0.004744201898574801,0.09770907920406947,2.0769574398679875,10.401589319351945,-2.116849805442813
3147,training,0.0005057972157374024,0.041546568274497986,0.11126088622077308,2.0284910810493364,10.315155071401437,-2.037124917806182
3148,training,0.0004953256575390697,0.04873998090624809,0.11126088622077308,1.9807223333664805,10.206267914571958,-1.9307939660384832
3149,training,0.0005693924031220376,0.06824619695544241,0.11126088622077308,1.9542001087501348,10.131058480365178,-1.8959353180297929
3150,training,0.0006294057238847017,0.003771252930164351,0.0675905199857783,1.9295731648082062,10.05518322138172,-1.873099041239693
3151,training,0.0005137669504620135,0.06364825554192066,0.0675905199857783,1.8911281693983952,9.92107857188226,-1.8262991527001708
3152,training,0.0016149452421814203,0.010968873277306557,0.019791053988844773,1.8635756512096693,9.804716552310751,-1.779464329917941
3153,training,0.002655617892742157,0.04398674704134464,0.019791053988844773,1.8436477890756837,9.706854090969005,-1.7663667061864565
3154,training,0.0014027442084625363,0.01586928218603134,0.011138219578050236,1.8283257390650214,9.628304063142062,-1.761425545903323
3155,training,0.0008272475097328424,0.03128059580922127,0.011138219578050236,1.8172701181839357,9.569504319303066,-1.7512054053360875
3156,training,0.0005668055964633822,0.06011936254799366,0.011138219578050236,1.8036744718976756,9.490961701030763,-1.7306768946165485
3157,training,0.001063099829480052,0.019625771790742874,0.01721427102567893,1.7850689070521024,9.37250030314662,-1.7289555602993276
3158,training,0.0022922218777239323,0.036624131724238396,0.01721427102567893,1.7660198749528877,9.254032177253336,-1.7303487949165153
3159,training,0.0027021823916584253,0.021141396835446358,0.02279950032710881,1.7476127091836393,9.135670047032468,-1.7176176201842481
3160,training,0.0009037452982738614,0.01630565943196416,0.02279950032710881,1.736063988481923,9.05665462667572,-1.7155129216494276
3161,training,0.0010406728833913803,0.017778320237994194,0.02279950032710881,1.7244526824044923,8.977611609385647,-1.7179039711894415
3162,training,0.0005283097270876169,0.0597354592755437,0.01836372094308221,1.7067879468126308,8.858995662989456,-1.7189085832289017
3163,training,0.0005465324502438307,0.03591314610093832,0.01836372094308221,1.6955121135396207,8.779985604556545,-1.7042645813821324
3164,training,0.0031532379798591137,0.029379457235336304,0.016761627026558975,1.6829972263227817,8.680949871226378,-1.6911365993575125
3165,training,0.001665601972490549,0.021073871292173862,0.016761627026558975,1.6738315450851333,8.601589736350919,-1.6816210765887514
3166,training,0.0009966770885512233,0.0034374999813735485,0.016761627026558975,1.6647558957151418,8.522184820460968,-1.6911778872754908
3167,training,0.0016550315776839852,0.047554428689181805,0.002217359365286303,1.6497370030671847,8.403145118261957,-1.6995869840312632
3168,training,0.000670025940053165,0.018090831115841866,0.002217359365286303,1.6399434870040703,8.323875887840007,-1.6846351202603809
3169,training,0.0005386813427321613,0.06287916749715805,0.002217359365286303,1.6293532834692277,8.224646880071992,-1.6701752804549308
3170,training,0.00024090321676339954,0.01966958027333021,0.01070456865019184,1.6183707003753398,8.125144667797333,-1.6910315951726238
3171,training,0.001965089701116085,0.0010259076952934335,0.01070456865019184,1.600268649428566,7.986401863778548,-1.707750558078525
3172,training,0.0018014069646596909,0.018028410151600834,0.008133845467986536,1.5875679278500585,7.88733110605061,-1.68879586513189
3173,training,0.0004968834109604359,0.03663728013634682,0.008133845467986536,1.5765913433986811,7.788149029856076,-1.6756595557654284
3174,training,0.002930837217718363,0.04601180739700794,0.004641057437474856,1.5682424667133092,7.708627960864931,-1.6791806202666064
3175,training,0.001404265407472849,0.022245384752750397,0.004641057437474856,1.5566832524462162,7.609317881916699,-1.693156929557171
3176,training,0.000592926109675318,0.04103620536625385,0.004641057437474856,1.5441990150524263,7.510228076572698,-1.6961656616888474
3177,training,0.00149110471829772,0.06057890132069588,0.007023716572436246,1.5318605319476826,7.411173352873774,-1.69160486225043
3178,training,0.00037727042217738926,0.07695191912353039,0.007023716572436246,1.521982114205842,7.3318416526909225,-1.6995274018090587
3179,training,0.0016190365422517061,0.003224283456802368,0.024126803529336455,1.5084497059683255,7.232791529583452,-1.7142888647959733
3180,training,0.0009593421709723771,0.010622832924127572,0.024126803529336455,1.4934033411898293,7.114131416821345,-1.6777892834381065
3181,training,0.0010594538180157542,0.00908689945936203,0.013695455992892161,1.4841619295189958,7.014857480614079,-1.6487218286990968
3182,training,0.0008331132121384144,0.016711559146642692,0.013695455992892161,1.4787146565484668,6.935204855238269,-1.6314315524950487
3183,training,0.0009366166195832193,0.030212487094104287,0.013695455992892161,1.4736151023466546,6.835568537534598,-1.6145395935840057
3184,training,0.0007099107606336474,0.02845968771725893,0.025584191525203102,1.470554647879991,6.755859345144741,-1.606164912296934
3185,training,0.0007501945947296917,0.00490602245554328,0.025584191525203102,1.467601969345317,6.656112527702235,-1.5952673989193897
3186,training,0.0025453807320445776,0.006105008535087109,0.033791813121756914,1.4650594095091505,6.536246480829477,-1.5912500485876842
3187,training,0.0005102154100313783,0.029389781469944865,0.033791813121756914,1.463596290443605,6.456441462226835,-1.5881364078502105
3188,training,0.0006170569104142487,0.035469187423586845,0.033791813121756914,1.462227927714922,6.376498422140456,-1.5878919388965282
3189,training,0.0011577269760891795,0.025881057605147362,0.0374758393821579,1.4609756065683286,6.296551466165521,-1.583311438389515
3190,training,0.0010565366828814149,0.009645789861679077,0.0374758393821579,1.4598140458763538,6.196646792453383,-1.5827187488763068
3191,training,0.0003318915260024369,0.013856569305062294,0.0374758393821579,1.4585941658955257,6.096765444714626,-1.5835752782790338
3192,training,0.000951325346250087,0.015291315503418446,0.04090802781507697,1.4576382524441502,6.0169373218546225,-1.5827210622878871
3193,training,0.0010715443640947342,0.00016583921387791677,0.04090802781507697,1.4568454269355842,5.937125323710421,-1.5796996390321045
3194,training,0.0015764845302328467,0.012486400082707405,0.04090802781507697,1.45634583375005,5.877065770212473,-1.5782665098107576
3195,training,0.0005053433123975992,0.020968666300177574,0.040997693506210374,1.4555729786296676,5.777168635661316,-1.5786804667294074
3196,training,0.0009096499416045845,0.04165170527994633,0.040997693506210374,1.4548581764006308,5.67731671272938,-1.5764234735230935
3197,training,0.0007532148738391697,0.004806120414286852,0.03950454684768432,1.454616985321443,5.5575095859416,-1.56855963772622
3198,training,0.0023794276639819145,0.007917204406112432,0.03950454684768432,1.4548154639929323,5.4576173287398975,-1.5696406009056953
3199,training,0.0008896757499314845,0.015645094215869904,0.031580407170077616,1.4547135084980751,5.337708148604231,-1.573355002372022
3200,training,0.0002786448458209634,0.016581770032644272,0.031580407170077616,1.4543621128616002,5.257670958141069,-1.576612863867766
3201,training,0.0009114660206250846,0.05589910689741374,0.01984174546879269,1.453400242932338,5.117873086884034,-1.5783052869898395
3202,training,0.0010290570789948106,0.034409516490995884,0.01984174546879269,1.4522505711025417,5.037806075087915,-1.5927506428148241
3203,training,0.0009110664250329137,0.008120423182845116,0.01984174546879269,1.4472857917121478,4.897881634194044,-1.6197256271607297
3204,training,0.000620588893070817,0.005453074350953102,0.011690657977104101,1.4432167854853382,4.81801701129442,-1.6236168375586588
3205,training,0.00044583831913769245,0.023905671201646328,0.011690657977104101,1.4367823879381068,4.698354401460923,-1.6252507959784455
3206,training,0.0012055959086865187,0.025076494672248373,0.01301700822856611,1.4314552963669482,4.598631857208687,-1.6231236284419939
3207,training,0.0012052736710757017,0.07179426401853561,0.01301700822856611,1.4272702315668435,4.518734575890431,-1.6226957684449357
3208,training,0.0006311379256658256,0.005545010790228845,0.01301700822856611,1.4219922938689695,4.418990486806163,-1.623492265801551
3209,training,0.0008043949492275715,0.028145388700067997,0.004414986240594599,1.4178695540145414,4.339260404793458,-1.6204160479561243
3210,training,0.0006143674254417419,0.03910301439464092,0.004414986240594599,1.4128082297835873,4.239526114287174,-1.625771489959058
3211,training,0.002177660120651126,0.04550030268728733,0.004414986240594599,1.4082570917364632,4.159757150744409,-1.6310965946129528
3212,training,0.0024274198804050684,0.031127996742725372,0.012798157393397739,1.403346690469092,4.0800199395401355,-1.6346162636115718
3213,training,0.0011431751772761345,0.0039100684225559235,0.012798157393397739,1.3969277321022833,3.9803324780155522,-1.6356075461997925
3214,training,0.0018086357740685344,0.0053747487254440784,0.011072389692618713,1.390665876858241,3.880676937246027,-1.6312232634555124
3215,training,0.000960497825872153,0.006616229191422459,0.011072389692618713,1.3859308894500337,3.8008383472100897,-1.6281094143925443
3216,training,0.0008877069922164083,0.010259957984089851,0.011072389692618713,1.3815781717873705,3.7211501927138024,-1.6216806885462944
3217,training,0.00039848644519224763,0.05117909610271454,0.02963255417138347,1.376598793469956,3.6213985734770633,-1.6215564125092246
3218,training,0.0007352997781708837,0.00026795454323292126,0.02963255417138347,1.3719302273966938,3.5216852984183755,-1.612692756388622
3219,training,0.0006840277346782386,0.05870528891682626,0.02963255417138347,1.3690593924581094,3.4419901790730165,-1.6021462044332404
3220,training,0.0022908872924745083,0.05109506379812955,0.012063281407475689,1.3674647016182309,3.3622641519077363,-1.5785789364260143
3221,training,0.0006973270792514086,0.03060338180512189,0.012063281407475689,1.3678339350538748,3.262490846178339,-1.556841727429548
3222,training,0.002267890376970172,0.04500554222613574,0.012193098692739204,1.3695273449126273,3.182518034084519,-1.5418648597105806
3223,training,0.0012289111036807299,0.0047631375491619145,0.012193098692739204,1.3725054963971224,3.1027169822867875,-1.524377522884329
3224,training,0.0013688140315935016,0.005789062008261681,0.012193098692739204,1.3766863359933563,3.0230988704363977,-1.5143703050852428
3225,training,0.0004880910855717957,0.009946709498763088,0.006698095111445786,1.3816096480688285,2.943371839046648,-1.5032762512591182
3226,training,0.0004622885026037693,0.0550979096442461,0.006698095111445786,1.388879950483248,2.843723514905973,-1.4924836170705895
3227,training,0.00045210032840259373,0.03899312019348145,0.006698095111445786,1.3970552650221215,2.744122760028363,-1.4851071091635688
3228,training,0.0005009295418858528,0.04117053933441639,0.005587296347885742,1.40836846992917,2.6248311145717707,-1.4661806111279028
3229,training,0.000588763621635735,0.005877441726624966,0.005587296347885742,1.4218343224466221,2.505695246128807,-1.450534787000026
3230,training,0.0019548118580132723,0.001088559627532959,0.012558985312002646,1.4340076723424067,2.406495246960028,-1.4482645710120294
3231,training,0.00038056710036471486,0.01969281863421202,0.012558985312002646,1.4435035323453007,2.327038672617164,-1.4562052340318554
3232,training,0.00021967523207422346,0.046008266508579254,0.0011829259977347165,1.4527013676130371,2.247531052714724,-1.452441510347019
3233,training,0.002818118315190077,0.06380403600633144,0.0011829259977347165,1.4643077093359802,2.1481811332595098,-1.4588001417658123
3234,training,0.003648676909506321,0.0924932137131691,0.0011829259977347165,1.4728522249906384,2.0685489991713997,-1.4694612665152957
3235,training,0.0012542663607746363,0.03862839564681053,0.009940761947456973,1.4804433492170057,1.988979575347979,-1.48254725882862
3236,training,0.0016981724184006453,0.029427800327539444,0.009940761947456973,1.4874031483098953,1.9093277001425761,-1.4833251208838447
3237,training,0.0013682435965165496,0.03318368177860975,0.009940761947456973,1.4944044512151633,1.8295915781035337,-1.4826141244343285
3238,training,0.0017432926688343287,0.12524033524096012,0.011209600903124223,1.5061665419033325,1.7104208900660058,-1.4586509831908872
3239,training,0.0011672116816043854,0.12618806958198547,0.011209600903124223,1.5168961274854815,1.6314339689361375,-1.4065091664756801
3240,training,0.0005724161164835095,0.16005221754312515,0.041182045747735346,1.5369675907483173,1.5342022067296295,-1.3289640051845217
3241,training,0.0014512240886688232,0.1377316117286682,0.041182045747735346,1.565604122891798,1.4395724604534554,-1.2187437298259751
3242,training,0.0010375117417424917,0.11658333986997602,0.041182045747735346,1.6046509802905828,1.3485757901030333,-1.1131078608895448
3243,training,0.0011835529003292322,0.014098867774009677,0.024471229708647357,1.6529717935820474,1.2620273796771244,-1.009265641985637
3244,training,0.0008073677308857441,0.033627331256866455,0.024471229708647357,1.7214891651057675,1.164582490006813,-0.9107284552607682
3245,training,0.00021852208010386676,0.03063511848449707,0.09250145101696902,1.7722732168430955,1.1035364517191555,-0.8408741260071373
3246,training,0.0007716609397903085,0.10834239423274991,0.09250145101696902,1.8273828022391927,1.0467847238335821,-0.7583285489109859
3247,training,0.0005332585424184799,0.026179999113082858,0.10916947003478808,1.902915291986613,0.982847030529159,-0.6434595713524205
3248,training,0.0013856710866093636,0.01105450093746188,0.10916947003478808,2.0015666817442463,0.9160043044472889,-0.5511880246869442
3249,training,0.0008555976673960686,0.026195019483566284,0.10916947003478808,2.070626657603108,0.8767851766611401,-0.4777004616410725
3250,training,0.00047566747525706887,0.040227457880973816,0.10941939366821408,2.14235648950788,0.8427194173825614,-0.41004929046780575
3251,training,0.0015633385628461838,0.039938077330589294,0.10941939366821408,2.2161180994359277,0.8134086852415034,-0.3461864545252637
3252,training,0.00026242018793709576,0.0036021023988723755,0.08831358731938303,2.330107794597537,0.7790248449689853,-0.23788894284785952
3253,training,0.0012325203279033303,0.0025742128491401672,0.08831358731938303,2.4078439659437367,0.7623688337545147,-0.1847906022220798
3254,training,0.0005838703364133835,0.03383663296699524,0.08831358731938303,2.5061576296653874,0.7466648835381856,-0.13427702009996442
3255,training,0.0006854715757071972,0.018602397292852395,0.06607255976023026,2.6052224792609433,0.7354340721278316,-0.09174855140500826
3256,training,0.0013340298319235444,0.023169293999671943,0.06607255976023026,2.6846815717137686,0.7291957935401999,-0.06701709470037143
3257,training,0.0015521172899752855,0.025946308858692646,0.0540563502510837,2.764370748538829,0.7245772107720821,-0.05109463278062252
3258,training,0.0005473478813655674,0.02268272265791893,0.0540563502510837,2.8641662634786313,0.7200968763867499,-0.03924908499216369
3259,training,0.002318375976756215,0.031951988115906715,0.0540563502510837,2.9640343976625805,0.7165249205582964,-0.03254205400142749
3260,training,0.00042418192606419325,0.012232734821736813,0.034040666340162735,3.024116420752517,0.7147452436730243,-0.026690972944745813
3261,training,0.001022021984681487,0.024741915985941887,0.034040666340162735,3.1439647678739235,0.711801779206378,-0.024908812042700207
3262,training,0.0015780979301780462,0.02771627251058817,0.021564908909742365,3.2638304229993365,0.7089965752507421,-0.021546338890250535
3263,training,0.0016406296053901315,0.020557954907417297,0.021564908909742365,3.3438634042944653,0.707501912704047,-0.01597230977496847
3264,training,0.0006337033701129258,0.029397369362413876,0.021564908909742365,3.4439125158547346,0.7056811429553714,-0.024376801056232817
3265,training,0.000895415898412466,0.004672723822295666,0.014250109265003717,3.583804185946046,0.7006183039127243,-0.048736817089222464
3266,training,0.0006498094880953431,0.009607787244021893,0.014250109265003717,3.6637722981846923,0.696463057212082,-0.05438603779976201
3267,training,0.000973976100794971,0.004791945219039915,0.007890247404549909,3.763611980141738,0.6909131840812445,-0.055924162754066094
3268,training,0.0004160258104093373,0.0006691310554742813,0.007890247404549909,3.863431100559789,0.6854823919658309,-0.052577947854628396
3269,training,0.0008785814279690385,0.007357004564255476,0.01309808903507593,4.003067195549271,0.6787830095114159,-0.042591673174605146
3270,training,0.0006343667046166956,0.012141136452555656,0.01309808903507593,4.082999471671618,0.6755279839928978,-0.03938343718009411
3271,training,0.00040535308653488755,0.016417191363871098,0.01309808903507593,4.182880192509172,0.6719769452656429,-0.030636779017428346
3272,training,0.0007324764737859368,0.0019675521180033684,0.005240541820478552,4.262915526440489,0.6696900018526059,-0.02727205293228926
3273,training,0.0009326888830401003,0.00502054998651147,0.005240541820478552,4.342762629533313,0.6677058532059323,-0.021848795276741315
3274,training,0.000526894407812506,0.005073231150163338,0.018064389168112434,4.462761979805884,0.665347030764115,-0.017518704601656138
3275,training,0.0006712883478030562,0.00046617724001407623,0.018064389168112434,4.562707377192111,0.6636224775843993,-0.017392081049063177
3276,training,0.0007793570985086262,0.00941862864419818,0.018064389168112434,4.642554436562139,0.6622787066364949,-0.01534213324434716
3277,training,8.913484634831548e-05,0.013545661233365536,0.019692118168706477,4.722483316865932,0.6610883737630726,-0.014892454734256608
3278,training,0.00045483309077098966,0.0036540804430842382,0.019692118168706477,4.802494491442788,0.6599883733854474,-0.012365147977809635
3279,training,0.0003460854641161859,0.004713873378932476,0.018108676146032624,4.882531174166608,0.6591708227759869,-0.008591248807999339
3280,training,0.0009785951115190983,0.006973776035010815,0.018108676146032624,4.962411761652876,0.6585442454807396,-0.007819427790284566
3281,training,0.0011019437806680799,0.028477510437369347,0.018108676146032624,5.042309179266793,0.6578965842555912,-0.00829359508348819
3282,training,0.0013716028770431876,0.009566288441419601,0.021554786390512785,5.162300209476709,0.65688443546293,-0.008620866288814182
3283,training,0.0009264402906410396,0.029865628108382225,0.021554786390512785,5.262222157454417,0.6561638643083624,-0.005057611088980208
3284,training,0.002088274573907256,0.013553084805607796,0.020820962457620332,5.36216696131477,0.6557356722132167,-0.004247904759657643
3285,training,0.0009712929022498429,0.0053985873237252235,0.020820962457620332,5.442121878981394,0.6553892285292661,-0.004586212348849117
3286,training,0.001142800087109208,0.005509921349585056,0.020820962457620332,5.5221713767144776,0.6550340080345033,-0.004987427290953839
3287,training,0.0007892888970673084,0.0005045244470238686,0.019093051689983057,5.622155043351212,0.6545663635316471,-0.005282217948027779
3288,training,0.00024405063595622778,0.006556360982358456,0.019093051689983057,5.702155417669666,0.6541717919780495,-0.005014647613696186
3289,training,0.00021197879686951637,0.012576731853187084,0.019093051689983057,5.802102191717057,0.6536580457467034,-0.005236587536786767
3290,training,0.0002271440316690132,0.014624510891735554,0.020192899962021733,5.922012069537167,0.653260917213138,-0.0012211537491043393
3291,training,0.0012227095430716872,0.03731473162770271,0.020192899962021733,6.001945410158009,0.6532129716033636,-0.0006364133172628082
3292,training,0.0012091952376067638,0.015403843484818935,0.02551204185156874,6.0818545380699645,0.653165602011579,-0.0005313325942643021
3293,training,0.0025738023687154055,0.01868455857038498,0.02551204185156874,6.161857576920115,0.6531298349356601,-0.0004950799832413869
3294,training,0.0006230832077562809,0.006202124059200287,0.025645674404473573,6.2618509528707715,0.6531030807296033,-0.0003391385416845129
3295,training,0.0007719127461314201,0.0044202180579304695,0.025645674404473573,6.361845699584328,0.6530943450181103,-0.00017568106781536968
3296,training,0.001521495170891285,0.02633105032145977,0.02530912199415603,6.461841557119762,0.6531042162984234,-5.434352054142084e-06
3297,training,0.0006565205985680223,0.02326728031039238,0.02530912199415603,6.561838760907025,0.6531314898584438,0.0001784853611550778
3298,training,0.0010695025557652116,0.021395497024059296,0.02530912199415603,6.661834547891645,0.6531778176152302,0.0003735828541584673
3299,training,0.000683463120367378,0.014025403186678886,0.03262468294556648,6.741878167191179,0.6532291293884522,0.0006368993620089706
3300,training,0.0006934344419278204,0.012955047190189362,0.03262468294556648,6.841841885150414,0.6533155293658617,0.0009467899513638695
3301,training,0.0005180168082006276,0.021368298679590225,0.03628367023508004,6.961849133431804,0.6534545361286225,0.0011052945314331895
3302,training,0.0004319383588153869,0.0027946438640356064,0.03628367023508004,7.061837218772977,0.6536181708752482,0.0016332306231669912
3303,training,0.0002468691091053188,0.012376201339066029,0.03793717054596363,7.16180878783567,0.6538264341720083,0.0021913452190722043
3304,training,0.0032897256314754486,0.003267081454396248,0.03793717054596363,7.261766649225546,0.6540848094744995,0.0026994605952332007
3305,training,0.0009155971929430962,0.00999990850687027,0.03793717054596363,7.361721233846989,0.6543875497590737,0.0032180561541856156
3306,training,0.0011089841136708856,0.004778351169079543,0.030465311637701692,7.441586770859395,0.6546671717687281,0.0036970124887141156
3307,training,0.0002637743018567562,0.007483369670808315,0.030465311637701692,7.52152851505491,0.6549094950799077,0.002009293637344112
3308,training,0.0011325941886752844,0.014768066816031933,0.011218350014032565,7.6615939811813085,0.6551563557420983,0.002052532998997116
3309,training,0.0017018168000504375,0.013645677361637354,0.011218350014032565,7.741487391123246,0.6553302457635464,0.0023803126660109763
3310,training,0.0006265404517762363,0.00881250575184822,0.011218350014032565,7.841466714077387,0.6554900391681511,0.0004204369518648973
3311,training,0.0009581951890140772,0.004438034258782864,0.015065030564209008,7.921484111842795,0.655516452893021,0.0002785383514660078
3312,training,0.0011713315034285188,0.009123740717768669,0.015065030564209008,8.041437342789372,0.6555776490742965,0.0005411073272347912
3313,training,0.0008550408529117703,0.011460922658443451,0.021186044338841588,8.121482538134487,0.6556325142307464,0.0006501499467880623
3314,training,0.0005807722336612642,0.004310712218284607,0.021186044338841588,8.241414544601291,0.6557469492034982,0.0010557405404504944
3315,training,0.002239014022052288,0.007042781449854374,0.021186044338841588,8.321488185305032,0.6558507075413446,0.0012892055893955247
3316,training,0.0016711563803255558,0.018090179190039635,0.03256009894364506,8.40154015570672,0.655983897431151,0.001744711537121803
3317,training,0.0008933433564379811,0.029678935185074806,0.03256009894364506,8.4814053272456,0.6560851467796551,0.00019360880215850342
3318,training,0.0013098702766001225,0.026999983936548233,0.031165625209012743,8.561349997069087,0.6560529635273096,-0.0005107761269315403
3319,training,0.0007860910845920444,0.006229030899703503,0.031165625209012743,8.66133830658499,0.6560148784198201,-0.0003605526610115796
3320,training,0.0022167651914060116,0.008998303674161434,0.031165625209012743,8.761329559892642,0.6559925555969639,-0.00021646436572789174
3321,training,0.0004341467865742743,0.013340262696146965,0.033800895853747466,8.861323667702557,0.6559855414314327,-7.690404506744253e-05
3322,training,0.00021298120555002242,0.004503456875681877,0.033800895853747466,8.961320526828068,0.6559930306392443,6.137771396806348e-05
3323,training,0.00016608447185717523,0.0029634246602654457,0.02678661059730389,9.061334922806045,0.6559143808588365,-0.001960028760872176
3324,training,0.0006160400807857513,0.01415624562650919,0.02678661059730389,9.221365336982524,0.6555510256256847,-0.0023670671429454173
3325,training,0.0002615528355818242,0.019198372960090637,0.012876995657666519,9.281218914925695,0.6554056952635238,-0.002498364057090659
3326,training,0.0006905107293277979,0.0238770954310894,0.012876995657666519,9.40117811340558,0.6551163435494183,-0.0024790170372977352
3327,training,0.0007238631369546056,0.00025283172726631165,0.012876995657666519,9.501128422284195,0.6548680688112645,-0.0025527118022814366
3328,training,0.0014115578960627317,0.042988420464098454,0.0041297454815952955,9.581109294311453,0.6546645350020589,-0.002734438155830976
3329,training,0.0017049919115379453,0.05295056104660035,0.0041297454815952955,9.681213490206899,0.6537090859689089,-0.018873587827418815
3330,training,0.000775149033870548,0.029113998636603355,0.027417838540111962,9.781281345484553,0.6509609318467084,-0.03599353403206885
3331,training,0.0019077949691563845,0.025377873331308365,0.027417838540111962,9.861367215008414,0.6477348136635138,-0.04349745158449029
3332,training,0.0007429873803630471,0.010192327201366418,0.015008365860014262,9.961176955120687,0.6438286455243117,-0.0294519040795661
3333,training,0.00021201829076744616,0.020644412375986576,0.015008365860014262,10.040949858956523,0.6420155800390723,-0.016146853139395286
3334,training,0.00171689223498106,0.016516678035259254,0.015008365860014262,10.120793409484019,0.6411194865392656,-0.0062991194671044755
3335,training,0.0002646504726726562,0.016701071523129937,0.002146090193156542,10.200715133406346,0.6411115119131854,0.006424266489065683
3336,training,0.00047767237992957234,0.00018976815044879913,0.002146090193156542,10.300598154607037,0.6424001890209244,0.018525825109406653
3337,training,0.0028680262621492147,0.007725006900727749,0.0007283495766043127,10.400515776602669,0.6445252592609756,0.021585001436759683
3338,training,0.0014794410672038794,0.008079426363110542,0.0007283495766043127,10.500443743123933,0.64673375196852,0.022155948943825575
3339,training,0.0004283247981220484,0.015585422108415514,0.0007283495766043127,10.580515304707603,0.6484108012830041,0.01886097561309887
3340,training,0.001116428291425109,0.0014576613903045646,0.008335250118580353,10.680446459791675,0.6502484447292106,0.01824425878264656
3341,training,0.0009877244010567665,0.019563094712793827,0.008335250118580353,10.760296013668322,0.6516353896191489,0.016183792476874192
3342,training,0.001528239226900041,0.009436136111617088,0.004487201004609214,10.88035300944571,0.6531762479875569,0.00912146142277175
3343,training,0.0005304533988237381,0.011816177517175674,0.004487201004609214,10.980331792569032,0.6539021825241207,0.006117360656471486
3344,training,0.0012477135751396418,0.013225748669356108,0.004487201004609214,11.060200503087039,0.6543857077764653,0.006249667371242785
3345,training,0.0007944179815240204,0.008345523849129677,0.007266769779013417,11.140188748909628,0.6548224993385249,0.004442835856426877
3346,training,0.0031034289859235287,0.006913878954946995,0.007266769779013417,11.220266089135254,0.6551526337460212,0.004105151523477369
3347,training,0.00021573704725597054,0.027947012335062027,0.007266769779013417,11.300292100015913,0.6555081004442869,0.004550032676527011
3348,training,0.0007544047548435628,0.013949610758572817,0.009639163119667742,11.40024903157286,0.6559969338109223,0.005100443934228249
3349,training,0.0005812754388898611,0.0034147966653108597,0.009639163119667742,11.480137626045709,0.6563406064001791,0.003200570176335883
3350,training,0.002003740519285202,0.026889061089605093,0.011047650362640077,11.560108218985455,0.6565710572123779,0.0030069709590939903
3351,training,0.0003907281206920743,0.01653822511434555,0.011047650362640077,11.680108187379997,0.6567472538843535,-0.0004290846308545199
3352,training,0.0024613975547254086,0.00528424046933651,0.014205722936476426,11.760104139911938,0.6566792889976133,-0.0009600755929304115
3353,training,0.00039624288910999894,0.012189934961497784,0.014205722936476426,11.860090499324464,0.6565959566394587,-0.0009113607335902574
3354,training,0.0008939540712162852,0.009655014611780643,0.014205722936476426,11.960080742050206,0.6565189832959458,-0.0008602903791503596
3355,training,0.0018189233960583806,0.0022522518411278725,0.015281325724611125,12.040189110907129,0.6564569400570767,-0.0008926419801322489
3356,training,0.0029919417575001717,0.012821687385439873,0.015281325724611125,12.160070942293617,0.6563858373594132,-0.0007335198398772901
3357,training,0.00011965946760028601,0.0021041035652160645,0.021222360610902057,12.240157351959466,0.6563386360576359,-0.000657847688402621
3358,training,0.0016957813641056418,0.017537912353873253,0.021222360610902057,12.37998259327687,0.6562742565462426,-0.0005005793414332002
3359,training,0.0001864837686298415,0.03184373676776886,0.025811464989148335,12.480000606856901,0.656151722569178,-0.0023338075191211014
3360,training,0.001134885591454804,0.014866297133266926,0.025811464989148335,12.599917540419877,0.6558471333566459,-0.002715520170453731
3361,training,0.0014655475970357656,0.005315449088811874,0.020850593154981615,12.67993952905355,0.6556338998183617,-0.002938184838257814
3362,training,0.0011598891578614712,0.009216299280524254,0.020850593154981615,12.779911488363357,0.6553580166738766,-0.003073777825531388
3363,training,0.0008005517302080989,0.01856653392314911,0.020940045639826575,12.85997075272758,0.6551269755192949,-0.0030632475724612774
3364,training,0.0004227010649628937,0.039659902453422546,0.020940045639826575,12.959916708124155,0.6548299640810363,-0.003120310778715215
3365,training,0.0006259332876652479,0.047845058143138885,0.020940045639826575,13.079831903021063,0.6544567551416849,-0.003527832967430775
3366,training,0.001986358780413866,0.03248097747564316,0.03186344248367115,13.13970932229016,0.6542609687621301,-0.003290051502161329
3367,training,0.0005570372450165451,0.023177776485681534,0.03186344248367115,13.21964330049544,0.6539905017353412,-0.00352553041081553
3368,training,0.0007341890595853329,0.013508113101124763,0.03186344248367115,13.299674133887038,0.6537131829228028,-0.0038045101171868727
3369,training,0.0008011315949261189,0.007711322978138924,0.035701904772391324,13.399647961787048,0.6533512829090462,-0.003997119722645671
3370,training,0.0006737649091519415,0.008630802854895592,0.035701904772391324,13.519531753266715,0.6528912745124781,-0.004103328335159301
3371,training,0.0009818158578127623,0.022365529090166092,0.02924650805210121,13.63944519288488,0.6526180994584619,0.00011181886950631338
3372,training,0.0005976333632133901,0.037527844309806824,0.02924650805210121,13.719487977966576,0.6526865559776405,0.0009969253233394772
3373,training,0.0002916786470450461,0.02803104743361473,0.02290965377708893,13.81949580173004,0.6528163492571506,0.0014094008974900112
3374,training,0.0007868835818953812,0.03674481064081192,0.02290965377708893,13.91950263002744,0.6529927256965571,0.0018559536572546
3375,training,0.000728102691937238,0.07376717031002045,0.02290965377708893,13.999569509725568,0.6531662389655551,0.002256874017914385
3376,training,0.001986576709896326,0.008842961862683296,0.015617416549180259,14.099539898983712,0.6534273459301271,0.002746633967836556
3377,training,0.00045662675984203815,0.004812499508261681,0.015617416549180259,14.21953102304812,0.6537984294063544,0.003197757326658881
3378,training,0.001266303937882185,0.0025804759934544563,0.014097482523805998,14.319537188906992,0.6541603125041133,0.0036923166145939167
3379,training,0.00040998097392730415,0.01549031399190426,0.014097482523805998,14.379357661052715,0.6544076207988934,0.004174723450938403
3380,training,0.001471569761633873,0.02099800296127796,0.018890798225852018,14.49933831266905,0.6551752121694157,0.009316892056769839
3381,training,0.0004506653640419245,0.026656461413949728,0.018890798225852018,14.599294176275079,0.6562043681138944,0.010670208403183518
3382,training,0.00032745872158557177,0.015772774815559387,0.018890798225852018,14.71936409218614,0.657310420878524,0.00745934526091139
3383,training,0.00012874999083578587,0.02099588420242071,0.019646287734719863,14.839353088792503,0.6582195223147275,0.007660368863614989
3384,training,0.0003900202573277056,0.0004598619416356087,0.019646287734719863,14.919269996234997,0.6587750409904684,0.00544863017258755
3385,training,0.001547542866319418,0.0004077996127307415,0.015248483788334523,14.999152455122232,0.659220314529205,0.005796321359097068
3386,training,0.00022057039313949645,0.003900386393070221,0.015248483788334523,15.099136385314974,0.6597282892216679,0.0038257048202381743
3387,training,0.00048413893091492355,0.011657027062028646,0.015248483788334523,15.199119284059073,0.6600907070416845,0.003829314970809949
3388,training,0.0002981298603117466,0.01599140837788582,0.01526856811733306,15.279149317931088,0.6603313925795072,0.001998508754697023
3389,training,0.003917717840522528,0.015979158226400614,0.01526856811733306,15.359271417951483,0.6604729056627641,0.0017978354388438497
3390,training,0.00031873007537797093,0.0051140375435352325,0.016215446751916864,15.459305715840742,0.6605621645234556,-0.0008702864226522673
3391,training,0.0013985078549012542,0.011789455078542233,0.016215446751916864,15.53920137401167,0.6604808704370764,-0.00118137491971366
3392,training,0.0008429420413449407,0.0053835297003388405,0.016215446751916864,15.619061234796089,0.6603261820569835,-0.0032508902015061306
3393,training,0.0006429622299037874,0.0024555521085858345,0.014498047563844194,15.739077679827513,0.6598596021914152,-0.004049610520661534
3394,training,0.0011639550793915987,0.004574568010866642,0.014498047563844194,15.85911904022874,0.6593486523471563,-0.004382664499641823
3395,training,0.0014937608502805233,0.019076770171523094,0.015666478276554853,15.979074769065742,0.6587965900740531,-0.00503373032304269
3396,training,0.0010751134250313044,0.04431709274649621,0.015666478276554853,16.079087117087546,0.6581301655844219,-0.009010007236160711
3397,training,0.00028910516994073987,0.033840494230389595,0.011986554757842143,16.19908546213118,0.656069046411677,-0.026845572503873847
3398,training,0.0005673582199960947,0.031694769859313965,0.011986554757842143,16.299097812205417,0.6527007683534871,-0.04014276398292561
3399,training,0.0009620740311220288,0.033105263486504555,0.007647471869509773,16.399039648274172,0.6482629122960375,-0.04869015165001289
3400,training,0.0006922382162883878,0.02860934886848554,0.007647471869509773,16.478942713602745,0.6442074024781141,-0.05251948033717182
3401,training,0.0003844738530460745,0.023033434990793467,0.007647471869509773,16.55870622629333,0.6399778248829057,-0.05349849358721268
3402,training,0.004213821608573198,0.025701159611344337,0.01099253912321115,16.638521320899667,0.6357842485249827,-0.051547237829299625
3403,training,0.004492516163736582,0.02836076682433486,0.01099253912321115,16.718445687748886,0.6318427902473173,-0.0467765961620767
3404,training,0.0023653944954276085,0.03211268316954374,0.01347075398529409,16.83819990012794,0.6265351619612392,-0.04249881451143131
3405,training,0.0015061968006193638,0.0351393548771739,0.01347075398529409,16.918181091242158,0.6233017416207453,-0.03832638926276726
3406,training,0.0008859442314133048,0.025386961176991466,0.01391238330583419,17.018074366683084,0.6197699184900046,-0.032386034979927696
3407,training,0.0009014023817144334,0.02931620366871357,0.01391238330583419,17.137850378640945,0.6165282629002182,-0.021199533518887505
3408,training,0.001568167470395565,0.01618830257211812,0.023710609869154076,17.25772039800353,0.6143695239264091,-0.01591484738906107
3409,training,0.0004841948102694005,0.01135458704084158,0.023710609869154076,17.337782631122185,0.6131112575023189,-0.01631030893690105
3410,training,0.0002185796038247645,0.007881635800004007,0.023710609869154076,17.41782599520241,0.6118083012490817,-0.01639873512445646
3411,training,0.001141253742389381,0.0023230258375406265,0.02327178232440503,17.517764743748423,0.6102809312445007,-0.013405318127927227
3412,training,0.0010265667224302888,0.028717517852783203,0.02327178232440503,17.577573690229833,0.6096059559505361,-0.00896043941909262
3413,training,0.0002356738259550184,0.033426523208618164,0.02327178232440503,17.67753960270661,0.6088541784781959,-0.007603667829007899
3414,training,0.0014684218913316727,0.04541413486003875,0.031819955294611485,17.757581346955696,0.6082425221014098,-0.008099056638736207
3415,training,0.0021985862404108047,0.02076888084411621,0.031819955294611485,17.83756069519291,0.6081185288867662,0.008053159685852324
3416,training,0.0007238509133458138,0.018437825143337246,0.03998127175237435,17.917329340487004,0.6094569002717811,0.024567814951675555
3417,training,0.0008470210013911128,0.0030333949252963066,0.03998127175237435,18.017092359039978,0.6127165752299626,0.040694342731474806
3418,training,0.001103387214243412,0.05231138691306114,0.03998127175237435,18.096861334073353,0.6161619044507144,0.0450732290673962
3419,training,0.00022697853273712099,0.04194868262857199,0.034023335370137346,18.196545623780064,0.6213686714582034,0.06133283003642859
3420,training,0.0006953192059881985,0.01018926128745079,0.034023335370137346,18.276317549481547,0.6265366549468294,0.06757418737518062
3421,training,0.0007189665921032429,0.002375032752752304,0.034023335370137346,18.356185729945196,0.6319794249248891,0.06510414555548291
3422,training,0.00033606699435040355,0.033667143434286124,0.025715238142599656,18.435943081826476,0.6369006739501989,0.057670162154237294
3423,training,0.000249453354626894,0.04461493343114853,0.025715238142599656,18.535914903008393,0.64151958428059,0.03186437789104316
3424,training,0.003590787760913372,0.028563158586621284,0.025715238142599656,18.615962034228367,0.6430340071209433,0.0059833630822010596
3425,training,0.0006597967585548759,0.005944672040641308,0.009831173990199341,18.715858189546204,0.6438113434954508,0.01133639339296819
3426,training,0.0016852191183716059,0.008279100526124239,0.009831173990199341,18.81579844953864,0.6451124920981588,0.014296896709993415
3427,training,0.0010013914434239268,0.017323637381196022,0.009795214510012805,18.93576114180986,0.646824888193832,0.01394181438157942
3428,training,0.0031327505130320787,0.026252704206854105,0.009795214510012805,19.07585572628131,0.6488097475672986,0.014418033309900796
3429,training,0.0005191664677113295,0.03252217173576355,0.012591810477651053,19.155703386073327,0.6499250388724697,0.012893941816154457
3430,training,0.0011693285778164864,0.030519037507474422,0.012591810477651053,19.215657944089667,0.6506858315745817,0.012815967274384324
3431,training,0.0006199247436597943,0.002929694950580597,0.01019392832985013,19.33560220570555,0.6521245972331107,0.010483937593775222
3432,training,0.0009294991032220423,0.006192907691001892,0.01019392832985013,19.415776676343686,0.6522916183098341,-0.00670180513935278
3433,training,0.00028202886460348964,0.004155687987804413,0.007235431838838025,19.555823279688585,0.649646344948177,-0.030739332493936095
3434,training,0.0008456078940071166,0.0027423822320997715,0.007235431838838025,19.635797204537027,0.6469377959945896,-0.03611884260947771
3435,training,0.0007302667945623398,0.0027587911463342607,0.007235431838838025,19.73571855919175,0.6431897779855037,-0.03843983581800053
3436,training,0.00033859332324936986,0.004043327644467354,0.014643651835756232,19.835629457761293,0.639306183669889,-0.039347797328053435
3437,training,0.0011038035154342651,0.02301649935543537,0.014643651835756232,19.935537919532884,0.6353577392110452,-0.039818402783796544
3438,training,0.0008075502701103687,0.04590563662350178,0.016301541877710282,20.015580581054806,0.632159507177101,-0.040026117238717206
3439,training,0.0016789216315373778,0.015307127148844302,0.016301541877710282,20.0954341760711,0.6286868105422545,-0.048533124453747446
3440,training,0.00038330000825226307,0.030918007250875235,0.016301541877710282,20.1952280911826,0.6235314051051728,-0.05271656164405844
3441,training,0.0005603644531220198,0.00291625410318375,0.024739938407718633,20.29502415013726,0.6183619704055798,-0.050633346181732604
3442,training,0.000722754979506135,0.009556422010064127,0.024739938407718633,20.374827771769315,0.6142076577049292,-0.05577521113814989
3443,training,0.0005076163215562701,0.06297944579273462,0.03393049922416474,20.47464582431502,0.6082756466984541,-0.06284663916612158
3444,training,0.0015130972024053335,0.01903766766190529,0.03393049922416474,20.59435531306429,0.6010052387658075,-0.057871519153382456
3445,training,0.0009266092674806714,0.011500044725835323,0.023276093427107198,20.694137195274884,0.5952645915067865,-0.05783228884603559
3446,training,0.00156553671695292,0.005532475188374519,0.023276093427107198,20.79390931877007,0.5895922120716544,-0.055500649497054216
3447,training,0.00249437871389091,0.0031165610998868942,0.023276093427107198,20.873757858046535,0.5853190159698206,-0.05107133925138826
3448,training,0.0007945367833599448,0.0032825320959091187,0.014749583949429709,20.973575434452076,0.5806359022430923,-0.04205360631224344
3449,training,0.0005296553135849535,0.02051398530602455,0.014749583949429709,21.07344808557258,0.5767287090163596,-0.036607917296768266
3450,training,0.0002982361475005746,0.07003291230648756,0.018269348187188367,21.173337300656065,0.573453242964227,-0.028812102610961482
3451,training,0.00020170820062048733,0.01323009841144085,0.018269348187188367,21.2732670918776,0.5708543884059859,-0.024285476238790144
3452,training,0.0005623808829113841,0.02236911654472351,0.024025379640991752,21.373231825598477,0.5684811645211229,-0.024181439907426567
3453,training,0.0034861534368246794,0.05467226356267929,0.024025379640991752,21.473186712307186,0.5662039484409364,-0.020998000845139107
3454,training,0.0016448425594717264,0.0430444423109293,0.029002878070267624,21.612803764599104,0.5652630832149963,0.010185803177929728
3455,training,0.0002972387883346528,0.02856447733938694,0.029002878070267624,21.7126267300576,0.5673304159687543,0.03091870946593952
3456,training,0.004948258399963379,0.050248099491000175,0.011823888010552334,21.832364448727073,0.5720425316384391,0.04598094873471815
3457,training,0.0007588793523609638,0.03374066948890686,0.011823888010552334,21.932102827978298,0.5770619746243608,0.05441089774383107
3458,training,0.0017050037859007716,0.02444396773353219,0.011823888010552334,22.031855219692623,0.5826192026127445,0.056016351562657225
3459,training,0.0029430403374135494,0.004958972334861755,0.014400862162241504,22.131641637231912,0.5880885617765828,0.05336128236269345
3460,training,0.0007374371052719653,0.049404876306653016,0.014400862162241504,22.271605124682555,0.5945258399698308,0.03723746419031592
3461,training,0.0015232461737468839,0.017742628231644634,0.013210946580337413,22.41125290397327,0.6007263110293293,0.05569723601363468
3462,training,0.0017137951217591763,0.02006894303485751,0.013210946580337413,22.49098685568131,0.6055958330122138,0.06531728724439126
3463,training,0.0016933628357946873,0.035121021792292595,0.029815941885331307,22.590602029063497,0.6122866769786219,0.06631445195553007
3464,training,0.001961527857929468,0.020155108999460936,0.029815941885331307,22.710116469067966,0.6207933305187386,0.07715239013027737
3465,training,0.000650026137009263,0.005750862881541252,0.029815941885331307,22.78968229751166,0.6270570747363109,0.07833945618644199
3466,training,0.000818209839053452,0.0021510571241378784,0.019514528363055665,22.90941667101088,0.635669605044281,0.0644169960669837
3467,training,0.0043423413299024105,0.012254143133759502,0.019514528363055665,23.029207807003036,0.6424193762385022,0.046980804316010066
3468,training,0.0015685316175222397,0.008868157863616943,0.0157453331189002,23.149038606403245,0.6472107728388076,0.032539004983031534
3469,training,0.002371181733906269,0.0017836354672908783,0.0157453331189002,23.249012582802063,0.6500450010082135,0.024724718108473112
3470,training,0.00098134926520288,0.0014969012700021267,0.020817471479324598,23.3689408427643,0.652604521258398,0.01778585819305022
3471,training,0.0010828208178281784,0.006920209154486658,0.020817471479324598,23.50897253763484,0.6548907711333513,0.015723264649964163
3472,training,0.0015764393610879779,0.01261652447283268,0.027065055086309672,23.629039449935398,0.6565076864609798,0.010923299938118967
3473,training,0.00043572462163865566,0.016773664392530918,0.02589753372781548,23.768881221465673,0.6579740843445402,0.010742953670810155
3474,training,0.0002501940762158483,0.010302938986569643,0.02589753372781548,23.868908645184526,0.658820243290882,0.005583590660544462
3475,training,0.0006011622026562691,0.009572044014930725,0.022956724502093906,24.008845178080254,0.6594287425462417,0.003684000150444617
3476,training,0.002794690430164337,0.008609836921095848,0.022956724502093906,24.088856372803598,0.6595895258125701,0.0003895618293143258
3477,training,0.0002941616694442928,0.013744923751801252,0.022956724502093906,24.188854800652376,0.6595998946709452,9.584759198056384e-05
3478,training,0.0005485508590936661,0.0018862131983041763,0.016162231616801144,24.288871216430465,0.6595339470552692,-0.0016566122306100593
3479,training,0.000877198064699769,0.008904684334993362,0.016162231616801144,24.38884574723053,0.6593536082105192,-0.0020673219814109794
3480,training,0.0004075051983818412,0.019850149750709534,0.019079484918882398,24.488823127234795,0.6591507480084764,-0.002283189019787121
3481,training,0.00028252246556803584,0.01013818755745887,0.019079484918882398,24.58872778017163,0.6595265002546693,0.013008966149320223
3482,training,0.001997095299884677,0.024677857756614685,0.019079484918882398,24.668646339382573,0.661264741390422,0.030554519491779522
3483,training,0.0006824476295150816,0.010569669306278229,0.01886458649274782,24.80791230102771,0.668652724605578,0.07723571946737279
3484,training,0.0009722696850076318,0.01893111318349839,0.01886458649274782,24.907297481290506,0.6774784720095888,0.09810237981399356
3485,training,0.0011721071787178516,0.00458894670009613,0.0033089627362267436,25.045931964897978,0.6938258732475676,0.1374373106917577
3486,training,0.000640941085293889,0.007216915488243103,0.025617067218228446,25.163727219422412,0.713543353544058,0.19702704808042737
3487,training,0.0008918449748307467,0.017564915120601654,0.025617067218228446,25.26081745812726,0.7354651023359595,0.24821728075263164
3488,training,0.004142403602600098,0.04667889326810837,0.025617067218228446,25.3758187615879,0.7678928796414177,0.3017090639880297
3489,training,0.0005943090654909611,0.020758293569087982,0.016296836135074398,25.489115425872473,0.8062399840265105,0.35146452969899644
3490,training,0.00023650698130950332,0.09825009107589722,0.016296836135074398,25.56320237099028,0.8353953962055239,0.40265591400320744
3491,training,0.0008012968464754522,0.1905228048563004,0.05998491690729039,25.652483583716418,0.8785010246331926,0.4988944426178882
3492,training,0.0014288276433944702,0.21791885793209081,0.05998491690729039,25.719820633884375,0.9197477281284799,0.6017390230369097
3493,training,0.0006091644754633307,0.23460309207439423,0.06804873269481526,25.825119627380932,1.008941776441111,0.8070499322245289
3494,training,0.00024383162963204086,0.10830636322498322,0.09547674424901886,25.888929901745158,1.0842400380709014,0.9281489175370211
3495,training,0.0004562297253869474,0.047033414244651794,0.09547674424901886,25.95417497096618,1.183592462415878,1.0488218448554534
3496,training,0.0007014336297288537,0.14354961179196835,0.13661030471493696,26.007723130789373,1.2899505185640827,1.1603851010606967
3497,training,0.0006009956705383956,0.009138204157352448,0.13661030471493696,26.04381960279864,1.3825141157744698,1.2361821752894568
3498,training,0.0014735320582985878,0.04697122424840927,0.13661030471493696,26.078594756849842,1.4965096037875762,1.312536147750397
3499,training,0.00034996014437638223,0.01168691366910933,0.10942593220190817,26.10172110360519,1.5933769490338692,1.3594826509613633
3500,training,0.0006789926555939019,0.04120485484600067,0.10942593220190817,26.124014125541557,1.7108655907991046,1.4060213323767419
3501,training,0.0009128480451181531,0.0025046318769454956,0.058515660890439414,26.13784759060598,1.8095072716972416,1.4600225171715637
3502,training,0.0006855506799183786,0.024060450494289398,0.058515660890439414,26.146568015238962,1.9087726279238446,1.5052861633240022
3503,training,0.0014155885437503457,0.04554858058691025,0.03578410540473789,26.150088177566843,1.9883741256027996,1.5472701800671456
3504,training,0.0010106589179486036,0.011143229901790633,0.03578410540473789,26.149901163919797,2.067828429570639,1.5988192151200158
3505,training,0.00111930794082582,0.00897272676229477,0.03578410540473789,26.141028325320576,2.2069967496661707,1.666379922524389
3506,training,0.000510696554556489,0.03248018026351929,0.04940369287750639,26.126540826279168,2.325717708277612,1.716009009692442
3507,training,0.000915935670491308,0.03202691674232483,0.04940369287750639,26.11001032855317,2.4239728832172402,1.7584215918399042
3508,training,0.0018754443153738976,0.06258280575275423,0.07022282929237952,26.09391087705894,2.501960867911121,1.7895808052805586
3509,training,0.0011509794276207685,0.007827868685126308,0.07022282929237952,26.070346014051086,2.598801688946861,1.8305859893952534
3510,training,0.00053382758051157,0.010647818446159363,0.05744635268493059,26.049129532163487,2.67576549376084,1.845732836261298
3511,training,0.0003747359733097255,0.0030533522367477417,0.05744635268493059,26.01493341625869,2.7904546304432567,1.8786616840628125
3512,training,0.0009995833970606327,0.014298271387815469,0.05744635268493059,25.9901406231085,2.866336445261058,1.8943211289955566
3513,training,0.0007381041068583727,0.03080532699823378,0.031655900885902914,25.957546638365116,2.9606472767468546,1.911512142565975
3514,training,0.000929196598008275,0.015608597546815879,0.031655900885902914,25.922834929452932,3.0541508950164475,1.9417729590995967
3515,training,0.0010113357566297054,0.003705143928527832,0.017148540828149372,25.86974000533176,3.1831945608218613,1.979095949759015
3516,training,0.0040831235237419605,0.040442101657390594,0.017148540828149372,25.829070283865185,3.2742536462820993,2.0034982864761335
3517,training,0.00028998462948948145,0.057643117383122444,0.025225007141357284,25.76792520398883,3.3995880829621106,2.0476029166804035
3518,training,0.0044790953397750854,0.04966460354626179,0.025225007141357284,25.72068205114351,3.4873507014947913,2.08219624331397
3519,training,0.0016606564167886972,0.03395305573940277,0.025225007141357284,25.681349835366092,3.5569811796827926,2.084116952436339
3520,training,0.008141297847032547,0.0461106076836586,0.04496949037806999,25.600844517056252,3.6947892067070036,2.1212494107074593
3521,training,0.001223527011461556,0.08412565849721432,0.04496949037806999,25.55815095053559,3.7621062222838972,2.1522227462396004
3522,training,0.0009861902799457312,0.005248116329312328,0.05472492128825431,25.51381178796683,3.828620066137767,2.163356396902421
3523,training,0.0006674854084849358,0.002398775890469551,0.05472492128825431,25.457503316709154,3.9111117421802772,2.176632003872369
3524,training,0.0007690417696721852,0.00614063814282418,0.03980557567133815,25.40022583972596,3.9929496464332797,2.1854880818570175
3525,training,0.0014581055147573352,0.021111518144607537,0.03980557567133815,25.353671422729313,4.057919476938889,2.2019678207929743
3526,training,0.0008193033281713724,0.03131288196891547,0.03980557567133815,25.29373421164252,4.1375851323429576,2.2305889516237234
3527,training,0.001292073167860508,0.013036523014307022,0.03164445324086861,25.219200462538385,4.231255714059891,2.25344965190338
3528,training,0.0009005009778775275,0.024897514842450615,0.03164445324086861,25.16890984750662,4.293148823972705,2.24928573810916
3529,training,0.0002976000832859427,0.11284764111042023,0.03164445324086861,25.107305551447404,4.370983403922685,2.231725307445843
3530,training,0.0005878107622265816,0.028719762340188026,0.03164445324086861,25.058082256151504,4.433644499476595,2.2481277061166227
3531,training,0.0015683266101405025,0.004643481224775307,0.017817426599304072,24.99727390976833,4.507439920130435,2.2710016078457858
3532,training,0.001517151016741991,0.0071689561009406905,0.017817426599304072,24.908845770578143,4.616394009135411,2.2319255760012062
3533,training,0.0003590397536754608,0.03231840953230858,0.005168070551640124,24.860699336715214,4.680331524265029,2.1999739313289055
3534,training,0.0014561661519110203,0.06587757635861635,0.005168070551640124,24.803294164662294,4.762463916985881,2.1625108999614318
3535,training,0.0005707969539798796,0.030026546213775873,0.005168070551640124,24.726348727161177,4.8796964313379405,2.146044736758812
3536,training,0.0004708831256721169,0.033598463982343674,0.031198474511716544,24.65055479063646,4.997183511479416,2.1421662450206544
3537,training,0.0006312077166512609,0.0391870504245162,0.031198474511716544,24.595725228224754,5.080609185109406,2.1652149274120362
3538,training,0.000678985845297575,0.006325829774141319,0.026125178762320744,24.539584137298437,5.163284890463223,2.1692257377279973
3539,training,0.00018159259343519807,0.0014883242547512054,0.026125178762320744,24.482447377751928,5.245130315708956,2.193434020113016
3540,training,0.0008134084055200219,0.0032027065753936837,0.004949312483941266,24.399219861065575,5.357252008140476,2.2248315696201066
3541,training,0.00013990237493999302,0.009616971015930176,0.004949312483941266,24.324925516538944,5.451161683734901,2.2567152831676394
3542,training,0.0012958013685420156,0.025463425554335117,0.019512407982074886,24.24798323336093,5.542973002647049,2.2785034684532945
3543,training,0.0003404972958378494,0.004645496606826768,0.019512407982074886,24.16976776865337,5.633712527082989,2.284673106364141
3544,training,0.0008680771570652723,0.06447161734104156,0.019512407982074886,24.09223123870212,5.718555325817818,2.3356648586764694
3545,training,0.0005161939770914614,0.016249824315309525,0.013942618772701847,24.036896117549567,5.775880990682469,2.338128712410064
3546,training,0.000611316179856658,0.008660383522510542,0.013942618772701847,23.953104737123986,5.8615313202657315,2.355134944723707
3547,training,0.00032179406844079494,0.0349058136343956,0.013942618772701847,23.895922786144165,5.917075637737775,2.3879114158969457
3548,training,0.0003976360021624714,0.01625840738415718,0.006550382383182783,23.822382290273172,5.984401446595947,2.409461226703048
3549,training,0.0012688045389950275,0.00045668333768843217,0.006550382383182783,23.74749412779746,6.050228809049278,2.4327801740715067
3550,training,0.0005768279661424458,0.007601842284202576,0.006550382383182783,23.686249552865302,6.101421455835031,2.4616786082161455
3551,training,0.0007404619245789945,0.016344539821147926,0.0022495998278289743,23.607972317759703,6.163304194342308,2.4813627514018974
3552,training,0.0006244776304811239,0.060250505805015564,0.0022495998278289743,23.528483148530782,6.2235980802076005,2.5068695947780313
3553,training,0.0005320075433701277,0.008374817669391646,0.0022495998278289743,23.446886241233724,6.280464975326915,2.5695609154695873
3554,training,0.0004090122820343822,0.001960035413503647,0.06994915990216603,23.361664303812844,6.331761068773033,2.6244969231270283
3555,training,0.0005472394987009466,0.01599869318306446,0.06994915990216603,23.27428503135531,6.379455097422328,2.6562692596590605
3556,training,0.0007414504652842879,0.007196733728051186,0.06237091013892776,23.16789606828124,6.434185761907318,2.6726674094830427
3557,training,0.0008688759990036488,0.007229366339743137,0.06237091013892776,23.060666147367947,6.487493671414431,2.6865563338106937
3558,training,0.0010262327268719673,0.048952111043035984,0.04779933005334535,22.935041376450425,6.548817388029623,2.6848092008672384
3559,training,0.0006215370958670974,0.00020999647676944733,0.04779933005334535,22.863538555911216,6.584657161271114,2.6675829811002814
3560,training,0.0008097892859950662,0.021738996729254723,0.04779933005334535,22.774777776621576,6.630515196407721,2.6637829880062607
3561,training,0.0005775571335107088,0.0032798796892166138,0.0314478646362869,22.68606962886036,6.676417114307705,2.6632941493862137
3562,training,0.0006660297513008118,0.028600923717021935,0.0314478646362869,22.579825029122638,6.731926187991341,2.6547131868577356
3563,training,0.00048590300139039755,0.008239197544753551,0.023962888009213045,22.50933105559299,6.7698317229519,2.6400287923297032
3564,training,0.00042340756044723094,0.035406917333602905,0.023962888009213045,22.42188517151927,6.8182455709357574,2.6322663119997975
3565,training,0.0016306738834828138,0.0385023606941104,0.022240549371427734,22.317197484856894,6.876463673169841,2.636997820101075
3566,training,0.0002999626158270985,0.03192269941791892,0.022240549371427734,22.19423830657544,6.942884775578528,2.6576062037617483
3567,training,0.00090555171482265,0.016745491418987513,0.020775383546825083,22.12359673484054,6.980039505817765,2.656174844358528
3568,training,0.0015559012535959482,0.034300426952540874,0.020775383546825083,22.035235109233728,7.026577849665296,2.658176778096843
3569,training,0.0007976274937391281,0.010675416328012943,0.020775383546825083,21.96449444839286,7.06394629552225,2.6486371091876855
3570,training,0.0009305055718868971,0.012590607162564993,0.00965782070647328,21.841532847670525,7.130452740792327,2.645329834232374
3571,training,0.0005080510163679719,0.017645447398535907,0.00965782070647328,21.771281578507008,7.168569785541055,2.642916737750011
3572,training,0.000574971956666559,0.01600739173591137,0.012108197004619499,21.701049256689373,7.20682914846498,2.6413853880310008
3573,training,0.00015927710046526045,0.06185761839151382,0.012108197004619499,21.61346334841034,7.25494672271528,2.6344075034546757
3574,training,0.0010287059703841805,0.04875177517533302,0.012108197004619499,21.543404635324507,7.2933780746006045,2.6479139805025054
3575,training,0.0012050881050527096,0.04946646839380264,0.01018827037173098,21.42020272564375,7.35949945921773,2.64802572327786
3576,training,0.0018960528541356325,0.01237829029560089,0.01018827037173098,21.31467230707841,7.416201555397111,2.6479125134076096
3577,training,0.0017751518171280622,0.006102005019783974,0.008814743280898717,21.244292061710723,7.454231815455985,2.642524646469569
3578,training,0.0010695620439946651,0.03033781424164772,0.008814743280898717,21.15660481423282,7.502068880747606,2.6412153767790265
3579,training,0.0010510627180337906,0.0031246040016412752,0.009127449311893,21.086385301901938,7.54015316608262,2.6492920855963407
3580,training,0.0009152176207862794,0.023201625794172287,0.009127449311893,21.016068525764506,7.577972817354932,2.6455540838957905
3581,training,0.002942202379927039,0.018013035878539085,0.009127449311893,20.945980670073737,7.6164612829388,2.631907452367603
3582,training,0.0019004906062036753,0.0025565791875123978,0.005574212327160638,20.87628646447417,7.655824967307394,2.6235081553197253
3583,training,0.005758591461926699,0.0721076657064259,0.005574212327160638,20.806787487853065,7.695264572561088,2.6296435446195057
3584,training,0.005195625126361847,0.08955409098416567,0.005574212327160638,20.73717915634071,7.734222161277688,2.6311040241093697
3585,training,0.006631264463067055,0.01981128752231598,0.011275311203587105,20.65013523926964,7.783268792578634,2.6258336976601524
3586,training,0.00044968604925088584,0.047498468309640884,0.011275311203587105,20.580602717831187,7.82252133393197,2.630722483557798
3587,training,0.0053538428619503975,0.07466060575097799,0.011275311203587105,20.49353658609415,7.871553403545188,2.6239696935044323
3588,training,0.003682002890855074,0.05571616441011429,0.008764776912855484,20.423973819853565,7.911016641591733,2.6262614808906344
3589,training,0.001158895087428391,0.038813636638224125,0.008764776912855484,20.30172132688345,7.978458704533936,2.649216567177522
3590,training,0.002968050539493561,0.05441431887447834,0.022575158752969515,20.21361656274396,8.025430411447951,2.654128597495563
3591,training,0.0027030576020479202,0.060686290729790926,0.022575158752969515,20.14285920124984,8.062501684741948,2.6631696995558203
3592,training,0.0006589156691916287,0.006540925765875727,0.022575158752969515,20.036509630417996,8.117715190129015,2.6600878403686083
3593,training,0.0035670362412929535,0.02993311919271946,0.02176432794048348,19.96564669087882,8.154761042906994,2.6585801132855296
3594,training,0.014307481236755848,0.0013122144155204296,0.02176432794048348,19.841840116684935,8.219623997214883,2.6588368928491257
3595,training,0.0011903911363333464,0.010731548070907593,0.02660285992918602,19.771099369253815,8.256825181123697,2.6551687745916963
3596,training,0.0019097845070064068,0.007520258426666253,0.02660285992918602,19.700303548757205,8.29376100582094,2.668041849384185
3597,training,0.0020081305410712957,0.04718245076946914,0.02660285992918602,19.611000328283847,8.337999745151285,2.695451600095888
3598,training,0.0004609267052728683,0.03800727240741253,0.024177205182734866,19.502779326840308,8.389498492269439,2.695659969774247
3599,training,0.001469162292778492,0.03164984658360481,0.024177205182734866,19.430749908660328,8.424081101758782,2.689889234621493
3600,training,0.001767604611814022,0.04746346082538366,0.020726371245816028,19.322965183806556,8.476640236661812,2.6867307421825
3601,training,0.0003162979846820235,0.04991629533469677,0.020726371245816028,19.1972368013344,8.537650952043748,2.6929093110823
3602,training,0.00047708171769045293,0.03469299338757991,0.010911480937628004,19.08887598871234,8.588590193533097,2.7128868136594777
3603,training,0.0005374722531996667,0.015424604527652264,0.010911480937628004,18.997779496429597,8.629054934185003,2.736008298201813
3604,training,0.0012684562243521214,0.06676419265568256,0.00919792593549416,18.924239085628848,8.660347673947374,2.7390703300517196
3605,training,0.001842436264269054,0.024413296952843666,0.00919792593549416,18.850778646360283,8.69173604451968,2.7342893851038115
3606,training,0.0014268783852458,0.033886104822158813,0.00919792593549416,18.777475271457803,8.723415434198085,2.732953636861111
3607,training,0.0036481134593486786,0.08731245994567871,0.010214762457669902,18.68583997279159,8.763101770132186,2.7325607133248777
3608,training,0.00047281006118282676,0.04555272310972214,0.010214762457669902,18.594032190164025,8.802056948955656,2.7510414551618974
3609,training,0.00033750818693079054,0.033577704802155495,0.008554690669638938,18.519960009191227,8.832032465395512,2.763183245919588
3610,training,0.0004895658348686993,0.015264067798852914,0.008554690669638938,18.426982927188174,8.868089230891878,2.782351755778215
3611,training,0.001392181497067213,0.03819786757230759,0.008554690669638938,18.352077571086728,8.895433543508384,2.8010726386547677
3612,training,0.0005677076405845582,0.003847228363156322,0.01829208432643869,18.27673028488795,8.921498078152396,2.8133411414772658
3613,training,0.0005972548387944698,0.013951823581010103,0.01829208432643869,18.18202695945939,8.952971749571422,2.827880014126229
3614,training,0.0008659017039462924,0.05683600530028343,0.01829208432643869,18.105968249545132,8.977496458674553,2.829965074917752
3615,training,0.0006867175688967109,0.018102608621120453,0.011145256747206938,18.010626162495438,9.006749554284594,2.86248790808983
3616,training,0.0019327637273818254,0.013639114797115326,0.011145256747206938,17.933528532522384,9.028007352375116,2.8821509580945963
3617,training,0.0001621625997358933,0.07293254509568214,0.016148416035811873,17.79815941623063,9.062461911732841,2.900312278342057
3618,training,0.0006981019396334887,0.0577512551099062,0.016148416035811873,17.701176874524663,9.087161074528378,2.8834293467936596
3619,training,0.0004410779511090368,0.005370525643229488,0.013138688170674474,17.585166408826044,9.117008472979682,2.901353448189681
3620,training,0.00023876750492490828,0.01606699824333191,0.013138688170674474,17.46855954215825,9.145555764108073,2.896645351331606
3621,training,0.0005394660402089357,0.015273588709533216,0.013138688170674474,17.41038261248466,9.160216957139726,2.8931563387528927
3622,training,0.00022787382476963103,0.02704240288585424,0.023022221055703698,17.3134657653896,9.184662099005243,2.8978745059052518
3623,training,0.00030556973069906235,0.050122694112360484,0.023022221055703698,17.25520541168556,9.19926351395021,2.8936703344157633
3624,training,0.0006851294892840087,0.021248070523142815,0.013535036792070609,17.119812552087314,9.235212800634914,2.868285488917099
3625,training,0.001353670028038323,0.022127624601125717,0.013535036792070609,17.0042705478102,9.266774980188602,2.8849467179478254
3626,training,0.00027580675669014454,0.06206607073545456,0.013535036792070609,16.926803091935586,9.287167568316177,2.8797405278240897
3627,training,0.0012332844780758023,0.06068877503275871,0.010853755285685192,16.849592818775587,9.30852077413575,2.86220363676998
3628,training,0.0009852093644440174,0.03110095579177141,0.010853755285685192,16.772955008189967,9.33122969686023,2.8450614993481875
3629,training,0.002323669381439686,0.033319823909550905,0.010853755285685192,16.677545000409815,9.361041030995805,2.83377736825486
3630,training,0.000949717010371387,0.003881499171257019,0.02497801087425232,16.6013851963681,9.385218210442515,2.8349478593086395
3631,training,0.0013815758284181356,0.044818103313446045,0.02497801087425232,16.46802223455187,9.427765695742904,2.8286212827951247
3632,training,0.0008966094464994967,0.041487126611173146,0.009520239369362927,16.372813571475234,9.457634166638911,2.8482398455159412
3633,training,0.004256908781826496,0.0010217921808362007,0.009520239369362927,16.2962144676469,9.479946233919254,2.868185301707566
3634,training,0.007175055332481861,0.02754550240933895,0.01054904752460718,16.16124267857423,9.517282270255395,2.871741334304438
3635,training,0.0025229863822460175,0.08889447152614594,0.01054904752460718,16.04559672126441,9.549564269061888,2.8667222656158455
3636,training,0.0014713779091835022,0.044237324967980385,0.020388980836971434,15.949505300364647,9.577426729531739,2.8508893217776556
3637,training,0.0017632886301726103,0.003090532030910253,0.020388980836971434,15.834849231182316,9.612746770950695,2.8354817645279904
3638,training,0.0008076722733676434,0.053098509553819895,0.021492180367487672,15.73961589286543,9.643026249008336,2.8341865598726854
3639,training,0.0012321624672040343,0.01147363893687725,0.021492180367487672,15.663468724911555,9.667284027404257,2.831618890214951
3640,training,0.001188652589917183,0.013475880026817322,0.021492180367487672,15.568355700184023,9.69800709790534,2.8251356330706345
3641,training,0.0031604068353772163,0.04865720868110657,0.03113411390709885,15.492380494202502,9.722622235369814,2.8325458559549723
3642,training,0.0018641195492818952,0.1114702457562089,0.03113411390709885,15.416250256254102,9.747089625290162,2.82659456241869
3643,training,0.0023273658007383347,0.032002550549805164,0.03113411390709885,15.340301647151517,9.773071524880159,2.7935215968440987
3644,training,0.0018875619862228632,0.059694213792681694,0.08005085021705662,15.265498455780019,9.800876393954736,2.7810542725435807
3645,training,0.000746312434785068,0.06123916245996951,0.08005085021705662,15.209625401752056,9.822407451422373,2.7636960672242625
3646,training,0.0008105263113975525,0.03185564838349819,0.08005085021705662,15.117188808017293,9.860902044896195,2.729431144748626
3647,training,0.00542303966358304,0.03867288364563137,0.052240248091041976,15.025969322513763,9.901883194827052,2.711621548456984
3648,training,0.0005605088081210852,0.0011893156915903057,0.052240248091041976,14.953305722183968,9.935267003709413,2.711311986941751
3649,training,0.0025336630642414093,0.025535132735967636,0.03548937349252625,14.844617074902528,9.985760755119543,2.7009426882326446
3650,training,0.001950876321643591,0.02622673846781254,0.03548937349252625,14.754498360683083,10.029207757053806,2.683356379850761
3651,training,0.0005712572019547224,0.005040973424911513,0.03548937349252625,14.665193455983124,10.074120678172083,2.6700879615250757
3652,training,0.001454206183552742,0.0006702989339828491,0.028943158586063326,14.594381541975354,10.111462774240378,2.6415175346203847
3653,training,0.0014108942123129964,0.041640669107437134,0.028943158586063326,14.524683833911087,10.151012160529486,2.6086147576650975
3654,training,0.0017512710765004158,0.027551695704460144,0.04252618653678661,14.422842486122851,10.21496576895964,2.551876836978571
3655,training,0.0015874489909037948,0.029433712363243103,0.04252618653678661,14.356819570967158,10.260556287093232,2.523418013303014
3656,training,0.0007023198413662612,0.05566663667559623,0.04252618653678661,14.291969472751596,10.307783088542347,2.5027241407293457
3657,training,0.0008422824321314692,0.0228884220123291,0.0727873975212269,14.196490751683232,10.380465699486061,2.4796102737434875
3658,training,0.0016864218050614,0.025861509144306197,0.0727873975212269,14.11855403173444,10.443434612808,2.4434176543789574
3659,training,0.0008229493396356702,0.015488572418689714,0.0727873975212269,14.013493797149309,10.535997391006783,2.3966547173518795
3660,training,0.0014085513539612293,0.043914949521422386,0.0486315803215645,13.941215341056504,10.605388482784472,2.355983650611906
3661,training,0.0009310680325143039,0.050774067640304565,0.0486315803215645,13.87132311771615,10.67694170265112,2.337910062867148
3662,training,0.0009958148002624512,0.0017555933445692062,0.0486315803215645,13.81594069031579,10.734588888982103,2.3367061467644987
3663,training,0.0011229852680116892,0.040482036769390106,0.018601552200885614,13.76071763023319,10.792342980581726,2.3302445431721255
3664,training,0.0007193194469437003,0.03589767403900623,0.018601552200885614,13.70572724623773,10.850384596168885,2.3281373560985834
3665,training,0.0007045381935313344,0.026238168124109507,0.018601552200885614,13.650732163107609,10.90821463407621,2.333864584307747
3666,training,0.00046177353942766786,0.03777447156608104,0.012345302047027554,13.567677311694808,10.99460875940499,2.336829651540889
3667,training,0.0037413248792290688,0.05093032866716385,0.012345302047027554,13.512026929567892,11.051769438279612,2.349971199533226
3668,training,0.0006469319341704249,0.025474004447460175,0.012345302047027554,13.455308348956013,11.107845465412984,2.378520777827972
3669,training,0.0012232890585437417,0.05433483421802521,0.012345302047027554,13.367330938901413,11.188724277487772,2.417906339239939
3670,training,0.0006742259720340371,0.027981154620647417,0.011201233008793504,13.306828206631158,11.24085842893939,2.4438318234668643
3671,training,0.0013320202706381679,0.08252676948904991,0.011201233008793504,13.244924399836178,11.29105831695334,2.4780286720558253
3672,training,0.0010340959997847676,0.04386976361274719,0.011201233008793504,13.181615930397072,11.339325204911935,2.4997868050283625
3673,training,0.001552815898321569,0.01617075502872467,0.023849568204782463,13.100665884527274,11.397469736682599,2.540738177163955
3674,training,0.0009094998240470886,0.043405771255493164,0.023849568204782463,13.017154360968975,11.451666255453773,2.594049130721365
3675,training,0.0007738201529718935,0.044553078711032895,0.023849568204782463,12.948349237819421,11.491845813353283,2.630763900852696
3676,training,0.0007494955789297819,0.04629738628864288,0.03765739291274416,12.877990444245654,11.52887764148248,2.6840554876528673
3677,training,0.0012847704347223043,0.00040602684020996094,0.03765739291274416,12.80587009680082,11.562218095684136,2.7301512269074784
3678,training,0.0014556189998984337,0.049224792048335075,0.035581084605592186,12.713741803386979,11.599934096306935,2.774833518920793
3679,training,0.0016264114528894424,0.008719714358448982,0.035581084605592186,12.582577323071858,11.648128281267569,2.7980825475451856
3680,training,0.0008144786115735769,0.019361810758709908,0.01183328803235746,12.469372779550891,11.687506634998114,2.8152463889714365
3681,training,0.000676965806633234,0.027722284197807312,0.01183328803235746,12.374723041481893,11.719368265853706,2.81639419319475
3682,training,0.0005488406168296933,0.019256882369518283,0.01183328803235746,12.298995705652915,11.744277272970365,2.8339627103189056
3683,training,0.006351935677230358,0.029914071783423424,0.012003415069878497,12.184367588512638,11.779417019412508,2.8523942092828207
3684,training,0.0034737582318484783,0.04359623836353421,0.012003415069878497,12.088495761775366,11.807457164717288,2.8614975634855107
3685,training,0.0017531686462461948,0.03970343060791493,0.011941095100016083,12.01168710549758,11.829531728492725,2.8604564850751464
3686,training,0.000755658489651978,0.018511168658733368,0.011941095100016083,11.915562385726158,11.856619334582895,2.8751887783668115
3687,training,0.002290907083079219,0.0241729486733675,0.011941095100016083,11.819097986848991,11.88281586601366,2.876279394593904
3688,training,0.0016864505596458912,0.028328606858849525,0.00937282200609914,11.703382891226607,11.914569676431501,2.8710689631631996
3689,training,0.002387880813330412,0.04252005182206631,0.00937282200609914,11.587672749066659,11.946202362725057,2.879482835882249
3690,training,0.003098598215728998,0.020491192117333412,0.009388483672571103,11.471683328263333,11.977016380869886,2.8842251069360527
3691,training,0.0018776063807308674,0.03762688860297203,0.009388483672571103,11.355732655828147,12.008015584895704,2.875203710493856
3692,training,0.0003218915080651641,0.012253076129127294,0.009054091580273278,11.278687950951863,12.029636304411348,2.859689838422855
3693,training,0.00202868296764791,0.05659483885392547,0.009054091580273278,11.163594223244766,12.063590960524955,2.853801481746081
3694,training,0.0006578678730875254,0.004192525520920757,0.01149938258109312,11.087006135447327,12.08620308825582,2.8555234101823337
3695,training,0.0008428539731539786,0.06492416560649872,0.01149938258109312,10.97171040480175,12.119331302931213,2.8706154729964406
3696,training,0.00042997609125450253,0.050653629936277866,0.01149938258109312,10.914078425969088,12.135442825541025,2.8672392402547056
3697,training,0.0030929266940802336,0.027406372129917138,0.009954584549326283,10.798567050319066,12.167749538868524,2.8727014585828714
3698,training,0.0021404423750936985,0.06776196882128716,0.009954584549326283,10.682680091671356,12.198510690204134,2.8935626919981816
3699,training,0.01515164040029049,0.03908051922917365,0.009676043485224241,10.605287968834725,12.217255454699766,2.916380159304603
3700,training,0.0019453908316791058,0.026608463376760483,0.009676043485224241,10.507742595573786,12.2381499856166,2.9446137878652934
3701,training,0.002510231686756015,0.009866142645478249,0.009676043485224241,10.429301542676908,12.253003422002486,2.9638487877789985
3702,training,0.0008510694606229663,0.0027401484549045563,0.022839821361723633,10.330918772498075,12.270154377073897,2.968651437206289
3703,training,0.0015033561503514647,0.015506710857152939,0.022839821361723633,10.212805523975163,12.290135413221023,2.9788789328152907
3704,training,0.001647724537178874,0.013971583917737004,0.015328271371219863,10.13389166435437,12.302537650246837,2.9928287976753754
3705,training,0.000550964439753443,0.019873300101608038,0.015328271371219863,10.035087074155973,12.316408299722223,3.0086971821807293
3706,training,0.0002311284770257771,0.01373307779431343,0.015328271371219863,9.936067412673973,12.329421152381292,3.0094221933565506
3707,training,0.0007196653168648481,0.008808807469904423,0.007828443669488235,9.817253507059144,12.345434601935164,3.0041139001822423
3708,training,0.0003282840771134943,0.004350315779447559,0.007828443669488235,9.718289430459489,12.358984705226982,3.0066147760638575
3709,training,0.0007910511340014637,0.05846792832016945,0.011927523734045061,9.63913783097453,12.369351836555348,3.0156047456636874
3710,training,0.001389580313116312,0.05794901214540005,0.011927523734045061,9.559827025213876,12.37935424094206,3.0127687625342583
3711,training,0.0009912741370499134,0.12286527082324028,0.011927523734045061,9.480627007006186,12.390100308916201,3.0017559478183884
3712,training,0.0006508640944957733,0.09954629838466644,0.03570775729824578,9.402201245286264,12.400006035314131,3.0420439939477397
3713,training,0.0013488363474607468,0.04143986478447914,0.03570775729824578,9.283141192715966,12.40675476787347,3.1266201614450857
3714,training,0.004008610267192125,0.07311678491532803,0.04787831662489424,9.183439475670028,12.40583845315317,-3.112611602989478
3715,training,0.0028235791251063347,0.04006348643451929,0.04787831662489424,9.063822590930737,12.40036001131179,-3.0795334772866085
3716,training,0.0008426287095062435,0.09484221041202545,0.04060280673825505,8.964104711377471,12.393719555026696,-3.0730444471895386
3717,training,0.0020565662998706102,0.09601945104077458,0.04060280673825505,8.844681064745862,12.38459322061622,-3.0560683058155877
3718,training,0.0008457809453830123,0.0528604406863451,0.04060280673825505,8.76487421344926,12.377656441340907,-3.05572459941276
3719,training,0.001285630278289318,0.001445770263671868,0.025581148474891062,8.66522491100705,12.369315568457159,-3.061455483085573
3720,training,0.002008238807320595,0.008467260748147971,0.025581148474891062,8.525606235128707,12.359549375603981,-3.0842902147015074
3721,training,0.0012842073338106275,0.021258069202303883,0.01372679781392497,8.465507116547377,12.356410141920586,-3.094307538477306
3722,training,0.0059585352428257465,0.006116436794400215,0.01372679781392497,8.365558858335227,12.352282534829937,-3.106158447510696
3723,training,0.0012142203049734235,0.034848516806960106,0.011097427056483315,8.24564518820039,12.348578475049667,-3.1148399633182255
3724,training,0.0004322524182498455,0.00531269051134586,0.011097427056483315,8.16571207844474,12.346571544875747,-3.118673483850161
3725,training,0.0024464307352900505,0.021631302312016487,0.011097427056483315,8.085841512599758,12.344900805413886,-3.12437508967023
3726,training,0.00139134400524199,0.0326186059974134,0.0010552404911287302,7.985867723048281,12.343457664082878,-3.1300417380482473
3727,training,0.0010935517493635416,0.05024861544370651,0.0010552404911287302,7.86587749360235,12.34223750152582,-3.1332298458201673
3728,training,0.0008591742371208966,0.0036510266363620775,0.010961446158082578,7.74586839116846,12.341200327081502,-3.1331384436919376
3729,training,0.0006348827155306935,0.005849138367921113,0.010961446158082578,7.665980957235427,12.340556633055252,-3.135807159637611
3730,training,0.0005833394243381917,0.03972184285521507,0.010961446158082578,7.586028830153565,12.340148554230131,-3.137188008033863
3731,training,0.006888941396027803,0.018283937126398087,0.014789524092459098,7.506073537389561,12.339444621394353,-3.1255160525475314
3732,training,0.0012149820104241371,0.024017103016376495,0.014789524092459098,7.406209026635783,12.337053531568221,-3.1093155584765113
3733,training,0.0043387277983129025,0.03620027797296643,0.014789524092459098,7.306393386568529,12.333184891137957,-3.095694942695772
3734,training,0.0010775160044431686,0.02054846193641424,0.014946835548926028,7.206558804694258,12.328435520166986,-3.0926569944670153
3735,training,0.0010203386191278696,0.012006585020571947,0.014946835548926028,7.086952543804005,12.321676779386047,-3.0760368813922296
3736,training,0.0007119435467757285,0.05150498077273369,0.01655376929419325,6.9473639307360315,12.312306585412466,-3.076249027231764
3737,training,0.0012202697107568383,0.04803355596959591,0.01655376929419325,6.887316105993264,12.30864010323029,-3.084661215102043
3738,training,0.0011505945585668087,0.009661536663770676,0.011054405941453734,6.787392507750143,12.303552551118749,-3.0954894351836377
3739,training,0.0007955612381920218,0.012044374831020834,0.011054405941453734,6.707532071032391,12.299680145832818,-3.0889797733242674
3740,training,0.00035090878373011947,0.021354028955101967,0.011054405941453734,6.62783835765712,12.295148548365313,-3.0818021939902844
3741,training,0.0019717304967343807,0.014876620844006538,0.010335490013454901,6.508029038468385,12.287786268414072,-3.079958291440174
3742,training,0.0014582581352442503,0.056882649660110474,0.010335490013454901,6.408502046494633,12.280719027045558,-3.0603936787117996
3743,training,0.0021502571180462837,0.021689286455512047,0.01247959408499195,6.329189548216949,12.273098539952732,-3.0291213200970812
3744,training,0.0018669927958399057,0.05715311504900455,0.01247959408499195,6.210386570651237,12.257713861237844,-2.9997144857818423
3745,training,0.0008417643839493394,0.03419913724064827,0.01898748037788503,6.0920633927406245,12.239018319828347,-2.9691085497441008
3746,training,0.0012285797856748104,0.006894059013575316,0.01898748037788503,6.013518433794688,12.225005651049388,-2.961916516222676
3747,training,0.0012561931507661939,0.04850413464009762,0.01898748037788503,5.915216885903785,12.20719876913064,-2.963862067074874
3748,training,0.0011155264219269156,0.05905591510236263,0.035862388241847995,5.836603526404667,12.192951199599552,-2.958487995202683
3749,training,0.001777488854713738,0.010483350604772575,0.035862388241847995,5.699410880489832,12.166165703881884,-2.9380538838042676
3750,training,0.0029284306801855564,0.04713699221611023,0.019729104005251224,5.601358593824045,12.146258808164335,-2.9464450632900427
3751,training,0.0012536305002868176,0.002706950530409813,0.019729104005251224,5.523108759988761,12.130496271266582,-2.938239917769229
3752,training,0.001298096845857799,0.025877041742205613,0.019729104005251224,5.44470464379818,12.114530109625285,-2.945456027451733
3753,training,0.0016957364277914166,0.030782094225287444,0.004456747603439317,5.366038212242254,12.09938034636889,-2.959206575829802
3754,training,0.000618003832641989,0.07239057496190071,0.004456747603439317,5.267452655322587,12.082242751801864,-2.9805164228249845
3755,training,0.00074850267264992,0.06237294152379036,0.004456747603439317,5.188444098419713,12.070009756114427,-2.994551000697077
3756,training,0.0008699336322024465,0.0614127591252327,0.009033851531348691,5.089343001668652,12.056278346527975,-3.0136113844247827
3757,training,0.0009526024805381894,0.08785435557365417,0.009033851531348691,5.0100681345648175,12.04609839935229,-3.0136866164587985
3758,training,0.0007770205265842378,0.06965112686157227,0.013555556283521451,4.910925603428028,12.033322943076138,-3.0132197794155338
3759,training,0.000436740112490952,0.05160255730152129,0.013555556283521451,4.831742759228303,12.022449098499841,-2.9964881664549115
3760,training,0.0006817098474130034,0.02190062403678894,0.013555556283521451,4.733275696242652,12.00649362650638,-2.9652391288651176
3761,training,0.0006840259302407503,0.02402883768081665,0.002097923638714915,4.635551852031782,11.987014138865817,-2.925310272234971
3762,training,0.0020352883730083704,0.021792992949485765,0.002097923638714915,4.558070868967372,11.968611169787232,-2.892530676750921
3763,training,0.0015505632618442178,0.020432606339454665,0.002097923638714915,4.48115115723209,11.947803877923137,-2.8611893495635297
3764,training,0.001288990373723209,0.024366319179534912,0.031300190279506236,4.386058652112497,11.918221639596933,-2.816502728612653
3765,training,0.0034531382843852043,0.02924281358718872,0.031300190279506236,4.274748311714841,11.875722950565637,-2.7340578015771047
3766,training,0.005088953301310539,0.05879650264978409,0.05184955947539964,4.166435010253492,11.825173850431838,-2.683368032901469
3767,training,0.0028382032178342342,0.0407450832426548,0.05184955947539964,4.07795214718968,11.779310153681472,-2.6406748828501136
3768,training,0.001077045570127666,0.010812260210514069,0.05101423685186823,4.008550107394086,11.739903635505176,-2.6117139008893626
3769,training,0.0016549399588257074,0.07653572224080563,0.05101423685186823,3.9230490487477305,11.688431039406325,-2.5917057386438134
3770,training,0.0035575830843299627,0.1313028559088707,0.05101423685186823,3.8552755272818313,11.646260588819977,-2.5794793206864974
3771,training,0.0014013531617820263,0.05775005929172039,0.035321975516691695,3.7557151720926547,11.580200862762666,-2.530157415005723
3772,training,0.0008803470409475267,0.06271404959261417,0.035321975516691695,3.659017687928438,11.509860093197883,-2.4986437038917875
3773,training,0.0011782106012105942,0.020983397960662842,0.018365333994687334,3.5645169256580105,11.43655307482359,-2.465841673085689
3774,training,0.0031970995478332043,0.07970137149095535,0.018365333994687334,3.4868816309828627,11.37376199803994,-2.4616512227787077
3775,training,0.0006021106382831931,0.1137547641992569,0.018365333994687334,3.4248327526506483,11.323520411408294,-2.4617828391910446
3776,training,0.0009194835438393056,0.11441124230623245,0.013576965063414674,3.331650612152308,11.248105289715218,-2.4618572717377605
3777,training,0.0018347622826695442,0.09267900139093402,0.013576965063414674,3.2543488868003876,11.184984509534964,-2.452616942902734
3778,training,0.0012634494341909885,0.06965657323598862,0.013576965063414674,3.158904904607503,11.11202628686711,-2.543179604424607
3779,training,0.0010657095117494464,0.06832389533519745,0.015455620450954447,3.0738264861748594,11.058650817958508,-2.618573167952923
3780,training,0.0015614277217537165,0.05907763354480268,0.015455620450954447,2.9667487029221564,11.00317759451043,-2.7095181052578177
3781,training,0.0009545505745336413,0.14255017414689064,0.036234824319504276,2.89330778254007,10.970920348370864,-2.743300430910582
3782,training,0.000865443202201277,0.08529100567102432,0.036234824319504276,2.7819621571295405,10.926082053060624,-2.7708240298717466
3783,training,0.000694445101544261,0.02466464787721634,0.027502650320587872,2.6703856169418163,10.882455862659617,-2.7604520717200693
3784,training,0.0010163778206333518,0.02020162343978879,0.027502650320587872,2.596729407830679,10.851895046040772,-2.7316381105499286
3785,training,0.0003847410553134978,0.002545207738876315,0.027502650320587872,2.506751557295889,10.809459085018634,-2.6654864458541705
3786,training,0.0003227151755709201,0.005579590797424316,0.007878721281578691,2.4198890197500686,10.760996280832643,-2.6001207373891244
3787,training,0.00018735512276180089,0.0423545241355896,0.007878721281578691,2.3527999407211064,10.718160147416816,-2.5476195658680583
3788,training,0.000508323370013386,0.007062181830406189,0.06894196856719895,2.288551037504816,10.671699537423386,-2.480051575999124
3789,training,0.0008170641376636922,0.040590107440948486,0.06894196856719895,2.212684166281671,10.607666496564496,-2.4032064028741202
3790,training,0.000701994402334094,0.006351277232170077,0.06894196856719895,2.1427491433164705,10.537506883545932,-2.297629098949728
3791,training,0.0005041588447056711,0.00488789379596713,0.09618345768682553,2.092446324006934,10.476097254007847,-2.2198964652451916
3792,training,0.0006998633034527302,0.021176621317863464,0.09618345768682553,2.026862059839211,10.377166047996571,-2.091612659406696
3793,training,0.0010426701046526432,0.03955712914466858,0.08900053956339192,1.9904243969138218,10.306974074574375,-2.0091315895176853
3794,training,0.0004180174437351525,0.037176556885242476,0.08900053956339192,1.9588758872146141,10.233901331520366,-1.9520743146180048
3795,training,0.00031283116550184786,0.008850984275341034,0.08900053956339192,1.9242890958277985,10.140489018052987,-1.8999075877057907
3796,training,0.000525386247318238,0.02092801034450531,0.05062158058432752,1.8944386430568336,10.045482879049962,-1.852221591242041
3797,training,0.0005735511658713222,0.051526412367820754,0.05062158058432752,1.8693302117380237,9.949230728124261,-1.8012310922307941
3798,training,0.00043829402420669794,0.02646984299644828,0.016051777096784594,1.845704515596937,9.832162426774797,-1.7401461371422229
3799,training,0.001056696055456996,0.007089026737958193,0.016051777096784594,1.8329280918329833,9.75348319970467,-1.7325257492036537
3800,training,0.00019442570919636637,0.0557182189077139,0.003481976049399494,1.8167842805029037,9.654924443121068,-1.734437945273859
3801,training,0.0007045285892672837,0.01039251871407032,0.003481976049399494,1.7980316220839367,9.536568295155341,-1.7188143133580254
3802,training,0.001615589251741767,0.0007758704014122486,0.00989861553786731,1.7804374728713452,9.418013809554534,-1.7217166675544942
3803,training,0.0031637183856219053,0.033993944525718696,0.00989861553786731,1.765250415648999,9.319294591415535,-1.725837875288404
3804,training,0.0006528926896862686,0.03924534469842911,0.00989861553786731,1.7533437049395273,9.24045634140281,-1.7154334447630684
3805,training,0.0025462154299020767,0.003170810639858246,0.012010805648796799,1.7398079232621984,9.141617787980454,-1.6989796321825459
3806,training,0.007941502146422863,0.0006915479898452724,0.012010805648796799,1.7293759780269204,9.062360909328273,-1.7073979818484388
3807,training,0.0030942533630877733,0.031284429132938385,0.012010805648796799,1.718109792198808,8.983074479282932,-1.715025135075786
3808,training,0.001629963400773704,0.059056224301457405,0.012796379659824783,1.7006647725342012,8.864633925967132,-1.717706182001858
3809,training,0.006262816023081541,0.055576151236891747,0.012796379659824783,1.6862805890265296,8.765821185172506,-1.711947345472692
3810,training,0.00248912931419909,0.05734410881996155,0.013708120156453524,1.6752033889343874,8.686615841667562,-1.7070054616195902
3811,training,0.0002884880523197353,0.023309573531150818,0.013708120156453524,1.664417780424332,8.607476551408297,-1.7069439402199076
3812,training,0.0019480516202747822,0.039534058421850204,0.013708120156453524,1.653941106677939,8.528424102347394,-1.6961863802392685
3813,training,0.0016643409617245197,0.0014801307115703821,0.008586613507689583,1.64246776117638,8.429315547613665,-1.6758926856786371
3814,training,0.001341215567663312,0.0018785474821925163,0.008586613507689583,1.6323693875692815,8.329926004278105,-1.6724116454834193
3815,training,0.006861730013042688,0.028175950050354004,0.008586613507689583,1.6240962497649347,8.250348406731652,-1.677078588015692
3816,training,0.0017045231070369482,0.023948182351887226,0.012402932091562955,1.6103505608239173,8.131189074706962,-1.6951701112151472
3817,training,0.001279521151445806,0.039315976202487946,0.012402932091562955,1.6001446243528061,8.051797526975331,-1.7014465657323505
3818,training,0.0009876687545329332,0.04252840019762516,0.0047812757182832,1.5898519598263812,7.972519361312126,-1.6966251020484548
3819,training,0.0012000214774161577,0.07923588529229164,0.0047812757182832,1.5802064587406104,7.893333796130106,-1.6880584684834488
3820,training,0.0009143638890236616,0.04104410391300917,0.0047812757182832,1.5684819027132058,7.794153148098204,-1.6935086713080891
3821,training,0.0008323857909999788,0.010231728665530682,0.00619027375724416,1.5558695535125302,7.695030465852269,-1.701660832910738
3822,training,0.0007752409437671304,0.006275912746787071,0.00619027375724416,1.5458105564452396,7.615841835318075,-1.6928472844285758
3823,training,0.0008028507581911981,0.030389862135052684,0.011290428104169751,1.5341349360208472,7.516678036589088,-1.6836753248069851
3824,training,0.0007781801396049559,0.06161358579993248,0.011290428104169751,1.52537212375652,7.437169862440287,-1.6773858259200467
3825,training,0.0004728922504000366,0.05612638033926487,0.011290428104169751,1.5167599835422412,7.357593636081712,-1.6828276558087591
3826,training,0.003015684662386775,0.11797298118472099,0.006096618302863393,1.5075639235928884,7.278292490583226,-1.6895038003555753
3827,training,0.004179949406534433,0.01827956736087799,0.006096618302863393,1.4948185459336398,7.179145364199532,-1.712549323343273
3828,training,0.0015374000649899244,0.02493014931678772,0.006096618302863393,1.4812903852734016,7.079917262234804,-1.691951333520859
3829,training,0.00027034941012971103,0.038666810840368264,0.009713970799374411,1.472705692758313,7.0006221670267434,-1.6651796435598134
3830,training,0.0014719009632244706,0.0034464187920093536,0.009713970799374411,1.4647852643001003,6.9011493121426675,-1.6359268411974832
3831,training,0.0005599641590379179,0.02752006519585848,0.03513686079530021,1.4587074730199023,6.781526703791989,-1.6072528914646529
3832,training,0.0007154109189286828,0.026380427181720734,0.03513686079530021,1.4560831842808415,6.681719260120145,-1.587165321630446
3833,training,0.0007338270079344511,0.036270150914788246,0.03513686079530021,1.4550440038944452,6.601747281916819,-1.581043127990363
3834,training,0.00047122337855398655,0.016487527638673782,0.04161648993461497,1.454382921006007,6.501812633632994,-1.5748028078980025
3835,training,0.0007017485331743956,0.039921365678310394,0.04161648993461497,1.4541096177575212,6.401844098322198,-1.5738397621436406
3836,training,0.0014579851413145661,0.009570762515068054,0.0455297621478616,1.453894111399713,6.321799743541186,-1.5736501220041728
3837,training,0.001424149377271533,0.018361736088991165,0.0455297621478616,1.4535703311840147,6.201876626757801,-1.5739942449886255
3838,training,0.0004000527551397681,0.03077663853764534,0.05108288349274428,1.4532339205714246,6.081997061909944,-1.573906784069364
3839,training,0.0004423116333782673,0.03563293069601059,0.05108288349274428,1.4528365042634093,5.942074316101215,-1.5736591370093553
3840,training,0.0015656048199161887,0.03203606605529785,0.05108288349274428,1.4526030163059953,5.862114593055137,-1.573901892336732
3841,training,0.0009406314929947257,0.03686288744211197,0.0508027279527731,1.4523070490853485,5.762143978260835,-1.574009895629262
3842,training,0.0005865520797669888,0.022259194403886795,0.0508027279527731,1.4521883777298363,5.662182414680875,-1.5702214683515703
3843,training,0.0020702756009995937,0.033136479556560516,0.04359887036493669,1.4524666803117738,5.522229027723381,-1.5683737575021557
3844,training,0.0038572531193494797,0.024597259238362312,0.04359887036493669,1.4526692249118989,5.442292556754247,-1.5681225835578976
3845,training,0.006556086707860231,0.021220088470727205,0.032314642905175744,1.4530352941823446,5.3223278977829525,-1.5674575579829177
3846,training,0.003369396086782217,0.031146550551056862,0.032314642905175744,1.453302803960635,5.222372897085228,-1.569299124807044
3847,training,0.0012796369846910238,0.032727872952818864,0.017359078214452605,1.4522551289070145,5.102225547407063,-1.5922257718791755
3848,training,0.000999648473225534,0.01813801471143961,0.017359078214452605,1.4499449579127213,5.022208104780317,-1.6063655834538464
3849,training,0.0005876972572878003,0.009328581392765045,0.014865286876902042,1.4468197767406008,4.942197436869034,-1.6120918172704597
3850,training,0.0003738673112820834,0.011893512681126595,0.014865286876902042,1.4433357274853598,4.8621429645632555,-1.6171425357128775
3851,training,0.00037370406789705157,0.012862093281000853,0.014865286876902042,1.437611943833605,4.742377599894011,-1.619175045555752
3852,training,0.000745518016628921,0.018517659977078438,0.009936903325214443,1.4319789095450477,4.622619167460835,-1.6162793262877793
3853,training,0.0013459122274070978,0.015310395509004593,0.009936903325214443,1.42857535056281,4.542639142284016,-1.610334298917262
3854,training,0.0009591877460479736,0.0031968560069799423,0.013042195981036913,1.4261547405136328,4.482765400077384,-1.6125196855738841
3855,training,0.0020062713883817196,0.03511057794094086,0.013042195981036913,1.4227502011886262,4.402887747788726,-1.6136954073890348
3856,training,0.0011773130390793085,0.05881728604435921,0.013042195981036913,1.41930839702466,4.322919893423249,-1.6142422568019155
3857,training,0.00044505318510346115,0.0453274417668581,0.0033755340388257915,1.4123667634253085,4.18307775138101,-1.6290129166557779
3858,training,0.0008611744269728661,0.03711198503151536,0.0033755340388257915,1.4073969185723822,4.1032055985672535,-1.6363950116811308
3859,training,0.001022615935653448,0.03022801037877798,0.0033755340388257915,1.4019702479262262,4.023298503868828,-1.6402904667166258
3860,training,0.0005869003944098949,0.011173220351338387,0.010720409070070804,1.3951466106208124,3.923571925259753,-1.6363729043698727
3861,training,0.00036326306872069836,0.00030196085572242737,0.010720409070070804,1.3914067293972743,3.8638273115950295,-1.6303202959965561
3862,training,0.00021976041898597032,0.039830707013607025,0.007764290839342702,1.3858222955094675,3.7640632668796425,-1.6236748552139897
3863,training,0.00047158513916656375,0.06131938099861145,0.007764290839342702,1.3826431750527708,3.7041219592955823,-1.6240524561863081
3864,training,0.0010085400426760316,0.03943839110434055,0.007764290839342702,1.3743092215607482,3.564375166716292,-1.6391685026812461
3865,training,0.00047664318117313087,0.008034877479076379,0.023308746314343924,1.369152747152331,3.4846212762156084,-1.6291233651511692
3866,training,0.0021850168704986572,0.04747885838150978,0.023308746314343924,1.3650801729232478,3.4047191163632378,-1.613794053190369
3867,training,0.0026164657901972532,0.0401973631232977,0.023308746314343924,1.3627296143863445,3.324964046302963,-1.5841860536626633
3868,training,0.0015775063075125217,0.022861776873469353,0.014174404002837905,1.3628759940165927,3.2252126889415886,-1.5548646248042792
3869,training,0.0016549539286643267,0.01907367538660765,0.014174404002837905,1.3647086720001271,3.1454410506732335,-1.5409102438943918
3870,training,0.0007405200158245862,0.0330541068688035,0.014174404002837905,1.367562586477517,3.0656478465158017,-1.5291273278103403
3871,training,0.000525058014318347,0.05221804976463318,0.018433450356259005,1.3715105180879037,2.9857975781674115,-1.5138571436900006
3872,training,0.0012380150146782398,0.04077821969985962,0.018433450356259005,1.3809938102824788,2.8464890294239438,-1.494020216403939
3873,training,0.0015473385574296117,0.02973705157637596,0.00947132777815229,1.3892299432807256,2.747003724168401,-1.4822308153950783
3874,training,0.005108303856104612,0.007594924420118334,0.00947132777815229,1.3964008636423375,2.6673498730352,-1.481447194844803
3875,training,0.0017956329975277185,0.00912142731249332,0.00947132777815229,1.4034644246661085,2.587679071689646,-1.4856165856854706
3876,training,0.002955469535663724,0.0432431329973042,0.002673732429919308,1.4142593018387435,2.468258504689578,-1.4735107786879955
3877,training,0.0011607533087953925,0.09658149629831314,0.002673732429919308,1.424169079277358,2.368860518306497,-1.4731712787590672
3878,training,0.0014049966121092439,0.08103102818131447,0.011136122100957584,1.4316274643257731,2.2892929319390127,-1.4838459321291155
3879,training,0.0017000427469611168,0.01305658556520939,0.011136122100957584,1.4407208527981277,2.1695570726891185,-1.5066177347880212
3880,training,0.0015629990957677364,0.021680762991309166,0.0006486409913090774,1.445541142410022,2.089721032144062,-1.5131017532214097
3881,training,0.005772169679403305,0.025703554041683674,0.0006486409913090774,1.4496930410732678,2.00988834800893,-1.525759763442543
3882,training,0.003401375375688076,0.01841485314071178,0.0006486409913090774,1.4539751406618981,1.9101391132206382,-1.523186051900438
3883,training,0.0012645915849134326,0.006027441471815116,0.013047287943321542,1.4580909110820472,1.8303579833248418,-1.5154734994265697
3884,training,0.0016535657923668623,0.057100094854831696,0.013047287943321542,1.4634078160638089,1.7506509348090944,-1.4937040777259478
3885,training,0.0008441342506557703,0.060841649770736694,0.013047287943321542,1.471463638469186,1.6714632058123304,-1.4421218186466387
3886,training,0.0006973234703764319,0.047428101301193265,0.007623280218317155,1.4875678794285518,1.5734333422167845,-1.3729535215546516
3887,training,0.0005699300672858953,0.025979124009609195,0.007623280218317155,1.5106971218174583,1.4768269699611785,-1.2959525429551955
3888,training,0.0007829449023120105,0.041281744837760925,0.06982382185548877,1.5411384484503368,1.3821723281454321,-1.2235797770876278
3889,training,0.0009564178762957454,0.053104043006896945,0.06982382185548877,1.578404626976654,1.2900427552400644,-1.1489298099074547
3890,training,0.0007788140792399645,0.1306574046611786,0.06982382185548877,1.6134609309221366,1.2188840209125011,-1.0772043105288538
3891,training,0.004513896536082029,0.10960665345191956,0.09837924786184725,1.665558474130061,1.135116520761673,-0.9436524019931058
3892,training,0.004600566811859608,0.09957143664360046,0.09837924786184725,1.7154462147532448,1.073693448959779,-0.8338348603307957
3893,training,0.002669021487236023,0.09333556890487668,0.10199487072101364,1.7714463738937407,1.0178363000546446,-0.7380988931443359
3894,training,0.0007221580599434674,0.06506061553955081,0.10199487072101364,1.8482418823894147,0.9557244679436122,-0.622415396014625
3895,training,0.0014087132876738906,0.0346294641494751,0.09229958573980092,1.9145748583051192,0.9121371163325965,-0.5405291011158567
3896,training,0.0032258648425340652,4.395842552185059e-06,0.09229958573980092,2.0200452561567683,0.8573310118471779,-0.4179091552905246
3897,training,0.002280712826177478,0.06835374981164932,0.09229958573980092,2.093668527430808,0.8275058465582313,-0.35817788165615405
3898,training,0.0016293791122734547,0.024448856711387634,0.07763516600263663,2.1877300712994363,0.7953459350544114,-0.30422751509978063
3899,training,0.0008062768611125648,0.00932446122169496,0.07763516600263663,2.244973119975002,0.7783792487091907,-0.27209499184562896
3900,training,0.001331728883087635,0.03031047433614731,0.05563549934961326,2.3415601440091516,0.7540669031598886,-0.2207839151463224
3901,training,0.0017326275119557977,0.027136966586112976,0.05563549934961326,2.4197770114899493,0.7379456322686968,-0.18631313787681
3902,training,0.00033968486241064966,0.00885477289557457,0.05563549934961326,2.537774387926811,0.7193881336519394,-0.12472427495686624
3903,training,0.000852903351187706,0.003844916820526123,0.04123877309366906,2.6368932885491274,0.7084352552772551,-0.09926848045239459
3904,training,0.000974125403445214,0.0043890755623579025,0.04123877309366906,2.7561497789977407,0.6979590321357331,-0.07827245059276966
3905,training,0.00032755822758190334,0.007318092510104176,0.022020322775745307,2.8358040782573974,0.692238918011624,-0.06698588621672785
3906,training,0.0009836402023211122,0.020297696813941002,0.022020322775745307,2.975291089977824,0.6842036374394268,-0.048815593251039374
3907,training,0.0006740039098076522,0.015424358658492569,0.005191877567083502,3.0750499804024662,0.6797893831530106,-0.04142713124767933
3908,training,0.002111113164573908,0.025108372792601585,0.005191877567083502,3.1348898648019397,0.6774927617171546,-0.036487918086871914
3909,training,0.0007995494524948299,0.023452641908079386,0.005191877567083502,3.234691096074276,0.6741565209785462,-0.031146195005134714
3910,training,0.0036735220346599817,0.0012624836526811119,0.01352693587882943,3.3146122614462,0.6717436169334262,-0.028626192919742107
3911,training,0.0011245290515944362,0.006066526286303997,0.01352693587882943,3.414460289795713,0.668892911129242,-0.027724067184131444
3912,training,0.0021350968163460493,0.00038558244705200195,0.01352693587882943,3.4942997070978015,0.6668364858518123,-0.02318485151161806
3913,training,0.0011443609837442636,0.013764632865786552,0.010641008004821866,3.6141017384316463,0.6645405237394484,-0.015537244114406054
3914,training,0.0013837511651217937,0.002745645120739937,0.010641008004821866,3.7539020347186596,0.6624338335582188,-0.01583361434636387
3915,training,0.009096557274460793,0.00923056900501251,0.01579891598103902,3.873775594394208,0.6604972778213655,-0.01712110178142295
3916,training,0.0011200449662283063,0.02527078567072749,0.01579891598103902,3.9736263968223535,0.6589749477018094,-0.01409844903933763
3917,training,0.00030245824018493295,0.023717486765235662,0.013190215572027309,4.113507530696399,0.6571529959713983,-0.013008383000981586
3918,training,0.0008669542148709297,0.03367363661527634,0.020180735614691754,4.21338144799912,0.6560038404172047,-0.010979058597669601
3919,training,0.0008527676109224558,0.047115069814026356,0.020180735614691754,4.273225591320656,0.6554614035745863,-0.00848120662380968
3920,training,0.0008185890037566423,0.0391230508685112,0.020180735614691754,4.3930665161417854,0.6548356232528234,-0.0021960074459118325
3921,training,0.0006894277175888419,0.03530743345618248,0.01204543405826415,4.513025717219658,0.6547188913430653,-0.0016061123537629333
3922,training,0.001234042807482183,0.03171546012163162,0.01204543405826415,4.57296291140723,0.6546667611700299,-0.0008630937648304773
3923,training,0.0004686263855546713,0.03851080685853958,0.01930703038081972,4.6928924009402575,0.6545339377463557,-0.0014191071437461302
3924,training,0.0011807226110249758,0.04022610932588577,0.01930703038081972,4.7928463095508045,0.6543971423462899,-0.0015476188535624063
3925,training,0.0003025593759957701,0.03251644456759095,0.01930703038081972,4.872855100076463,0.6542602433384694,-0.0012937563284497037
3926,training,0.0005329513223841786,0.005483295768499374,0.021606416193267978,4.972802136856263,0.6540488541382538,-0.002227619814299453
3927,training,0.0007058880873955786,0.01812702789902687,0.021606416193267978,5.052764309357601,0.6538213125705552,-0.0031902413157488003
3928,training,0.0008400058723054826,0.015082959085702896,0.02359287599318888,5.152711715067423,0.6535150677160999,-0.0036287057595616084
3929,training,0.00041709590004757047,0.0024575386196374893,0.02359287599318888,5.2526578716275125,0.6531764305333356,-0.0040807830764738795
3930,training,0.0005444354028441012,0.003043918637558818,0.019092222372611083,5.332584922451581,0.6528893329457716,-0.0044573748085592006
3931,training,0.0024524047039449215,0.022606322076171637,0.019092222372611083,5.452529124111077,0.6524653995136982,-0.0035592038927235218
3932,training,0.003991059027612209,0.027888504788279533,0.014579454150886668,5.5324073490145675,0.6523191841477881,-0.0015636353770536102
3933,training,0.0012118879240006208,0.041151098906993866,0.014579454150886668,5.63234851602994,0.65223278192155,-0.0012489812494191135
3934,training,0.0007437341846525669,0.03365662693977356,0.014579454150886668,5.712317192065406,0.6521505766779773,-0.0008777091284045516
3935,training,0.00042033669888041914,0.02000591531395912,0.017779358198752686,5.812286617401782,0.65203319411234,-0.0009459850921045683
3936,training,0.001750619150698185,0.014516651630401611,0.017779358198752686,5.912251172400579,0.6518945697126115,-0.0011088114673065983
3937,training,0.0010650667827576399,0.022885017096996307,0.016107498590366746,6.012211223150619,0.6517308315147589,-0.0013534253643357943
3938,training,0.0014567114412784576,0.01928120944648981,0.016107498590366746,6.092171698552579,0.6515761727224362,-0.002145379930003237
3939,training,0.000603650463744998,0.02268078550696373,0.016107498590366746,6.172106379374022,0.6514630358710944,-0.0014282399632752308
3940,training,0.0009296800126321614,0.019481386989355087,0.02255103283628169,6.252027297798668,0.651434145893311,-0.0007635674286400321
3941,training,0.001050084363669157,0.03758211433887482,0.02255103283628169,6.351973043111321,0.6513813350750707,-0.0007751146207943677
3942,training,0.0004731871886178851,0.0022892653942108154,0.028108784557067956,6.491959594017268,0.6512739412730268,-0.0013967470437826611
3943,training,0.0005909393657930195,0.016603214666247368,0.028108784557067956,6.571877884649615,0.651218254659125,-0.0013538131181857597
3944,training,0.0005946546443738043,0.011984512209892273,0.028108784557067956,6.691851415457286,0.6510933876134553,-0.001750884049042865
3945,training,0.0005347857950255275,0.01036213617771864,0.03156335063938638,6.811820295640069,0.6505660371945962,-0.008447339656346585
3946,training,0.0006727863801643252,0.02784035913646221,0.037163038249279357,6.911700149952131,0.649834196004817,-0.006216942235905348
3947,training,0.0007309018983505666,0.03667249158024788,0.037163038249279357,6.991549205704412,0.6495294854374623,-0.0026011603107255177
3948,training,0.000615451077464968,0.021632358431816094,0.037163038249279357,7.091409780587072,0.6496433807781926,0.0038955020131740668
3949,training,0.0004396133008413017,0.03350645489990711,0.03526381978135871,7.191248108647384,0.6494700091996828,-0.013358879289795044
3950,training,0.00032986991573125124,0.0028861910104751587,0.022122534298299346,7.33135694804621,0.6485205281953125,0.0001293299467297392
3951,training,0.000455710367532447,0.015144433826208115,0.022122534298299346,7.431256883051144,0.64887205150911,0.005295447446133798
3952,training,0.0007517621270380914,0.018799247220158577,0.022122534298299346,7.53118530167269,0.6495478223020741,0.00658728961977631
3953,training,0.000508961034938693,0.010355418547987938,0.0014792752146247409,7.611110211043018,0.6501421261274426,0.006890155660910307
3954,training,0.000594677752815187,0.006372204981744289,0.0014792752146247409,7.73105159890269,0.6510615016469532,0.007262789956946543
3955,training,0.0006060874438844621,0.002291867509484291,0.011525614185304324,7.830965030111509,0.6518924014884968,0.007725824511670041
3956,training,0.00035731380921788514,0.018620938062667847,0.011525614185304324,7.910840850696436,0.6526017572935051,0.008601167091315217
3957,training,0.00012110554962418973,0.007064120844006537,0.011525614185304324,8.01075320981366,0.6535152582717438,0.009177284102042741
3958,training,0.0004858691245317459,0.020076153799891472,0.006389327932485453,8.090711345545778,0.6541529342697313,0.006833114896363885
3959,training,0.0012025577016174793,0.042641714215278625,0.006389327932485453,8.190646169308392,0.6547462971486695,0.006574737431371891
3960,training,0.00013836854486726224,0.014985116198658943,0.006389327932485453,8.270671268214068,0.6546045683629861,-0.011171629236231986
3961,training,0.0014220853336155415,0.00849693454802036,0.011628529650395226,8.390514878187382,0.6525944875989943,-0.01737326507868989
3962,training,0.0003450511721894145,0.02208349108695984,0.011628529650395226,8.490432876786956,0.6504614102160801,-0.02610644918276796
3963,training,0.000389191962312907,0.027942614629864693,0.012817568402748636,8.61036862983916,0.6464296878075134,-0.04068124307159556
3964,training,0.0007671138737350702,0.01221285667270422,0.012817568402748636,8.710183464902922,0.6419467229486406,-0.04720534470408488
3965,training,0.00016828044317662716,0.017131363973021507,0.025793544590882015,8.809961033362379,0.6370409416598887,-0.049074234114936874
3966,training,0.00010887662210734561,0.01890871487557888,0.025793544590882015,8.909708843490144,0.6322221352384408,-0.045415007685006614
3967,training,0.00011828601418528706,0.01921778731048107,0.025793544590882015,8.989505233660111,0.628684706551964,-0.04303018027186806
3968,training,0.000499216781463474,0.03188646398484707,0.030678690067371377,9.109248803989697,0.6239476189993242,-0.03543983547756063
3969,training,0.000748921767808497,0.032220713794231415,0.031078127574608705,9.208914466359653,0.6216044781913501,-0.008896422680153783
3970,training,0.0002874022757168859,0.047894641757011414,0.031078127574608705,9.328555591027664,0.622376158371826,0.022179498302105218
3971,training,0.0010137949138879776,0.03913151100277901,0.031078127574608705,9.408349715145935,0.6248891578962893,0.041856366696903465
3972,training,0.0004612545599229634,0.016182768624275923,0.02864427979695714,9.508056827876533,0.6299204803704436,0.056278428183834536
3973,training,0.0012172760907560587,0.03662202693521978,0.02864427979695714,9.587835756507681,0.634460215225411,0.05517791391963288
3974,training,0.0016251467168331146,0.03190323151648044,0.01443171097990293,9.707762605726037,0.6392323326698359,0.02033813706647051
3975,training,0.00034787002368830144,0.03731584548950195,0.01443171097990293,9.807833700907905,0.6401375782008872,-0.002459091167780728
3976,training,0.006267268676310778,0.040298743173480034,0.01443171097990293,9.907858201259554,0.6392115320749939,-0.01614055168748412
3977,training,0.0021126982755959034,0.01816460443660617,0.01286606238137127,10.00785123015728,0.6370677040609566,-0.02808197821881843
3978,training,0.001967574469745159,0.05424163676798344,0.01286606238137127,10.087707252245552,0.6346917305257055,-0.03187520555459816
3979,training,0.0015659516211599112,0.012110856594517827,0.006560067024717649,10.167587203334215,0.6325215298202582,-0.01793708446417253
3980,training,0.0009913183748722076,0.04110137000679969,0.006560067024717649,10.247516404319395,0.6312930948539232,-0.015158195296028748
3981,training,0.000458107388112694,0.022937018424272537,0.006560067024717649,10.347221311453374,0.6303105455279476,0.0005551496590168613
3982,training,0.000150222287629731,0.011656516231596468,0.013048087709305059,10.466976927377795,0.63153370444129,0.018914242576658094
3983,training,0.0009736142819747329,0.015145082958042622,0.013048087709305059,10.586717146970168,0.6343213986076052,0.027185507737562904
3984,training,0.0005842295358888805,0.011495137587189673,0.008788016447186945,10.686570698786367,0.6371336145410181,0.028757459114546104
3985,training,0.000754258711822331,0.010999582707881927,0.008788016447186945,10.78645894599128,0.6398748419479405,0.025882303780538674
3986,training,0.0007797913858667016,0.020806922111660242,0.008788016447186945,10.866375474582718,0.6418953293961278,0.026020974285212727
3987,training,0.0007985710399225354,0.025080519262701273,0.008020011400339316,10.986216175385433,0.6449374666610537,0.025047163808892766
3988,training,0.0010495211463421583,0.01748701184988021,0.008020011400339316,11.066127141174565,0.6468478023981337,0.023544814205326853
3989,training,0.00039980924339033663,0.029430517926812172,0.007592316812639573,11.16622091580099,0.6484268470501139,0.005012872776274559
3990,training,0.0006453461828641593,0.015720228664577007,0.007592316812639573,11.286307186847452,0.6474561203862909,-0.020863529405582736
3991,training,0.0015179659239947796,0.049597879871726036,0.006947799285148128,11.386315955006818,0.6446919343078344,-0.03138514077250046
3992,training,0.0016721280990168452,0.03444267809391022,0.006947799285148128,11.466224990300972,0.6418956799974846,-0.03902727436868421
3993,training,0.00057930126786232,0.04963117465376854,0.0122895912409856,11.566061275786256,0.6379509494849254,-0.04054442330973728
3994,training,0.001090149860829115,0.021158911287784576,0.0122895912409856,11.64588542311036,0.634754883474797,-0.04107421308940952
3995,training,0.0006054413388483226,0.0017420561052858838,0.0122895912409856,11.785642768227346,0.6290114953187371,-0.041709620810382396
3996,training,0.0006000559078529477,0.008038536645472051,0.021979581469942864,11.865491674384899,0.6257433482825566,-0.04101545806185243
3997,training,0.0008080590050667524,0.028399559669196606,0.021979581469942864,12.005206529708508,0.6204652809484725,-0.03450823450418121
3998,training,0.0026288984809070826,0.02865290828049183,0.030160592810874205,12.085038715821218,0.6179979963381279,-0.02730646622064251
3999,training,0.0007315974216908216,0.052924370393157005,0.030160592810874205,12.184805726567946,0.6160045310659433,-0.013517971807903019
4000,training,0.001266731065697968,0.054254546761512756,0.030160592810874205,12.264520977963187,0.6156506571600926,0.004314800161473177
4001,training,0.0008464305428788066,0.05743267387151718,0.04000190251996872,12.36422067111822,0.6172872050822702,0.027704613892564893
4002,training,0.0012612070422619581,0.02877776511013508,0.04000190251996872,12.46392976666885,0.6212859095506191,0.05253102074737244
4003,training,0.0002942146675195545,0.0321014728397131,0.03169050299618829,12.543673499270012,0.6259917460727291,0.06488923034723312
4004,training,0.0007224167929962277,0.04015904851257801,0.03169050299618829,12.623490940583581,0.631217510006369,0.06470943308623463
4005,training,0.000592986005358398,0.024337319657206535,0.03169050299618829,12.703329523548767,0.6361761695524754,0.05842966387735195
4006,training,0.000687858322635293,0.008597714826464653,0.017105600433082742,12.823102331881323,0.6424851742882621,0.04529731902858885
4007,training,0.0006117051234468818,0.009948749095201489,0.017105600433082742,12.942962902721048,0.6471664114546996,0.03374936910339752
4008,training,0.0005607143975794315,0.05624791420996189,0.017130793375858624,13.022941504462501,0.6493991859142709,0.021922668010546698
4009,training,0.0007291509537026286,0.049727676436305046,0.017130793375858624,13.102995842412412,0.6504965237031884,0.0018308346282213963
4010,training,0.0005013314075767994,0.038489499129354954,0.02003088698648146,13.243059938325416,0.6487257456520794,-0.025747085814197514
4011,training,0.0006041801534593105,0.010151985567063093,0.02003088698648146,13.323037720425576,0.6462186557992875,-0.03719364909266562
4012,training,0.000939464895054698,0.0015613101422786713,0.02003088698648146,13.44283414926555,0.6414205557850865,-0.042538614557273466
4013,training,0.0011036593932658434,0.024667158722877502,0.023853928915347086,13.542645912889846,0.6371004738342891,-0.04404227814116289
4014,training,0.0005379533395171165,0.028766677249222994,0.023853928915347086,13.622488290120298,0.6335953676594028,-0.04503923273964845
4015,training,0.00017826593830250204,0.03198244050145149,0.019807500953545505,13.722274470464324,0.6291653829488618,-0.04513672378975203
4016,training,0.0007460430497303605,0.0517850648611784,0.019807500953545505,13.802061348442322,0.6258758253689544,-0.03746575525512629
4017,training,0.0004330842348281294,0.03453781269490719,0.019807500953545505,13.881957643879927,0.623128979709011,-0.030600614024160037
4018,training,0.0005617931601591408,0.04280721023678778,0.024046199348445613,14.001643049097066,0.6198874122684243,-0.02331832230696265
4019,training,0.00060220283921808,0.013474248349666602,0.024046199348445613,14.081439495677879,0.6188634506296998,0.005074034536500576
4020,training,0.0009028189815580845,0.002940986305475235,0.024046199348445613,14.161212894047965,0.6202656249275805,0.026213779622672247
4021,training,0.0005771365249529481,0.009266986045986414,0.027724549842563197,14.26092025991975,0.6240541819179748,0.04904314101633681
4022,training,0.000981684890575707,0.012973668053746227,0.015915523013064564,14.400504059008613,0.6319990864491938,0.060270127071898535
4023,training,0.0026228418573737144,0.018876960501074787,0.015915523013064564,14.50031859444396,0.6376698196821421,0.053209033644226904
4024,training,0.0010591809405013919,0.024475516751408577,0.015915523013064564,14.620101703940918,0.6433294726572851,0.041444729738823696
4025,training,0.0010045880917459726,0.021450521424412724,0.011480866359600375,14.700055923674489,0.6463463756740663,0.03516886680349692
4026,training,0.0008666903013363481,0.019378197379410267,0.011480866359600375,14.79996065761164,0.6494047900646429,0.026712710775908626
4027,training,0.0003776717931032181,0.010509708896279337,0.01127573458294611,14.919858304382618,0.6521327053689211,0.019435835848093413
4028,training,0.0008385880501009524,0.012684391811490059,0.01127573458294611,15.019789682927886,0.653700819213231,0.012950822260604462
4029,training,0.000299981766147539,0.016146746929734945,0.015109900829629049,15.139666136051563,0.6550773715749317,0.011780060098210202
4030,training,0.0007088996935635805,0.008638398721814156,0.015109900829629049,15.23957426609636,0.656216530774323,0.01142338537229862
4031,training,0.0035964087583124638,0.016429649229394272,0.011316887536190302,15.339492729101668,0.6573297904951716,0.011754775128868472
4032,training,0.0008606532937847078,0.021702922880649567,0.011316887536190302,15.479369080659591,0.658970419916305,0.011460356006645828
4033,training,0.0014133399818092585,0.03056617174297571,0.014359351765142329,15.559265260502805,0.6598309078207529,0.008635934721960479
4034,training,0.0005603621830232441,8.898042142391205e-05,0.014359351765142329,15.679226234291592,0.6603441160964005,-0.0006825662745623268
4035,training,0.00025843060575425625,0.0022469195537269115,0.01857950595202271,15.75920750768342,0.6602474604013773,-0.001143497524503662
4036,training,0.0008911822806112468,0.010828203056007624,0.01857950595202271,15.839194360458926,0.6600939903193385,-0.002143586243341537
4037,training,0.001281582284718752,0.022212575655430555,0.01857950595202271,15.939155493177747,0.6597592239610565,-0.004305839720778955
4038,training,0.0008891926845535636,0.008929650764912367,0.025467466628407147,16.019152154332467,0.6593209170349628,-0.0073889534146903465
4039,training,0.0008905502036213875,0.021375026553869247,0.025467466628407147,16.099053310554172,0.6587219163967767,-0.008867001823825231
4040,training,0.000806856551207602,0.01685141772031784,0.025467466628407147,16.219000220715913,0.6576451532443108,-0.00996256041880652
4041,training,0.00046060982276685536,0.017519033048301935,0.032449757464580654,16.318907428939333,0.6566949099815366,-0.010509125747110038
4042,training,0.00039335538167506456,0.013168564531952143,0.032449757464580654,16.438803575382288,0.6555452369351465,-0.009690933121929337
4043,training,0.0009535567951388657,0.007603297941386698,0.035232631822073444,16.518659537007192,0.654875775961065,-0.00824944420184492
4044,training,0.0010719170095399022,0.032500121742486954,0.035232631822073444,16.59852115461453,0.6543781374401328,-0.00505937335784303
4045,training,0.00047072951565496624,0.0008276905864477158,0.04146978179957961,16.71844621472411,0.653817689321926,-0.005404426712629265
4046,training,0.0005553143564611673,0.00038303574547171506,0.04146978179957961,16.85840732251015,0.6530609849810916,-0.006004819713792122
4047,training,0.0004675032396335155,0.005043052136898039,0.04146978179957961,16.93830533364679,0.6526484612722251,-0.005241498703643987
4048,training,0.0003357408568263054,0.004733910784125328,0.043096654494643866,17.038182130928945,0.6523479511479062,-0.001774610185595635
4049,training,0.00031482664053328335,0.017384402453899384,0.043096654494643866,17.138116518883937,0.6522806859312065,-0.001199867180869576
4050,training,0.00040541711496189237,0.010827449150383472,0.03844243888245724,17.25809598570935,0.6521758930978911,-0.0015794243862858066
4051,training,0.0005799467908218503,0.007796714082360268,0.03844243888245724,17.37804334233276,0.6520424231092132,-0.0015192547686018196
4052,training,0.0007760802982375026,0.017485180869698524,0.028573206588425295,17.497982348572883,0.6518773860427652,-0.001282079967324327
4053,training,0.00030283734668046236,0.03547973185777664,0.028573206588425295,17.57795281782002,0.6517471614708344,-0.002285335189838562
4054,training,0.0005696550942957401,0.0323236845433712,0.028573206588425295,17.65786318604515,0.6516069616314113,-0.0024821732968100182
4055,training,0.0003470058145467192,0.02222332777455449,0.02147422551382869,17.77783778033049,0.6513458509734747,-0.002952215578843374
4056,training,0.0008744049118831754,0.006967352703213692,0.019967995684052192,17.877749291904816,0.6511732501528305,-0.001742794028902442
4057,training,0.0006899710861034691,0.007627446204423904,0.019967995684052192,17.977637203693263,0.6512401739816208,0.002019506541826309
4058,training,0.0003273002803325653,0.0014865007251501083,0.019967995684052192,18.05756035376939,0.6514923579426513,0.002924891499705747
4059,training,0.00042956939432770014,0.005326701328158379,0.019830349686216015,18.177522829820873,0.6518864895132106,0.002903530230726879
4060,training,0.0002781373914331198,0.01048506423830986,0.019830349686216015,18.29748041619172,0.6523205034054764,0.0032020653859840984
4061,training,0.00017237434803973883,0.03950409032404423,0.011374186934957172,18.37737833231788,0.6526555300910074,0.0037005689350937273
4062,training,0.0006596696330234408,0.013432685285806656,0.011374186934957172,18.477246104387046,0.6525007587630727,-0.01202651452210993
4063,training,0.0009350782493129373,0.01980714313685894,0.021262571148677047,18.597326614383856,0.6498948245887466,-0.0305629314993176
4064,training,0.00027471408247947693,0.010569209698587656,0.021262571148677047,18.677220701070365,0.6471322203373512,-0.0398203903025445
4065,training,0.0004346472560428083,0.022627227437624242,0.021262571148677047,18.79707005741535,0.6419423787327456,-0.04587114817989949
4066,training,0.0009245021501556039,0.007980759721249342,0.009754419818533666,18.936785216741004,0.6354798944709086,-0.04675507293243701
4067,training,0.00025613169418647885,0.00909951888024807,0.009754419818533666,19.03656026234397,0.6309060799954915,-0.04468702633534199
4068,training,0.000769098405726254,0.009340521413832903,0.013933649421445028,19.176202147754527,0.6254441265014393,-0.032286586053698885
4069,training,0.000985199585556984,0.010977908968925476,0.013933649421445028,19.295947935996647,0.6216676147060036,-0.0315082187459125
4070,training,0.0001281905424548313,0.038632356561720364,0.033225624326295895,19.375888322971285,0.6192578389560733,-0.02772541150662797
4071,training,0.0006584738730452955,0.046973057091236115,0.033225624326295895,19.515414228309346,0.6171698627481746,0.0019420575720745959
4072,training,0.0021429061889648438,0.01859025750309229,0.031248372619857044,19.59520033437278,0.61801518135297,0.01821309113269518
4073,training,0.001030761282891035,0.029004579409956932,0.031248372619857044,19.715072201266565,0.6202192832420539,0.015091719451970463
4074,training,0.001018704380840063,0.007167821750044823,0.028427181619742295,19.795065807561866,0.621103971817314,0.0072328378210176425
4075,training,0.0008554086671210825,0.0016207359731197357,0.028427181619742295,19.8750434452025,0.6213563187409094,0.0006398831118382185
4076,training,0.0006895341211929917,0.0031499448232352734,0.028427181619742295,19.955060089027608,0.6211625205046586,-0.00604682910312347
4077,training,0.0008833479369059205,0.014064602088183165,0.0354679129042796,20.05498891812727,0.6203919055542493,-0.010147589923373408
4078,training,0.008275885134935379,0.03730766475200653,0.0354679129042796,20.134868282559047,0.6195717009288677,-0.011611413892876227
4079,training,0.000914893695153296,0.030293177813291553,0.0354679129042796,20.214792636662686,0.6186382983378304,-0.012015703317967766
4080,training,0.0008202157914638519,0.03499344177544117,0.04318810980734919,20.294789949195515,0.6174864751100247,-0.017657009912160276
4081,training,0.0007939415518194437,0.04439270496368408,0.04318810980734919,20.394760894735445,0.6151905325443007,-0.02769918102547868
4082,training,0.00033286635880358517,0.008658068254590034,0.04948880107464602,20.514613315433678,0.6117129791263798,-0.028951138890776083
4083,training,0.0005964368465356529,0.03524406347423792,0.04948880107464602,20.59456075369124,0.6088844883742017,-0.04233542792314109
4084,training,0.0005937295500189066,0.04001869261264801,0.04159352741194234,20.714371781635407,0.6032574022384951,-0.0502481825919748
4085,training,0.0007967458222992718,0.017647724598646164,0.04159352741194234,20.834040256733942,0.5970689392501771,-0.05193005442260427
4086,training,0.001511910231783986,0.021368425339460373,0.04159352741194234,20.913841128659048,0.5928522563862386,-0.052611041169056384
4087,training,0.0006601277855224907,0.004589932039380072,0.017983020100693477,21.03351435091869,0.5867850214154309,-0.046632176125977635
4088,training,0.0013021595077589154,0.009770251344889402,0.017983020100693477,21.153135972652905,0.5815194130467505,-0.04109910411010594
4089,training,0.000267302239080891,0.018450653180480003,0.012314643772728095,21.29290106446666,0.5760460367823039,-0.037922429141796006
4090,training,0.00030110508669167757,0.01799493469297886,0.012314643772728095,21.392690827939422,0.5725117790231408,-0.034338834916021424
4091,training,0.0004966156557202339,0.02095284592360258,0.01680290592415522,21.472475356172605,0.5699796727872147,-0.030448380654821118
4092,training,0.0004653877695091069,0.014745878987014292,0.01680290592415522,21.592278646515638,0.566734514166923,-0.02439306937653215
4093,training,0.0005069179460406303,0.012595374137163162,0.018955083618875792,21.712107016568538,0.56433845317666,-0.016735623356757042
4094,training,0.0007167976582422853,0.009010113775730133,0.018955083618875792,21.8318247225573,0.5639641878889975,0.011109774866152692
4095,training,0.00036411493783816695,0.0015583783388137748,0.006154519975687567,21.911544758734554,0.5655099384343318,0.02601415055923591
4096,training,0.001376260886900127,0.005152592435479168,0.006154519975687567,22.01129287548537,0.5691321614212006,0.046021428067607575
4097,training,0.0008049699245020747,0.023164529353380203,0.006154519975687567,22.110949377209337,0.5746067957927422,0.06205960989057552
4098,training,0.0015973509289324284,0.024480393156409264,0.013267160106067119,22.23067972656006,0.5823855293130635,0.06490456377463313
4099,training,0.0002687179367057979,0.0011176317930221558,0.013267160106067119,22.310389154156198,0.587421104666821,0.05805053546769688
4100,training,0.0003260784433223307,0.003240080550312994,0.01662932720509064,22.450289583064297,0.5945647476885677,0.04419506297607187
4101,training,0.0008615591214038432,0.029920896515250206,0.01662932720509064,22.53012920069236,0.5978930269478856,0.038192164136292596
4102,training,0.0008660029852762818,0.0007558744400739704,0.01662932720509064,22.609971943804556,0.6006913957442053,0.03017587179204922
4103,training,0.0005152040394023061,0.030296089127659798,0.03119145865549688,22.729926977430104,0.6036797435969413,0.01932752715757838
4104,training,0.00031973159639164805,0.016909178346395486,0.03119145865549688,22.829852296120734,0.6053311608365851,0.012991599041499914
4105,training,0.000948128814343363,0.0086745023727417,0.031887088175407446,22.90967531568435,0.6069751165912967,0.02844882499308234
4106,training,0.00045475742081180215,0.01683696359395981,0.031887088175407446,22.98954919372149,0.6097962270178459,0.043112840014054896
4107,training,0.0012094960547983646,0.0644116410985589,0.031887088175407446,23.089276871168238,0.6146946180279895,0.055227152906687844
4108,training,0.0008237760630436242,0.0377976931631565,0.0319585588141174,23.169227177654133,0.6188526570437703,0.04295482254122872
4109,training,0.0011915402719751,0.02529755886644125,0.0319585588141174,23.28914016387961,0.6226158226986103,0.020371638821737738
4110,training,0.00074890221003443,0.03508605435490608,0.029662827322670355,23.409117264399363,0.6239902755580904,0.0035815465776304614
4111,training,0.0014436851488426328,0.04208596237003803,0.03556236792701775,23.52907700173343,0.6237153160175132,-0.006314805490993742
4112,training,0.001801998820155859,0.05666619446128607,0.03556236792701775,23.64903554192916,0.6225299324869727,-0.013245699739481254
4113,training,0.0017984785372391343,0.0435752235352993,0.04324533907397934,23.74897867428347,0.620944852808693,-0.018994613766818495
4114,training,0.000609104405157268,0.014552321285009384,0.04637946089912326,23.908868369350902,0.6176670841951404,-0.020985471869902978
4115,training,0.0011671418324112892,0.050976152531802654,0.04637946089912326,24.008732897882176,0.6155284241813079,-0.021892478098811563
4116,training,0.0011999037815257907,0.012506121769547464,0.04637946089912326,24.108585672409248,0.6134494848945922,-0.019842417490167852
4117,training,0.0014113305369392037,0.0030361227691173623,0.04068571683726879,24.228398170489218,0.6114208907639075,-0.013485306327185339
4118,training,0.0006272618193179369,0.014660533517599113,0.04068571683726879,24.328130581180243,0.6113506521888061,0.013438001679343859
4119,training,0.00040709759923629463,0.017624128609895706,0.038919484543816364,24.46766731254477,0.6153479290966477,0.042838525133399766
4120,training,0.0006938438746146858,0.03146490827202797,0.038919484543816364,24.56728874774239,0.6207929054859158,0.06741662716482263
4121,training,0.001528442488051951,0.06359418667852879,0.026515553441047446,24.666916870096856,0.6280988869666025,0.07690738583654154
4122,training,0.0010698884725570679,0.039097332395613194,0.026515553441047446,24.766662935007385,0.6354181574509711,0.0686202688081306
4123,training,0.0004848939133808017,0.014164727181196213,0.014563867533231706,24.886258491098506,0.6436749483704133,0.07221744769399532
4124,training,0.0009601054480299354,0.020155690610408783,0.014563867533231706,24.985711820541912,0.651959678072737,0.09584339200639062
4125,training,0.0008390204166062176,0.01601680368185042,0.009641158817111358,25.104566132662896,0.6659385588366286,0.13994466972427658
4126,training,0.0020378604531288147,0.0029717013239860535,0.009641158817111358,25.183360420486352,0.678343162376099,0.1731754069726947
4127,training,0.003916504792869091,0.03653416037559509,0.009641158817111358,25.281063063699584,0.6977617404093756,0.22058202893105064
4128,training,0.005526935216039419,0.03657112270593642,0.033073078845787744,25.3581305262947,0.7174738456671791,0.2796492182786829
4129,training,0.003964690957218409,0.054090559482574435,0.033073078845787744,25.47181051702885,0.7537572630403075,0.32921025400413706
4130,training,0.004433125257492065,0.030676603317260742,0.0634691225766584,25.56411204193788,0.7897483186954847,0.42373581419704925
4131,training,0.002949350979179144,0.04911699891090393,0.0634691225766584,25.635103560561728,0.8250349017989849,0.49871614629195044
4132,training,0.003963909577578306,0.09579072147607803,0.0634691225766584,25.736233402718497,0.8878137146949225,0.6137342773048713
4133,training,0.003380776382982731,0.17528840154409409,0.06615430174632803,25.799084995680914,0.9360138962610416,0.6975625595563526
4134,training,0.005236122757196426,0.14933515340089798,0.06615430174632803,25.87134940790176,1.0036966149174646,0.8069450717081378
4135,training,0.0016959862550720572,0.14012346416711807,0.0817106339558548,25.935624939786152,1.0789146350058116,0.9205754443701181
4136,training,0.0007649741019122303,0.058921799063682584,0.0817106339558548,26.001585059071314,1.1776703718484547,1.0421879020132256
4137,training,0.0008448826847597957,0.01137213408946991,0.10877866682828088,26.055007719113853,1.2837298456607373,1.1662649899231594
4138,training,0.0007345271296799183,0.09054169803857805,0.10877866682828088,26.090390803387344,1.3764771414818713,1.2401331319954172
4139,training,0.0007984077674336731,0.024352148175239577,0.08605635288530407,26.114379478511836,1.4523936546895118,1.2893741737825173
4140,training,0.0012342691188678145,0.05818274989724159,0.08605635288530407,26.143919641495437,1.5681209627420667,1.351054252494603
4141,training,0.002814194420352578,0.06394933070987463,0.06734205443501408,26.167080575321215,1.6854040068977842,1.4001220277867137
4142,training,0.0034321818966418505,0.020621165633201613,0.06734205443501408,26.179679390586028,1.7641629189784693,1.4243602176139893
4143,training,0.0020702960900962353,0.028576552867889404,0.06734205443501408,26.19204041132175,1.8629791559013864,1.4703795830401203
4144,training,0.0009058629511855543,0.014708667993545532,0.04541548577789985,26.199020811782063,1.9621317154342204,1.5332171820336649
4145,training,0.000627842964604497,0.01737623661756517,0.04541548577789985,26.200246296655504,2.0617839654536536,1.581487448219786
4146,training,0.0014713299460709095,0.015050776302814484,0.042730297858168786,26.197885984900342,2.1413245306306927,1.62029783356727
4147,training,0.00135359400883317,0.02262621372938156,0.042730297858168786,26.192171775134682,2.2207532564116534,1.6670220015751713
4148,training,0.0007940859068185091,0.06288477778434753,0.042730297858168786,26.18295445515371,2.300020427669583,1.702477339058859
4149,training,0.0006492445827461779,0.05644193291664125,0.05001238999428247,26.170508412345008,2.378511336830279,1.7543471656785394
4150,training,0.0007342947064898908,0.0765310972929001,0.05001238999428247,26.14490662133222,2.4951374931764927,1.8158056473381352
4151,training,0.0007839454337954521,0.04802275262773036,0.060559494954268794,26.112888460678768,2.6103668867997833,1.866181126076592
4152,training,0.0004948684363625944,0.00628286600112915,0.060559494954268794,26.069463720731584,2.743108956688601,1.9065172943451139
4153,training,0.0005144591559655964,0.007682431489229202,0.060559494954268794,26.042702753491962,2.818430925969127,1.917663389524282
4154,training,0.0008738061878830194,0.012905096635222432,0.04132986039546292,26.000811059541903,2.9307142563746695,1.9387834433544304
4155,training,0.002490439685061574,0.008983865380287177,0.04132986039546292,25.971654556253593,3.0050267990818256,1.95004319806794
4156,training,0.001224245992489159,0.007387962192296989,0.021228204512812106,25.933959735363537,3.0974670253693763,1.9669110170015602
4157,training,0.0011498144594952464,0.035830199718475356,0.021228204512812106,25.88637372497884,3.2074362053044347,1.9924433454442687
4158,training,0.0013243976281955838,0.005189642310142517,0.02336853385058171,25.835354440551214,3.3156308222153053,2.0315017951611307
4159,training,0.00048577558482065797,0.02792611904442311,0.02336853385058171,25.79916244633586,3.38665310728045,2.0507078615658294
4160,training,0.0015750605380162597,0.028905850835144527,0.02336853385058171,25.76185461749194,3.457127646155751,2.06545154692675
4161,training,0.0010774042457342148,0.030694518238306046,0.03411461143755533,25.71379426921332,3.5445524561867314,2.0820044697637363
4162,training,0.000538721214979887,0.06163119897246361,0.03411461143755533,25.653958335558848,3.648198137655213,2.10856554500469
4163,training,0.00044448464177548885,0.06762554962188005,0.046509970930432194,25.590247925016797,3.7491390591295097,2.1618860207447193
4164,training,0.0007908840198069811,0.0079793594777584,0.046509970930432194,25.533915771735124,3.8314473123675343,2.1716382771207616
4165,training,0.00021514056425075978,0.03550189267843962,0.046509970930432194,25.476840882446194,3.913254969945282,2.1901810151436774
4166,training,0.00030173297272995114,0.0356527182739228,0.04519742184718413,25.41801761663572,3.9937977301911762,2.21359504666671
4167,training,0.0005044175777584314,0.03277287632226944,0.04519742184718413,25.36991007573177,4.057693421812205,2.2163903646321588
4168,training,0.0007335942354984581,0.05222234036773443,0.032480590144043864,25.29822036961154,4.1537244774111866,2.206362703401034
4169,training,0.0008161213481798768,0.03312824945896864,0.032480590144043864,25.213750269091314,4.264835067846705,2.240551051994413
4170,training,0.0007696477696299553,0.031167255714535713,0.032480590144043864,25.164134522943083,4.327507630361139,2.2392381339606735
4171,training,0.0007686915341764688,0.001453230157494545,0.0185174977322683,25.103380569702725,4.406122210503347,2.220651909086264
4172,training,0.0002559316635597497,0.03672759700566531,0.0185174977322683,25.04375048256582,4.4853470849420765,2.2156365146506967
4173,training,0.00030308583518490195,0.041573123075068,0.0185174977322683,24.99533499971939,4.549023557015437,2.2295423610726175
4174,training,0.0004619989194907248,0.0322513859719038,0.011973694323501313,24.921767800623375,4.643693956553373,2.228345401234053
4175,training,0.0008259079186245799,0.0009144321084022557,0.011973694323501313,24.8731336669851,4.7074115282525,2.217002073701586
4176,training,0.000983594567514956,0.014522174373269081,0.011973694323501313,24.813454579907738,4.787564796488292,2.205308871739681
4177,training,0.0009258791105821729,0.02044467069208622,0.030011020733444298,24.75458977832407,4.868307338502919,2.196598092181201
4178,training,0.001753530465066433,0.0032332418486475945,0.030011020733444298,24.684723721280303,4.965686253268089,2.190372050272204
4179,training,0.0010108421556651592,0.021752974949777126,0.023070377802885733,24.62702178551349,5.047238114490822,2.1833778990193773
4180,training,0.001188287977129221,0.03023503627628088,0.023070377802885733,24.558671099547656,5.145723035612148,2.171823611850533
4181,training,0.0006569890538230538,0.07291696406900883,0.023070377802885733,24.513492303526746,5.211606887971014,2.1739871661357015
4182,training,0.0008794589666649699,0.07086333399638534,0.0017667601056689278,24.45660817061148,5.293608347109611,2.181227969549382
4183,training,0.0013794651022180915,0.017423242330551134,0.0017667601056689278,24.399211374835144,5.375319833359145,2.184218999218773
4184,training,0.00035736014251597226,0.048735495656728745,0.0017667601056689278,24.31625747531382,5.487385998832738,2.2346642573314144
4185,training,0.0007750084041617811,0.009615011513233185,0.006725550904016134,24.24115922726792,5.580577988695624,2.2615394069393706
4186,training,0.0007721420843154192,0.004007220268249498,0.006725550904016134,24.176493145381606,5.656536563205643,2.2928605778548707
4187,training,0.0014843936078250408,0.006015412509441376,0.00609649319931772,24.095477086708435,5.744534798123464,2.33784157779508
4188,training,0.00045154272811487317,0.016157440841197968,0.00609649319931772,24.039183077658976,5.801030929781963,2.3712865090970574
4189,training,0.0008017109939828515,0.01587498188018799,0.00609649319931772,23.95130386066876,5.881990608520516,2.4229425865916583
4190,training,0.001256404211744666,0.053791506215929985,0.0064412015012026095,23.875127832166374,5.946247041869542,2.4573189851859882
4191,training,0.0010735361138358712,0.01425596326589585,0.0064412015012026095,23.79722841194586,6.008618481423864,2.4705615514046366
4192,training,0.0009225958492606878,0.04610920697450638,0.0064412015012026095,23.71840628159622,6.069696478941434,2.494680090016996
4193,training,0.0004953605821356177,0.07382276467978954,0.008810165295573241,23.638164023248684,6.128966680478761,2.513350076006993
4194,training,0.0010580334346741438,0.07545428723096848,0.008810165295573241,23.557047110685666,6.187064807908903,2.524399105802212
4195,training,0.0003403729060664773,0.03567271679639816,0.008810165295573241,23.49195930682131,6.233123572641456,2.5249783420528447
4196,training,0.00037714169593527913,0.0910944975912571,0.08342948656173507,23.40960229815936,6.2890918503892665,2.5664702882391874
4197,training,0.0005233740666881204,0.015895072370767593,0.08342948656173507,23.324549541657184,6.34066364495708,2.628262643025403
4198,training,0.0011013948824256659,0.07254399545490742,0.06888531478264542,23.236956210417404,6.388389777618532,2.651809630388378
4199,training,0.00024764848058111966,0.023932425305247307,0.06888531478264542,23.130550959908994,6.443441418904543,2.676869007065219
4200,training,0.00012808520114049315,0.029104197397828102,0.05160696673007529,23.041415704794822,6.488833237697668,2.6590705789385427
4201,training,0.0005110974307172,0.025552531704306602,0.05160696673007529,22.953057372140794,6.53564338282185,2.653763140468201
4202,training,0.00043041890603490174,0.01097709356690757,0.05160696673007529,22.846981001157555,6.591656921652657,2.6580471383389086
4203,training,0.000213776424061507,0.0074715614318847726,0.03366768874471861,22.776218336469988,6.6288010236431765,2.6581260022067497
4204,training,0.001190278446301818,0.009394027292728424,0.03366768874471861,22.67040767375327,6.685639003218294,2.6363808253929633
4205,training,0.0005383417010307312,0.006805141456425188,0.02920831003828505,22.583268440047856,6.7348094968239804,2.6193836352274977
4206,training,0.00034618927747942507,0.021439759992063042,0.02920831003828505,22.4967949399215,6.7849386720617595,2.6135582477345496
4207,training,0.0018861739663407207,0.006298537831753492,0.025244736419891386,22.392815949431164,6.844578655072936,2.629496390437616
4208,training,0.0004836245789192617,0.026662733405828472,0.025244736419891386,22.32309648962351,6.883593477483983,2.6320890589681154
4209,training,0.00026155728846788406,0.004292687401175499,0.025244736419891386,22.235969348030988,6.932698367397765,2.622844239521109
4210,training,0.00052434898680076,0.040592503733932965,0.029186878897691153,22.183757464334132,6.962526400578416,2.62278889378036
4211,training,0.0006164711667224765,0.007511991076171398,0.029186878897691153,22.061786387726574,7.0304176921609,2.6491073813811274
4212,training,0.0006074606208130717,0.0074991872534155846,0.031549500880985036,21.991188941247458,7.068134948254724,2.6510105149933456
4213,training,0.0004320557345636189,0.008775001391768456,0.031549500880985036,21.938346160391625,7.096418625874914,2.6487851733183265
4214,training,0.0009572262642905116,0.01437835255637765,0.031549500880985036,21.85042354904464,7.144025562519144,2.6411283297860755
4215,training,0.0005476924125105143,0.034049276262521744,0.03268693679234957,21.727486171273856,7.211116718747373,2.6447030137747483
4216,training,0.0006738994852639735,0.04612707532942295,0.03268693679234957,21.657177132413633,7.248986238323994,2.650453688957412
4217,training,0.0014799460768699646,0.038728488609194756,0.03317497154999624,21.586642823526653,7.2863449689134585,2.6590905258482223
4218,training,0.002157993847504258,0.013828301802277565,0.03317497154999624,21.515668447267668,7.323030040484228,2.6707814818370075
4219,training,0.00370325380936265,0.009668391197919846,0.03317497154999624,21.408707110359547,7.377309895290672,2.669427455303283
4220,training,0.002591331722214818,0.09879419952630997,0.018818063145722055,21.31962788529799,7.422563385221942,2.675327718668795
4221,training,0.002011595293879509,0.003244711086153984,0.018818063145722055,21.230777117944402,7.4685630870580235,2.6493990205685933
4222,training,0.001121779903769493,0.07211714284494519,0.011019946227901981,21.14257709218417,7.5154828091817505,2.656952090277572
4223,training,0.0009055648697540164,0.010838629677891731,0.011019946227901981,21.036497345733856,7.57151544052047,2.6532509897809655
4224,training,0.0017761908238753676,0.008670113980770111,0.0175167475340367,20.948252170101842,7.618456688434513,2.6526153416481653
4225,training,0.0009606098174117506,0.015474572777748108,0.0175167475340367,20.860012754729496,7.665407228443144,2.652558263459138
4226,training,0.0003488966031000018,0.017071254551410675,0.0175167475340367,20.77177372834406,7.712363482265291,2.652501927121824
4227,training,0.0003688997821882367,0.0017347261309623718,0.01692862736516232,20.701131359301137,7.74996279986181,2.6524694448367567
4228,training,0.0006126027437858284,0.03444902040064335,0.01692862736516232,20.59529714926908,7.806294343226125,2.6523900498736386
4229,training,0.0028928660321980715,0.0640881386352703,0.02402286705944751,20.507119977206216,7.85344439964548,2.648322425050448
4230,training,0.0008529662736691535,0.0034462548792362144,0.02402286705944751,20.436625847337027,7.891409527355137,2.647376539982255
4231,training,0.0002496356319170445,0.013619454577565193,0.02402286705944751,20.348371604097775,7.938174636309277,2.664033042880721
4232,training,0.0008333971491083503,0.03836450353264809,0.029235089313043822,20.241486878249496,7.992136253935801,2.68336003522909
4233,training,0.002343029249459505,0.0084503130055964,0.029235089313043822,20.133570823616772,8.044049475581069,2.7030618579450425
4234,training,0.0007681022398173809,0.005487908609211447,0.02800484695022573,20.04306734816112,8.08645377259356,2.701816294042276
4235,training,0.002501663751900196,0.030545429326593876,0.02800484695022573,19.952689318644808,8.129200875149724,2.696737419128837
4236,training,0.0017236270941793919,0.014583820477128029,0.01693230245873797,19.88048134184883,8.16389371202277,2.6889487168817072
4237,training,0.002703446662053466,0.021209319587796926,0.01693230245873797,19.754872954652214,8.225278314573721,2.68668654084049
4238,training,0.0018734023906290531,0.05964954756200314,0.01693230245873797,19.683010533656184,8.260517566424118,2.683972665860545
4239,training,0.0007973960600793362,0.009244753047823906,0.020161694512678248,19.59353136584346,8.305372671525129,2.6674158074335157
4240,training,0.0027190619148314,0.017871256917715073,0.020161694512678248,19.522293177891363,8.341823364375417,2.672091514548014
4241,training,0.0017143592704087496,0.041738360188901424,0.020161694512678248,19.450921206823825,8.377399453408993,2.687624551889854
4242,training,0.0027349411975592375,0.005716633517295122,0.012465837642684123,19.361137655730467,8.421355913646105,2.682905449705495
4243,training,0.005867167375981808,0.012928732205182314,0.012465837642684123,19.271598513971664,8.465818400601725,2.6793207642074237
4244,training,0.006696978583931923,0.00610901415348053,0.019487575170988602,19.20004789920713,8.501438472684443,2.680382441902907
4245,training,0.00137543142773211,0.0042028832249343395,0.019487575170988602,19.128264400910172,8.536681878533706,2.690814194467207
4246,training,0.00018405489390715957,0.009716637869132683,0.013882697681442685,19.00215264942314,8.5970049452205,2.697496873109833
4247,training,0.00208696024492383,0.02550913952291012,0.013882697681442685,18.893825825468205,8.648561242274393,2.6972137332495283
4248,training,0.001134390477091074,0.004679067060351375,0.013882697681442685,18.83966899073534,8.674175414113055,2.7032611022909916
4249,training,0.001263252692297101,0.016759125515818592,0.016144521071500127,18.730853481913947,8.72430772725178,2.715587572800546
4250,training,0.0011749709956347942,0.05048998910933733,0.016144521071500127,18.657895212893788,8.756969086689839,2.7255029010821654
4251,training,0.001369948498904705,0.021135244518518448,0.014804496939215532,18.56651821194662,8.79747455076128,2.7204643011339824
4252,training,0.0004642081039492041,0.019594263285398483,0.014804496939215532,18.47540668026898,8.838692346347155,2.711738214834758
4253,training,0.0022670156322419643,0.024054825771600008,0.014075354291172359,18.36649660445865,8.888733501257486,2.7103024829597
4254,training,0.0007759775617159903,0.008317386731505392,0.014075354291172359,18.257621839872378,8.938969278765207,2.7072572247328446
4255,training,0.0007785799680277705,0.03453376330435276,0.018704851318408836,18.130809586962826,8.998427043847233,2.6985102929331837
4256,training,0.0011511393822729588,0.020422913134098053,0.018704851318408836,18.004205265016704,9.057789086184808,2.71186926488252
4257,training,0.0006372907082550228,0.0008273478597402607,0.018704851318408836,17.931304804908375,9.090399619554693,2.730350947314144
4258,training,0.0014899182133376598,0.04915973590686917,0.01114589547872526,17.821164928588605,9.137385309735564,2.744924089290861
4259,training,0.0006148166721686721,0.0371742434799671,0.013090620142052893,17.710635817751143,9.183573954553864,2.7441291905638256
4260,training,0.0011781798675656319,0.014229871332645416,0.013090620142052893,17.636745672571564,9.213632528346052,2.7702395245494706
4261,training,0.0008012062753550708,0.014302153140306473,0.013090620142052893,17.562041403895783,9.241392336769596,2.8011045996922914
4262,training,0.0017543750582262874,0.012929227203130729,0.008492240070381775,17.467593297875556,9.273083405618427,2.8359307567141645
4263,training,0.0005481721600517631,0.02788556739687919,0.008492240070381775,17.372186925974383,9.302186162335891,2.8540907701709375
4264,training,0.00041141733527183533,0.061544399708509445,0.008492240070381775,17.295539844574538,9.32423087075165,2.8708441720252815
4265,training,0.0011018349323421717,0.04679111577570438,0.013339983807384145,17.218486284341914,9.344765901350456,2.8907074721533523
4266,training,0.0017539429245516658,0.06476631574332714,0.013339983807384145,17.141092456671696,9.363664903498421,2.912444950348264
4267,training,0.001412819023244083,0.0032552294433116913,0.013339983807384145,17.04367134164748,9.384874248834018,2.9422182565714925
4268,training,0.0011798904743045568,0.004928248003125191,0.03622029946930387,16.92604280788163,9.408115442891498,2.9462592769168157
4269,training,0.000425998296122998,0.00016658194363117218,0.03622029946930387,16.828039444396943,9.427493245336313,2.9458377025257723
4270,training,0.00044954620534554124,0.002882456872612237,0.015159210781189345,16.710367082427318,9.450825267846648,2.9452293814630353
4271,training,0.0007336109993048012,0.04295809753239155,0.015159210781189345,16.63205049647607,9.466302183221767,2.9471726049670606
4272,training,0.0017290313262492418,0.08731920272111893,0.038808406706013744,16.553597408542505,9.481574035021232,2.9513666485389147
4273,training,0.0009618564508855343,0.0082898112013936,0.038808406706013744,16.416348006969894,9.509572368708836,2.9233674288890046
4274,training,0.0011113983346149325,0.015130802989006042,0.038808406706013744,16.33826220753711,9.526328998438066,2.934648485870815
4275,training,0.00044692109804600477,0.048368288204073906,0.05060872043743002,16.259986024862197,9.542690503938795,2.935363193185546
4276,training,0.0007227808237075806,0.005995213985443112,0.05060872043743002,16.181638859290967,9.558939048519102,2.9401762379660044
4277,training,0.00036459980765357614,0.00041644275188446045,0.0252683265634466,16.08375056993386,9.579187403625456,2.9311397642937917
4278,training,0.000590868410654366,0.04808507487177849,0.0252683265634466,15.986128702209154,9.600802762674698,2.9153387554422605
4279,training,0.0018127963412553072,0.0019424241036176716,0.0252683265634466,15.869255391739127,9.627170904069683,2.926434511168215
4280,training,0.0012352345511317253,0.013486966490745537,0.011514804276667326,15.771671437338203,9.648716408780507,2.9199901851214634
4281,training,0.0011469844030216336,0.001180887222290039,0.011514804276667326,15.69374568447342,9.666907315512887,2.903040051119318
4282,training,0.0010435270378366113,0.0318911150097847,0.016445384355125176,15.596865906259197,9.692236667588853,2.863662737919167
4283,training,0.00035572596243582666,0.03422932047396898,0.016445384355125176,15.520151958219113,9.71484649489523,2.8470922673462584
4284,training,0.0009790947660803795,0.04952175170183182,0.016445384355125176,15.443696332037302,9.738005279964984,2.8492560563917007
4285,training,0.0017741832416504622,0.014687500894069658,0.035207722040162974,15.348144466136356,9.76790308798282,2.8201965964273223
4286,training,0.0010349296499043703,0.025382496416568756,0.035207722040162974,15.272586089137775,9.794279967908752,2.7932516004965104
4287,training,0.0033333010505884886,0.01726430281996727,0.035207722040162974,15.179091391687319,9.829975827644397,2.7606761248070346
4288,training,0.006683209910988808,0.00870677083730699,0.04628042909700326,15.086748933935947,9.868473309951483,2.7335792466674667
4289,training,0.0025006842333823442,0.0465088477358222,0.04628042909700326,14.959273704592137,9.927020579619354,2.686792184542298
4290,training,0.00057270098477602,0.0024438463151454926,0.02134277543894747,14.869887189020524,9.97158105992443,2.6762412453620823
4291,training,0.0009393272921442986,0.0008053220808506012,0.02134277543894747,14.798679082514091,10.007868599189637,2.6636942567289523
4292,training,0.0007249841000884771,0.021025696769356728,0.02595695888196217,14.710245750047669,10.054720810717567,2.644477502213398
4293,training,0.0007064410019665956,0.033236775547266,0.02595695888196217,14.622703470829865,10.103184029057912,2.6282611169561156
4294,training,0.0015413607470691204,0.012345924973487854,0.02595695888196217,14.553202106204866,10.143059195798427,2.613087796799423
4295,training,0.0007626774022355676,0.02262903749942781,0.02601787428206597,14.467561610770504,10.195041075335425,2.577626504053739
4296,training,0.0011021909303963184,0.016059394925832755,0.02601787428206597,14.384093874608507,10.250623773389625,2.5295125967197487
4297,training,0.0023492835462093353,0.016167931258678436,0.060773936334780086,14.271522940464251,10.33398905748104,2.4829145550594003
4298,training,0.0008233736152760684,0.022577684372663498,0.060773936334780086,14.208844423129879,10.383954438322116,2.45415140723825
4299,training,0.0008414598414674401,0.048629797995090485,0.060773936334780086,14.132469392554388,10.448653140820642,2.4248711981473514
4300,training,0.000569417723454535,0.01701285690069198,0.060773936334780086,14.072678271548916,10.50155105961034,2.4113383531279897
4301,training,0.002852486679330468,0.011879406869411462,0.05408552202697518,14.028188551588455,10.541943426076301,2.395765383716414
4302,training,0.0007260121637955308,0.03622050769627096,0.05408552202697518,13.969863318138387,10.596764843573471,2.378576430191868
4303,training,0.000736398680601269,0.029095876961946487,0.05408552202697518,13.912703874210354,10.652719443513192,2.354808431895579
4304,training,0.0022757728584110737,0.05117336008697748,0.039185362997560605,13.842659832963173,10.72407533266407,2.3421741308175683
4305,training,0.0029349520336836576,0.010144403204321861,0.039185362997560605,13.759033288678387,10.81009752681554,2.3446039698682446
4306,training,0.002620375482365489,0.017813955899327993,0.039185362997560605,13.689187927269948,10.88149290785594,2.3455493911636447
4307,training,0.0012345118448138237,0.052590698003768914,0.02334996011040554,13.60538675654834,10.96734957877809,2.3422252487931594
4308,training,0.000222109752940014,0.0002461187541484833,0.02334996011040554,13.52118306311478,11.052503344229617,2.363574235118821
4309,training,0.0009560242178849876,0.06785097904503345,0.013803688240629303,13.435191396435073,11.135722097520127,2.37859995425457
4310,training,0.0009041517041623592,0.0025118961930274963,0.013803688240629303,13.37716245919062,11.190609460895967,2.3883586714673983
4311,training,0.00134707847610116,0.02051757276058197,0.013803688240629303,13.31814556930913,11.244148424484063,2.427710044895578
4312,training,0.00028523372020572424,0.01097356528043747,0.013803688240629303,13.241100167771952,11.306890988017704,2.490593650768072
4313,training,0.0012582408962771297,0.029423408210277557,0.008834140116296614,13.143639801584303,11.375542357430234,2.5660878715718902
4314,training,0.0006980743492022157,0.07534937188029289,0.008834140116296614,13.058747307291386,11.427655204143635,2.612920177146779
4315,training,0.0014299566391855478,0.031150773167610155,0.04147805637512948,12.971974583972433,11.47700672304889,2.6346857196223166
4316,training,0.0007019867771305144,0.028254494071006775,0.04147805637512948,12.883937393000235,11.523819144602832,2.6728906074733483
4317,training,0.0005349247949197888,0.04659172520041466,0.04147805637512948,12.812099557083645,11.55849063057632,2.710382476831359
4318,training,0.00038826256059110165,0.0060207173228263855,0.0389845757288677,12.73927005069514,11.59082032748996,2.7352773219870117
4319,training,0.001645279349759221,0.05011908523738384,0.0389845757288677,12.60984809926971,11.6425973837109,2.788376967393573
4320,training,0.00409936998039484,0.027422869578003883,0.010183110549670013,12.516085165814387,11.676240344277042,2.8026901771818062
4321,training,0.0005155015387572348,0.005612788721919063,0.010183110549670013,12.402660981866575,11.71446303013606,2.829092094069124
4322,training,0.0012063909089192748,0.016952862963080403,0.008349813519683176,12.345694208738133,11.732516870797205,2.8387351281838358
4323,training,0.0021810149773955345,0.002246880903840065,0.008349813519683176,12.231140644988608,11.767325400741479,2.853893048938359
4324,training,0.0005359011120162904,0.03342283144593239,0.008349813519683176,12.135283339122259,11.794947055022833,2.867633634660556
4325,training,0.002456850837916136,0.014077238738536835,0.005877636017805109,12.058309916009666,11.816199301825819,2.8763078539009115
4326,training,0.0028661477845162153,0.03508820151910186,0.005877636017805109,11.961905635270895,11.842520807770173,2.870670446207684
4327,training,0.0007864200742915273,0.006188085302710533,0.012800925468033379,11.884920373255364,11.864141116500347,2.866839804432928
4328,training,0.0006985438521951437,0.019947275519371033,0.012800925468033379,11.80803759723424,11.885987877275397,2.86130725485654
4329,training,0.0018271368462592363,0.012181498110294342,0.012800925468033379,11.71211207339741,11.913826098266465,2.855829128327237
4330,training,0.0007947597769089043,0.03561021573841572,0.004440269851738108,11.635520996426735,11.936315347794446,2.85514649671184
4331,training,0.0004830769030377269,0.04042457323521376,0.004440269851738108,11.55887674934359,11.959130770878787,2.8477322475858173
4332,training,0.000648494518827647,0.014070376753807068,0.004440269851738108,11.482385550303427,11.982500949781265,2.843719261540243
4333,training,0.0007414440624415874,0.013508684933185577,0.016860178580790097,11.367875477472614,12.017329981324433,2.8517686496262677
4334,training,0.001018264563754201,0.07845233380794525,0.016860178580790097,11.291271140883145,12.039560219197028,2.869098770118374
4335,training,0.0010685969609767199,0.014218928292393688,0.016860178580790097,11.214254710882644,12.0603706492019,2.884219430936343
4336,training,0.0012128005037084222,0.014577537775039673,0.019437192991874866,11.137017054912349,12.080210106306419,2.894190404759742
4337,training,0.0011482819681987166,0.001937825232744217,0.019437192991874866,11.059472586587733,12.099241504084162,2.9092868415655007
4338,training,0.001501536346040666,0.07788107916712761,0.019437192991874866,10.962124687149807,12.121336988528132,2.9270779666739513
4339,training,0.0007877990719862282,0.005652574822306635,0.014959090613265261,10.883835852875679,12.138712993882375,2.9143598135024424
4340,training,0.0005747298710048199,0.055535322055220604,0.014959090613265261,10.806142667148105,12.157088000378902,2.9067599392548513
4341,training,0.0007794029079377651,0.01652876101434231,0.005579323317322156,10.689703004667138,12.18628054973803,2.8807826338421885
4342,training,0.0013633017661049962,0.035617210902273655,0.005579323317322156,10.612549440629538,12.20680078734587,2.8846708075616676
4343,training,0.0007978648063726723,0.05682181427255273,0.005579323317322156,10.515965785987584,12.232075742818955,2.883053580105386
4344,training,0.001315342029556632,0.051247007213532925,0.0256969358626939,10.438797933942698,12.252529558472505,2.88108031675553
4345,training,0.001092124031856656,0.051353301852941506,0.0256969358626939,10.34229012406194,12.278132037210444,2.8837077364512766
4346,training,0.0007469508564099669,0.08252641558647156,0.037414195291385226,10.26492670635554,12.298132706444633,2.8953989951473567
4347,training,0.0005427004070952535,0.0004790276288986206,0.037414195291385226,10.148693822345498,12.327090086986457,2.8970978375770544
4348,training,0.0029575745575129986,0.011998720467090593,0.037414195291385226,10.070950690790362,12.34565939030653,2.921801397695854
4349,training,0.0021110842935740948,0.0358094684779644,0.014424393311023976,9.992837489169991,12.361830903062172,2.9538582069947568
4350,training,0.0010507104452699423,0.026695452630519867,0.014424393311023976,9.914369244074301,12.375483091805567,2.9839423172186694
4351,training,0.001024839235469699,0.005522612482309341,0.014424393311023976,9.835425819118514,12.387006435712566,3.009579105848751
4352,training,0.0013010447146371007,0.0371360257267952,0.019941314898179123,9.696528001415052,12.402602370382201,3.049768335386252
4353,training,0.0008012701291590929,0.03822309337556362,0.019941314898179123,9.576958147369972,12.413317660102665,3.0519250006164964
4354,training,0.0017996343085542321,0.11192392744123936,0.020286590141397783,9.497344194661954,12.421203083824269,3.0320629690595515
4355,training,0.0012044962495565414,0.12286169268190862,0.020286590141397783,9.398667713393731,12.431076770503305,3.0653448718612135
4356,training,0.001246540923602879,0.10526728257536888,0.038317409435918326,9.27932505600927,12.436768945348144,3.1228719162395002
4357,training,0.0010746479965746403,0.07089542783796787,0.038317409435918326,9.199572008646744,12.437265170344793,-3.1352957400203145
4358,training,0.0021670260466635227,0.06436269171535969,0.038317409435918326,9.119741349061652,12.436037068182479,-3.1184516324733345
4359,training,0.0016714088851585984,0.08229352533817291,0.04099215301801318,9.039907771230148,12.43364574175558,-3.1065873553043803
4360,training,0.003247893415391445,0.03655701503157616,0.04099215301801318,8.920235342079172,12.42780175642903,-3.079284521615906
4361,training,0.0010730510111898184,0.007207941263914108,0.03268041062830402,8.8007153504388,12.4196272785502,-3.0723723385585404
4362,training,0.0010525193065404892,0.026351502165198326,0.03268041062830402,8.700975376342445,12.4130525887028,-3.0814708078483113
4363,training,0.001841002027504146,0.014527939260005954,0.021094942429095074,8.581202693919613,12.406512505957824,-3.0921990165737805
4364,training,0.001309653976932168,0.029497718438506126,0.021094942429095074,8.441333792440426,12.400896593404894,-3.11154558746883
4365,training,0.0015909356297925115,0.007421895861625668,0.021094942429095074,8.361371224667057,12.398792650982307,-3.118091664793123
4366,training,0.006463852245360613,0.00594414584338665,0.012096409598240604,8.301363945764402,12.397578649196873,-3.124764204790061
4367,training,0.004893946461379528,0.023286741226911545,0.012096409598240604,8.18151769353463,12.395887696140964,-3.1302309830229587
4368,training,0.0036530904471874237,0.020963842514902353,0.011734269955319813,8.081576740728858,12.395000986034537,-3.13577845620139
4369,training,0.004207556135952473,0.007744469679892063,0.011734269955319813,8.00155261194952,12.394626804319,-3.1390694767231175
4370,training,0.0015815305523574352,0.048023668583482504,0.011734269955319813,7.901608779452703,12.394410120338474,-3.141207313290305
4371,training,0.002406278857961297,0.0970398336648941,0.023343604455530007,7.821664210972509,12.394356540016298,-3.141362476875751
4372,training,0.002392754890024662,0.01753121241927147,0.023343604455530007,7.741775163115776,12.393852656613674,-3.124893175188521
4373,training,0.002359315985813737,0.05185166746377945,0.023343604455530007,7.6620143882531995,12.391829719730197,-3.1068864051447744
4374,training,0.0017807793337851763,0.0017495453357696603,0.02457796852003702,7.582165393756142,12.388666552219478,-3.0984185152516894
4375,training,0.0004670334164984524,0.03472768887877464,0.02457796852003702,7.502527069085459,12.384363593365784,-3.076617671962595
4376,training,0.0009204703383147717,0.07014746638014913,0.02457796852003702,7.422881548577881,12.378635918937116,-3.0637659528352383
4377,training,0.001993086887523532,0.01295854710042476,0.017449767298030574,7.3033935016896825,12.369249872236203,-3.064595738092205
4378,training,0.002123445039615035,0.02970453351736069,0.017449767298030574,7.183661254252662,12.360893422129541,-3.081435258042644
4379,training,0.0005235642893239856,0.05110965296626091,0.0008830718651459842,7.04383233509132,12.353809458978779,-3.1004568633236387
4380,training,0.0003856682451441884,0.08509998209774494,0.0008830718651459842,6.943922431268756,12.350244675418205,-3.111458633474315
4381,training,0.0012943086912855506,0.01998644694685936,0.011155424781631196,6.843992710584483,12.347660836366831,-3.120204569568467
4382,training,0.0005047523882240057,0.031370675191283226,0.011155424781631196,6.78414624955401,12.346059061612161,-3.1099971404234283
4383,training,0.0009854694362729788,0.026838393881917003,0.011155424781631196,6.704331756975016,12.343093107788196,-3.0992171590961584
4384,training,0.000905696302652359,0.01604322344064712,0.006922437011950882,6.604614063774846,12.33838645755557,-3.088406397034088
4385,training,0.0007606633007526398,0.05603194981813431,0.006922437011950882,6.524998643742026,12.333411603568406,-3.0685460783524428
4386,training,0.0016219812678173184,0.03080338798463344,0.007934485977339511,6.445640852762202,12.326344376338598,-3.0358035192152717
4387,training,0.0012161765480414033,0.0058295149356126785,0.007934485977339511,6.3666016014739615,12.316671758118346,-3.006993834632337
4388,training,0.0008079801918938756,0.03797676879912615,0.007934485977339511,6.287488968505014,12.305334591339502,-2.994728879737365
4389,training,0.00040887261275202036,0.06581075116991997,0.02457378296079547,6.208445157769368,12.29313794200939,-2.978544834788512
4390,training,0.0010691358475014567,0.017396092880517244,0.02457378296079547,6.110059974734302,12.275924657720465,-2.9589742549158013
4391,training,0.0013015761505812407,0.044898372143507004,0.02457378296079547,6.0315645376119145,12.261229633207016,-2.9574122036451396
4392,training,0.001182494917884469,0.06279997527599335,0.015230178229730294,5.95302282797314,12.24658856276243,-2.957056343348831
4393,training,0.0006136439042165875,0.013535264879465101,0.015230178229730294,5.874493497858134,12.231661248341956,-2.948455237024534
4394,training,0.0014894583728164434,0.03408119641244412,0.018966353703931,5.73705404517173,12.20500382721892,-2.954144276235461
4395,training,0.0011442826362326741,0.020420199260115627,0.018966353703931,5.618776432730789,12.183681754087825,-2.974240251965485
4396,training,0.0003093909181188792,0.02081234147772193,0.018966353703931,5.540015372158905,12.17037706598358,-2.9710176801778947
4397,training,0.0005994148086756468,0.0275369705632329,0.029190650827681408,5.4612243179899265,12.15668817123446,-2.9699797001651596
4398,training,0.001061559421941638,0.01818007975816727,0.029190650827681408,5.342922080244027,12.136582958165874,-2.977005248890184
4399,training,0.000572294055018574,0.021381632424890995,0.027369773411354124,5.264096984278691,12.123273013810222,-2.9686706922906745
4400,training,0.00148767267819494,0.022599032148718834,0.027369773411354124,5.165605177707121,12.10603015104827,-2.9697734341394164
4401,training,0.0007442416390404105,0.03648675582371652,0.027369773411354124,5.086810022729145,12.092003030809986,-2.958492892459079
4402,training,0.00044916823389939964,0.006887607276439667,0.01872630081541968,4.988578098371462,12.073507705197928,-2.9554946178488244
4403,training,0.0012958254665136337,0.03515065065585077,0.01872630081541968,4.910318867392239,12.05818430473841,-2.9405959571633207
4404,training,0.0008461603429168463,0.013405956327915192,0.01872630081541968,4.792712340249762,12.033937825200516,-2.9386712181229457
4405,training,0.00042083498556166887,0.007095985114574432,0.013062292511273933,4.67589776487677,12.007802884753717,-2.900364430653198
4406,training,0.001446724170818925,0.013627275824546814,0.013062292511273933,4.560615971423571,11.976509244855748,-2.853147501265581
4407,training,0.0008131732465699315,0.0021953284740448,0.03558161401057539,4.484534769257227,11.952564506568741,-2.8212166601677096
4408,training,0.0007253517978824675,0.02098631113767624,0.03558161401057539,4.371969215877286,11.912356443402716,-2.7776270829953003
4409,training,0.0014203698374330997,0.022569954395294176,0.03616465140990817,4.279739656355861,11.874904117200707,-2.734179780889802
4410,training,0.0017042187973856926,0.025209009647369385,0.03616465140990817,4.207140430514897,11.842152599837418,-2.7026897865966735
4411,training,0.002017929218709469,0.016680266708135605,0.061065866473144215,4.082458980825451,11.77946388871405,-2.648683153075423
4412,training,0.0020848731510341167,0.07044044137001038,0.061065866473144215,4.012818668571564,11.74076181381362,-2.6210543857698156
4413,training,0.001259400974959135,0.012449459172785282,0.061065866473144215,3.944136852320179,11.70010246172636,-2.5920875739158324
4414,training,0.0013358002761378884,0.0052744708955288,0.04964442759857129,3.859369061501931,11.647301560733709,-2.5785259311483215
4415,training,0.000922464590985328,0.008945627138018608,0.04964442759857129,3.7753626013009787,11.593312718716483,-2.561511697739546
4416,training,0.0008019018569029868,0.007838301360607144,0.029464477228549602,3.70866406248582,11.549109691259181,-2.5513147294502976
4417,training,0.0014645667979493737,0.03891968354582787,0.029464477228549602,3.6259823493985346,11.493091819222373,-2.5418011834120144
4418,training,0.001383756985887885,0.06942951492965221,0.029464477228549602,3.544228449863729,11.435944016808895,-2.5181430975171475
4419,training,0.00095090497052297,0.10568682476878166,0.029464477228549602,3.49603049673245,11.400748012817715,-2.503320443427161
4420,training,0.0005396651104092598,0.0749301053583622,0.00790549683385131,3.4165944066039957,11.340415398218033,-2.4809171377159873
4421,training,0.0013833274133503437,0.06068113446235657,0.00790549683385131,3.3538221674471624,11.291020948672971,-2.470687755249537
4422,training,0.0008283040951937437,0.06482294201850891,0.03053105912664507,3.260871338386216,11.215617418843632,-2.448562084749164
4423,training,0.00016277801478281617,0.04145491123199463,0.03053105912664507,3.1668637550822054,11.140628370480336,-2.5041745915796656
4424,training,0.0012074055848643184,0.0084313303232193,0.03053105912664507,3.0501205560239026,11.06208286653087,-2.5949075211284875
4425,training,0.0012621027417480946,0.04318799450993538,0.04582654145214076,2.963256359318925,11.012096714970447,-2.641841875411357
4426,training,0.0009841512655839324,0.07246861234307289,0.04582654145214076,2.892490769385815,10.974717674180072,-2.669181483390264
4427,training,0.0007975789485499263,0.1656399480998516,0.04425555509008003,2.820937917274114,10.938991475893166,-2.687229111664936
4428,training,0.000733358261641115,0.13760757073760033,0.04425555509008003,2.7485833689747947,10.904571681195094,-2.707929738038998
4429,training,0.001804787665605545,0.13589154183864594,0.04425555509008003,2.6757925796389452,10.871492110961714,-2.7177477918306474
4430,training,0.0020214240066707134,0.030178554356098175,0.014693351835139727,2.58474225062993,10.830529115501374,-2.718974519071219
4431,training,0.0006866790354251862,0.01544374227523801,0.014693351835139727,2.5126754263961346,10.796722187686806,-2.6806478004152736
4432,training,0.00687949126586318,0.07182413339614865,0.014693351835139727,2.442555825743257,10.759397993455401,-2.624523802587593
4433,training,0.0041079274378716946,0.05321885645389554,0.046590620690279354,2.3915432938153844,10.728375544385482,-2.5614115415376766
4434,training,0.003647136501967907,0.008147239685058594,0.046590620690279354,2.311951882498722,10.669676005519007,-2.4528865391938206
4435,training,0.001725227339193225,0.004182472825050354,0.046590620690279354,2.2670137508004844,10.63069443816836,-2.402663567416283
4436,training,0.0009170016273856163,0.10731662809848785,0.09487096072454236,2.1968750675069875,10.560706939642731,-2.306809476395124
4437,training,0.004294067621231079,0.01345217227935791,0.09487096072454236,2.144899099808653,10.500353183134637,-2.265138647511666
4438,training,0.00035559703246690333,0.04041557013988495,0.09487096072454236,2.095648272470288,10.43788996821436,-2.2084228156794743
4439,training,0.0020848943386226892,0.004934906959533691,0.11195646770006723,2.0313324722673816,10.337945105412404,-2.0749383638985646
4440,training,0.001626165583729744,0.027646034955978394,0.11195646770006723,1.9783371822051992,10.231233562910301,-1.9919836568812523
4441,training,0.0015185957308858633,0.048709746450185776,0.07177343610582508,1.933609387101006,10.120602530898594,-1.919205743627326
4442,training,0.0011645753402262926,0.0287928134202957,0.07177343610582508,1.9021748809619299,10.026138584162625,-1.8649746376039078
4443,training,0.0015271189622581005,0.047071577049791806,0.07177343610582508,1.8805665699786174,9.949380854816667,-1.8255087544454376
4444,training,0.001703567453660071,0.02181115746498108,0.022499847887969347,1.8616403034101519,9.87179006437722,-1.7985286198499755
4445,training,0.00284831365570426,0.003780703991651542,0.022499847887969347,1.8318844278064412,9.735377803772606,-1.7759309017822154
4446,training,0.006160220596939325,0.002578057348728194,0.006434265408995584,1.8163975382910105,9.657027026592843,-1.7559303582286792
4447,training,0.0011016493663191795,0.00868041068315506,0.006434265408995584,1.7939326502769262,9.519363070657976,-1.7091853926022171
4448,training,0.0006012089434079826,0.009512048680335283,0.016356944910198186,1.7799508475830246,9.420441300072838,-1.715973876348883
4449,training,0.001719869440421462,0.059410350397229195,0.016356944910198186,1.7711989502230396,9.361125675156229,-1.7192960023618487
4450,training,0.0002828832948580384,0.027480777353048325,0.016356944910198186,1.7570845875976076,9.262370732821333,-1.7031283746604462
4451,training,0.00028290125192143023,0.02329800510779023,0.0180018975232778,1.7446503053802684,9.163416814103387,-1.6914003794272863
4452,training,0.003634357824921608,0.012447934597730633,0.0180018975232778,1.7352007415681996,9.084036257205437,-1.6881218724458227
4453,training,0.0014556339010596275,0.03452606126666069,0.0180018975232778,1.7253940048738048,9.00466131168633,-1.6995305997214967
4454,training,0.0030879569239914417,0.041824537329375744,0.02022007631498222,1.712002250282887,8.905625915628416,-1.7096779637222053
4455,training,0.00191947550047189,0.007533278316259384,0.02022007631498222,1.701096248963217,8.826473734151245,-1.7061668211321366
4456,training,0.00029638741398230195,0.025812276639044292,0.016752772641473568,1.6884124888238934,8.72749739307168,-1.6917769543347676
4457,training,0.0004969338187947869,0.008054366568103433,0.016752772641473568,1.6731091398462095,8.588644505882751,-1.6694691001855548
4458,training,0.0012417265679687262,0.0023335535079240764,0.018931611534905513,1.6614341886970594,8.469354323765696,-1.6692885015678467
4459,training,0.0008997652912512422,0.04581933096051216,0.018931611534905513,1.6511848213423204,8.369907194601785,-1.6782376144659348
4460,training,0.001987988827750087,0.010690205846913159,0.018931611534905513,1.642423091783404,8.290490819542084,-1.6808756041052548
4461,training,0.0005363177042454481,0.028551057912409302,0.007574732426352382,1.6269581023698203,8.151561012544144,-1.6829961122194437
4462,training,0.0012227741535753012,0.0006655994802713394,0.007574732426352382,1.6177186572690423,8.072061233807357,-1.6904674064556782
4463,training,0.0017700644675642252,0.022214590571820736,0.003521193110637644,1.6079585678464918,7.9927464545724245,-1.695703318995562
4464,training,0.0026281250175088644,0.011947312392294409,0.003521193110637644,1.5956513766191494,7.893640925492602,-1.6925199994744813
4465,training,0.002893033903092146,0.0588084552437067,0.012095610392376506,1.5816084532489874,7.774663028513692,-1.6842238402833867
4466,training,0.0016440895851701498,0.06345214229077101,0.012095610392376506,1.5723620547878951,7.6951469158540915,-1.6938632004971284
4467,training,0.0007661468698643148,0.01664891466498375,0.012095610392376506,1.55959941603395,7.596022795170764,-1.7033101638910704
4468,training,0.001481006620451808,0.04928242973983288,0.003254204284069589,1.546845242474396,7.4970308714591045,-1.693686560141554
4469,training,0.0009276707423850894,0.06734084337949753,0.003254204284069589,1.535131703653544,7.397909970182978,-1.6857782390201828
4470,training,0.0017928750021383166,0.09471109509468079,0.003254204284069589,1.5256869940540037,7.318616033231653,-1.6964334792036364
4471,training,0.0009635603637434542,0.016791857779026045,0.00820153015812592,1.5121726030187437,7.219496304003949,-1.717093721139806
4472,training,0.0033592318650335073,0.022156294435262687,0.00820153015812592,1.495611311152057,7.1007385149332,-1.6912223157452386
4473,training,0.0014424449764192104,0.0380740575492382,0.013220935751568137,1.4851027563485422,7.001636261624135,-1.6640996542440456
4474,training,0.0076355235651135445,0.036428358405828476,0.013220935751568137,1.4784229210764968,6.9221444841450595,-1.6457963730688439
4475,training,0.0028589111752808094,0.07195806130766869,0.013220935751568137,1.4730549487214892,6.842395480421202,-1.629583324584693
4476,training,0.0009748898446559906,0.019390990026295185,0.012381566594632607,1.4689243579686404,6.76269126146443,-1.6155090626837878
4477,training,0.0008798229391686618,0.017875968478620052,0.012381566594632607,1.4659302643089922,6.683015371060677,-1.6028401203642608
4478,training,0.0029145372100174427,0.04037900501862168,0.012381566594632607,1.4633185849372576,6.583210889089503,-1.5926718908767405
4479,training,0.0010142386890947819,0.05537031777203083,0.02607889003469659,1.4617332821769193,6.5033261485351375,-1.5895469072683812
4480,training,0.0003757649101316929,0.04008493199944496,0.02607889003469659,1.4600377708744252,6.4034333854139565,-1.5862221994415804
4481,training,0.0008085939334705472,0.01242075301706791,0.03267514675222153,1.459039399676294,6.3234003630182976,-1.579876813210401
4482,training,0.0008255501743406057,0.021388154476881027,0.03267514675222153,1.4583947046029082,6.243474906726053,-1.5790330482853847
4483,training,0.0016086697578430176,0.01798141375184059,0.03267514675222153,1.457746371079808,6.163644941407838,-1.5795369899021023
4484,training,0.0009866446489468217,0.0033805817365646362,0.028351471497523602,1.4570557498450167,6.083738528714644,-1.5799155107190772
4485,training,0.0004994235932826996,0.01240490423515439,0.028351471497523602,1.45632281961495,6.003735592065544,-1.580292403452501
4486,training,0.0004263234732206911,0.017081400379538536,0.028351471497523602,1.4551004354036747,5.883880007044484,-1.5822115669265615
4487,training,0.0006880657747387886,0.02960866317152977,0.02650806625603698,1.4541705030014047,5.803822665286521,-1.5824563531115121
4488,training,0.0007301145233213902,0.02241152711212635,0.02650806625603698,1.452263415668056,5.7038169783539425,-1.5989747914652517
4489,training,0.0020573248621076345,0.008434983436018229,0.025630970638462435,1.4486559014426161,5.603821981674373,-1.6140128616470493
4490,training,0.005453917663544416,0.02090875804424286,0.025630970638462435,1.4450711210183103,5.524023092180776,-1.6173246511321566
4491,training,0.0015848000766709447,0.025568867567926645,0.025630970638462435,1.4413665234242297,5.444293661431031,-1.6180461423678785
4492,training,0.0005426108255051076,0.020061632618308067,0.030050018738801462,1.436734608822376,5.344535324169747,-1.6168152748715239
4493,training,0.001635645516216755,0.00038984138518571854,0.030050018738801462,1.430669900988352,5.204707116048003,-1.6116187858150839
4494,training,0.0001712436496745795,0.019094657618552446,0.022632981744956072,1.4276301087683463,5.124970187793943,-1.6067248632373372
4495,training,0.001527457614429295,0.029696806333959103,0.022632981744956072,1.4235192814355977,5.005082747901707,-1.6047670707390698
4496,training,0.0009403498843312263,0.006116344127804041,0.022632981744956072,1.4209478958309212,4.925316373139982,-1.601971505409286
4497,training,0.0009055336704477668,0.015137778595089912,0.01740337560119744,1.417255896439351,4.805410743840709,-1.6027442074494462
4498,training,0.00041843316284939647,0.050724821630865335,0.01740337560119744,1.4147169130118622,4.72560761971818,-1.6032287051210563
4499,training,0.0011596947442740202,0.017754193395376205,0.018469482230056927,1.4115727528988933,4.625765228278198,-1.6015402356505615
4500,training,0.0004324312903918326,0.11886366829276085,0.018469482230056927,1.4092673043816235,4.545854692933935,-1.5978251251169977
4501,training,0.00032491947058588266,0.03131169266998768,0.018469482230056927,1.4061815261747435,4.44590379844083,-1.609095510808993
4502,training,0.0012973288539797068,0.02733887918293476,0.011372919063597239,1.4036954886804425,4.385912041295266,-1.6149374914988037
4503,training,0.0017106328159570694,0.0015166797675192365,0.011372919063597239,1.3990073351748837,4.28611634622041,-1.620988714695033
4504,training,0.004463800694793463,0.019940266385674477,0.010892605762307708,1.393869707432765,4.186361939810761,-1.6241636485401711
4505,training,0.002959903795272112,0.020355967804789543,0.010892605762307708,1.3874265871334521,4.066599982493672,-1.6253331299539509
4506,training,0.0012163757346570492,0.022322790697216988,0.013387363444567535,1.381091758341155,3.94694605310949,-1.6211083921415934
4507,training,0.002150102285668254,0.006802615709602833,0.013387363444567535,1.375553513097491,3.827372441378645,-1.612295062902617
4508,training,0.0013066818937659264,0.02353956177830696,0.013387363444567535,1.3723388523225726,3.7474048602453722,-1.610848939544148
4509,training,0.001354524283669889,0.014762666076421734,0.04841372593397646,1.3699427380926956,3.687671237044328,-1.6115699641957872
4510,training,0.003675849875435233,0.07802401669323444,0.04841372593397646,1.3654558533785293,3.587816794097088,-1.6227569507267825
4511,training,0.0028141867369413376,0.042958082631230354,0.04841372593397646,1.3609435775249976,3.5079609461419827,-1.6319976888836478
4512,training,0.0005627375212498009,0.030873965471982956,0.02349135192701846,1.3545083003800367,3.4082484699655664,-1.6378173059741539
4513,training,0.0006623552180826664,0.01782277412712574,0.02349135192701846,1.348073279105804,3.2887674281876604,-1.6085867501995659
4514,training,0.0007287270855158567,0.038510262966156006,0.010319471613835587,1.3457056023806764,3.2088825577597775,-1.5932354293457804
4515,training,0.00027317414060235023,0.007513245567679405,0.010319471613835587,1.3445074186537747,3.109041527477047,-1.5713215010055746
4516,training,0.00044665325549431145,0.0013984367251396249,0.005008648563224905,1.3455243608934806,2.9892595925852907,-1.5553085998771732
4517,training,0.0007206267328001559,0.011306630447506905,0.005008648563224905,1.347965822669042,2.889410809429719,-1.5359416590850734
4518,training,0.0004934186581522226,0.024468520656228065,0.005008648563224905,1.3521963055736848,2.7896078805936,-1.5210765174454124
4519,training,0.001585162477567792,0.028423431678675115,0.010771464965541894,1.3577619666431244,2.6898495475672277,-1.5091095218289814
4520,training,0.0014590437058359385,0.010704508051276207,0.010771464965541894,1.3640876534436444,2.59007595744565,-1.5076100092327762
4521,training,0.002393018454313278,0.03636631416156888,0.0011236438572206308,1.3693773061937338,2.5102420742130653,-1.5003534341717115
4522,training,0.0045868889428675175,0.049971928820014,0.0011236438572206308,1.3765946093297126,2.410596033433621,-1.4991971058224327
4523,training,0.0007564977277070284,0.06560780759900808,0.0011236438572206308,1.3821706126930806,2.3309042751097464,-1.5030266814420792
4524,training,0.0012999954633414745,0.10211322270333767,0.010813188134963321,1.3890763070794336,2.231212014735456,-1.497934133447544
4525,training,0.0017905783606693149,0.11162813752889633,0.010813188134963321,1.3950695317560413,2.1515275482110705,-1.4937703302380454
4526,training,0.000838726235087961,0.11816757638007402,0.010813188134963321,1.4013096530720093,2.071743707970817,-1.492560739746196
4527,training,0.0012636090395972133,0.037366002798080444,0.005542851172832232,1.4075048062248843,1.991904317163606,-1.4951400577356322
4528,training,0.0015954148257151246,0.00235014408826828,0.005542851172832232,1.4136804496015443,1.912310827728194,-1.4899621604727444
4529,training,0.002649613656103611,0.004456698894500732,0.005542851172832232,1.4209466936806363,1.832996840089365,-1.4645571900426655
4530,training,0.0019169584847986698,0.041185617446899414,0.008486868931779358,1.437058934037783,1.7145820100106737,-1.4041145074814492
4531,training,0.0018901838921010494,0.0100688636302948,0.008486868931779358,1.4565176589829572,1.617096618329483,-1.3404113169924907
4532,training,0.0014772936701774597,0.03549976646900177,0.022474525915753624,1.4766713159680014,1.540062352857707,-1.2897947508734504
4533,training,0.004879247397184372,0.017543569207191467,0.022474525915753624,1.5009711091935882,1.464505073325916,-1.2291258014775692
4534,training,0.003851837245747447,0.042742595076560946,0.022474525915753624,1.5462527297070274,1.3541716972639104,-1.1329212819056174
4535,training,0.004816958215087652,0.20245708152651784,0.041214269258774514,1.591970070209166,1.2660936308827189,-1.0495519390440053
4536,training,0.0028523756191134453,0.11122529208660126,0.041214269258774514,1.6230042758336791,1.2155101434570548,-0.9852209370040086
4537,training,0.0024805087596178055,0.1294265240430832,0.14333749278578586,1.7091943998927737,1.1073784314031871,-0.8099321084606221
4538,training,0.002954435534775257,0.08428534865379333,0.13940477181340458,1.797289288851461,1.0281730384619732,-0.6548386817269333
4539,training,0.002006364054977894,0.09547594934701922,0.13940477181340458,1.8790203912944738,0.9721582739293992,-0.5542068841514087
4540,training,0.0011016095522791147,0.001634545624256148,0.13293746629700576,1.9655951563063379,0.9237647235850588,-0.46674977370616627
4541,training,0.0016468256944790483,0.06980717182159421,0.13293746629700576,2.055910638364716,0.881983858459057,-0.4039686545873053
4542,training,0.0015632425202056766,0.040369920432567596,0.10554294458655489,2.1485366856964325,0.8459499273833627,-0.3359226110792267
4543,training,0.0035002208314836025,0.0032888278365135193,0.10554294458655489,2.2242412653400248,0.8216975022720282,-0.2833035651727184
4544,training,0.0011298507452011108,0.001972496509551988,0.10554294458655489,2.320603448571005,0.7967925572850413,-0.22429280972500343
4545,training,0.001009354367852211,0.057012880221009254,0.07197099072160325,2.3985472725051302,0.7807566148823888,-0.18313907493752304
4546,training,0.0012354664504528046,0.0863086711615324,0.07197099072160325,2.4770431801285104,0.7672547585273332,-0.16472849518323668
4547,training,0.003877451177686453,0.0069277510046958785,0.07197099072160325,2.575629012210793,0.7512920487641399,-0.15767105966884792
4548,training,0.003987744450569153,0.024642333388328545,0.04717118203592341,2.674321381656593,0.7375644087023874,-0.1171873392065816
4549,training,0.002923076506704092,0.008372250944375999,0.04717118203592341,2.7934851544579584,0.7258693005228567,-0.08045179800350276
4550,training,0.004340834449976683,0.026561018079519272,0.029470462216091224,2.893052785085681,0.7190828468922353,-0.05572453064207525
4551,training,0.0013069245032966137,0.024244590662419796,0.029470462216091224,2.99285588637643,0.7135528144640462,-0.05727228805792173
4552,training,0.002626582747325301,0.006436110008507967,0.02195540326474414,3.1126581385680367,0.706264892053114,-0.06487060500191875
4553,training,0.0011646740604192019,0.00023015355691313744,0.02195540326474414,3.2324371114731325,0.6982370301150032,-0.06822753884203965
4554,training,0.0010114222532138228,0.004362411797046661,0.02195540326474414,3.3120913002248007,0.6928198259213295,-0.06700951682662797
4555,training,0.00136774149723351,0.019444707781076435,0.006530517194812916,3.411795172690773,0.6863811907325174,-0.06113034815131298
4556,training,0.0011365556856617332,0.011863618157804016,0.006530517194812916,3.531534940158958,0.6797732914186166,-0.04794180948399135
4557,training,0.0005098842666484416,0.003972025588154793,0.007429862216351114,3.6513894975823287,0.6746718766144469,-0.037317044068309276
4558,training,0.0004212984349578619,0.007037582341581582,0.007429862216351114,3.771183308220175,0.6705114784849215,-0.03343529699008264
4559,training,0.0002573209349066019,0.01878437213599682,0.009944129484260262,3.8710507163475523,0.6673598911365832,-0.030644418650734064
4560,training,9.037565905600786e-05,0.015294086188077928,0.009944129484260262,3.950942574221653,0.6651262064057276,-0.024783689367331198
4561,training,0.0008162128506228328,0.004935275763273239,0.009944129484260262,4.0307639758935245,0.6632762093824408,-0.02151323057019629
4562,training,0.0009528984664939344,0.008881220594048502,0.010379537026428503,4.130620880482093,0.6614654048205146,-0.013691137815730753
4563,training,0.00047513097524642944,0.015343834238592535,0.010379537026428503,4.210548858325803,0.6606066249740397,-0.008762224109790356
4564,training,0.0004045700188726187,0.009020399738801643,0.012812387114594582,4.31050776719623,0.6598027821850623,-0.009096527007185575
4565,training,0.00039161310996860266,0.0023262780159711838,0.012812387114594582,4.430406837731575,0.6587271848791756,-0.009637697540747342
4566,training,0.0008031309116631746,0.0019836127758026123,0.012812387114594582,4.510429256026569,0.6579674172298925,-0.010554893975120161
4567,training,0.0014259698800742626,0.0055557731539011,0.022701985367512847,4.590382829962577,0.6571711168840807,-0.01049341617987918
4568,training,0.0006703702383674681,0.003908288199454545,0.022701985367512847,4.670300154583063,0.6564478644547818,-0.006868984661527039
4569,training,0.0005350106512196362,0.007828102330677211,0.01704130696873735,4.770220693893574,0.6558534380862322,-0.004706173082165253
4570,training,0.0002567727642599493,0.02842761017382145,0.01704130696873735,4.870173171294595,0.6553705718446807,-0.004822095312721747
4571,training,0.0007492805598303676,0.018711017444729805,0.022269029802810193,4.970122841491999,0.6548464709408879,-0.005305224483276923
4572,training,0.000668310618493706,0.03725785203278065,0.022269029802810193,5.070069759809408,0.6542798745416261,-0.005805352770497465
4573,training,0.0004891204880550504,0.00778542272746563,0.022269029802810193,5.149982112022284,0.6539306103050672,-0.0027826345478368145
4574,training,0.00015095676644705236,0.014998486265540123,0.028590381689587736,5.2499344009860955,0.6537678380489929,-0.0019509658685050084
4575,training,0.00026765395887196064,0.02037845179438591,0.028590381689587736,5.329967845100947,0.6536483782867729,-0.002112383393969712
4576,training,0.0010409170063212514,0.011396410875022411,0.02171692446665725,5.429918197538285,0.6535003259762067,-0.0019903652695866985
4577,training,0.0009976988658308983,0.001136966049671173,0.02171692446665725,5.549812660878593,0.653320806048096,-0.0020022098375791463
4578,training,0.0006560183828696609,0.009308019652962685,0.032947251468487544,5.669702294005509,0.65314701779214,-0.0016957173166381992
4579,training,0.002224000170826912,0.018842358142137527,0.032947251468487544,5.76965965533819,0.6530111071225303,-0.0017129900066349037
4580,training,0.0022237959783524275,0.006233878433704376,0.03775237546576675,5.889576090939216,0.6528523780326801,-0.001357845689721247
4581,training,0.0014142226427793503,0.002711677923798561,0.03775237546576675,5.969577955764664,0.6527560268802866,-0.001707780669661544
4582,training,0.0014141908613964915,0.008955064229667187,0.03696736092875932,6.069536679820323,0.6526376322990158,-0.0016615463204518808
4583,training,0.0024621225893497467,0.01826247200369835,0.03696736092875932,6.169507853154248,0.6525268527008656,-0.0016778527675475404
4584,training,0.0022048584651201963,0.0032657161355018616,0.038202286277927724,6.2893920307148035,0.6523997524712579,-0.0013105873630198253
4585,training,0.0029183942824602127,0.028748683631420135,0.038202286277927724,6.349448213057579,0.6523513848477154,-0.0009634456399368313
4586,training,0.0010170525638386607,0.020914293825626373,0.044156731091953824,6.429346476748096,0.6522748720882227,-0.0006489980533002018
4587,training,0.002120902296155691,0.02409064769744873,0.044156731091953824,6.52928718495909,0.6521955161341402,-0.0005766620567809175
4588,training,0.0020291332621127367,0.012992696836590767,0.044156731091953824,6.609221441313267,0.6521383361195507,-0.0008137682322753978
4589,training,0.0009147025411948562,0.0264640711247921,0.0429660793442923,6.709179640923442,0.6520813763691521,-0.0007488323622371355
4590,training,0.002245384268462658,0.03140272991731763,0.0429660793442923,6.789221821077401,0.6520505910237093,-0.0010219236846791503
4591,training,0.00079578987788409,0.03628627210855484,0.0429660793442923,6.8891997411336074,0.6519993349783799,-0.0012494228550291866
4592,training,0.000755238113924861,0.022157076746225357,0.046870437261337085,6.969168102540867,0.6519574538716512,-0.000478068973572788
4593,training,0.0009117782465182245,0.0015476197004318237,0.046870437261337085,7.06911375290755,0.6519093119305952,-0.000269481172641174
4594,training,0.0012373891659080982,0.002247108146548271,0.045752992761411496,7.149001948563464,0.6518747324546811,-0.00017574265706265152
4595,training,0.0004846568335779011,0.00966092199087143,0.045752992761411496,7.268998537575695,0.6518522241524447,5.1894507434507846e-05
4596,training,0.001266776816919446,0.012054599821567535,0.03524525102164061,7.34889853163754,0.6518434867129836,3.736503433871701e-05
4597,training,0.0011857483768835664,0.008003538474440575,0.03524525102164061,7.428877180776441,0.6518499342642089,-0.00018145511047594856
4598,training,0.0004701664438471198,0.006364321336150169,0.03524525102164061,7.548807660127386,0.6518785934244189,0.00029033587482737137
4599,training,0.00047421851195394993,0.003900909796357155,0.022999631581873087,7.628816782777276,0.6519162151914822,8.163439192158267e-05
4600,training,0.0007020016200840473,0.0336750578135252,0.022999631581873087,7.708860197508563,0.6519677035819025,0.0002339597971641893
4601,training,0.0004360888560768217,0.05394580960273743,0.018618503329317332,7.848625239015259,0.6504976759311641,-0.024103369146848432
4602,training,0.0007859956240281463,0.02027085144072771,0.018618503329317332,7.948474702458265,0.6486655016414026,-0.012416374405521065
4603,training,0.0009335048962384462,0.04722380451858044,0.018618503329317332,8.028401014953754,0.6481416970697413,-0.0017676389114188982
4604,training,0.0005050492472946644,0.025777561590075493,0.021639795572583834,8.148331968963472,0.6469460900478148,-0.021875949041133193
4605,training,0.0007674005464650691,0.034096477553248405,0.025320145957500328,8.268262500402146,0.643390690044554,-0.036855481413734015
4606,training,0.0024162752088159323,0.03090619808062911,0.025320145957500328,8.348256637052845,0.6401879726395181,-0.04358412832590674
4607,training,0.0009904465405270457,0.025518799666315317,0.025320145957500328,8.468046509466706,0.6347246367565298,-0.047532700216499586
4608,training,0.0013735952088609338,0.022350968793034554,0.035962019525940546,8.587848296980079,0.6290324564411576,-0.04713440132642198
4609,training,0.0015909168869256973,0.032378995791077614,0.035962019525940546,8.68766962057789,0.6245490615966567,-0.04203977461798533
4610,training,0.0003619742055889219,0.01853196881711483,0.04556230831741445,8.787486407817832,0.620829295409271,-0.0318658702087291
4611,training,0.0019364843610674143,0.02078322507441044,0.04556230831741445,8.907332252321355,0.6175826820813363,-0.022480057892176667
4612,training,0.0025194284971803427,0.017096498981118202,0.033288651567613806,8.987218023570872,0.6159465440917192,-0.018882512422801624
4613,training,0.0035721920430660248,0.02467094361782074,0.033288651567613806,9.067183937511162,0.6146660004601018,-0.014070803448869516
4614,training,0.003920267336070538,0.023123179096728563,0.033288651567613806,9.167103278309474,0.6134980425849722,-0.012376473498678866
4615,training,0.0024306392297148705,0.033354975283145905,0.026867368350534607,9.267051596923103,0.6122527287864593,-0.014020494162999027
4616,training,0.000989916967228055,0.03175336495041847,0.026867368350534607,9.366979188280915,0.6108712118309997,-0.014751490070579675
4617,training,0.0007285852334462106,0.036610405892133706,0.04588657413046266,9.486863840106729,0.6091169351183598,-0.01575358907975702
4618,training,0.002457771450281143,0.01507249288260936,0.04588657413046266,9.606509086070986,0.6091609584234104,0.018093662473149762
4619,training,0.00039163618930615485,0.06279670167714359,0.04588657413046266,9.686421641206275,0.6112446426737234,0.031884244897399557
4620,training,0.00022512261057272553,0.04308444634079933,0.02072049557485536,9.766100677594396,0.6147783348858213,0.05717582800989954
4621,training,0.001095253974199295,0.02596108242869377,0.02072049557485536,9.845746223165094,0.6198829846272738,0.07048518261842561
4622,training,0.0009866890031844378,0.04045758582651615,0.020660421806260244,9.945379442470047,0.6270336399129104,0.07061964291793611
4623,training,0.0016801210585981607,0.031119776889681816,0.020660421806260244,10.025116636322627,0.6325079401203862,0.06674865048348305
4624,training,0.001213874202221632,0.007549557834863663,0.020660421806260244,10.1248808521802,0.6387989713426834,0.0581079562263129
4625,training,0.00045853486517444253,0.00815449096262455,0.017511865331559337,10.224759690604937,0.6439195764168969,0.043326474283762066
4626,training,0.0011600418947637081,0.001095592975616455,0.017511865331559337,10.324656720395165,0.647809130267304,0.03552064243579038
4627,training,0.00022991467267274857,0.011443741619586948,0.01673099618877882,10.404653584617229,0.6505465644118865,0.03165073596371654
4628,training,0.0003383990260772407,0.009928317740559578,0.01673099618877882,10.52449081709254,0.6537920551939472,0.02097655651406345
4629,training,0.0009647095575928688,0.004721380188129842,0.014570643078726893,10.624488969906277,0.655473631162629,0.011593827177987685
4630,training,0.0006568580865859985,0.0039029568433761597,0.014570643078726893,10.7044672945528,0.6563556204619911,0.010473917458425266
4631,training,0.0003991349949501455,0.004572800360620021,0.014570643078726893,10.824390590545358,0.6573919322108449,0.005070755441779152
4632,training,0.000718900584615767,0.01522667333483696,0.016698291897622092,10.904350761838899,0.6577470034272865,0.0031526279571076382
4633,training,0.000526043470017612,0.004648520145565271,0.016698291897622092,10.984239631105075,0.657951649145444,0.0028974446388621306
4634,training,0.0003195969620719552,0.0018992293626070023,0.02727329539105251,11.104247554622784,0.6581973633257404,0.0011203848199965718
4635,training,0.0007226564921438694,0.009220268111675978,0.02727329539105251,11.184142622471727,0.6582494671520119,0.0008063212614032216
4636,training,0.001152614364400506,0.0092510050162673,0.02727329539105251,11.304159098255445,0.6582426531551259,-0.001023342180598796
4637,training,0.001051407540217042,0.007660534232854843,0.03757885608581783,11.364090547536222,0.6581562141356039,-0.001715119876232041
4638,training,0.0030635385774075985,0.01215285062789917,0.03757885608581783,11.444138304231146,0.6580495300504665,-0.001943104567776821
4639,training,0.0011096626985818148,0.008586341515183449,0.03757885608581783,11.524096960403115,0.6579508418048702,-0.0011660860442538716
4640,training,0.00027554811094887555,0.0020413491874933243,0.03324015878206184,11.663975420867121,0.6577765006422753,-0.0016263157582722416
4641,training,4.9934118578676134e-05,0.010471101850271225,0.03324015878206184,11.744004536412955,0.657691836676633,-0.0014247851011102808
4642,training,0.0012191447895020247,0.01805526576936245,0.0356645870312893,11.843953469458587,0.6575876505473736,-0.001205739511529667
4643,training,0.00045926045277155936,0.016693799290806055,0.0356645870312893,11.923858666020543,0.6575080832286552,-0.0007208763596888297
4644,training,0.0005098797264508903,0.0252097025513649,0.0356645870312893,12.023804813982089,0.6573451927793541,-0.002597856760498647
4645,training,0.0006224789540283382,0.014045720919966698,0.04072537753521193,12.123748359894908,0.6570371583277695,-0.002975531148681766
4646,training,0.0006183669320307672,0.005886943079531193,0.04072537753521193,12.203678834393939,0.6567770004555618,-0.003466742340965238
4647,training,0.0006339328829199076,0.009020519442856312,0.03384236832218268,12.303636632657819,0.6564398250712608,-0.003722451240207161
4648,training,0.0009131404221989214,0.002111446112394333,0.03384236832218268,12.40359822688936,0.6560829106455879,-0.004009793650530082
4649,training,0.0006359396502375603,0.009527357295155525,0.02464125200275685,12.503563078936576,0.6557035551737139,-0.004330103016320572
4650,training,0.0004469432751648128,0.02794497273862362,0.02464125200275685,12.603532125774253,0.6552982452256669,-0.004690606800528132
4651,training,0.00069273984991014,0.026476657018065453,0.013929809262185358,12.723453287686887,0.6547668429894743,-0.004780297801247906
4652,training,0.00048566609621047974,0.0235154926776886,0.013929809262185358,12.843425655033906,0.6541879709984758,-0.004959172311791576
4653,training,0.0004969992442056537,0.0024335170164704323,0.013929809262185358,12.923319780613957,0.6538473891043654,-0.0027924498548249363
4654,training,0.00025040097534656525,0.0390990674495697,0.018497234837735715,13.023274414353386,0.653708420713668,-0.0015242642324973673
4655,training,0.0003033353132195771,0.0264397244900465,0.018497234837735715,13.103323784425566,0.6536162628635255,-0.00176278522601199
4656,training,0.0005620687734335661,0.03363971412181854,0.022792273211398983,13.223200560158645,0.653486631283412,-0.001466081030148287
4657,training,0.000504208030179143,0.009613226167857647,0.022792273211398983,13.283228365919744,0.6534295713213925,-0.0008440682740594857
4658,training,0.0006999884499236941,0.028055671602487564,0.022792273211398983,13.383169100641197,0.6533365311096073,-0.0007202634741222442
4659,training,0.0006841133581474423,0.00896471831947565,0.02409239666425368,13.503148078672384,0.6532437636980714,-0.0009657682580535498
4660,training,0.00044942222302779555,0.007101177703589201,0.02409239666425368,13.58305442636622,0.6531863574628878,-0.000447515469374976
4661,training,0.000542694004252553,0.025916671380400658,0.02524482000386628,13.662956276463007,0.6530824778994998,-0.00225510922395709
4662,training,0.00040525119402445853,0.015938522294163704,0.02524482000386628,13.742958464232963,0.6528635192812623,-0.0033617286289671475
4663,training,0.0002728694526012987,0.0048310537822544575,0.02524482000386628,13.842922326211319,0.652567242276489,-0.003558548327948388
4664,training,0.0015671197324991226,0.009016062133014202,0.025951506654230922,13.922928311233477,0.6523475400024078,-0.0029570752882301177
4665,training,0.00035875270259566605,0.002690345048904419,0.025951506654230922,14.022894529172154,0.6520918023268696,-0.0029196148927094294
4666,training,0.00046594077139161527,0.02097770944237709,0.025951506654230922,14.12283840721673,0.6518267351789648,-0.0029029701732105353
4667,training,0.00032975361682474613,0.0034438464790582657,0.013938761207899737,14.222763212276279,0.6517346427397813,0.0011922259660762109
4668,training,0.00017453500186093152,0.007926421239972115,0.013938761207899737,14.302645694008557,0.651861343912545,0.0018831064531324175
4669,training,0.0004158111405558884,0.0323579516261816,0.009525332023753687,14.382570591489078,0.6520042736337106,0.0018068294528440412
4670,training,0.00029503766563721,0.0014538145624101162,0.009525332023753687,14.462498704755886,0.6524792834233185,0.01014846040114657
4671,training,0.0002677790471352637,0.011656639631837606,0.008098715789818828,14.562453483476352,0.6536419697825812,0.01009858364468586
4672,training,0.0003317400405649096,0.009201797656714916,0.008098715789818828,14.662411986295293,0.6546370543113563,0.008608334581973296
4673,training,0.0008058464154601097,0.014774544164538383,0.008098715789818828,14.762356666507811,0.6554978357138279,0.0071376906306544665
4674,training,0.0005040495889261365,0.015378046780824661,0.01139810351410727,14.86228124062834,0.6562877812352408,0.007492939832167839
4675,training,0.0003518877492751926,0.005658822134137152,0.01139810351410727,14.942205090416762,0.6569581396537911,0.008734151769642064
4676,training,0.00019210009486414492,0.0006318115338217467,0.010405147788171927,15.062177993499144,0.6578065142079054,0.004411553820993011
4677,training,0.0005064809811301529,0.025865904986858368,0.010405147788171927,15.16214166007269,0.6582582411490103,0.004464496423803126
4678,training,0.0011174095561727881,0.0328578376211226,0.010731383101474692,15.262020129351507,0.6589741129714106,0.010788830767777754
4679,training,0.0006628928240388632,0.008391911163926126,0.010731383101474692,15.361908569961574,0.660095680631548,0.009892017021107815
4680,training,0.0005136083345860243,0.014920769724994898,0.010731383101474692,15.48187663494723,0.6609046031356874,0.002927002361468934
4681,training,0.0005226276116445661,0.023030527867376804,0.004402163387464143,15.561823342671278,0.6611093762198574,0.0019853777999250585
4682,training,0.00166421034373343,0.021457353606820107,0.004402163387464143,15.641706080547047,0.6611466564988395,-0.0009930572930035087
4683,training,0.002997542964294553,0.02376748388633132,0.007421498410636814,15.72166730277161,0.6609940131699744,-0.002289920206246708
4684,training,0.0026891997549682856,0.013384416699409485,0.007421498410636814,15.821646471321346,0.6607272765427986,-0.003977574786583653
4685,training,0.0007906971150077879,0.005829659756273032,0.007421498410636814,15.92161987038293,0.6603190060920993,-0.0046805270769047416
4686,training,0.0005200234591029584,0.0038576978258788586,0.0049932543410923435,16.001692613195143,0.6599305482929088,-0.006366804249249015
4687,training,0.0005579314893111587,0.01492532342672348,0.0049932543410923435,16.101635031890282,0.6592618220224318,-0.008091225939723803
4688,training,0.0008596219122409821,0.012890428304672241,0.010273680420162254,16.201594467115083,0.6584646467462532,-0.008644443011288213
4689,training,0.0007320718723349273,0.004549995996057987,0.010273680420162254,16.321524798189806,0.6574358621203951,-0.009571138634006932
4690,training,0.0016307116020470858,0.0022115614265203476,0.023377261105285395,16.401490818098203,0.6567133869408447,-0.009463985569916067
4691,training,0.00025231976178474724,0.011780747212469578,0.023377261105285395,16.501415891365394,0.6559677456807824,-0.0052824997638525025
4692,training,0.0005940419505350292,0.02746611461043358,0.023377261105285395,16.58132837472319,0.6555252068162986,-0.005387715725429477
4693,training,0.0010838023154065013,0.06297184899449348,0.022097596233588184,16.68127952896411,0.6549416763777344,-0.005882214185271177
4694,training,0.0014985273592174053,0.04629106633365154,0.022097596233588184,16.78130483600747,0.6537941567178249,-0.020062866647583652
4695,training,0.0007960551884025335,0.01441233092918992,0.02759402293970836,16.86134678853788,0.6516868811615252,-0.03207007570595331
4696,training,0.0006179646588861942,0.04815828613936901,0.02759402293970836,16.941361692871777,0.6489494133937371,-0.03608547359714304
4697,training,0.0012571534607559443,0.011877899058163166,0.02759402293970836,17.04116438668937,0.6460792990358677,-0.01805789359146746
4698,training,0.0009416136890649796,0.038743289187550545,0.03577419652585518,17.121103527808895,0.6446836967560166,-0.019960495134826693
4699,training,0.0011244204360991716,0.03985906206071377,0.03577419652585518,17.20084771844959,0.6435419801879192,-0.005118161301248163
4700,training,0.0009433274390175939,0.002601653803139924,0.028955925529354134,17.3006270596573,0.64401038312156,0.015034571851254381
4701,training,0.0005537484539672732,0.0034200293011963367,0.028955925529354134,17.380498868812957,0.6455531774986413,0.020805759314781857
4702,training,0.0007165616843849421,0.004948070738464594,0.028955925529354134,17.500379769834318,0.6480551268392686,0.02032312578348169
4703,training,0.0007740454166196287,0.011665904894471169,0.02113372046568285,17.600295317696133,0.6499627526239927,0.017664187113027332
4704,training,0.000460293231299147,0.021177134476602077,0.02113372046568285,17.700229920308782,0.6515175836848546,0.013135147011656408
4705,training,0.0007178201922215521,0.01993437483906746,0.019498710084320116,17.78023195378497,0.6524250554653837,0.009155062667736134
4706,training,0.0006141476333141327,0.029485716979252174,0.019498710084320116,17.86029590195131,0.6530660658377943,0.00587831269956831
4707,training,0.001441948115825653,0.02784551039803773,0.02295379077884168,17.98018320304438,0.6537585573815844,0.005392272568409633
4708,training,0.0005757415783591568,0.016732229385524988,0.02295379077884168,18.120019894944864,0.6545985765436373,0.006159082950221365
4709,training,0.008626644499599934,0.009346882812678814,0.020803323271975423,18.219960962318815,0.6551275141279588,0.00439539832913478
4710,training,0.0014114370569586754,0.0047579118981957436,0.020803323271975423,18.31990798817109,0.6555736337758401,0.004604076151325689
4711,training,0.0010873685823753476,0.012252350803464651,0.020056298392317463,18.39992248627634,0.6558946842148938,0.002873492184975416
4712,training,0.0009178985492326319,0.022142304806038737,0.020056298392317463,18.479974206480435,0.6561156422321749,0.0018064901163230272
4713,training,0.0008522490388713777,0.016978607047349215,0.020056298392317463,18.57992866384672,0.6562704534372922,0.0008217253650224242
4714,training,0.0016881499905139208,0.00445735827088356,0.00771319398938568,18.67989117948869,0.6563276195447316,0.00023873532982355802
4715,training,0.0008679495076648891,0.015113858506083488,0.00771319398938568,18.819748259122147,0.6563549950144777,-1.3616635867191803e-05
4716,training,0.001704337541013956,0.016399403102695942,0.00434505219807178,18.899808007912846,0.6563922100578865,3.968468373875591e-05
4717,training,0.0064494130201637745,0.007100261747837074,0.00434505219807178,18.999804189724575,0.6562069219616378,-0.005535647683674075
4718,training,0.001107427990064025,0.006029887124896046,0.009558109285279557,19.09989518496293,0.6547668028383807,-0.02377262202050263
4719,training,0.0010819663293659687,0.0006511183455586451,0.009558109285279557,19.199882118933168,0.6516997739083793,-0.03791052141823054
4720,training,0.0008342830697074533,0.013423990458250046,0.009558109285279557,19.279723443632033,0.6483614983014406,-0.043912641269996194
4721,training,0.0026806837413460016,0.025255947839468718,0.008987790255609814,19.379550668730342,0.6438380791058953,-0.04555274055453038
4722,training,0.0006868754862807691,0.018356015207245946,0.008987790255609814,19.47939914251628,0.6391329401254011,-0.048892246070512034
4723,training,0.00018339080270379782,0.03863145783543587,0.011142344566376909,19.559251263806676,0.6351829912217843,-0.04931221008985048
4724,training,0.0006714070332236588,0.0036110389046370983,0.011142344566376909,19.659069523493475,0.6304691347080025,-0.04456475957222346
4725,training,0.0004970638547092676,0.0010059913620352762,0.011142344566376909,19.739027209276486,0.6270394751963706,-0.042334966510566084
4726,training,0.0008075027726590633,0.005836588330566883,0.02723323922648597,19.818963159110886,0.6238210083284835,-0.03859099802491663
4727,training,0.0008879089145921171,0.02490177471190691,0.02723323922648597,19.898752731547173,0.6209477276592903,-0.03231355617327226
4728,training,0.0006300628883764148,0.003066746983677149,0.02723323922648597,19.998625060194907,0.6180299654671584,-0.02617789304537339
4729,training,0.001386574120260775,0.010505189304240048,0.03515212301787978,20.118567459928947,0.6150699271588884,-0.022946532687097346
4730,training,0.0006220909999683499,0.03966488316655159,0.03515212301787978,20.198416885858567,0.6132200312927651,-0.02325055907837583
4731,training,0.0002040573745034635,0.04474597657099366,0.044036114378193054,20.298326158803285,0.6108566139284151,-0.02394572473107778
4732,training,0.00034281820990145206,0.01943163573741913,0.044036114378193054,20.398246812105715,0.6083278923591933,-0.027063818255121
4733,training,0.00034398582647554576,0.05437798425555229,0.044036114378193054,20.498224851729724,0.605053738314978,-0.039975793637988664
4734,training,0.0002660590107552707,0.023808627855032682,0.04191224792173332,20.61807910120146,0.6004010633443285,-0.03472786702357309
4735,training,0.00039138543070293963,0.00629799999296665,0.04191224792173332,20.697980245506606,0.5975396105025627,-0.037737331223382485
4736,training,0.000396511924918741,0.004206511657685041,0.018397618495513735,20.797894170578502,0.5934604933004121,-0.0447941283464264
4737,training,0.0003350814513396472,0.006411438575014472,0.018397618495513735,20.877871327796377,0.5897805416169042,-0.04788563827275747
4738,training,0.00016287091420963407,0.04440626874566078,0.018397618495513735,20.97773615206667,0.5849540346525881,-0.049793358257978544
4739,training,0.0006531019462272525,0.017398318275809288,0.011213476617758587,21.09744150701208,0.5793900137934764,-0.042260155570406834
4740,training,0.000923840852919966,0.007930551189929247,0.011213476617758587,21.197283422270466,0.5756702372016025,-0.03270789655783959
4741,training,0.0005366600234992802,0.0011928137391805666,0.016526985946751224,21.25725937310486,0.5738087263025157,-0.030254898375141333
4742,training,0.0005940566770732403,0.0013981391675770283,0.016526985946751224,21.35711871716338,0.5709520690759357,-0.025510274645496916
4743,training,0.0005627700593322515,0.009206106886267662,0.016526985946751224,21.47702216636031,0.5680844618584666,-0.02248424464313965
4744,training,0.0005876471986994147,0.0012176744639873505,0.023948855294687505,21.556860521730055,0.5664916341257971,-0.016551537046955802
4745,training,0.0002660270547494292,0.06059497594833374,0.023948855294687505,21.656758754526617,0.5648339506244927,-0.016665047259507418
4746,training,0.0021672456059604883,0.015074089169502258,0.021216886655847554,21.75636428815006,0.5640926948008554,0.00694883577491887
4747,training,0.00041747698560357094,0.005223410204052925,0.021216886655847554,21.896103752690486,0.5669845167683137,0.03389309258596376
4748,training,0.0008442109683528543,0.016009261831641197,0.008147888109526692,22.015748114091444,0.5722400819163546,0.05264687926371282
4749,training,0.0015647520776838064,0.002532021142542362,0.008147888109526692,22.115377163671624,0.5781343252474115,0.06296512513966138
4750,training,0.0005863873520866036,0.00042244233191013336,0.022505682631107693,22.215139120639062,0.5842443820373365,0.05778877301496691
4751,training,0.00048063797294162214,0.001376606523990631,0.022505682631107693,22.33492095000884,0.5904797759896048,0.04407761467189734
4752,training,0.00040683767292648554,0.005654564592987298,0.00929501227776937,22.4348556094049,0.5943640383482142,0.03218324806789897
4753,training,0.00034311620402149856,0.012175754643976688,0.00929501227776937,22.51477416528796,0.5968582789691836,0.029597573961396003
4754,training,0.0008144653402268887,0.031229374930262562,0.00929501227776937,22.634661175766123,0.6002553166621519,0.026499594691496427
4755,training,0.001228933921083808,0.02586044603958726,0.026356349677919173,22.714565396961884,0.6021746709100607,0.020337511615838536
4756,training,0.0013648199383169413,0.031637301202863455,0.026356349677919173,22.774410966061584,0.6032848718287447,0.01772477764849174
4757,training,0.001347468001767993,0.04579087067395449,0.02872821279994019,22.91439948915141,0.605576889837283,0.015387957743254181
4758,training,0.0013072091387584805,0.03552465885877609,0.02872821279994019,23.014329172954106,0.6068929857548965,0.010864108897852798
4759,training,0.0016821789322420955,0.018824248109012842,0.02872821279994019,23.094183996438424,0.6077128223580517,0.010620053188371996
4760,training,0.0008516854140907526,0.039064363576471806,0.036219291276724554,23.214144690931647,0.6089184903655076,0.009381941598749938
4761,training,0.0008000945672392845,0.04087689984589815,0.036219291276724554,23.294044723577258,0.6095525221433049,0.006559291121572255
4762,training,0.0007276618271134794,0.04352589510381222,0.043658815641948547,23.394004905889116,0.6099684101049239,0.001317302146086008
4763,training,0.00033229668042622507,0.030587341636419296,0.043658815641948547,23.493986891891634,0.6098563703281759,-0.0037565313138737196
4764,training,0.00045618595322594047,0.03641606867313385,0.043658815641948547,23.574032538724506,0.6095155761023604,-0.005190515346975028
4765,training,0.00045045296428725123,0.04190433770418167,0.04331253280586922,23.693936081967077,0.6089404955261055,-0.005350716368623247
4766,training,0.001362359500490129,0.05269131809473038,0.04331253280586922,23.77397603105883,0.6085393327611098,-0.005915343501499794
4767,training,0.0010382396867498755,0.009342636913061142,0.04559194630196352,23.873943119648075,0.6079880690606716,-0.006286582297222552
4768,training,0.0014379780041053891,0.018507461994886405,0.04559194630196352,23.953816920086197,0.6081673823445889,0.012895931226164266
4769,training,0.001139373634941876,0.03224717453122139,0.04302185047460114,24.073473199100327,0.6113592117630366,0.04055750803616187
4770,training,0.0036465460434556007,0.03968111425638199,0.04302185047460114,24.212815237025524,0.6196580435658009,0.07859075846011981
4771,training,0.000747975951526314,0.03738551493734121,0.031508486735145114,24.312340118873916,0.6279554102303935,0.08339022266633926
4772,training,0.001450852956622839,0.0038526263087987865,0.031508486735145114,24.41203887359736,0.6357453186943491,0.07041965341754437
4773,training,0.0008568847551941872,0.02686954941600561,0.018674294785516223,24.551749799038994,0.6443692569944984,0.052767368516502065
4774,training,0.0010138304205611348,0.009491316974163055,0.018674294785516223,24.671696295635396,0.6496449181291043,0.035702110166461166
4775,training,0.0005002626567147672,0.026349661871790882,0.014272714408547738,24.77138131344367,0.6537175633221403,0.049595428515599976
4776,training,0.0006859372952021658,0.004164829850196838,0.014272714408547738,24.87101363244098,0.6593781241080026,0.06495203410006739
4777,training,0.0015419907867908478,0.06259354576468468,0.014272714408547738,24.97019709359107,0.6677960521277341,0.1086828334897814
4778,training,0.0024680711794644594,0.036020874977111816,0.00982067667217198,25.049352047958003,0.6775303551833959,0.1348642630265356
4779,training,0.007171213161200285,0.05871385335922241,0.00982067667217198,25.147676682915645,0.6931320763834847,0.1837486378180968
4780,training,0.0015627279644832015,0.0193350687623024,0.017577313295706665,25.245253468689913,0.713626303796415,0.22743521885560614
4781,training,0.0026732522528618574,0.05037562549114226,0.017577313295706665,25.360811179364145,0.7441125787240404,0.28981530323763643
4782,training,0.0028548326808959246,0.10107611119747162,0.06733596732992388,25.455294278269182,0.775248709327498,0.34659817774384377
4783,training,0.001286232378333807,0.05705404281616208,0.06733596732992388,25.582141599636298,0.8308919110025171,0.49047939692132553
4784,training,0.0016222520498558879,0.11950872838497165,0.09943023280409546,25.683558725725423,0.893045436577,0.6079979928259777
4785,training,0.0008716387092135847,0.21568850427865982,0.09943023280409546,25.761445257721245,0.9539906469503924,0.7215433720642805
4786,training,0.000381821853807196,0.12582990527153018,0.11544648844267194,25.817610078427517,1.0093745868317077,0.8399149166221679
4787,training,0.0003214887692593038,0.039287179708480835,0.11544648844267194,25.87922646740917,1.086872180806367,0.9499893247432584
4788,training,0.00022258059470914304,0.08380968123674393,0.1528807379646178,25.923036983027306,1.1532133711561137,1.0240350296076361
4789,training,0.0011499610263854265,0.02762729674577713,0.1528807379646178,25.961781475384033,1.2223550283742086,1.095590842072092
4790,training,0.0008976913522928953,0.047263860702514676,0.1528807379646178,26.003691518306397,1.3123256114187873,1.1734925039186206
4791,training,0.0008592830272391438,0.041563630104064955,0.1575825652635955,26.03249280331624,1.3864509451771905,1.2269322848415958
4792,training,0.0003670825681183487,0.02441813051700592,0.1575825652635955,26.0631894932615,1.4811258374656702,1.2859846941106867
4793,training,0.0007075879257172346,0.06447431445121765,0.11573311263976836,26.093094190821663,1.5968065799953317,1.3489144354703322
4794,training,0.0003032819658983499,0.03245482593774797,0.11573311263976836,26.112043633831444,1.694500523231328,1.4102666887322817
4795,training,0.0005511321360245347,0.004470832645893097,0.11573311263976836,26.123035254106732,1.7733410531557978,1.4530245100089005
4796,training,0.0002579010324552655,0.045196838676929474,0.06488977386075241,26.132686593652746,1.8724450496986034,1.4940205541499172
4797,training,8.879813685780391e-05,0.06490904837846756,0.06488977386075241,26.13777774085688,1.971702327892416,1.5465421494493057
4798,training,0.00042111449874937534,0.018307097256183638,0.051212773900206565,26.13725579331895,2.07111825350258,1.6064955797227365
4799,training,0.00048229109961539507,0.03110961243510245,0.051212773900206565,26.128202828814388,2.2103454017880177,1.6604510740403573
4800,training,0.001209472306072712,0.04411595128476621,0.0552557148446664,26.114827712550802,2.3293161918614125,1.7056168614800418
4801,training,0.00040511152474209666,0.08222157601267101,0.0552557148446664,26.09971708121396,2.427867994704423,1.7400448210456292
4802,training,0.005224011372774839,0.0693567655980587,0.0552557148446664,26.080811296159244,2.5256618498500982,1.7852332469395262
4803,training,0.0010015536099672318,0.036367375403642654,0.0739997923784652,26.05755431924649,2.6225036891125297,1.8286127551064877
4804,training,0.0006098360754549503,0.006116382777690874,0.0739997923784652,26.0305242267555,2.7184103986560246,1.8627443242522932
4805,training,0.0017793334554880857,0.019838660955429077,0.06382265571239715,26.006616308317007,2.794486813266281,1.8879102028888937
4806,training,0.0024254657328128815,0.029717732220888138,0.06382265571239715,25.960995428172417,2.9264765023493604,1.9165304873786162
4807,training,0.0012426403118297458,0.002326563000679016,0.04912212570026554,25.926118633890322,3.019897275849652,1.9415636837612138
4808,training,0.0010630111210048199,0.0006550997495651245,0.04912212570026554,25.89704103937021,3.0943225943883723,1.9437513739957335
4809,training,0.0011642465833574533,0.0392556507140398,0.042565220521473664,25.84532504840296,3.224006257647576,1.958536597769609
4810,training,0.0013359428849071264,0.028496991842985153,0.042565220521473664,25.79889017309082,3.3343412469746023,1.9804828129879275
4811,training,0.0008364971727132797,0.019055984914302826,0.04260838644162646,25.749777326970534,3.4435574963298277,2.0064303645355803
4812,training,0.00048361869994550943,0.11453437805175781,0.04260838644162646,25.706010192536436,3.533068041211611,2.0461087447088424
4813,training,0.0003609240520745516,0.027399078011512756,0.04260838644162646,25.65904050946828,3.621071644817717,2.075388396479963
4814,training,0.000498241453897208,0.011855341494083405,0.04914911420629658,25.598534926483318,3.724243035012172,2.130451331452489
4815,training,0.0004913461161777377,0.019683795049786568,0.04914911420629658,25.52202944204514,3.841137420353116,2.1645835659372175
4816,training,0.0004149043234065175,0.0013574643526226282,0.04739960538787937,25.45369628789698,3.9393186514433443,2.192045565296155
4817,training,0.0009758275118656456,0.04948090948164463,0.04739960538787937,25.406954870947246,4.00412464387336,2.1947308723779515
4818,training,0.0007787253707647324,0.016426158137619495,0.027257508682075764,25.336115650783935,4.100635778862964,2.2164995072826645
4819,training,0.0013787795323878527,0.018270429223775864,0.027257508682075764,25.287770471841846,4.164059138359582,2.224875499887469
4820,training,0.0005098188412375748,0.021159525029361255,0.027257508682075764,25.226809825246352,4.243115254794105,2.2298224656699768
4821,training,0.00023330177646130323,0.017531737685203545,0.017003225845840363,25.177559202407583,4.305928357135676,2.2438014994214712
4822,training,0.0011080001713708043,0.04236323945224286,0.017003225845840363,25.12820825036088,4.367469177672441,2.249995957067606
4823,training,0.0008182593155652285,0.028954034671187394,0.017003225845840363,25.064733707556684,4.444508340935213,2.2700865421417973
4824,training,0.00033789806184358895,0.015876610297709703,0.012495328968052529,25.000811272506713,4.520150488991837,2.2673167343202616
4825,training,0.002021619351580739,0.002386782318353653,0.012495328968052529,24.936934631824666,4.597122311246414,2.26102735545877
4826,training,0.0006497636786662042,0.006996359676122665,0.012495328968052529,24.861192048082398,4.690225339893116,2.2431462839066154
4827,training,0.0010372434044256806,0.04814359871670604,0.018275672015969024,24.811873508554456,4.753241824234207,2.2256128752749236
4828,training,0.001039033755660057,0.01204464212059974,0.018275672015969024,24.739348460476098,4.848667131211398,2.218113054115371
4829,training,0.0016465827357023954,0.06518656201660633,0.018275672015969024,24.667746064062573,4.944917219400487,2.201086944231507
4830,training,0.0006908811046741903,0.025204900652170185,0.031687131869481855,24.620916733869997,5.00970771140907,2.1926285908359437
4831,training,0.0003805964661296457,0.012271111831068996,0.031687131869481855,24.56318009471131,5.0913193648910005,2.178691497860086
4832,training,0.00041137050720863044,0.01225116103887558,0.01178037875776043,24.49446403362512,5.1894349531870825,2.1881137934305572
4833,training,0.0022258050739765167,0.005471512675285339,0.01178037875776043,24.423894341320885,5.286109582349447,2.21821486601156
4834,training,0.0003040229785256088,0.05706709623336792,0.01178037875776043,24.350228799258723,5.38038395374534,2.2504722723607675
4835,training,0.0005425993585959077,0.0695477593690157,0.020105163854482994,24.261201913052943,5.487991761332019,2.270911341838369
4836,training,0.0006698599318042397,0.019208937883377075,0.020105163854482994,24.18319498372513,5.578864543918469,2.288077784210117
4837,training,0.0007613442139700055,0.06277807801961899,0.02134785267518578,24.102431826653685,5.666935000057167,2.3414804162478866
4838,training,0.0012521499302238226,0.030782170593738556,0.02134785267518578,24.03218378167906,5.737996129820456,2.3551622455332435
4839,training,0.000490431790240109,0.01684866473078727,0.02134785267518578,23.96109847938094,5.807977396699715,2.373652677738336
4840,training,0.0007585699786432087,0.036811258643865585,0.023023640805899758,23.859054649534745,5.903205508238816,2.408358832283613
4841,training,0.00042589829536154866,0.016103271394968026,0.023023640805899758,23.799114573309634,5.956154816831995,2.4284449686866774
4842,training,0.0004459300253074616,0.03419097140431404,0.023023640805899758,23.72289089040215,6.020584287488398,2.4504213414274596
4843,training,0.00027315158513374627,0.021308641880750656,0.020042718221743503,23.645426989715126,6.083532583252686,2.467657862019342
4844,training,0.00048140448052436113,0.02711457386612892,0.020042718221743503,23.550964514550543,6.15710804588049,2.4919148015719506
4845,training,0.0003402292204555124,0.03632503002882004,0.049979845892529705,23.487034347715987,6.2049481664566875,2.5058746904350016
4846,training,0.00023080315440893173,0.005491986870765686,0.049979845892529705,23.422317987294466,6.251202554365894,2.5421915972784865
4847,training,0.001651113503612578,0.00605463236570359,0.049979845892529705,23.339086735858388,6.305988070845049,2.577233173927842
4848,training,0.0005564148304983974,0.04083003289997578,0.058974591561593695,23.25416591006896,6.358232963916708,2.602894981166252
4849,training,0.0021122260950505733,0.02826281706802547,0.058974591561593695,23.185233944780077,6.398348831719949,2.626228684861688
4850,training,0.0009439665009267628,0.007837124168872833,0.058974591561593695,23.098018519465278,6.4469209425168295,2.6332624359438657
4851,training,0.0003655556938610971,0.026684825774282217,0.046086431790657134,23.01077094603953,6.495487419453839,2.6326503485920827
4852,training,0.0005394121399149299,0.10392620414495467,0.046086431790657134,22.92353271591629,6.544043444060232,2.63334112773986
4853,training,0.00022050790721550584,0.03957918845117092,0.04107549997977437,22.853462260543218,6.581999129087053,2.658485957145665
4854,training,0.0012969631934538484,0.0049089482054114324,0.04107549997977437,22.74686559562844,6.63657493469709,2.6725330887329792
4855,training,0.0005211193347349763,0.009771276265382768,0.04107549997977437,22.657835210491964,6.681725720605839,2.6681664569408508
4856,training,0.0003956346772611141,0.026357359252870083,0.030426982147108494,22.586811680401166,6.718277114724566,2.6636891666581834
4857,training,0.00015600633923895657,0.002163953147828579,0.030426982147108494,22.515869593203224,6.755323062170577,2.657230370968266
4858,training,0.00023566574964206666,0.010556249879300594,0.030426982147108494,22.427591497871443,6.802006557819296,2.6554251056213216
4859,training,0.0002887427108362317,0.017413217574357986,0.0287922128671986,22.33941747316341,6.848986738643622,2.6490054377117698
4860,training,0.0007210297626443207,0.03491693362593651,0.0287922128671986,22.251536336711414,6.896348795752193,2.64732801279357
4861,training,0.0011007143184542656,0.00942197721451521,0.02107306100784284,22.163618209830222,6.943592268667766,2.651420628070511
4862,training,0.00036733970046043396,0.016253300011157986,0.02107306100784284,22.07546201885018,6.9905511163450775,2.6521119852350727
4863,training,0.0003037984133698046,0.0036097820848226547,0.014772968651861297,21.98747532806049,7.037962877436255,2.640822762834832
4864,training,0.0006234319880604744,0.030653102323412902,0.014772968651861297,21.935015770178698,7.066865108583871,2.634173398536206
4865,training,0.0015419403789564967,0.032238634303212166,0.014772968651861297,21.865104691642923,7.105624897136177,2.6407825517918537
4866,training,0.006596638821065426,0.0200347313657403,0.01619588391871815,21.759610390157082,7.162158531283824,2.6583926905656883
4867,training,0.0015458536799997091,0.03760621137917041,0.01619588391871815,21.63521151901209,7.225929697726119,2.6765870909786544
4868,training,0.0013265293091535568,0.04920617397874594,0.010457551599129134,21.56414617991196,7.261984865235054,2.6644923434095986
4869,training,0.0011220492888242006,0.006535017862915993,0.010457551599129134,21.45788318119494,7.317763930630128,2.652960280480112
4870,training,0.0024630450643599033,0.014413503929972645,0.009222987578644693,21.334123599656916,7.382657744847725,2.6666863213870875
4871,training,0.0010046837851405144,0.016538009047508243,0.009222987578644693,21.22782023248453,7.438235967599502,2.6509085627779005
4872,training,0.0007557019125670195,0.004671163856983185,0.007931562720909047,21.157513914045737,7.476414394219103,2.6381508111234586
4873,training,0.0015475682448595762,0.004937711637467146,0.007931562720909047,21.087705850513146,7.515181123483292,2.633112316538772
4874,training,0.0011823313543573022,0.027830660343170163,0.007931562720909047,21.01794914167199,7.553949821722159,2.6340826503817887
4875,training,0.0020133648067712784,0.009014904033392668,0.007931562720909047,20.94804020567666,7.5925649565943445,2.6409209966533855
4876,training,0.0016804113984107971,0.023689286783337597,0.015030326105963228,20.877839988753546,7.630824018391575,2.6440572723300626
4877,training,0.0019955718889832497,0.01435038447380066,0.015030326105963228,20.807627242824452,7.668709233022967,2.650592007679564
4878,training,0.003197265323251486,0.01098187826573849,0.016708248942539222,20.701590378108577,7.724323444549009,2.66648995972897
4879,training,0.0010775771224871278,0.06369882030412555,0.016708248942539222,20.61258139207555,7.7694321393748735,2.6789711915341514
4880,training,0.001778206555172801,0.021569482982158664,0.016708248942539222,20.523122169343424,7.813916720747668,2.6790566156547757
4881,training,0.0020268410444259644,0.01950997393578291,0.011860684470377802,20.46956603487895,7.840446632631614,2.683480708900027
4882,training,0.0009045609040185809,0.03314946871250868,0.011860684470377802,20.39788161558152,7.8757289727771225,2.6822105401933896
4883,training,0.006338504608720541,0.026390756014734507,0.011860684470377802,20.326222330531703,7.911341304100255,2.67968561444253
4884,training,0.0017740485491231084,0.023446595296263695,0.007799908880508823,20.21914635553831,7.964961843857414,2.6751348911367026
4885,training,0.00036198837915435433,0.0072029307484626735,0.007799908880508823,20.147744101358732,8.000990758001379,2.6743814929371186
4886,training,0.0003935054992325604,0.03536343388259411,0.00761947053897529,20.076442385682554,8.03687274030812,2.676931097188593
4887,training,0.0008530064369551837,0.01159357139840722,0.00761947053897529,19.987028253398037,8.08117719879444,2.6854862193417923
4888,training,0.0005050943000242114,0.01900449302047491,0.00761947053897529,19.91531279153302,8.116140190690583,2.6888207739424
4889,training,0.00031819610740058124,0.020917972549796104,0.010471482198935619,19.82541590082305,8.159556576426807,2.6944901857379673
4890,training,0.0008122432045638561,0.00357983133289963,0.010471482198935619,19.753247312663433,8.193851656561787,2.7016336855061094
4891,training,0.00019423790217842907,0.019856266677379605,0.010865443874274563,19.626737527000724,8.253411686774244,2.7003835155444307
4892,training,0.0006601234199479222,0.03948506060987711,0.010865443874274563,19.55444198976383,8.28731711497416,2.706551459683257
4893,training,0.00021902234584558755,0.050654951483011246,0.011212438830931907,19.427562927171234,8.346329810857332,2.7028972007507535
4894,training,0.00046349831973202527,0.0026562232524156605,0.011212438830931907,19.300558451205987,8.404887405445423,2.719890547099413
4895,training,0.0010155546478927135,0.00707470066845417,0.01778858561149836,19.209187932325708,8.445168180246435,2.7332608702838352
4896,training,0.0007615918293595314,0.046287998557090766,0.01778858561149836,19.099008101510087,8.492126647076413,2.743881446729477
4897,training,0.001512062386609614,0.022131996229290962,0.01778858561149836,19.02506436827869,8.522607669250249,2.759519367184519
4898,training,0.0015313508920371532,0.007923288270831108,0.007613830491631068,18.932119593771176,8.559127551894901,2.7727475328848485
4899,training,0.0010161501122638583,0.05157185159623623,0.007613830491631068,18.85761582068191,8.587793477459586,2.7743605189006835
4900,training,0.0018095532432198524,0.04927293583750725,0.010715749474094403,18.764087861178055,8.62253110196386,2.8002148685250075
4901,training,0.0007449544500559568,0.0716811828315258,0.010715749474094403,18.669619176710892,8.654489269384309,2.8318831476701347
4902,training,0.00082801264943555,0.0016206875443458557,0.010715749474094403,18.57419715300103,8.684935192125065,2.8245329722858354
4903,training,0.00032392999855801463,0.009382171556353569,0.012043267703257789,18.498348006560473,8.709895518132678,2.8291270602438634
4904,training,0.0007431243429891765,0.040462831035256386,0.012043267703257789,18.40308704699083,8.739811024446317,2.8445310629605123
4905,training,0.0017436197958886623,0.041243507992476225,0.012043267703257789,18.326540642637525,8.763200018929314,2.8414620611677877
4906,training,0.00128339568618685,0.09486294910311699,0.030175303538826314,18.25015271949486,8.786825543082623,2.8428290151600795
4907,training,0.0009115504217334092,0.0639382004737854,0.030175303538826314,18.154826604926733,8.816696175086829,2.8295694294285076
4908,training,0.0005107058095745742,0.07646546885371208,0.010385141073578326,18.05973082926247,8.847432842546489,2.8290048289323355
4909,training,0.0003538886085152626,0.08924109116196632,0.010385141073578326,17.96476903656517,8.878884109405403,2.812229016761925
4910,training,0.00032975274370983243,0.04280153661966324,0.010385141073578326,17.908130828233556,8.898681036101223,2.7982989295019403
4911,training,0.0013112286105751991,0.026888988446444273,0.04112010377191025,17.79545283783771,8.940050140259476,2.783222592738094
4912,training,0.00047035524039529264,0.05228101462125778,0.04112010377191025,17.720538158489667,8.968120455997273,2.7838203218009654
4913,training,0.00029751466354355216,0.06349661760032177,0.019570320000343804,17.62688388206805,9.00310082856193,2.78393460289109
4914,training,0.0004325286718085408,0.06575640104711056,0.019570320000343804,17.533262832495428,9.038264193190914,2.779517815521669
4915,training,0.001975822728127241,0.03677111864089966,0.019570320000343804,17.43988086568535,9.074160679333552,2.7694980266725393
4916,training,0.0006376387900672853,0.07057499187067151,0.020394018125579467,17.365258943342127,9.102980952968515,2.777113316383936
4917,training,0.0005756192840635777,0.07249537110328674,0.020394018125579467,17.29064969952781,9.131411169214966,2.7766403755775033
4918,training,0.0006828347104601562,0.04518764838576317,0.020394018125579467,17.216000020467817,9.159944344569249,2.7764231923105354
4919,training,0.000314616656396538,0.03966846503317356,0.017977413819732186,17.10393898200744,9.202794388692828,2.7762269652681404
4920,training,0.0011861749226227403,0.046875124797225,0.017977413819732186,17.029293257141973,9.231490408001845,2.772882680544048
4921,training,0.000993147725239396,0.05453715333715081,0.011550683779771618,16.93612516260686,9.26787089895406,2.7651608167589417
4922,training,0.0010593879269436002,0.09238419309258461,0.011550683779771618,16.84321172714045,9.304836735421258,2.7609954943462305
4923,training,0.0004583796835504472,0.10631060227751732,0.011550683779771618,16.75056271787221,9.342662956039828,2.744996440277302
4924,training,0.0009892645757645369,0.06680209585465491,0.038537918547529186,16.676857178005875,9.37423778930912,2.728196997120797
4925,training,0.002285757102072239,0.0319092571735382,0.038537918547529186,16.56736040871565,9.422853348107763,2.7237305965111474
4926,training,0.0019084453815594316,0.029015045613050468,0.05326763313335371,16.439052274099858,9.478115754532958,2.7475860951809143
4927,training,0.0006783085991628468,0.046275921165943146,0.05326763313335371,16.36505748699954,9.508167346283477,2.7645974315271697
4928,training,0.0009334530914202332,0.007150053977966309,0.06414620587468232,16.27195442202746,9.544377988868712,2.775261541326516
4929,training,0.0009944746270775795,0.03886357741430402,0.06414620587468232,16.197078273349664,9.572554548034022,2.789656030074116
4930,training,0.0016403496265411377,0.014083582907915115,0.05664104930798767,16.06560724378826,9.619931263998238,2.7982788005956625
4931,training,0.0005437826621346176,0.03081781230866909,0.05664104930798767,15.990183076873432,9.646501599881226,2.808961782048534
4932,training,0.0004278406559024006,0.017771735787391663,0.05664104930798767,15.895569757954327,9.678533025737558,2.8195319375062047
4933,training,0.0017547245370224118,0.01036021113395691,0.041552857406971226,15.800708127512879,9.710011688314342,2.8206286495787403
4934,training,0.005827173124998808,0.04971475712954998,0.041552857406971226,15.686733118263042,9.746670034902106,2.840958381489462
4935,training,0.001576651120558381,0.018405191600322723,0.05309748824622594,15.610285159884436,9.770353084825585,2.8383324140359325
4936,training,0.0025363636668771505,0.022560885176062584,0.05309748824622594,15.514848183898204,9.799728128631413,2.849231741925351
4937,training,0.0019333793316036463,0.045665771700441844,0.05309748824622594,15.399929594377003,9.833473144437434,2.8610374584420297
4938,training,0.00042061746353283525,0.0541863739490509,0.021896047036054377,15.323122628548134,9.855968019390833,2.8490130366746524
4939,training,0.0010239598341286182,0.038963340222835555,0.021896047036054377,15.22778283203414,9.88661975987413,2.8081885212456013
4940,training,0.0012848167680203915,0.03064322099089624,0.013388468951594476,15.152596505653554,9.91416346873235,2.773238087166907
4941,training,0.001992414239794016,0.06325301993638277,0.013388468951594476,15.041467517261031,9.96056159726294,2.7180800716549847
4942,training,0.0005543539300560951,0.01984325796365738,0.0015106838798345115,14.932911654112251,10.010917930151086,2.7051457121013427
4943,training,0.0007599486270919442,0.02033383771777153,0.0015106838798345115,14.860537059943839,10.044704056821109,2.7041956895320056
4944,training,0.0002734649751801044,0.012290589045733213,0.0015106838798345115,14.806332210584944,10.070070778902346,2.702148325570657
4945,training,0.00032396899769082665,0.028843671083450317,0.015866309505475795,14.715994857143597,10.112766136179008,2.698088913707572
4946,training,0.000867717491928488,0.033371776342391996,0.015866309505475795,14.590076111072666,10.173938826204822,2.678663226855572
4947,training,0.0021352232433855534,0.06075621768832206,0.03258239493085953,14.484146825139716,10.231012583329965,2.6104096150753846
4948,training,0.0005286319646984339,0.04162323474884033,0.03258239493085953,14.398521837186355,10.282712453422482,2.5882702537214346
4949,training,0.0012251250445842743,0.024819225072860718,0.07071242781033468,14.281269371030238,10.359550319062384,2.5325012039038732
4950,training,0.0005898886593058705,0.04217112623155117,0.07071242781033468,14.232445109388966,10.39462839219509,2.5043078831351964
4951,training,0.0005010921158827841,0.003039218485355377,0.07071242781033468,14.152796003444118,10.455175313988034,2.4831979496448375
4952,training,0.0006766563165001571,0.005334697663784027,0.0664920153220406,14.074504560868826,10.51765300872435,2.4504129560659247
4953,training,0.0003459506551735103,0.02255963161587715,0.0664920153220406,14.013367786658915,10.569571443723083,2.424494630340888
4954,training,0.0008523755823262036,0.007741026580333696,0.0664920153220406,13.953708707670854,10.622863978921043,2.4011995266190618
4955,training,0.000764518219511956,0.023476842790842056,0.0664920153220406,13.880813434529715,10.691552907266697,2.3698840060146478
4956,training,0.0007727373740635812,0.001606956124305725,0.044662253529339994,13.824086639100551,10.748047839935488,2.3467312725227902
4957,training,0.002465271856635809,0.007483303546905518,0.044662253529339994,13.76859011324609,10.805805018034226,2.326267935787254
4958,training,0.0026680356822907925,0.022431163117289543,0.044662253529339994,13.714181844740555,10.864531415702096,2.311453276714903
4959,training,0.0021304860711097717,0.03626002557575703,0.02242509217348332,13.660538256754451,10.923662822823845,2.3045910452911533
4960,training,0.0007427606033161283,0.030508073046803474,0.02242509217348332,13.579728041927089,11.0121411629851,2.3189461996081433
4961,training,0.0006633147713728249,0.058988723903894424,0.02242509217348332,13.511674351320288,11.08520966225439,2.3201985175978006
4962,training,0.0006969301612116396,0.010903552174568176,0.021028694743638335,13.429319836476212,11.172112015893267,2.3408406605421503
4963,training,0.0010566157288849354,0.04906801879405975,0.021028694743638335,13.358346252493064,11.241937719779209,2.395079420087046
4964,training,0.0008213140536099672,0.02077498286962509,0.01028606759346101,13.268161499700938,11.320186565300885,2.45694754924752
4965,training,0.001427353941835463,0.024459809064865112,0.01028606759346101,13.221343388152366,11.35715994280205,2.489369080731277
4966,training,0.0012109194649383426,0.018748566508293166,0.01028606759346101,13.157136838494607,11.404206136133677,2.529338052810836
4967,training,0.00684639997780323,0.02217495441436769,0.01028606759346101,13.07430560954456,11.459456037460813,2.5770575597461742
4968,training,0.006186549086123705,0.055496849119663225,0.02610548293223138,13.006117498505875,11.500492306604567,2.6223945207234234
4969,training,0.0028615184128284454,0.053667210042476654,0.02610548293223138,12.936418065658923,11.538730785346278,2.653521119613913
4970,training,0.0009546175133436918,0.010322503745555878,0.021084828550985847,12.829480846096535,11.592180433348984,2.702888278628537
4971,training,0.0015793240163475275,0.07657778263092041,0.021084828550985847,12.7382312542027,11.631831841147294,2.7618694852070047
4972,training,0.0007533670868724585,0.007496654987335205,0.021084828550985847,12.663756750671507,11.660521934687031,2.783258669381776
4973,training,0.0008971272618509829,0.031763449311256395,0.01147837575422669,12.569782898401689,11.69391692640731,2.8174817688446785
4974,training,0.0014757020398974419,0.04602022282779216,0.01147837575422669,12.493740924248154,11.718366382587986,2.8424562001780216
4975,training,0.0016307707410305738,0.02807568572461605,0.015438349299896528,12.378974834711054,11.75228890143183,2.8636575903063153
4976,training,0.0014434265904128551,0.01025870814919472,0.015438349299896528,12.282786200610628,11.778940239276288,2.877208424055819
4977,training,0.0012153869029134512,0.027559364214539528,0.015438349299896528,12.186281073145766,11.804589030625367,2.883582714257763
4978,training,0.0011242948239669204,0.07863537035882474,0.02107244630794844,12.108990965644244,11.824727133990587,2.8884337633130635
4979,training,0.0010294739622622728,0.048313962295651436,0.02107244630794844,11.992756937255926,11.853335050702496,2.9147629909994492
4980,training,0.00045476184459403157,0.01982948184013366,0.01075781419225154,11.914925486298008,11.870697939948226,2.9278457558609605
4981,training,0.0005729664117097855,0.0741081703454256,0.01075781419225154,11.79784320881671,11.896961642425017,2.9085214253031
4982,training,0.0009311339817941189,0.017606386914849274,0.018890682215681243,11.70069470197991,11.91997574447357,2.9140807590829794
4983,training,0.0003300550451967865,0.00448362622410059,0.018890682215681243,11.603425506909545,11.94313379744957,2.898058351392562
4984,training,0.0007219258113764226,0.02339135017246008,0.018890682215681243,11.506536536752819,11.9676207033834,2.8901961092453203
4985,training,0.0019341467414051294,0.04790627211332321,0.023434743463773704,11.429101946078339,11.98738483351279,2.894738773061599
4986,training,0.0004886313690803945,0.0075616128742694855,0.023434743463773704,11.332214071213683,12.01110223673676,2.9121290642853785
4987,training,0.0010385806672275066,0.13804719597101212,0.01580686644755815,11.234913804663329,12.033496215041621,2.916039938730375
4988,training,0.0005736054154112935,0.07578667625784874,0.01580686644755815,11.137663609304525,12.054852325631627,2.940718563917639
4989,training,0.0005329406121745706,0.023445521481335163,0.01580686644755815,11.0593807488994,12.069682523892865,2.968810886972209
4990,training,0.0003147469542454928,0.03730945847928524,0.00922305429104804,10.941229139836238,12.088765091889236,2.989710016693861
4991,training,0.0008955569937825203,0.03238830156624317,0.00922305429104804,10.842511082166363,12.103144985745104,3.0055475370849516
4992,training,0.0005058859242126346,0.030640836805105202,0.008216919600777773,10.763218339907736,12.114138606542403,2.9987857728652894
4993,training,0.0002971802605316043,0.010517323156818748,0.008216919600777773,10.684198350411153,12.125964285315057,2.9852701703373876
4994,training,0.0009153749560937285,0.015729086473584175,0.008216919600777773,10.60529462489179,12.138566638799965,2.982699308136906
4995,training,0.0009876436088234186,0.00829921429976821,0.011921772178144073,10.526297882064627,12.15149862283556,2.975959488886361
4996,training,0.0013963382225483656,0.06647048890590668,0.011921772178144073,10.447568629727783,12.164847378585154,2.972213720237962
4997,training,0.0017910351743921638,0.023855287581682205,0.011921772178144073,10.349137610679804,12.182456178390593,2.952092760775548
4998,training,0.0013656353112310171,0.013606213964521885,0.04252754744668895,10.270722580004753,12.197947494651661,2.9423985183068555
4999,training,0.0007030863780528307,0.03995092585682869,0.04252754744668895,10.153189999963715,12.221268726679615,2.9508553439753253
5000,training,0.0010560245718806982,0.020972387865185745,0.04252754744668895,10.074783514539888,12.235726260094845,2.96636843655971
5001,test,0,0.010950494557619095,0.009037697582083129,10.055069545839615,12.239180506015142,2.9695748424524924
5002,test,0,0.047847723588347435,0.009037697582083129,10.015698320418778,12.245871057844695,2.9769384823160374
5003,test,0,0.028954653651453555,0.009037697582083129,9.976416702864393,12.25229284544337,2.9815928856328604
5004,test,0,0.010532790794968605,0.009037697582083129,9.936878927409923,12.258568489081064,2.98697921386226
5005,test,0,0.0321080363355577,0.009037697582083129,9.897532730724059,12.264560482716412,2.9925787881025183
5006,test,0,0.027838766109198332,0.009037697582083129,9.858010824585033,12.270404181211811,2.9969349468768303
5007,test,0,0.07338273711502552,0.020187325249972854,9.818405552159549,12.27606934662568,3.0024403552984915
5008,test,0,0.056875796988606446,0.020187325249972854,9.77900475478061,12.281492490620076,3.0063370778622738
5009,test,0,0.07683070749044418,0.020187325249972854,9.739309043852675,12.286813245253787,3.010543736817847
5010,test,0,0.11699654906988143,0.020187325249972854,9.699777882244259,12.291903437433012,3.015579299403376
5011,test,0,0.10929404012858868,0.020187325249972854,9.660198307898039,12.296837196888724,3.0195175048630185
5012,test,0,0.16609611362218857,0.020187325249972854,9.62041850067997,12.301627582525295,3.0244239884841977
5013,test,0,0.15863680467009544,0.022920835360754146,9.580907866182688,12.306173733962403,3.028706971066858
5014,test,0,0.1909404210746288,0.022920835360754146,9.52120145141747,12.312757225286761,3.0352546190903222
5015,test,0,0.029385020956397057,0.022920835360754146,9.501393039436374,12.314837013493491,3.0378545028446755
5016,test,0,0.03990314900875092,0.022920835360754146,9.461780267909297,12.318889364201322,3.0412770634723225
5017,test,0,0.042216591536998756,0.022920835360754146,9.421869725795606,12.322834467434417,3.0450548712414816
5018,test,0,0.07753919810056686,0.022920835360754146,9.382238556815429,12.32657743219425,3.0488881299983204
5019,test,0,0.0872107334434986,0.022183004967223315,9.34243146651825,12.33020756506896,3.0524014518268663
5020,test,0,0.08839325234293938,0.022183004967223315,9.302520756356916,12.333694752654202,3.056720525336971
5021,test,0,0.08980484679341315,0.022183004967223315,9.262878582940479,12.33698965023867,3.0603274682697643
5022,test,0,0.09024218656122686,0.022183004967223315,9.222921806778555,12.340168764019788,3.064253411157998
5023,test,0,0.07613703608512877,0.022183004967223315,9.183156657759383,12.34315725990704,3.068244448298016
5024,test,0,0.08784596435725689,0.022183004967223315,9.143341763389758,12.346004045784445,3.072046194093483
5025,test,0,0.0891680493950844,0.0414757066456403,9.103308497816538,12.348718080761289,3.0762887171945934
5026,test,0,0.08877549320459366,0.0414757066456403,9.063609817468457,12.351222897349261,3.0802492008112012
5027,test,0,0.08947128802537918,0.0414757066456403,9.023642393118863,12.353599259702387,3.0842352827286943
5028,test,0,0.07557846419513226,0.0414757066456403,8.983721073456204,12.355810601553781,3.0883129049467115
5029,test,0,0.08860611356794834,0.0414757066456403,8.9439077475775,12.357853488399131,3.092088329020957
5030,test,0,0.07193383388221264,0.0414757066456403,8.903825802198444,12.359769220854673,3.0959948145689764
5031,test,0,0.08211821317672728,0.06534110954267028,8.864041739747034,12.361509978491563,3.0998361757652124
5032,test,0,0.07259013876318932,0.06534110954267028,8.824089416157321,12.3630949404047,3.104018836990745
5033,test,0,0.07077285274863243,0.06534110954267028,8.784054425529838,12.364526988410931,3.107908189618193
5034,test,0,0.07293511182069778,0.06534110954267028,8.744256609315501,12.365768362694814,3.112666288282966
5035,test,0,0.07352399826049805,0.06534110954267028,8.704179000359284,12.366835327298748,3.1175905266914348
5036,test,0,0.0661093220114708,0.06534110954267028,8.664290211095091,12.367707587975227,3.1220591870305148
5037,test,0,0.05743894353508949,0.0707510203507785,8.62437508093794,12.368381157911115,3.127255154586562
5038,test,0,0.0589731689542532,0.0707510203507785,8.58427712750457,12.36886437963309,3.132050375815317
5039,test,0,0.059049164876341834,0.0707510203507785,8.544474219004211,12.369141667077152,3.1368748486467335
5040,test,0,0.05920014716684818,0.0707510203507785,8.504430832817578,12.369237102610777,-3.141586566343165
5041,test,0,0.05644247308373451,0.0707510203507785,8.464468421544952,12.369156118138918,-3.137913544953874
5042,test,0,0.041412649676203735,0.0707510203507785,8.424592775946449,12.368918824459161,-3.1336628098703305
5043,test,0,0.04050438478589058,0.0746605899288164,8.384483326826762,12.36852159457046,-3.1297216024246106
5044,test,0,0.03882793709635735,0.0746605899288164,8.344656225146137,12.367966846908649,-3.1256923389713713
5045,test,0,0.043015697970986366,0.0746605899288164,8.304674816648323,12.367239970300613,-3.121129181007204
5046,test,0,0.03990487568080426,0.0746605899288164,8.264627595903042,12.36634174668205,-3.117503489927935
5047,test,0,0.11024326458573341,0.0746605899288164,8.224853728956353,12.365281115330248,-3.112734392041977
5048,test,0,0.09008710458874704,0.0746605899288164,8.18479058590288,12.364041712666717,-3.1084994924874514
5049,test,0,0.09523896686732768,0.08073806721776625,8.144955784095117,12.362646709092003,-3.104740836329281
5050,test,0,0.07932318933308125,0.08073806721776625,8.10505979264927,12.361086698707135,-3.100434069594374
5051,test,0,0.07617305871099234,0.08073806721776625,8.06501533990973,12.359368522761994,-3.0973422115078573
5052,test,0,0.07085811905562879,0.08073806721776625,8.025275179864376,12.357530084042617,-3.0936229793507777
5053,test,0,0.06258591543883085,0.08073806721776625,7.985284372734712,12.355540445422852,-3.0902086752993703
5054,test,0,0.059427705593407154,0.08073806721776625,7.945390185406719,12.353441805962918,-3.0880275646627227
5055,test,0,0.044862380251288414,0.07292593261650587,7.905587407141468,12.351231974250908,-3.084557130386475
5056,test,0,0.043662882409989834,0.07292593261650587,7.865576064252699,12.348888326127485,-3.0820279391996084
5057,test,0,0.03781578317284585,0.07292593261650587,7.825822699499028,12.346467202978982,-3.0793790148576785
5058,test,0,0.046802505850791924,0.07292593261650587,7.78591155581751,12.343916764195022,-3.076280296486491
5059,test,0,0.039847321808338165,0.07292593261650587,7.7459696361939105,12.341267678694702,-3.074913237621597
5060,test,0,0.02665747981518507,0.07292593261650587,7.706246492089876,12.338548069497612,-3.072023702137463
5061,test,0,0.02864495478570462,0.0634127856628407,7.66627624417334,12.335711017156461,-3.069726804024745
5062,test,0,0.01932341791689396,0.0634127856628407,7.626511250930664,12.332823569299961,-3.068214033166251
5063,test,0,0.012937001883983612,0.0634127856628407,7.586672230858197,12.329843302541477,-3.0658669512901153
5064,test,0,0.008580003865063189,0.0634127856628407,7.54674002887536,12.326780794833029,-3.0648983355634116
5065,test,0,0.016198277473449707,0.0634127856628407,7.507030351462819,12.323690379275115,-3.0629635126488446
5066,test,0,0.010838916525244713,0.0634127856628407,7.467115920784142,12.32050437160808,-3.061136205548618
5067,test,0,0.0019833557307720184,0.0536238033057708,7.427285135858082,12.317275968692694,-3.060485041420915
5068,test,0,0.06278930231928825,0.0536238033057708,7.387554994343189,12.31398577241509,-3.0578249845695256
5069,test,0,0.04487828630954027,0.0536238033057708,7.347645523050027,12.310593577786477,-3.056456444231648
5070,test,0,0.03868729714304209,0.0536238033057708,7.307932199075574,12.307180277036213,-3.055081591628657
5071,test,0,0.03257815260440111,0.0536238033057708,7.268083573158575,12.303683863432965,-3.053311739163084
5072,test,0,0.01921681687235832,0.0536238033057708,7.228222571469068,12.300149058992453,-3.0535280367030806
5073,test,0,0.016161717474460605,0.0440977554454677,7.188539915809654,12.29660732459672,-3.0520509346352567
5074,test,0,0.00010052137076854706,0.0440977554454677,7.1486387304842935,12.293002911148811,-3.0515612987329375
5075,test,0,0.0005315970629453659,0.0440977554454677,7.108911542558479,12.289426655353882,-3.05173612087952
5076,test,0,0.0038096636999398466,0.0440977554454677,7.069104149371493,12.285819863823248,-3.05098341124828
5077,test,0,0.008898608386516571,0.0440977554454677,7.02922537233485,12.28219475668325,-3.0515788812627904
5078,test,0,0.01732570491731167,0.0440977554454677,6.989538240975207,12.278597806615101,-3.0508406271373656
5079,test,0,0.03849981352686882,0.027069333824720716,6.949654048247637,12.274946311584763,-3.0501024951526485
5080,test,0,0.05068312678486109,0.027069333824720716,6.909861143820096,12.271304135549858,-3.05054460454933
5081,test,0,0.054085532203316695,0.027069333824720716,6.870145252692463,12.267636026727606,-3.048805161543992
5082,test,0,0.06369645707309246,0.027069333824720716,6.8302746086803445,12.263900719561684,-3.048252915066732
5083,test,0,0.020612905733287334,0.027069333824720716,6.790585403490288,12.260166165303982,-3.0470092906896245
5084,test,0,0.02087243553251028,0.027069333824720716,6.750762353232685,12.256346503981177,-3.0450649269491006
5085,test,0,0.016150991432368755,0.014504883859407,6.710949307318402,12.252475290350032,-3.044688345772451
5086,test,0,0.036507828161120415,0.014504883859407,6.671298528777199,12.248565312882901,-3.042319255773469
5087,test,0,0.04047649726271629,0.014504883859407,6.631461233756105,12.244555962515545,-3.0408555354011284
5088,test,0,0.03273877874016762,0.014504883859407,6.591777999810409,12.240523221179714,-3.039357376459836
5089,test,0,0.05508792493492365,0.014504883859407,6.5520332794065705,12.236383963468194,-3.036338958855628
5090,test,0,0.06266679242253304,0.014504883859407,6.5122566728008175,12.232135140343432,-3.0345363007127553
5091,test,0,0.06827205792069435,0.01024696533175573,6.472648725610678,12.227808441533067,-3.0309507613606748
5092,test,0,0.021351701114326715,0.01024696533175573,6.432886770089071,12.223311884975915,-3.0274449424032466
5093,test,0,0.03230679780244827,0.01024696533175573,6.393201352740251,12.218717762057949,-3.025225932647062
5094,test,0,0.03726680763065815,0.01024696533175573,6.353619736913384,12.213992082707884,-3.020543114799394
5095,test,0,0.04126601107418537,0.01024696533175573,6.313935678935795,12.209084138400076,-3.0172601051193024
5096,test,0,0.013462731149047613,0.01024696533175573,6.274373908994048,12.204064728560208,-3.013188789106714
5097,test,0,0.019975116476416588,0.015036659002059891,6.234748579807528,12.198841366726711,-3.0081813455998105
5098,test,0,0.028658770956099033,0.015036659002059891,6.195151955494632,12.193466094868752,-3.0053160537445325
5099,test,0,0.0231401058845222,0.015036659002059891,6.155683452481884,12.187950866658358,-3.0003972294047863
5100,test,0,0.03741801716387272,0.015036659002059891,6.116126675288122,12.182241167792748,-2.997045775360989
5101,test,0,0.0013961941003799438,0.015036659002059891,6.076613391377996,12.176439177054371,-2.994185521493288
5102,test,0,0.001918410882353781,0.015036659002059891,6.03713593082119,12.170481605489526,-2.9897142599358535
5103,test,0,0.016824878752231598,0.034765331887358406,5.997654626532939,12.164380227757812,-2.9873217547293303
5104,test,0,0.025193805806338787,0.034765331887358406,5.958244718018536,12.158174609284758,-2.9831940406114117
5105,test,0,0.035978224128484726,0.034765331887358406,5.918818629062443,12.151780203342856,-2.9792993671985055
5106,test,0,0.005920412018895153,0.034765331887358406,5.879364168663671,12.14526917876416,-2.976700643172018
5107,test,0,0.0027802037075161934,0.034765331887358406,5.840047534533062,12.138618923030878,-2.97157545732687
5108,test,0,0.01337028038688004,0.034765331887358406,5.800710965843015,12.131788541313302,-2.9686359061826275
5109,test,0,0.026273692026734352,0.05341655127377651,5.7613817604639985,12.124854593290626,-2.9649316840038833
5110,test,0,0.031427131965756416,0.05341655127377651,5.72209402423957,12.117740772255347,-2.960947033980327
5111,test,0,0.04590422473847866,0.05341655127377651,5.682782489913474,12.110515516593845,-2.9588299584117324
5112,test,0,0.04884547926485539,0.05341655127377651,5.6435596625747095,12.103184215882427,-2.954588713107611
5113,test,0,0.0559193417429924,0.05341655127377651,5.604360839157286,12.095692063698957,-2.951920427361448
5114,test,0,0.012022187002003193,0.05341655127377651,5.565068249266571,12.088105401612493,-2.9496363515415567
5115,test,0,0.030203463509678844,0.03525348954530099,5.52593744199507,12.080400094789166,-2.9455560698153604
5116,test,0,0.044078629463911057,0.03525348954530099,5.486780869025593,12.072589061786072,-2.944105812483383
5117,test,0,0.04989788588136435,0.03525348954530099,5.447617207260648,12.064700888399496,-2.941179078228682
5118,test,0,0.047971971333026886,0.03525348954530099,5.408525859173091,12.0566943908828,-2.9390284934010036
5119,test,0,0.060693979263305664,0.03525348954530099,5.369323640762031,12.048630267659906,-2.9385310972330037
5120,test,0,0.06929731275886299,0.03525348954530099,5.330254715691034,12.0405293737853,-2.936058085408297
5121,test,0,0.07663458026945592,0.015668464485363225,5.291188338322241,12.03236457025252,-2.935649143153476
5122,test,0,0.07722659688442945,0.015668464485363225,5.252052548981336,12.02416875234381,-2.934076838650314
5123,test,0,0.06613499112427235,0.015668464485363225,5.2130178048641636,12.015889001742284,-2.9320555469801546
5124,test,0,0.09241634514182807,0.015668464485363225,5.17390755744313,12.007557712254098,-2.9315643030652327
5125,test,0,0.09926206432282925,0.015668464485363225,5.134861490787274,11.999188855192132,-2.92923255809868
5126,test,0,0.11428863275796175,0.015668464485363225,5.095867321815605,11.990753675392979,-2.928749125752495
5127,test,0,0.12826396711170673,0.018827350619152243,5.056723862109356,11.982280492955127,-2.9278673089190503
5128,test,0,0.08753174450248481,0.018827350619152243,5.0177817146521235,11.97374901047012,-2.924883972602746
5129,test,0,0.11644865199923517,0.018827350619152243,4.978786837075354,11.965129640079954,-2.9233438886790197
5130,test,0,0.12765098363161087,0.018827350619152243,4.939784367513465,11.956411429791439,-2.9191970017926723
5131,test,0,0.14699284732341766,0.018827350619152243,4.900932922318128,11.947524508527133,-2.915114468601184
5132,test,0,0.102968979626894,0.018827350619152243,4.861955365809202,11.93846293375961,-2.910661651025815
5133,test,0,0.07807393744587898,0.026200090094954363,4.82315917128845,11.929185047253224,-2.9032857801523377
5134,test,0,0.0988801084458828,0.026200090094954363,4.784466018621039,11.919658061574529,-2.8971095641525824
5135,test,0,0.11108476668596269,0.026200090094954363,4.745651237322946,11.909829724812717,-2.8892098380816362
5136,test,0,0.08544981107115746,0.026200090094954363,4.70718163423945,11.89969803986885,-2.8800489112542778
5137,test,0,0.06005977652966976,0.026200090094954363,4.668630665664307,11.889216420892092,-2.8719949189927956
5138,test,0,0.07220139168202877,0.026200090094954363,4.630150049657691,11.878397350118668,-2.8623099856970224
5139,test,0,0.04230212764014141,0.061297016055846656,4.591944510921188,11.867257458096576,-2.8539893013992748
5140,test,0,0.006650891155004501,0.061297016055846656,4.553565311697891,11.855745642037578,-2.845800992323034
5141,test,0,0.008212123066186912,0.061297016055846656,4.515510558371955,11.84395400313909,-2.8367948592618566
5142,test,0,0.039783272659406066,0.061297016055846656,4.477501500930058,11.83183126671068,-2.8290387956799363
5143,test,0,0.005618778988718983,0.061297016055846656,4.439380313799007,11.819371266336475,-2.8210822259511095
5144,test,0,0.008538668975234035,0.061297016055846656,4.401703972512218,11.806685258819943,-2.8133323516859794
5145,test,0,0.06158856116235256,0.11598189075227569,4.363859977275562,11.793645201537482,-2.80590395924307
5146,test,0,0.01313780061900615,0.11598189075227569,4.32620088794638,11.780350367678636,-2.7974560363169974
5147,test,0,0.044529400765895844,0.11598189075227569,4.288767227636176,11.766749527932376,-2.7888691976643742
5148,test,0,0.038585588335990906,0.11598189075227569,4.251182872213272,11.75274403882181,-2.7800795699133265
5149,test,0,0.008494231849908829,0.11598189075227569,4.214054161611697,11.738508069939773,-2.770664474645372
5150,test,0,0.007669609040021896,0.11598189075227569,4.176894173867652,11.723847032818325,-2.7608638784519623
5151,test,0,0.023503728210926056,0.14704144142683742,4.1398060737976925,11.708808282415491,-2.751804256014595
5152,test,0,0.060478031635284424,0.14704144142683742,4.103122823761682,11.693513491583928,-2.7416344475065118
5153,test,0,0.026806838810443878,0.14704144142683742,4.066307047123363,11.677744415229164,-2.731904563153814
5154,test,0,0.00324108824133873,0.14704144142683742,4.029865993855567,11.661726017805226,-2.722852771288897
5155,test,0,0.02761480212211609,0.14704144142683742,3.993518259656686,11.645325377380809,-2.7126166274454007
5156,test,0,0.04264633357524872,0.14704144142683742,3.957214401056463,11.628516108370397,-2.703653669549586
5157,test,0,0.06719352304935455,0.09191597508495501,3.9212872824474725,11.611473598176762,-2.6938255328987877
5158,test,0,0.08244095742702484,0.09191597508495501,3.8853278474457547,11.593988611640848,-2.684369998291715
5159,test,0,0.060829846188426004,0.09191597508495501,3.84957026395418,11.576239388604016,-2.6776285900689984
5160,test,0,0.10757371224462986,0.09191597508495501,3.814038752929114,11.558268695980766,-2.6696532799889603
5161,test,0,0.13141483440995214,0.09191597508495501,3.7784866889621576,11.539983715939176,-2.664372808045678
5162,test,0,0.15519262477755544,0.09191597508495501,3.7431064160237315,11.521599736449705,-2.660780708854824
5163,test,0,0.10620631650090218,0.046299275316976085,3.707693921518179,11.503056497166908,-2.65816036275647
5164,test,0,0.13026764430105686,0.046299275316976085,3.672301083028433,11.48446749391996,-2.658486700717635
5165,test,0,0.13163186144083738,0.046299275316976085,3.6546757064037556,11.47521282018881,-2.6578797129992973
5166,test,0,0.13881315477192405,0.046299275316976085,3.6016387965916135,11.447268348982947,-2.6560541583003063
5167,test,0,0.14388920180499554,0.046299275316976085,3.566329286859282,11.428612434358854,-2.6547227536471363
5168,test,0,0.1335943005979061,0.046299275316976085,3.5310871389623415,11.409866884631993,-2.650724882292468
5169,test,0,0.14542023092508316,0.012056450066362275,3.495948916538274,11.390982950459732,-2.645553998352433
5170,test,0,0.095982126891613,0.012056450066362275,3.4610061556298906,11.371842881116404,-2.6348538567904995
5171,test,0,0.07972961664199829,0.012056450066362275,3.4262570579764553,11.352254599520773,-2.6221232689478993
5172,test,0,0.10194546729326248,0.012056450066362275,3.391726834345429,11.332254486135962,-2.610963000525698
5173,test,0,0.09628000110387802,0.012056450066362275,3.357511803896879,11.311862043421513,-2.597201898388668
5174,test,0,0.11790283396840093,0.012056450066362275,3.323551398610311,11.291023613384784,-2.5864479052409286
5175,test,0,0.15980155579745767,0.038266178562219234,3.2896657823060704,11.26981368383916,-2.578326584088316
5176,test,0,0.15130880661308765,0.038266178562219234,3.25607180568793,11.248388730709635,-2.5706895011653312
5177,test,0,0.1447509452700615,0.038266178562219234,3.2225444520304745,11.226738517549396,-2.565940600629441
5178,test,0,0.022929540486074984,0.038266178562219234,3.1890837998878725,11.204897211219532,-2.5602378783384245
5179,test,0,0.08559188246726991,0.038266178562219234,3.1558550358678943,11.182934224453104,-2.556017517027631
5180,test,0,0.1398152858018875,0.038266178562219234,3.1225295196908194,11.16076241720043,-2.552975429288169
5181,test,0,0.07102455664426088,0.050241653567517135,3.0894128990264322,11.138533177333084,-2.5486291542636637
5182,test,0,0.1414709873497486,0.050241653567517135,3.05637037607865,11.116226607069388,-2.5472371316949856
5183,test,0,0.15672699362039566,0.050241653567517135,3.0232522620869893,11.093773028914063,-2.542936482561439
5184,test,0,0.1850278675556183,0.050241653567517135,2.990445506360343,11.071211752865311,-2.5359557143464446
5185,test,0,0.22582545876502988,0.050241653567517135,2.957705501491136,11.048334284829126,-2.525992536698006
5186,test,0,0.2602476179599762,0.050241653567517135,2.9252695863756846,11.025047278601031,-2.5111673225033186
5187,test,0,0.29443780332803726,0.050241653567517135,2.8933483226963337,11.00139545606669,-2.4966312949043004
5188,test,0,0.3280036523938179,0.03705353045106875,2.861570783313842,10.977082829487024,-2.479314845286772
5189,test,0,0.34074362367391586,0.03705353045106875,2.8304705920515274,10.952345481027315,-2.459742789478763
5190,test,0,0.3506028801202774,0.03705353045106875,2.7998535751337217,10.926949766869427,-2.437736472200328
5191,test,0,0.33940188586711884,0.03705353045106875,2.769665280026043,10.900707486654946,-2.412910385355358
5192,test,0,0.34343811869621277,0.03705353045106875,2.740503660821313,10.873959559611508,-2.385235064694062
5193,test,0,0.29493388533592224,0.03705353045106875,2.7119448071816783,10.846200409940398,-2.3553953969716117
5194,test,0,0.33184926211833954,0.03705353045106875,2.6842561056693737,10.817646091707688,-2.326108186838588
5195,test,0,0.33286893367767334,0.07846619056294704,2.6575720058563324,10.788359687349073,-2.2932231799300085
5196,test,0,0.32888105511665344,0.07846619056294704,2.6318472668050568,10.758154327463378,-2.259583002365201
5197,test,0,0.30553755164146423,0.07846619056294704,2.6070890540196587,10.727027508119718,-2.2255626505355264
5198,test,0,0.3110983520746231,0.07846619056294704,2.583530792007451,10.69519436667292,-2.1917376588276913
5199,test,0,0.31022311747074127,0.07846619056294704,2.560956147078891,10.662574150748087,-2.1605451320234166
5200,test,0,0.2533140182495117,0.07846619056294704,2.5392578404871977,10.629071895269918,-2.1304655969497817
5201,test,0,0.3258850574493408,0.07846619056294704,2.5186846730216277,10.595210116254556,-2.1044182674697476
5202,test,0,0.32039306312799454,0.2680113598951651,2.498835037062865,10.560635645818328,-2.0795197712600277
5203,test,0,0.31776005029678345,0.2680113598951651,2.4798314235935845,10.525591015305334,-2.0549451053826537
5204,test,0,0.29727061092853546,0.2680113598951651,2.4618119607684856,10.490248980967928,-2.0297119454660995
5205,test,0,0.3030637130141258,0.2680113598951651,2.4445472726382693,10.454222511567872,-2.0057751952406897
5206,test,0,0.2691225931048393,0.2680113598951651,2.4281996453903,10.418043156644057,-1.9851398016622164
5207,test,0,0.31154756993055344,0.2680113598951651,2.4125255183443413,10.381419360383703,-1.9655559017468294
5208,test,0,0.3287455588579178,0.4176061491013886,2.397510863426624,10.34449646708184,-1.9491778727851183
5209,test,0,0.3098888322710991,0.4176061491013886,2.3831409584167313,10.307393209770044,-1.931529719011499
5210,test,0,0.30120477080345154,0.4176061491013886,2.369406976127666,10.26999595861215,-1.9152381172506348
5211,test,0,0.2749026045203209,0.4176061491013886,2.3561789343212443,10.2323488525609,-1.9029719419463749
5212,test,0,0.284878171980381,0.4176061491013886,2.343421031778421,10.194581082006241,-1.8901047690482442
5213,test,0,0.3079868555068969,0.4176061491013886,2.3310902760461745,10.156674069025799,-1.8817382796624649
5214,test,0,0.30758280679583544,0.4544629773320001,2.3190071008587934,10.118577694657569,-1.8741746544866975
5215,test,0,0.3086731284856796,0.4544629773320001,2.3072456146964995,10.08050477506091,-1.8681981909049536
5216,test,0,0.3251619655638934,0.4544629773320001,2.295610226249597,10.042301465193809,-1.8647716971464134
5217,test,0,0.31238339096307755,0.4544629773320001,2.284124481296479,10.004021145283357,-1.85949986992779
5218,test,0,0.2897782735526562,0.4544629773320001,2.2728812051178133,9.965835717113906,-1.8558139016109172
5219,test,0,0.32461793534457684,0.4544629773320001,2.261689338012776,9.92739768426691,-1.8525035429082022
5220,test,0,0.296894557774067,0.4151562213925873,2.2507039736597334,9.88905039085441,-1.8478266335115656
5221,test,0,0.3248599283397198,0.4151562213925873,2.239852723380286,9.850701119193195,-1.8451520237513155
5222,test,0,0.3210252746939659,0.4151562213925873,2.229085097561621,9.812154394847898,-1.8408535113721405
5223,test,0,0.29497526306658983,0.4151562213925873,2.2185583171671497,9.77378095845495,-1.8374061192379203
5224,test,0,0.32155793346464634,0.4151562213925873,2.208058621996684,9.735162261685616,-1.8352954310141205
5225,test,0,0.2917189281433821,0.4151562213925873,2.1976796852995815,9.696576088125498,-1.8321400199516114
5226,test,0,0.3081468613818288,0.3751223008868008,2.1874063854958163,9.658103637978483,-1.8316241541538911
5227,test,0,0.28739096224308014,0.3751223008868008,2.177104727014132,9.619383508336655,-1.8297151889491017
5228,test,0,0.31604877673089504,0.3751223008868008,2.166986257173802,9.580905561501655,-1.827331502223124
5229,test,0,0.32617621682584286,0.3751223008868008,2.15688787003921,9.54222774491571,-1.8250754022517266
5230,test,0,0.2850604532286525,0.3751223008868008,2.146891567268911,9.503483504657607,-1.8211203133610285
5231,test,0,0.31302154995501036,0.3751223008868008,2.137092391057355,9.464925893007356,-1.8189017682471906
5232,test,0,0.28405620250850916,0.3429522926629241,2.127291953041954,9.4260705295046,-1.8168116377668377
5233,test,0,0.2817348046228289,0.3429522926629241,2.1176477602094756,9.387413419950661,-1.8151258386536493
5234,test,0,0.2599273957312107,0.3429522926629241,2.1080010901801916,9.348660340301528,-1.8147286772244648
5235,test,0,0.26212366763502365,0.3429522926629241,2.0983463029886877,9.309774149188641,-1.8131974665772297
5236,test,0,0.3278231220319867,0.3429522926629241,2.088831882710753,9.271141745362845,-1.812164274290812
5237,test,0,0.3013311326503754,0.3429522926629241,2.0792834873011428,9.232253988769113,-1.8110935080854256
5238,test,0,0.2753683216869831,0.3198906885787528,2.0698190315329072,9.193436334076083,-1.8094462575914507
5239,test,0,0.2721962872892618,0.3198906885787528,2.0603950921593333,9.154718808846999,-1.809886350331671
5240,test,0,0.269475519657135,0.3198906885787528,2.0508995453462995,9.115755674701342,-1.8098419734782838
5241,test,0,0.22085624560713765,0.3198906885787528,2.041496495904668,9.077079177544139,-1.8097625697520034
5242,test,0,0.30734159238636494,0.3198906885787528,2.032034696276732,9.038216811810667,-1.809590154013805
5243,test,0,0.3066068831831217,0.3198906885787528,2.022594175586785,8.999313106081841,-1.8079846686373586
5244,test,0,0.2761815013363957,0.2950570269871988,2.013264204671827,8.960636115097437,-1.8072337524417734
5245,test,0,0.23988444730639458,0.2950570269871988,2.003901005106502,8.921657093784434,-1.8057367464577971
5246,test,0,0.21532136015594006,0.2950570269871988,1.994685740048594,8.882898985331009,-1.8038208374544877
5247,test,0,0.2081519886851311,0.2950570269871988,1.9854890835461068,8.844028505170115,-1.8027144137279345
5248,test,0,0.2542520994320512,0.2950570269871988,1.976309464507717,8.805018584643335,-1.8007140093962979
5249,test,0,0.2725351797416807,0.2950570269871988,1.9672752092227195,8.766262408274464,-1.7997163926236621
5250,test,0,0.26000020932406187,0.27983448812306677,1.9582050628455132,8.727246575466067,-1.798895805239038
5251,test,0,0.2577348593622446,0.27983448812306677,1.9492207495084326,8.688345102607437,-1.797087848233663
5252,test,0,0.2291861418634653,0.27983448812306677,1.9403144062444346,8.649481756805258,-1.795151296104229
5253,test,0,0.22505269199609754,0.27983448812306677,1.9314482537604811,8.610365982604465,-1.791789144474256
5254,test,0,0.31828827597200865,0.27983448812306677,1.922816892443919,8.571519660119677,-1.7879615020259352
5255,test,0,0.18965599499642852,0.27983448812306677,1.914267689568088,8.532449113814723,-1.784460784186356
5256,test,0,0.16934424266219142,0.26314020382832504,1.9058616692794894,8.493314381858712,-1.7803480411132508
5257,test,0,0.28701940551400185,0.26314020382832504,1.897643725107242,8.454367952321912,-1.7773838815216143
5258,test,0,0.23736685141921043,0.26314020382832504,1.889473370115392,8.415107610678323,-1.7744093856565595
5259,test,0,0.22870858758687973,0.26314020382832504,1.8814871458134685,8.376070831882185,-1.7716477911045052
5260,test,0,0.22462367545813322,0.26314020382832504,1.873562922164117,8.336916013867365,-1.7695432101412332
5261,test,0,0.2258655484765768,0.26314020382832504,1.8656874973105693,8.29759258868688,-1.766829981428534
5262,test,0,0.1928449980914593,0.25029629177630786,1.8579969666891394,8.25855734639839,-1.7643188666807423
5263,test,0,0.20310227200388906,0.25029629177630786,1.8503505846892572,8.219231457573795,-1.7611363547827803
5264,test,0,0.16517779231071472,0.25029629177630786,1.8428674199429185,8.180004350789241,-1.7578389456896204
5265,test,0,0.30797176714986557,0.25029629177630786,1.8355005878138924,8.14079490345223,-1.755496367649039
5266,test,0,0.24722031876444814,0.25029629177630786,1.8281762833381787,8.101333978516372,-1.752608819107566
5267,test,0,0.23478349298238754,0.25029629177630786,1.8210579283795623,8.062179574501169,-1.748660745575137
5268,test,0,0.23491265624761584,0.2372670592953629,1.814069076113748,8.022791552666874,-1.7441228718694117
5269,test,0,0.23598662950098515,0.2372670592953629,1.8072399699472985,7.983354999808108,-1.7401677827074131
5270,test,0,0.31374314147979016,0.2372670592953629,1.8005994055816446,7.944067571371422,-1.7366563634450571
5271,test,0,0.20450983475893733,0.2372670592953629,1.794025008682099,7.904491836721343,-1.7343029884415655
5272,test,0,0.2903063064441085,0.2372670592953629,1.787566665394964,7.865147727903114,-1.7325740046118336
5273,test,0,0.2698552012443543,0.2372670592953629,1.7811683621638854,7.825698381603258,-1.730878892890617
5274,test,0,0.25797699484974146,0.2188251617809306,1.774795736654273,7.786093780292021,-1.7294865343810855
5275,test,0,0.24025581404566762,0.2188251617809306,1.7685466298427177,7.746778608996565,-1.7275569100545678
5276,test,0,0.22607344016432762,0.2188251617809306,1.7623375369109346,7.707186710007298,-1.7250277384332022
5277,test,0,0.23969524167478082,0.2188251617809306,1.7562488264811909,7.667709085832868,-1.722395341394944
5278,test,0,0.23973458632826808,0.2188251617809306,1.7502888650569752,7.628254212342171,-1.719261358760091
5279,test,0,0.22268374264240262,0.2188251617809306,1.7444073081701246,7.588556800581099,-1.7160740401563668
5280,test,0,0.23383385036140678,0.21352057900420568,1.7415418423180398,7.568852231320352,-1.7147538765044088
5281,test,0,0.31653626449406147,0.21352057900420568,1.7330879512354047,7.509526899461675,-1.710289466208003
5282,test,0,0.3031841237097978,0.21352057900420568,1.7275609588405187,7.469886883174454,-1.708711706805776
5283,test,0,0.26902609691023827,0.21352057900420568,1.7221216726631796,7.430393456401525,-1.706911446518689
5284,test,0,0.2561654634773731,0.21352057900420568,1.716707359526556,7.390638853261133,-1.7054748731694134
5285,test,0,0.24471206031739712,0.21352057900420568,1.7113746628642212,7.351131383074025,-1.704518909212397
5286,test,0,0.2380848824977875,0.20650674223087634,1.7060843935104713,7.3115072367265705,-1.7026959503863608
5287,test,0,0.2552081234753132,0.20650674223087634,1.7008458910295305,7.271779211160827,-1.7014320544189265
5288,test,0,0.2375038918107748,0.20650674223087634,1.6957064050239665,7.232278780826664,-1.699341831491914
5289,test,0,0.04189711809158325,0.20650674223087634,1.6906109381819203,7.192522204324869,-1.6972218714354375
5290,test,0,0.08265522960573435,0.20650674223087634,1.6856119052786565,7.152915017286169,-1.6957172815638932
5291,test,0,0.07356657646596432,0.20650674223087634,1.6806888450434025,7.113301095680643,-1.693437063475053
5292,test,0,0.07415051385760307,0.02889747976953421,1.6758229307389996,7.073491208005436,-1.6916491301123577
5293,test,0,0.07042667642235756,0.02889747976953421,1.6710693379283321,7.033951625609132,-1.6894625467729076
5294,test,0,0.07085471227765083,0.02889747976953421,1.6663818064442835,6.994194697546946,-1.687026141646651
5295,test,0,0.02799742855131626,0.02889747976953421,1.661777533531421,6.954463642877351,-1.6858842949332924
5296,test,0,0.022699782624840736,0.02889747976953421,1.6572516607475616,6.914851023234295,-1.683544658121965
5297,test,0,0.05486038140952587,0.02889747976953421,1.65277892264649,6.874989051507987,-1.681714858421088
5298,test,0,0.007725542411208153,0.045646959583957564,1.6483886229255962,6.835371123290206,-1.6807137391944942
5299,test,0,0.007637782022356987,0.045646959583957564,1.6440448526352407,6.79562477809852,-1.6788100155726169
5300,test,0,0.008559565525501966,0.045646959583957564,1.6397553331510093,6.75581215661484,-1.6781886470651093
5301,test,0,0.011469360440969467,0.045646959583957564,1.6355169208434688,6.716176889432809,-1.6767015165236872
5302,test,0,0.010481941513717175,0.045646959583957564,1.6313094551563099,6.676313318264587,-1.6754416252070365
5303,test,0,0.010693380609154701,0.045646959583957564,1.62714439599304,6.636609921661825,-1.675408180503884
5304,test,0,0.009084676392376426,0.028259583909727742,1.6230084470992765,6.596889116084871,-1.673945470180026
5305,test,0,0.00813977047801018,0.028259583909727742,1.6189076946585907,6.557039638829181,-1.6733433519134342
5306,test,0,0.023131305351853374,0.028259583909727742,1.6148565010631721,6.517374517268311,-1.6720164709028467
5307,test,0,0.024364364333450798,0.028259583909727742,1.610850448866805,6.4775332089980555,-1.6701469909593933
5308,test,0,0.017096202820539474,0.028259583909727742,1.6069049000055255,6.437756422285148,-1.6696431323214294
5309,test,0,0.009131676517426968,0.028259583909727742,1.6030152823525807,6.398059795157408,-1.6675595061289001
5310,test,0,0.008918759413063526,0.01258299743404278,1.5991818188109737,6.358154772637582,-1.6659599247887802
5311,test,0,0.004191663116216658,0.01258299743404278,1.5954132574475026,6.3184746879855,-1.664890152280186
5312,test,0,0.0135161392390728,0.01258299743404278,1.5917018935388418,6.278655310030426,-1.6627989222012496
5313,test,0,0.022081476636230946,0.01258299743404278,1.5880464919041557,6.238813361328971,-1.6626646049596674
5314,test,0,0.005929469596594572,0.01258299743404278,1.5844189063305534,6.199106217011016,-1.6613115549735034
5315,test,0,0.006292553152889013,0.01258299743404278,1.580822588781134,6.159186716092199,-1.6602267658946976
5316,test,0,0.00585996313020587,0.0071497582373046525,1.5772567534951076,6.119449604303673,-1.6604975931133195
5317,test,0,0.006939026992768049,0.0071497582373046525,1.5737103781380812,6.079660741194222,-1.6590956455077053
5318,test,0,0.024906327947974205,0.0071497582373046525,1.5702007266116098,6.039787295683951,-1.6588530619847288
5319,test,0,0.039406195282936096,0.0071497582373046525,1.5667207891830228,6.000060941950091,-1.6576571983898845
5320,test,0,0.03966410364955664,0.0071497582373046525,1.5632781403979041,5.9601620416483385,-1.6563759865197227
5321,test,0,0.04236436635255814,0.0071497582373046525,1.5598639919847477,5.9203600828068765,-1.6567824100297275
5322,test,0,0.023229239508509632,0.01884546271408688,1.5564727255244604,5.880603751245378,-1.6552875216742649
5323,test,0,0.009804554749280214,0.01884546271408688,1.5531209249600864,5.840694981828713,-1.654602772071862
5324,test,0,0.02963476814329624,0.01884546271408688,1.549799103461902,5.800951997906669,-1.6536678111465355
5325,test,0,0.007499353960156441,0.01884546271408688,1.5465327108622635,5.761085955952049,-1.6516061807981588
5326,test,0,0.012459232937544584,0.01884546271408688,1.5433258136949886,5.721236160440297,-1.6513829072781863
5327,test,0,0.007691504433751106,0.01884546271408688,1.5401529884856577,5.681477474208464,-1.6496442288780138
5328,test,0,0.005528636276721954,0.016165714887052044,1.5370371324490446,5.641528999294149,-1.6479933147288004
5329,test,0,0.0007696254178881628,0.016165714887052044,1.5339662785591817,5.601759452389896,-1.647640337828043
5330,test,0,0.023273224011063576,0.016165714887052044,1.5309491011681526,5.56192325736489,-1.6452630888200337
5331,test,0,0.024942665360867977,0.016165714887052044,1.5280120005312663,5.522040823433168,-1.6441841947033335
5332,test,0,0.025550910271704197,0.016165714887052044,1.5251317787119947,5.482258547403792,-1.6420061666874852
5333,test,0,0.010426012799143791,0.016165714887052044,1.522335930639265,5.442315453835762,-1.6394982641380336
5334,test,0,0.012322313617914915,0.017525667403779182,1.5196138470613871,5.40248633792557,-1.6389743730235027
5335,test,0,0.019486424513161182,0.017525667403779182,1.5169533047072692,5.362669926059334,-1.6362520655710584
5336,test,0,0.005742535926401615,0.017525667403779182,1.5143828685005363,5.322764524896115,-1.6350851707508334
5337,test,0,0.06158348359167575,0.017525667403779182,1.5118379288263386,5.28292162328106,-1.6342331585138337
5338,test,0,0.052715329453349107,0.017525667403779182,1.509338733869284,5.242994098814672,-1.6326252584344059
5339,test,0,0.04584825225174427,0.017525667403779182,1.5068711860165804,5.20311888889639,-1.6332555412012169
5340,test,0,0.05166947282850742,0.00633252461574984,1.5044034998393332,5.163285621639712,-1.632326694040931
5341,test,0,0.04808267578482628,0.00633252461574984,1.5019617529121858,5.123322086719177,-1.6321569511176146
5342,test,0,0.03517996892333031,0.00633252461574984,1.4994932107979062,5.083482390028976,-1.633023950954507
5343,test,0,0.039940886199474335,0.00633252461574984,1.4970365772722083,5.0435917622962885,-1.631699618543352
5344,test,0,0.03697455395013094,0.00633252461574984,1.4946166967812249,5.003697098461205,-1.6319434807601811
5345,test,0,0.0493776286020875,0.00633252461574984,1.4922026447397398,4.963862469962842,-1.6305017502004384
5346,test,0,0.08791282214224339,0.0071095392383917315,1.4898738084803778,4.923894917326955,-1.6277610460569698
5347,test,0,0.05233608186244964,0.0071095392383917315,1.4876219385679557,4.884050429882742,-1.6269021176953316
5348,test,0,0.05623506382107735,0.0071095392383917315,1.485460074981773,4.844200302641738,-1.6230335873113566
5349,test,0,0.05868908390402794,0.0071095392383917315,1.4834448296680258,4.804301611196648,-1.620386072448593
5350,test,0,0.046494755893945694,0.0071095392383917315,1.4815310208871353,4.7644244459461165,-1.6170815505187544
5351,test,0,0.05199073627591134,0.0071095392383917315,1.4797720614689827,4.724475754602316,-1.6125733322277291
5352,test,0,0.047151342034339905,0.007013753146845233,1.4781553640178815,4.684596979325838,-1.6105135880263945
5353,test,0,0.0523717887699604,0.007013753146845233,1.4766530304301906,4.644714119686584,-1.6064194351347163
5354,test,0,0.10606040060520172,0.007013753146845233,1.4753161937883028,4.604795511240671,-1.6032348257289064
5355,test,0,0.10909016430377962,0.007013753146845233,1.4740809067929863,4.5648544035255325,-1.6001984988799436
5356,test,0,0.10589501820504664,0.007013753146845233,1.4730084081473493,4.524927367710913,-1.5949791035269774
5357,test,0,0.11066184565424919,0.007013753146845233,1.4721222901352369,4.485045679007415,-1.5916486630793678
5358,test,0,0.1251436397433281,0.02317419788577683,1.4713996308210893,4.445125010107861,-1.5858604174960782
5359,test,0,0.1124042198061943,0.02317419788577683,1.4709381311010863,4.405204805211554,-1.5797932540925455
5360,test,0,0.12892767414450645,0.02317419788577683,1.4706639852146028,4.365275568505294,-1.5756516452940084
5361,test,0,0.233520956709981,0.02317419788577683,1.470592186430779,4.325346550957206,-1.569299455292459
5362,test,0,0.21139640733599663,0.02317419788577683,1.4707615051013578,4.28548622833839,-1.5647136731582287
5363,test,0,0.24415433779358864,0.02317419788577683,1.471107529401151,4.245503895518667,-1.5595264269042386
5364,test,0,0.24597288481891155,0.03451786686678474,1.4717001427059118,4.205587504970976,-1.552905697610768
5365,test,0,0.21020828187465668,0.03451786686678474,1.4724998920147458,4.165675079912748,-1.5486702760568483
5366,test,0,0.24759117327630517,0.03451786686678474,1.4735022136123685,4.125759991066039,-1.542628343211721
5367,test,0,0.23510154522955415,0.03451786686678474,1.4747467942557506,4.085861860701568,-1.5377071596913476
5368,test,0,0.23798112384974957,0.03451786686678474,1.4761352986758827,4.045876558123647,-1.5351087915942223
5369,test,0,0.22333252243697643,0.03451786686678474,1.4776247871356007,4.006008917991245,-1.5326986822952071
5370,test,0,0.14046638645231724,0.05722987136482725,1.4791487761412385,3.9660855884420703,-1.5331741603112572
5371,test,0,0.23393783904612062,0.05722987136482725,1.4806581923378335,3.9261595065855373,-1.532508978636062
5372,test,0,0.24332974664866922,0.05722987136482725,1.4822071662986058,3.886239900525085,-1.532613579377994
5373,test,0,0.2383618876338005,0.05722987136482725,1.483697060257185,3.846241442678198,-1.534556727127109
5374,test,0,0.23053784854710102,0.05722987136482725,1.4851462605962318,3.8063567310218334,-1.5348371872405213
5375,test,0,0.22720596380531785,0.05722987136482725,1.4865497578857687,3.7664178010496228,-1.5373074757697882
5376,test,0,0.20596801489591599,0.08046309864763601,1.487838674545694,3.7264645951038142,-1.5391628560674375
5377,test,0,0.20694786682724953,0.08046309864763601,1.4890955940073967,3.686502995663822,-1.540118507122102
5378,test,0,0.04838620871305466,0.08046309864763601,1.4902749408814004,3.646520085665475,-1.5427157117505566
5379,test,0,0.05334530584514141,0.08046309864763601,1.4913882323320413,3.6066127424077723,-1.5429316309317982
5380,test,0,0.052425261586904526,0.08046309864763601,1.4925020785345195,3.566660747376622,-1.5437421593936163
5381,test,0,0.024714531376957893,0.08046309864763601,1.4935499628732691,3.526657545418037,-1.5453081154093489
5382,test,0,0.01770477555692196,0.007951243349080362,1.4945708487166782,3.4867344495584964,-1.5458656119317291
5383,test,0,0.012340106070041656,0.007951243349080362,1.4955145891271773,3.446754556753075,-1.5492186949227664
5384,test,0,0.007668726146221161,0.007951243349080362,1.4963297353822982,3.4068267435135082,-1.551329083427916
5385,test,0,0.005982328206300732,0.007951243349080362,1.4970751351200797,3.3668284274985267,-1.5537231221750247
5386,test,0,0.003488963469862938,0.007951243349080362,1.4976846108697557,3.3268016578021844,-1.5571076362036518
5387,test,0,0.009120981208980083,0.007951243349080362,1.4982438363042547,3.2868920931749623,-1.556696019411999
5388,test,0,0.006083761341869831,0.015119325695435636,1.498811117090408,3.246929527493011,-1.5571111538234177
5389,test,0,0.06276844907552004,0.015119325695435636,1.499373179687002,3.2069778838657244,-1.555880609776142
5390,test,0,0.059655900113284595,0.015119325695435636,1.5000282868961852,3.1670141459251178,-1.553392676680128
5391,test,0,0.03697124309837819,0.015119325695435636,1.500730527234946,3.1270344120700555,-1.5535917445967906
5392,test,0,0.05452815257012844,0.015119325695435636,1.501443799102283,3.0871502230371175,-1.5524512408223485
5393,test,0,0.05424111522734166,0.015119325695435636,1.5021815188002077,3.047177486853042,-1.553234461957578
5394,test,0,0.04822934977710246,0.006470106147304696,1.5028528334637412,3.007205658292975,-1.5543620021966098
5395,test,0,0.0036797127686440945,0.006470106147304696,1.5035264976341545,2.9672517892756565,-1.5538127379572149
5396,test,0,0.00867927260696888,0.006470106147304696,1.5041903108535504,2.9272709816593188,-1.5551785010460917
5397,test,0,0.002572808414697647,0.006470106147304696,1.5048128693586371,2.887366093419867,-1.5551224124802019
5398,test,0,0.0010894350707530958,0.006470106147304696,1.505443199555733,2.847370336968476,-1.5558861444292003
5399,test,0,0.005604381789453328,0.006470106147304696,1.5059908481906215,2.8073530748347686,-1.5581689253597384
5400,test,0,0.00820746086537838,0.010713617931949799,1.5065090520530773,2.767448753755187,-1.5579340504205248
5401,test,0,0.013681517913937569,0.010713617931949799,1.507013620763651,2.727471767108522,-1.559042383240435
5402,test,0,0.002585075097158551,0.010713617931949799,1.5074812736747278,2.6875373075195217,-1.558716810703259
5403,test,0,0.002584512811154127,0.010713617931949799,1.5079913711454802,2.647549583082198,-1.5579569642165292
5404,test,0,0.013165587559342384,0.010713617931949799,1.5084893648148905,2.607556123416131,-1.5588337786588988
5405,test,0,0.019394061528146267,0.010713617931949799,1.5090008687974523,2.56766004288933,-1.5572241648765428
5406,test,0,0.013726874720305204,0.012278198951495,1.5095735922064202,2.5277027427697902,-1.556299358278178
5407,test,0,0.032408542931079865,0.012278198951495,1.5101775753350515,2.487747942052307,-1.5546379895003009
5408,test,0,0.032725920900702477,0.012278198951495,1.5108982663667003,2.4477967631186575,-1.5511509677391744
5409,test,0,0.02899836376309395,0.012278198951495,1.5117206222242197,2.4078423750671303,-1.549677843219583
5410,test,0,0.04992850590497255,0.012278198951495,1.5126239894261986,2.3679452537547228,-1.5463735015760447
5411,test,0,0.055607606656849384,0.012278198951495,1.5136718881948144,2.328007138779772,-1.5437093998173665
5412,test,0,0.06814392283558846,0.010913446942079517,1.514788982915919,2.2880191109214216,-1.5417934488434775
5413,test,0,0.08450968004763125,0.010913446942079517,1.5160485996167044,2.248158880301433,-1.5368785893134511
5414,test,0,0.0808779988437891,0.010913446942079517,1.5174716140076612,2.2082503278637673,-1.5340961072790058
5415,test,0,0.0945949126034975,0.010913446942079517,1.5190066458611022,2.1683414542764186,-1.5299626333382998
5416,test,0,0.11391939967870712,0.010913446942079517,1.5207452675243154,2.128459462287378,-1.5253669978684634
5417,test,0,0.11362447217106819,0.010913446942079517,1.5226231915471369,2.088522208476181,-1.5221898021317182
5418,test,0,0.12481993436813356,0.018324962312231064,1.524670264739345,2.0486768940854225,-1.5165607606704978
5419,test,0,0.07661573775112629,0.018324962312231064,1.5269284855699194,2.008839744990885,-1.5127228342514172
5420,test,0,0.07540769502520561,0.018324962312231064,1.5293212470820285,1.9688986445489767,-1.5088059804388172
5421,test,0,0.08025229908525944,0.018324962312231064,1.5319139857028516,1.9291113468776115,-1.5036770891227191
5422,test,0,0.04679091274738312,0.018324962312231064,1.5346500546335242,1.8892604004546176,-1.501034862625095
5423,test,0,0.058963142335414886,0.018324962312231064,1.5375117253148598,1.8494083368628538,-1.4965374112591103
5424,test,0,0.05357728339731693,0.037611652325004484,1.5405668575547609,1.80964669764373,-1.4927148015225011
5425,test,0,0.017172176390886307,0.037611652325004484,1.5437453392387672,1.7697389915568928,-1.4897298664777132
5426,test,0,0.024529447779059417,0.037611652325004484,1.5470866579223437,1.7299925340387903,-1.484701621347429
5427,test,0,0.01783229224383831,0.037611652325004484,1.5488176606965682,1.71014956610655,-1.4832986506014156
5428,test,0,0.10317819006741048,0.037611652325004484,1.5541966232608313,1.6504114059481434,-1.477522899364145
5429,test,0,0.09576872736215591,0.037611652325004484,1.5580234771860062,1.6107392840809402,-1.472788140095561
5430,test,0,0.13431794755160806,0.06367480537971287,1.5620071591548887,1.5709439046548246,-1.469189285522751
5431,test,0,0.17292898520827293,0.06367480537971287,1.5661659483003676,1.5312140462743455,-1.463477091303273
5432,test,0,0.16663689538836476,0.06367480537971287,1.5705305835048924,1.4916026758834764,-1.459039344877778
5433,test,0,0.2666477132588625,0.06367480537971287,1.575089380921831,1.4517868436820784,-1.453975195440756
5434,test,0,0.25882326811552053,0.06367480537971287,1.5798853614047252,1.4122575961524038,-1.447149368445759
5435,test,0,0.2842413056641817,0.06367480537971287,1.5849137711223382,1.372642643137331,-1.4419400171806134
5436,test,0,0.28914491832256317,0.1067467674243649,1.5901641549620826,1.332974786175157,-1.4353679097319312
5437,test,0,0.30380138009786606,0.1067467674243649,1.5956732230232513,1.2935299100745383,-1.4297827393869316
5438,test,0,0.32067480124533176,0.1067467674243649,1.6013917660685477,1.2538860507375214,-1.4251592635016759
5439,test,0,0.320298820734024,0.1067467674243649,1.607299481550652,1.2144107460499185,-1.4196208037693663
5440,test,0,0.32055316120386124,0.1067467674243649,1.613388987757569,1.174990346616079,-1.415743122555143
5441,test,0,0.3220570255070925,0.1067467674243649,1.6196533287245358,1.135359465270047,-1.4116691899968863
5442,test,0,0.3237845059484244,0.05462959001718279,1.626058160065249,1.0960799603974583,-1.4074840803768123
5443,test,0,0.31674725748598576,0.05462959001718279,1.6326294073602425,1.0566100300338404,-1.4041458797539512
5444,test,0,0.3067351840436459,0.05462959001718279,1.6393426339984623,1.0171492148131194,-1.3995996365754122
5445,test,0,0.31780755519866943,0.05462959001718279,1.6462122188194406,0.9779117133174229,-1.3955428011999649
5446,test,0,0.31969209015369415,0.05462959001718279,1.653282650976971,0.938427587471193,-1.3912485617440564
5447,test,0,0.3227451927959919,0.05462959001718279,1.6604988125690834,0.8992366171265825,-1.3861702664940574
5448,test,0,0.32198987342417235,0.0813357988548942,1.667916233898287,0.8599797408440877,-1.3820982537247684
5449,test,0,0.29042474552989006,0.0813357988548942,1.6754959362043718,0.8205951958785411,-1.3778416167950238
5450,test,0,0.32112076319754124,0.0813357988548942,1.6832105394415342,0.7815649872449266,-1.37430070622233
5451,test,0,0.30702515505254263,0.0813357988548942,1.6910936142740336,0.7422705163377168,-1.3712432357279816
5452,test,0,0.3278964273631573,0.0813357988548942,1.6990630796418418,0.70313903165649,-1.3681631045619993
5453,test,0,0.3169663418084383,0.0813357988548942,1.7071408821381338,0.6640565762856128,-1.366162615223672
5454,test,0,0.30990254133939743,0.24289620364209225,1.7153085737669302,0.6247353982109466,-1.366038595948024
5455,test,0,0.3173359874635935,0.24289620364209225,1.7233949321503148,0.5857433294800626,-1.3672421134676973
5456,test,0,0.3063136953860521,0.24289620364209225,1.7314427271847517,0.5465030566274393,-1.3702269472583746
5457,test,0,0.323181914165616,0.24289620364209225,1.739351913434637,0.5072310630402341,-1.3733608615130253
5458,test,0,0.3222846407443285,0.24289620364209225,1.747100691469332,0.46809442830950143,-1.3775097347270613
5459,test,0,0.30333211459219456,0.24289620364209225,1.7547274705642384,0.4286487631774655,-1.3821660067946524
5460,test,0,0.2909871805459261,0.42705307631973216,1.762131452050285,0.3894381842470137,-1.3861452892570225
5461,test,0,0.3035845030099154,0.42705307631973216,1.7693833707400217,0.3500864189949984,-1.3912856455377516
5462,test,0,0.2893757950514555,0.42705307631973216,1.7764418046196069,0.31057793388322685,-1.3958512244392722
5463,test,0,0.305442625656724,0.42705307631973216,1.783283216750882,0.2712850379030701,-1.401310364528361
5464,test,0,0.29893658496439457,0.42705307631973216,1.7899395549268058,0.23169922461072018,-1.407317789412248
5465,test,0,0.3106348235160112,0.42705307631973216,1.7963562025620792,0.19224348084232137,-1.4119034543924474
5466,test,0,0.3141013775020838,0.6317182163173327,1.8025801813650746,0.15277205671521463,-1.4169587402930726
5467,test,0,0.31314329244196415,0.6317182163173327,1.8086468338124346,0.11310524562919694,-1.4204662651588633
5468,test,0,0.3011102918535471,0.6317182163173327,1.814578148780258,0.07369262119912949,-1.4230348713745369
5469,test,0,0.2843719143420458,0.6317182163173327,1.8204269594852904,0.03405789830477874,-1.4256692787990353
5470,test,0,0.311437064781785,0.6317182163173327,1.8261919534635993,-0.005529411417735308,-1.4267911224698124
5471,test,0,0.31947837583720684,0.6317182163173327,1.8318698216229732,-0.04502291263832783,-1.4295277172053646
5472,test,0,0.32040570117533207,0.8454328335663089,1.8374664219291836,-0.08476452582630868,-1.432068065267454
5473,test,0,0.3009248096495867,0.8454328335663089,1.8429643899591484,-0.12425337439013831,-1.4340180802952789
5474,test,0,0.31731257773935795,0.8454328335663089,1.8483594151965064,-0.1639027122371947,-1.4372537462361525
5475,test,0,0.30856509320437914,0.8454328335663089,1.8536493505286793,-0.20358421303017774,-1.4389453012210045
5476,test,0,0.3037406317889691,0.8454328335663089,1.8588460280609869,-0.24313717522897668,-1.4418849162303158
5477,test,0,0.30463652126491075,0.8454328335663089,1.8639403344465417,-0.28292468981919544,-1.444984541680466
5478,test,0,0.3014323133975267,1.0648227348708246,1.8689319362179813,-0.3225101275701045,-1.4466233861439728
5479,test,0,0.3011909443885088,1.0648227348708246,1.8738191767199377,-0.36217681497991694,-1.450032661879524
5480,test,0,0.3019956368952989,1.0648227348708246,1.878588132346164,-0.40192884739187934,-1.4521180983337816
5481,test,0,0.2970687877386808,1.0648227348708246,1.8832735951718425,-0.44154841160644975,-1.4548291475448756
5482,test,0,0.2679920103400946,1.0648227348708246,1.8878534596300092,-0.4813563284368657,-1.4576159568990168
5483,test,0,0.33486069180071354,1.0648227348708246,1.892359979735063,-0.5210410186374437,-1.4581236576863361
5484,test,0,0.3154538255184889,1.2901590869368,1.8968101438306368,-0.5607089617270014,-1.4603241102040223
5485,test,0,0.26183514669537544,1.2901590869368,1.901194159408973,-0.6005258399004131,-1.461408752044174
5486,test,0,0.3249748181551695,1.2901590869368,1.9055689228691228,-0.6401648265112939,-1.4612567060734234
5487,test,0,0.29723425861448055,1.2901590869368,1.9099307083123258,-0.6799382672392661,-1.461982556880617
5488,test,0,0.29198002349585295,1.2901590869368,1.9142936959735046,-0.7196703365618276,-1.460457805216887
5489,test,0,0.2797548677772284,1.2901590869368,1.9187096793197203,-0.7593053517936562,-1.4597685734592374
5490,test,0,0.012910565361380577,0.03769305260533729,1.9231749301390877,-0.7991344315128533,-1.458142120800067
5491,test,0,0.176319376565516,0.03769305260533729,1.9277482312342196,-0.8387199173497124,-1.4544056810770496
5492,test,0,0.30341712571680546,0.03769305260533729,1.9324306637460011,-0.878392912579391,-1.4523701555660602
5493,test,0,0.29186306800693274,0.03769305260533729,1.937207399374133,-0.9181096264590727,-1.449269896273025
5494,test,0,0.20424468722194433,0.03769305260533729,1.9420946325949022,-0.9576727965960067,-1.447505482999204
5495,test,0,0.27167084626853466,0.03769305260533729,1.9470417886083415,-0.9974241031332141,-1.44656408515469
5496,test,0,0.17133532464504242,0.2207680188043976,1.9520436187600696,-1.0370170466388962,-1.4441756185776538
5497,test,0,0.17737764306366444,0.2207680188043976,1.9571028559404244,-1.0766038138184186,-1.4434267971588302
5498,test,0,0.22395277582108977,0.2207680188043976,1.9622165456682175,-1.116343673722909,-1.4417111093361776
5499,test,0,0.23497136868536472,0.2207680188043976,1.9674089793691538,-1.1558440876432376,-1.439558810884429
5500,test,0,0.31354184448719025,0.2207680188043976,1.9726721131621452,-1.1955088936182063,-1.4381545058180647
5501,test,0,0.32095364481210714,0.2207680188043976,1.9780312807088762,-1.235125516885276,-1.434153372204052
5502,test,0,0.27282697707414627,0.45502271289656343,1.983526101373381,-1.2745981434007059,-1.4309832130425817
5503,test,0,0.3252097703516483,0.45502271289656343,1.989175243072446,-1.3142916945164904,-1.4274831772793777
5504,test,0,0.30171269364655023,0.45502271289656343,1.9949885035785204,-1.3537130057198525,-1.4221519642377372
5505,test,0,0.30833594128489494,0.45502271289656343,2.0009942616164014,-1.3931968002030835,-1.4174083045041683
5506,test,0,0.2750207185745239,0.45502271289656343,2.0072161771701533,-1.4327484223809097,-1.4109725596804075
5507,test,0,0.330167792737484,0.45502271289656343,2.0136886616202236,-1.472025390230604,-1.4046560816674207
5508,test,0,0.3229336552321911,0.6926015908544622,2.020444106280158,-1.5114968251678353,-1.3973092538955907
5509,test,0,0.3241073116660118,0.6926015908544622,2.0275010000332725,-1.5507733499076577,-1.3884050782602748
5510,test,0,0.3290632665157318,0.6926015908544622,2.03490981593217,-1.5899209636559086,-1.3790046592062517
5511,test,0,0.32807864993810654,0.6926015908544622,2.042745575457512,-1.629256886176082,-1.367819006113465
5512,test,0,0.3351162150502205,0.6926015908544622,2.051004776120871,-1.668113309834345,-1.3546153862530188
5513,test,0,0.3214046284556389,0.6926015908544622,2.0598551282901627,-1.7070436553280919,-1.3395053882376995
5514,test,0,0.31989094614982605,0.9313485814764865,2.0693011877922927,-1.7458743560381496,-1.3238227031189551
5515,test,0,0.328229695558548,0.9313485814764865,2.0793245782960783,-1.7843090892859352,-1.3077757004634083
5516,test,0,0.31842612475156784,0.9313485814764865,2.0900499520714058,-1.822858847871822,-1.2904356940356356
5517,test,0,0.32783424109220505,0.9313485814764865,2.1013657342953804,-1.860955315218477,-1.2733396272341424
5518,test,0,0.3134692758321762,0.9313485814764865,2.1133857312569386,-1.8989207210416943,-1.25509770982776
5519,test,0,0.34646323323249817,0.9313485814764865,2.126100718322412,-1.9367774873163128,-1.2388315776591114
5520,test,0,0.321958489716053,1.1704082604947168,2.1394025520313176,-1.9742301298093012,-1.2194743035913485
5521,test,0,0.329453244805336,1.1704082604947168,2.153525087792083,-2.011499635330886,-1.1977208105270307
5522,test,0,0.3290001228451729,1.1704082604947168,2.1684349191824372,-2.0484343927241655,-1.1761996156614907
5523,test,0,0.313843309879303,1.1704082604947168,2.1841623443781057,-2.084928953313246,-1.1515447632895572
5524,test,0,0.3326653689146042,1.1704082604947168,2.2007718465475774,-2.1210322386353715,-1.1284090548543664
5525,test,0,0.3103005737066269,1.1704082604947168,2.218281920270467,-2.1569022576347057,-1.1044913399329142
5526,test,0,0.310575932264328,1.4063547605933688,2.2366012367619574,-2.1920940578952837,-1.077727031312337
5527,test,0,0.31423942744731903,1.4063547605933688,2.255852678336962,-2.226878450130008,-1.0531430084226565
5528,test,0,0.3161030113697052,1.4063547605933688,2.27603525443525,-2.2613923032229195,-1.0289916081226806
5529,test,0,0.11627495288848877,1.4063547605933688,2.2968742755180336,-2.295087157567262,-1.0052146862937748
5530,test,0,0.32741057872772217,1.4063547605933688,2.3186481844046516,-2.3285213902963715,-0.9819451142835715
5531,test,0,0.09249095618724826,1.4063547605933688,2.3411334566010735,-2.3613834469071726,-0.9582579252803572
5532,test,0,0.10199432075023651,0.11867211142973898,2.3643595557183215,-2.393562055726805,-0.9328963341919494
5533,test,0,0.3082297742366791,0.11867211142973898,2.388531359776207,-2.4253141822887705,-0.9074385829553504
5534,test,0,0.11145052313804626,0.11867211142973898,2.4133529014651627,-2.4563052949133968,-0.8836167318850338
5535,test,0,0.11128293722867966,0.11867211142973898,2.4389716699028865,-2.4867801645690024,-0.860162365984783
5536,test,0,0.10044112801551819,0.11867211142973898,2.465263779548778,-2.5166835768844273,-0.8393169889516344
5537,test,0,0.0990058109164238,0.11867211142973898,2.4921374482714738,-2.545983658870028,-0.8181448460505939
5538,test,0,0.106916643679142,0.11867211142973898,2.519629676443387,-2.5747324477848514,-0.798324164051305
5539,test,0,0.0940982773900032,0.021580379255890656,2.54774318946544,-2.6030279005185304,-0.7784955323220356
5540,test,0,0.08176881074905396,0.021580379255890656,2.576369121536052,-2.6306633146697327,-0.7577020288451091
5541,test,0,0.20063535869121552,0.021580379255890656,2.5840490042219506,-2.649207697329066,-0.6404443987669171
5542,test,0,0.31988613307476044,0.01735372112171288,2.5946552511735734,-2.666191412943307,-0.495834712142733
5543,test,0,0.08722849935293198,0.01735372112171288,2.606889605407138,-2.680847339850944,-0.3625559306600275
5544,test,0,0.05555237829685211,0.04197736364449456,2.619679481289713,-2.6974541581499163,-0.24003206181910905
5545,test,0,0.06461656838655472,0.04197736364449456,2.619619302188192,-2.7409735782223272,-0.24254278403770882
5546,test,0,0.0761948823928833,0.04197736364449456,2.6193964962012863,-2.7272072051884972,-0.24630216040893657
5547,test,0,0.0665769875049591,0.04197736364449456,2.6191109095043204,-2.7417194640103784,-0.24699570182232541
5548,test,0,0.07561695575714111,0.04197736364449456,2.618918471180795,-2.7446496167744354,-0.24997111772179786
5549,test,0,0.06615018099546432,0.04059971348026713,2.622871831652026,-2.748201672016818,-0.019587811215029907
5550,test,0,0.13806374371051788,0.04059971348026713,2.649580167996938,-2.748405135078453,0.0005349652327109677
5551,test,0,0.3957823812961579,0.04059971348026713,2.6498516985225713,-2.7483102863007236,2.4087215356912254e-07
5552,test,0,0.37448132038116455,0.04059971348026713,2.6498510475879513,-2.7483160310528674,1.3451329504811394e-06
5553,test,0,0.3862421959638595,0.04059971348026713,2.6498519392749467,-2.748289736677564,7.247630833149072e-08
5554,test,0,0.38578731566667557,0.04059971348026713,2.6498514812136094,-2.7482687010816944,1.9506038475096158e-06
5555,test,0,0.3907506540417672,0.04059971348026713,2.649851775533907,-2.7482733674921835,-3.1548406813841815e-06
5556,test,0,0.38642482459545135,0.04059971348026713,2.6498476322546893,-2.7482254807190576,1.633601562660179e-05
5557,test,0,0.390497237443924,0.04059971348026713,2.6498511494444457,-2.7482162157446792,-1.2646113818824512e-06
5558,test,0,0.4027135819196701,0.04059971348026713,2.6498479187447916,-2.7481939622236617,3.0208813220289187e-05
5559,test,0,0.3979828208684921,0.04059971348026713,2.64985119862825,-2.748145473312996,1.3880641993387594e-05
5560,test,0,0.3822450563311577,0.04059971348026713,2.6498520462418202,-2.7481422004365914,-4.969300598209739e-08
5561,test,0,0.3822356835007667,0.04059971348026713,2.6498517268838753,-2.7481358438691528,2.0606921032105214e-06
5562,test,0,0.38801922649145126,0.04059971348026713,2.649851291533995,-2.748100261136187,2.9685689988780927e-07
5563,test,0,0.38650375604629517,0.04059971348026713,2.649851424610567,-2.7480739661037425,-2.0625983291191104e-08
5564,test,0,0.3742072209715843,0.04059971348026713,2.649819801122664,-2.7480511488498482,0.00016388569431382308
5565,test,0,0.38905605673789984,0.04059971348026713,2.649852225147058,-2.7480223622546527,-6.956971470511568e-08
5566,test,0,0.3828196451067925,0.04059971348026713,2.6498522953689347,-2.7480223670098827,-2.192344155432329e-08
5567,test,0,0.37780252844095225,0.04059971348026713,2.6498508362942945,-2.747990295409,8.804348100903456e-07
5568,test,0,0.38677055388689036,0.04059971348026713,2.649852268868714,-2.747979304804956,-8.159904767892532e-08
5569,test,0,0.390630342066288,0.04059971348026713,2.6498495276251344,-2.7479743259860943,-3.248084619103212e-06
5570,test,0,0.38675108551979065,0.04059971348026713,2.6498522612052415,-2.7479877875507364,-9.21881296260205e-08
5571,test,0,0.38223692774772644,0.04059971348026713,2.6498523734198773,-2.747986954754382,-6.285575495145387e-08
5572,test,0,0.3971448764204979,0.04059971348026713,2.6498520126904856,-2.7480122340204765,2.8322960987981316e-06
5573,test,0,0.38025629520416265,0.04059971348026713,2.649851704011217,-2.7479548726736183,1.772125178247467e-07
5574,test,0,0.3865522593259811,0.04059971348026713,2.649851029196991,-2.7479575718458253,1.1688486061496631e-07
5575,test,0,0.3837775811553002,0.04059971348026713,2.649850780146711,-2.7479336870421402,8.857013227840818e-06
5576,test,0,0.3690018877387047,0.04059971348026713,2.649851744688313,-2.747913653825215,-2.7023165305716723e-06
5577,test,0,0.3712636530399322,0.04059971348026713,2.6498504447509728,-2.747916787194346,1.0054886162353457e-05
5578,test,0,0.37600800395011896,0.04059971348026713,2.649849915455697,-2.747863941095717,8.495415511450382e-06
5579,test,0,0.36610908061265945,0.04059971348026713,2.6498501915205632,-2.7478575858145935,5.184257045584942e-06
5580,test,0,0.3951738774776459,0.04059971348026713,2.649851487009057,-2.7478398597033693,3.779880440513444e-06
5581,test,0,0.3945607393980026,0.04059971348026713,2.6498490506820023,-2.7477869953780116,8.034491516145384e-06
5582,test,0,0.37209781259298325,0.04059971348026713,2.6498513729694757,-2.7477741838727137,-7.035013005896164e-07
5583,test,0,0.39510148763656616,0.04059971348026713,2.649850080044627,-2.747741170100198,-3.16821583293458e-06
5584,test,0,0.4014315530657768,0.04059971348026713,2.649851541329389,-2.7477072149093984,5.947751304326267e-07
5585,test,0,0.3731603920459748,0.04059971348026713,2.6498533657337746,-2.7476833804764427,3.925177856587944e-06
5586,test,0,0.4022625982761383,0.04059971348026713,2.649778860108744,-2.747658443326265,0.00031969473134390935
5587,test,0,0.3868062198162079,0.04059971348026713,2.6498521728233757,-2.7476327402922767,-9.11838680422066e-08
5588,test,0,0.38228146731853485,0.04059971348026713,2.649852246238852,-2.747632645280358,-2.206765976308665e-08
5589,test,0,0.40162256360054016,0.04059971348026713,2.649849576088726,-2.747603735520833,-1.4261684174646769e-06
5590,test,0,0.3822995722293853,0.04059971348026713,2.649852102547564,-2.7475875817020774,-1.0387179159283434e-07
5591,test,0,0.40204487740993494,0.04059971348026713,2.6498506781374274,-2.7475817315617705,-1.0385740575077321e-05
5592,test,0,0.3822540193796158,0.04059971348026713,2.6498522695355984,-2.7475851379875706,-9.645306506266294e-08
5593,test,0,0.3867344856262207,0.04059971348026713,2.6498523837711034,-2.747584297123452,-5.5627116269426605e-08
5594,test,0,0.3857457786798477,0.04059971348026713,2.6498513086028606,-2.7476058480319376,1.3111649651242785e-07
5595,test,0,0.4048210456967354,0.04059971348026713,2.6498528642364367,-2.7475554914323177,6.502375757653925e-06
5596,test,0,0.3733966499567032,0.04059971348026713,2.6498513296030004,-2.747556705545185,6.6863870961565e-08
5597,test,0,0.38934083282947535,0.04059971348026713,2.6498510789978003,-2.7475376233881055,1.0152252446105365e-05
5598,test,0,0.3988492488861084,0.04059971348026713,2.649850095740269,-2.7475109923741914,3.2774972280538455e-06
5599,test,0,0.386963739991188,0.04059971348026713,2.6498509035830984,-2.74751222967337,-3.396859045276818e-07
5600,test,0,0.4011322557926178,0.04059971348026713,2.649850715838841,-2.747459343272715,7.028914392191204e-06
5601,test,0,0.3708901405334473,0.04059971348026713,2.6498511686649255,-2.747447407635232,1.7760676629656722e-06
5602,test,0,0.38745297491550446,0.04059971348026713,2.6498520668789927,-2.747431662167422,-2.9403139590038806e-06
5603,test,0,0.39577644318342214,0.04059971348026713,2.649851525586548,-2.7473809295482976,-3.7464497716949704e-08
5604,test,0,0.39624738693237305,0.04059971348026713,2.6498519202464905,-2.747371899502256,-1.031026486325673e-06
5605,test,0,0.382075272500515,0.04059971348026713,2.6498504297939625,-2.7473357239740017,-7.113566306616162e-06
5606,test,0,0.35896914452314377,0.04059971348026713,2.6498508426149288,-2.7473023951319253,3.127455946606053e-06
5607,test,0,0.38681144267320633,0.04059971348026713,2.649852323108377,-2.747296276084937,1.2297141412644405e-08
5608,test,0,0.38681563735008234,0.04059971348026713,2.6498282924070913,-2.7472701265938158,0.00013332784347128585
5609,test,0,0.3868229240179062,0.04059971348026713,2.6498521122515926,-2.747242330583721,-8.491113316625321e-08
5610,test,0,0.38680748641490936,0.04059971348026713,2.6498522017058663,-2.7472422842215565,-5.793416338209507e-09
5611,test,0,0.395522989332676,0.04059971348026713,2.649850441649717,-2.747215939277804,-9.459950184119076e-07
5612,test,0,0.3868242055177688,0.04059971348026713,2.6498522928445962,-2.7472009129542307,-9.569018391445604e-08
5613,test,0,0.3823303058743477,0.04059971348026713,2.649850625785557,-2.7471947510316905,5.655931122241031e-06
5614,test,0,0.3862283378839493,0.04059971348026713,2.6498523172707458,-2.747194741868819,-9.39784300081935e-08
5615,test,0,0.3823120892047882,0.04059971348026713,2.6498524435586885,-2.747193783643312,-8.047568157297142e-08
5616,test,0,0.3868173584342003,0.04059971348026713,2.649848817178954,-2.747212635351271,-4.2907702890022105e-06
5617,test,0,0.3948049247264862,0.04059971348026713,2.649851661542429,-2.7471634281880513,-2.8768091844550425e-08
5618,test,0,0.3985652029514313,0.04059971348026713,2.6498516358016135,-2.747163254115083,2.069079025055549e-06
5619,test,0,0.38829705119132996,0.04059971348026713,2.6498512153757647,-2.747146620489115,5.84604975502726e-06
5620,test,0,0.37758517265319824,0.04059971348026713,2.6498514900541394,-2.7471221342697016,7.832616631361706e-08
5621,test,0,0.393953375518322,0.04059971348026713,2.6498487968476967,-2.747123615851159,-4.6691978597942705e-06
5622,test,0,0.37295375764369965,0.04059971348026713,2.6498533514349205,-2.7470728760657432,1.0223648679403483e-06
5623,test,0,0.3675180748105049,0.04059971348026713,2.6498514745006156,-2.747063300923715,2.401681183676127e-07
5624,test,0,0.3851250037550926,0.04059971348026713,2.6498499568196388,-2.747050377781038,4.071141227799492e-06
5625,test,0,0.3998405784368515,0.04059971348026713,2.6498518239435103,-2.746996026841492,-1.932905638736953e-06
5626,test,0,0.3997686356306076,0.04059971348026713,2.649852306060962,-2.7469847768245756,-6.723006748324105e-06
5627,test,0,0.3826025575399398,0.04059971348026713,2.649848043912917,-2.7469545786876735,2.1835505650640666e-05
5628,test,0,0.37707135826349253,0.04059971348026713,2.6498514369129893,-2.746922547049764,6.583802688274824e-08
5629,test,0,0.3733462244272232,0.04059971348026713,2.649852883972136,-2.7469004981684466,1.664225681565388e-06
5630,test,0,0.3820496127009392,0.04059971348026713,2.6498248604809795,-2.7468743896886707,0.0001482879192129883
5631,test,0,0.38684020936489105,0.04059971348026713,2.649852097913322,-2.7468491451886012,-8.720571983158448e-08
5632,test,0,0.38235127180814743,0.04059971348026713,2.6498521805473105,-2.7468490988706664,-1.8344254837236945e-08
5633,test,0,0.38015803694725037,0.04059971348026713,2.6498377951575978,-2.7468177428330565,5.2789721220288365e-05
5634,test,0,0.38235343992710114,0.04059971348026713,2.649852214835417,-2.746801679311711,-9.663768937074348e-08
5635,test,0,0.38234511762857437,0.04059971348026713,2.649850611647169,-2.746795434242763,7.6203636625581155e-06
5636,test,0,0.40200062096118927,0.04059971348026713,2.649852089934559,-2.7467755625025885,-7.646957783106817e-08
5637,test,0,0.384483627974987,0.04059971348026713,2.649852324631151,-2.746771546442414,-6.230523834229924e-08
5638,test,0,0.38881784677505493,0.04059971348026713,2.6498503968921794,-2.7467904679017083,-1.5606668638521662e-07
5639,test,0,0.3868400305509567,0.04059971348026713,2.6498521129099113,-2.7467832195725923,-1.160754752620148e-08
5640,test,0,0.3868035823106765,0.04059971348026713,2.6498526232457333,-2.746779229325488,-2.930611861451956e-07
5641,test,0,0.38586995750665665,0.04059971348026713,2.6498507699764278,-2.7467660939909946,1.108993610687811e-05
5642,test,0,0.38655725121498113,0.04059971348026713,2.649851632968452,-2.7467401175173913,1.356378746963741e-07
5643,test,0,0.3671335577964782,0.04059971348026713,2.649848620036685,-2.7467472107845263,-3.5318091146287636e-06
5644,test,0,0.3966496214270592,0.04059971348026713,2.6498509179455927,-2.7466966800542707,7.3281184826952295e-06
5645,test,0,0.3963329792022705,0.04059971348026713,2.6498526200221333,-2.746686981638211,-2.8891281506878562e-06
5646,test,0,0.38241960853338247,0.04059971348026713,2.649851656050563,-2.7466755508208527,3.691517409054136e-07
5647,test,0,0.38488227128982544,0.04059971348026713,2.6498515201168646,-2.746619927207301,-6.2863369937601825e-06
5648,test,0,0.40106319636106497,0.04059971348026713,2.6498522488689025,-2.746610516771502,-8.507482865151847e-08
5649,test,0,0.38517008721828466,0.04059971348026713,2.6498505507277343,-2.746578270883335,5.662447205225231e-06
5650,test,0,0.39514161646366114,0.04059971348026713,2.6498515646754495,-2.746543552987636,-9.959011568572227e-08
5651,test,0,0.40061746537685394,0.04059971348026713,2.6498517296964685,-2.746521030343293,1.0724313337159103e-07
5652,test,0,0.38271593302488327,0.04059971348026713,2.64984115302636,-2.746493371239677,7.617911791888932e-05
5653,test,0,0.39853408932685846,0.04059971348026713,2.649852173434214,-2.746466698082368,-7.577746179253724e-08
5654,test,0,0.39405089616775507,0.04059971348026713,2.6498522643807636,-2.746466612055034,-5.2472542354586435e-09
5655,test,0,0.35974279046058655,0.04059971348026713,2.649827974257236,-2.746436925948001,5.198541948908588e-05
5656,test,0,0.37389981746673584,0.04059971348026713,2.6498514779039106,-2.7463973340059833,1.6601746829714526e-06
5657,test,0,0.38214591890573496,0.04059971348026713,2.649849964764455,-2.746392881163829,7.72863212315122e-06
5658,test,0,0.3851636201143265,0.04059971348026713,2.649852220363745,-2.7463794936322357,-7.236802645702523e-08
5659,test,0,0.38235506415367126,0.04059971348026713,2.6498523570589003,-2.7463785017216855,-3.542865409701561e-08
5660,test,0,0.3823679015040397,0.04059971348026713,2.6498505847625813,-2.74639134346574,2.1037317793422136e-06
5661,test,0,0.3781870231032371,0.04059971348026713,2.649850286002536,-2.7463507991975975,8.44972287793137e-06
5662,test,0,0.4028705656528473,0.04059971348026713,2.6498509186178154,-2.746348663395068,2.1835991562826333e-07
5663,test,0,0.38317858427762985,0.04059971348026713,2.649846112046475,-2.7463374055932506,2.624993531933331e-05
5664,test,0,0.3958807066082955,0.04059971348026713,2.649851051368012,-2.7463130387390318,2.5472429163220235e-06
5665,test,0,0.37637459486722946,0.04059971348026713,2.649850709520984,-2.7463195982756696,-1.1022441248294776e-05
5666,test,0,0.3897632956504822,0.04059971348026713,2.649851703403094,-2.746276479243178,2.379236382938438e-06
5667,test,0,0.3667528107762337,0.04059971348026713,2.649851444147928,-2.746266315144617,1.9276320133083236e-07
5668,test,0,0.38320421427488327,0.04059971348026713,2.649851488420686,-2.7462569642258394,-2.56960012703582e-06
5669,test,0,0.39212337881326675,0.04059971348026713,2.6498511804321137,-2.746197516421625,3.3513217778051786e-06
5670,test,0,0.39159113168716436,0.04059971348026713,2.649849702835557,-2.746188488122917,-3.95039515827776e-05
5671,test,0,0.3835291117429733,0.04059971348026713,2.6498511413625887,-2.7461588571161597,-2.5422258896482015e-06
5672,test,0,0.4149907976388931,0.04059971348026713,2.6498513012046305,-2.7461182973639815,5.5179812942367e-06
5673,test,0,0.38688322156667704,0.04059971348026713,2.649852122047392,-2.746110223577946,-1.0639316330952357e-08
5674,test,0,0.3824012503027916,0.04059971348026713,2.6498486955036635,-2.7460955514052463,1.5605787965639766e-05
5675,test,0,0.36825187504291534,0.04059971348026713,2.6498517017623917,-2.7460643052651905,1.0591232541047674e-06
5676,test,0,0.39956833422183996,0.04059971348026713,2.6498512190103636,-2.746041702648304,-1.846475697507768e-08
5677,test,0,0.36057917773723597,0.04059971348026713,2.649850337747082,-2.7460163246908973,1.3070323361516474e-05
5678,test,0,0.38244349509477615,0.04059971348026713,2.6498521741698586,-2.7459980677754783,-9.434305983977369e-08
5679,test,0,0.3824470043182373,0.04059971348026713,2.649851040276029,-2.7459894296460794,-1.4920309623398952e-06
5680,test,0,0.38691577315330505,0.04059971348026713,2.6498522930835304,-2.745967552251493,-6.49079771609527e-08
5681,test,0,0.38692593574523926,0.04059971348026713,2.6498524323086694,-2.745966551490033,-2.107828107628021e-08
5682,test,0,0.3682180047035217,0.04059971348026713,2.649847616975519,-2.7459766117292794,9.123955315620171e-06
5683,test,0,0.36929652839899063,0.04059971348026713,2.649851183684451,-2.745949543907345,4.7591941681680455e-06
5684,test,0,0.3708062991499901,0.04059971348026713,2.649850669413257,-2.745944954671438,1.0681637358613583e-07
5685,test,0,0.3810881078243255,0.04059971348026713,2.6498488445264465,-2.7459450050269036,2.1087743568361268e-05
5686,test,0,0.40261271595954895,0.04059971348026713,2.6498516002574677,-2.7459105474267607,7.803000093772366e-06
5687,test,0,0.40035431087017054,0.04059971348026713,2.6498507033279433,-2.745918853341485,-9.995973147775614e-06
5688,test,0,0.38664967566728586,0.04059971348026713,2.649851752667578,-2.745877087133637,1.3843338459675972e-06
5689,test,0,0.39760615676641464,0.04059971348026713,2.6498520355393285,-2.745865680292209,-5.258887741807567e-06
5690,test,0,0.3728118687868118,0.04059971348026713,2.649851548225597,-2.745857641174458,1.4190960689413233e-07
5691,test,0,0.38846215605735784,0.04059971348026713,2.6498507151380073,-2.7458113333219965,-1.1140282679407645e-06
5692,test,0,0.3826635479927063,0.04059971348026713,2.6498442615179876,-2.7458018797419834,-5.1154388964206396e-05
5693,test,0,0.3915103375911713,0.04059971348026713,2.6498482586533463,-2.7457728742616516,1.946242942998262e-05
5694,test,0,0.36959354579448706,0.04059971348026713,2.6498512669480627,-2.7457319684882435,4.729291071963473e-08
5695,test,0,0.39544059336185455,0.04059971348026713,2.6498513396251617,-2.745714938514055,1.0856635269577205e-06
5696,test,0,0.3846116364002228,0.04059971348026713,2.649837386191572,-2.7456832257283836,9.404019701004161e-05
5697,test,0,0.36203886568546295,0.04059971348026713,2.649851865305341,-2.7456400612387135,-9.077078384006837e-06
5698,test,0,0.374837264418602,0.04059971348026713,2.649852334246007,-2.745617692576016,-8.9287378820091e-06
5699,test,0,0.37659624218940735,0.04059971348026713,2.6498518088601215,-2.7455940388387536,1.9219058372502307e-07
5700,test,0,0.3863029107451439,0.04059971348026713,2.6498524172957363,-2.7455617823036325,-1.0083381809780229e-05
5701,test,0,0.39931935071945196,0.04059971348026713,2.6498506536541178,-2.7455530973921434,1.0076093861283999e-06
5702,test,0,0.3991614729166031,0.04059971348026713,2.6498520937005643,-2.7455344645727644,-6.675728055873917e-08
5703,test,0,0.38695143163204193,0.04059971348026713,2.6498523150966937,-2.745530042896526,-6.431801253126257e-08
5704,test,0,0.3676689267158509,0.04059971348026713,2.649851475378272,-2.7455353411473813,-7.90300861264962e-06
5705,test,0,0.3869687169790268,0.04059971348026713,2.6498522669357096,-2.745544491459065,-1.3423684986078622e-07
5706,test,0,0.38696545362472534,0.04059971348026713,2.6498523788241344,-2.745543842840663,-6.204734815529731e-08
5707,test,0,0.37986840307712555,0.04059971348026713,2.6498504341958977,-2.7455449110228116,9.514400757309854e-06
5708,test,0,0.40326593816280365,0.04059971348026713,2.6498524521498923,-2.7455042560105256,-3.2084088400858323e-06
5709,test,0,0.38815510272979736,0.04059971348026713,2.649850792992729,-2.745510759696149,-3.802977981221293e-06
5710,test,0,0.4020140394568443,0.04059971348026713,2.6498530558604214,-2.7454729441450993,6.964373058908329e-06
5711,test,0,0.39729354530572897,0.04059971348026713,2.649851632592962,-2.745459024448242,-4.4891919811283154e-08
5712,test,0,0.3999097794294358,0.04059971348026713,2.6498520316399974,-2.7454509579496857,6.43239326285153e-06
5713,test,0,0.3824338763952255,0.04059971348026713,2.6498516088596085,-2.7454041643780323,2.8985075449248296e-07
5714,test,0,0.3951442837715149,0.04059971348026713,2.649851389771448,-2.7453962871276056,-9.77559433180654e-07
5715,test,0,0.3864133656024933,0.04059971348026713,2.6498493229644366,-2.7453673535497063,3.5363268428723714e-05
5716,test,0,0.36293721199035645,0.04059971348026713,2.649851493927761,-2.745332247698866,-1.0384105167998959e-07
5717,test,0,0.3859678953886032,0.04059971348026713,2.6498522553020103,-2.745314755694499,-2.5263021626414477e-06
5718,test,0,0.4025717824697495,0.04059971348026713,2.649837177600408,-2.745283189217277,8.114208068824252e-05
5719,test,0,0.3726386427879334,0.04059971348026713,2.64985162591569,-2.745247443288905,-5.526284180547816e-07
5720,test,0,0.3825076669454575,0.04059971348026713,2.649852289859943,-2.7452476073693277,-2.993828567272666e-09
5721,test,0,0.37815455347299576,0.04059971348026713,2.649851315567027,-2.745218554190496,-8.880503817435211e-07
5722,test,0,0.4026873782277107,0.04059971348026713,2.64985215576113,-2.7451991314673374,-5.618601329101404e-08
5723,test,0,0.3824906647205353,0.04059971348026713,2.649852193012432,-2.7451993277340057,-3.178383029502258e-08
5724,test,0,0.38878222554922104,0.04059971348026713,2.649852136814484,-2.7451767552643522,-3.336581806908302e-08
5725,test,0,0.3853009343147278,0.04059971348026713,2.6498523011555584,-2.7451741134767973,-3.856398723401953e-08
5726,test,0,0.4032074958086013,0.04059971348026713,2.6498511865427457,-2.745179932217658,3.9026635149201784e-07
5727,test,0,0.38718393445014954,0.04059971348026713,2.649850519589718,-2.7451497648589442,6.3054794268906955e-06
5728,test,0,0.383879154920578,0.04059971348026713,2.6498508827449747,-2.745143570866798,-5.115543238026889e-08
5729,test,0,0.38638444989919657,0.04059971348026713,2.6498476441355017,-2.7451563149963296,4.26867565713287e-07
5730,test,0,0.3651129230856895,0.04059971348026713,2.6498501980113485,-2.7451148580674047,3.235835377891167e-06
5731,test,0,0.3862837478518486,0.04059971348026713,2.649851293789582,-2.745121757514653,-1.3817707144441526e-06
5732,test,0,0.3827221766114235,0.04059971348026713,2.6498493516370734,-2.745085200663723,8.758380615943094e-06
5733,test,0,0.3751904219388962,0.04059971348026713,2.6498515672893617,-2.745068103370261,1.549609162675384e-07
5734,test,0,0.39870385080575943,0.04059971348026713,2.649851981732548,-2.7450652821016903,1.049538782805838e-06
5735,test,0,0.3996743857860565,0.04059971348026713,2.649850665642477,-2.7450077057152935,7.190097112345985e-06
5736,test,0,0.36587660759687424,0.04059971348026713,2.6498513262630534,-2.7450008675807296,-4.96254132946122e-06
5737,test,0,0.40221655368804937,0.04059971348026713,2.6498503796837904,-2.7449687566330443,-1.219728470587688e-06
5738,test,0,0.41234518587589264,0.04059971348026713,2.6498513120615494,-2.7449309202583807,3.7050894064094064e-06
5739,test,0,0.3720918074250221,0.04059971348026713,2.6498529660584347,-2.744914825579438,-2.7973261952148534e-06
5740,test,0,0.39623102545738226,0.04059971348026713,2.649842335300649,-2.74488383890101,7.114485728124877e-05
5741,test,0,0.3763908892869949,0.04059971348026713,2.6498513028771202,-2.744847276641716,-3.9429164763870915e-06
5742,test,0,0.38706736266613007,0.04059971348026713,2.649852181034164,-2.7448460339156946,-2.7320593903311596e-08
5743,test,0,0.37342491745948786,0.04059971348026713,2.6498437998422375,-2.7448153341235817,1.1739152104178249e-05
5744,test,0,0.38705599308013916,0.04059971348026713,2.649852195353159,-2.7447974643828497,-1.0862337171749688e-07
5745,test,0,0.3870335519313812,0.04059971348026713,2.6498522575122614,-2.7447975980870085,-3.845304551842747e-08
5746,test,0,0.3989884257316589,0.04059971348026713,2.649852148490428,-2.744764083919255,-5.568145490731259e-08
5747,test,0,0.38258051127195364,0.04059971348026713,2.649852269688657,-2.7447609646201894,-4.782988608187759e-08
5748,test,0,0.38256790488958353,0.04059971348026713,2.6498510365833057,-2.7447631386618228,2.7093079729934566e-07
5749,test,0,0.3901499733328819,0.04059971348026713,2.649852207939739,-2.7447664934753524,-1.1547272873847735e-07
5750,test,0,0.38705228269100184,0.04059971348026713,2.6498524220487374,-2.744763925946601,-8.757443130623509e-08
5751,test,0,0.37999676167964935,0.04059971348026713,2.64985157963658,-2.7447742391141565,8.219621763265975e-06
5752,test,0,0.38312651216983795,0.04059971348026713,2.6498520463981508,-2.744725033137589,-5.1808632395439256e-06
5753,test,0,0.38710879534482956,0.04059971348026713,2.6498507458983096,-2.7447315084991217,-1.111896749000939e-07
5754,test,0,0.394357830286026,0.04059971348026713,2.6498508760209365,-2.744694857840178,6.625990965814834e-06
5755,test,0,0.4034455195069313,0.04059971348026713,2.649851833496586,-2.7446811234967092,2.3926116815641696e-07
5756,test,0,0.3696499466896057,0.04059971348026713,2.6498506572677267,-2.7446768008781466,-6.667047520935339e-06
5757,test,0,0.36926511675119406,0.04059971348026713,2.6498461620951983,-2.744631787125822,3.6765366843650005e-05
5758,test,0,0.38479810953140264,0.04059971348026713,2.649851279549301,-2.7446237334898234,-6.002979380392672e-07
5759,test,0,0.3828029930591583,0.04059971348026713,2.6498473354365912,-2.744595729001754,2.3303287448162302e-05
5760,test,0,0.40270867943763733,0.04059971348026713,2.649850736946578,-2.7445503731757155,2.784534502554131e-06
5761,test,0,0.3870449364185333,0.04059971348026713,2.6498521300295406,-2.7445504550136692,-1.3206718245905862e-08
5762,test,0,0.3870435282588005,0.04059971348026713,2.6498476590593913,-2.744525236459555,5.055327799216719e-05
5763,test,0,0.39922815561294556,0.04059971348026713,2.6498505221017283,-2.744489800944348,-4.3727948234035725e-07
5764,test,0,0.3837193325161934,0.04059971348026713,2.649850886045376,-2.7444649942190966,3.971067706061752e-06
5765,test,0,0.39766112715005875,0.04059971348026713,2.6498381712460426,-2.744446472977778,0.00011567724520312599
5766,test,0,0.3870634138584137,0.04059971348026713,2.6498522690547346,-2.7444204377271846,-1.054278875550672e-07
5767,test,0,0.38259851932525635,0.04059971348026713,2.6498522889878156,-2.7444206672397558,-1.0308434134595834e-07
5768,test,0,0.38184209167957306,0.04059971348026713,2.6498521872605254,-2.7443942491962896,-3.1152376523951083e-08
5769,test,0,0.38260179013013845,0.04059971348026713,2.6498523531320597,-2.7443932481179814,-4.05922002845344e-08
5770,test,0,0.40384478121995926,0.04059971348026713,2.6498474788562207,-2.744394069470065,4.696743733787478e-06
5771,test,0,0.3860282078385353,0.04059971348026713,2.649852188296627,-2.744405302709653,-1.0885507508274319e-07
5772,test,0,0.38260004669427866,0.04059971348026713,2.6498524104215213,-2.744402742472557,-8.169439275213796e-08
5773,test,0,0.3887421786785126,0.04059971348026713,2.6498485361995683,-2.7444182397831804,1.0022035096259649e-05
5774,test,0,0.4027973562479019,0.04059971348026713,2.649851658080296,-2.7443673696734483,-7.360569127829921e-07
5775,test,0,0.39081162214279175,0.04059971348026713,2.6498510134983047,-2.7443731023363296,4.0320247153398496e-08
5776,test,0,0.38857510685920715,0.04059971348026713,2.6498497553362044,-2.744338034144556,3.593088833052347e-05
5777,test,0,0.3726649060845375,0.04059971348026713,2.649852601133242,-2.7443195469307553,-4.4666423967958695e-07
5778,test,0,0.3824627175927162,0.04059971348026713,2.6498513429674797,-2.744319996953076,-1.2945557052004966e-05
5779,test,0,0.44110302627086645,0.04059971348026713,2.6498474176079334,-2.744254965084157,-3.898384453906151e-05
5780,test,0,0.4006053730845452,0.04059971348026713,2.6498513231286664,-2.7442545748747436,-1.5732986152270916e-06
5781,test,0,0.3829205483198166,0.04059971348026713,2.6498494703656523,-2.744228899327882,1.2155886291793928e-05
5782,test,0,0.41155559569597244,0.04059971348026713,2.6498506898123795,-2.744176507003706,1.7959716125142906e-06
5783,test,0,0.40078563243150706,0.04059971348026713,2.649853502931936,-2.7441630275539026,-6.507908620257104e-06
5784,test,0,0.4039516896009445,0.04059971348026713,2.649850169024217,-2.7441309231846325,5.339960651414768e-06
5785,test,0,0.39478739351034164,0.04059971348026713,2.649851497823881,-2.7440945916198327,-4.3180213642778675e-06
5786,test,0,0.3871169984340668,0.04059971348026713,2.649852293168324,-2.744092614046492,-2.453239558604609e-08
5787,test,0,0.40703117847442627,0.04059971348026713,2.649832418743817,-2.7440627347846305,9.429622794580331e-05
5788,test,0,0.3878086507320404,0.04059971348026713,2.6498517942956994,-2.7440269598768494,-5.748557669674369e-07
5789,test,0,0.3923457637429237,0.04059971348026713,2.6498511526484956,-2.744012507966144,1.7211645609850045e-07
5790,test,0,0.3795359581708908,0.04059971348026713,2.6498521441816676,-2.7439927543019573,-1.0594397860558127e-07
5791,test,0,0.3840017318725586,0.04059971348026713,2.6498523184775613,-2.743991525969739,-4.8188003221407244e-08
5792,test,0,0.3871173709630966,0.04059971348026713,2.6498510600849423,-2.7439890075935254,7.327057704817006e-07
5793,test,0,0.3842991963028908,0.04059971348026713,2.649852229403058,-2.743990391885472,-9.144140516346662e-08
5794,test,0,0.38323599100112915,0.04059971348026713,2.649852433187475,-2.7439877987825807,-7.985598369513444e-08
5795,test,0,0.3973952978849411,0.04059971348026713,2.649851478182285,-2.744008402939558,3.446919338361408e-06
5796,test,0,0.38377296924591064,0.04059971348026713,2.649852279731938,-2.7439902721451292,-1.3390639849743598e-07
5797,test,0,0.38424619287252426,0.04059971348026713,2.6498506592915296,-2.7439898489809473,5.613384934805714e-06
5798,test,0,0.40087755024433136,0.04059971348026713,2.6498514565711875,-2.743960995309001,2.769914782394997e-06
5799,test,0,0.3806987702846527,0.04059971348026713,2.649851790757533,-2.743939055721776,1.8093413355570486e-06
5800,test,0,0.3871530145406723,0.04059971348026713,2.6498515289465576,-2.7439409382617423,1.3266961634787757e-06
5801,test,0,0.3837897330522537,0.04059971348026713,2.649851786584785,-2.7438925829089493,1.6077233065263204e-07
5802,test,0,0.3954334259033203,0.04059971348026713,2.6498518802127036,-2.7438865780758146,-3.846355062212623e-06
5803,test,0,0.38463933765888214,0.04059971348026713,2.6498513992363644,-2.7438625191925294,5.868535299746603e-06
5804,test,0,0.40890785306692123,0.04059971348026713,2.6498510804956372,-2.7438089103477044,-7.017930950525863e-06
5805,test,0,0.3740793168544769,0.04059971348026713,2.649851776550933,-2.7437985924987953,-1.1747560632899064e-07
5806,test,0,0.07905863970518112,0.04059971348026713,2.649844825346549,-2.743764639124551,7.557160647834034e-05
5807,test,0,0.08358797430992126,0.04059971348026713,2.6498505211150847,-2.743735986572414,2.4504730006664557e-06
5808,test,0,0.0791124701499939,0.04059971348026713,2.6498522542588114,-2.743726412200921,-1.031888898374094e-08
5809,test,0,0.07909651100635529,0.04059971348026713,2.6498406165700312,-2.74370225652795,4.1698849986341375e-05
5810,test,0,0.0791068971157074,0.04059971348026713,2.64985221639409,-2.7436712002945916,-7.34341773516064e-08
5811,test,0,0.07967501133680344,0.04059971348026713,2.6498522793390538,-2.7436712408786805,-3.699925709800514e-08
5812,test,0,0.08360333740711212,0.04059971348026713,2.6498483334676455,-2.7436498635918793,-1.4151596157805959e-05
5813,test,0,0.0836011990904808,0.04059971348026713,2.649852183759115,-2.74363997243468,-7.22143489323464e-08
5814,test,0,0.08015434443950653,0.04059971348026713,2.649850459116865,-2.7436379621506175,-3.557769370611283e-06
5815,test,0,0.08360177278518677,0.04059971348026713,2.649852143420674,-2.7436484920971878,-9.692473942439409e-08
5816,test,0,0.0790901854634285,0.04059971348026713,2.649852375614915,-2.7436456572117076,-5.334729704014459e-08
5817,test,0,0.08360439538955688,0.04059971348026713,2.6498507293516735,-2.7436696107919136,2.0900565132086664e-06
5818,test,0,0.08187232911586761,0.04059971348026713,2.6498518305035406,-2.7436133948098718,1.6646470130774049e-09
5819,test,0,0.07910092920064926,0.04059971348026713,2.6498508865949355,-2.743615368965292,-1.7962829815858527e-06
5820,test,0,0.07909613102674484,0.04059971348026713,2.649851224506399,-2.743587400549698,3.6476468580476197e-06
5821,test,0,0.07909782975912094,0.04059971348026713,2.649851572168304,-2.7435649143333296,-8.296425929905384e-08
5822,test,0,0.08361835032701492,0.04059971348026713,2.649851504634633,-2.7435691275684206,-2.7923343160066335e-07
5823,test,0,0.07912342250347137,0.04059971348026713,2.649851877781092,-2.7435175182838583,-4.303495006221417e-06
5824,test,0,0.08360862731933594,0.04059971348026713,2.6498509894843236,-2.7435108545551334,1.7832858018896635e-07
5825,test,0,0.0791265219449997,0.04059971348026713,2.6498514430721523,-2.7434918529268795,-1.9691268604243847e-08
5826,test,0,0.08361852169036865,0.04059971348026713,2.6498524253892306,-2.743446324568307,-7.338684620237265e-06
5827,test,0,0.08362283557653427,0.04059971348026713,2.6498517069246934,-2.7434364269550024,-4.372519211032968e-08
5828,test,0,0.08360904455184937,0.04059971348026713,2.6498485150420223,-2.743402903030418,1.9104680098145174e-05
5829,test,0,0.08363285660743713,0.04059971348026713,2.6498510495402683,-2.743371379536438,-9.051308803465308e-08
5830,test,0,0.08362194895744324,0.04059971348026713,2.649846724993313,-2.7433464830486045,1.0937458344995874e-05
5831,test,0,0.08153262734413147,0.04059971348026713,2.649831754570789,-2.743321247818315,4.623722076426946e-05
5832,test,0,0.08361510932445526,0.04059971348026713,2.6498522279218264,-2.743297545647056,-9.56340415227697e-08
5833,test,0,0.0836315006017685,0.04059971348026713,2.6498523099068856,-2.7432974671250028,-4.0464796142240535e-08
5834,test,0,0.08363480865955353,0.04059971348026713,2.649848834193895,-2.7432683433244573,6.16816318696927e-08
5835,test,0,0.08362789452075958,0.04059971348026713,2.6498522977413086,-2.743257901375095,-6.868269785230262e-08
5836,test,0,0.0791352316737175,0.04059971348026713,2.6498508765138986,-2.743254735476085,8.093488421098124e-07
5837,test,0,0.08363564312458038,0.04059971348026713,2.6498522558841824,-2.743268190543635,-7.55544897408606e-08
5838,test,0,0.07915060222148895,0.04059971348026713,2.6498523653734063,-2.7432676022238067,-6.52257872510157e-08
5839,test,0,0.08364340662956238,0.04059971348026713,2.6498513954212815,-2.743292017959248,1.3670596475651367e-05
5840,test,0,0.0836392417550087,0.04059971348026713,2.649851784388203,-2.743233447733127,2.6552177997080003e-07
5841,test,0,0.07914714515209198,0.04059971348026713,2.6498507692988666,-2.7432364696980356,-2.4323148434416703e-07
5842,test,0,0.0836382806301117,0.04059971348026713,2.6498335509917186,-2.7432082694599567,7.318822772102076e-05
5843,test,0,0.08365216851234436,0.04059971348026713,2.64985172148896,-2.743181203523921,2.2774308100981468e-07
5844,test,0,0.08365628868341446,0.04059971348026713,2.6498514806973814,-2.7431805087521375,6.570614725914716e-07
5845,test,0,0.08365507423877716,0.04059971348026713,2.6498516568489925,-2.7431333131089835,1.8342209570067738e-06
5846,test,0,0.08365277945995331,0.04059971348026713,2.649851936932938,-2.743124163777068,-2.536712807731402e-06
5847,test,0,0.0812416598200798,0.04059971348026713,2.6498509290469854,-2.7431047880983885,1.1403701444803984e-05
5848,test,0,0.08465908467769623,0.04059971348026713,2.6498518904981325,-2.7430511224663934,-6.7785037927033065e-06
5849,test,0,0.08013349771499634,0.04059971348026713,2.6498516355252475,-2.743040299615286,-4.9581815449108824e-08
5850,test,0,0.08149542659521103,0.04059971348026713,2.649850769572521,-2.7430084628961695,3.1165668192715155e-06
5851,test,0,0.08369268476963043,0.04059971348026713,2.649851642276648,-2.7429776098186593,7.877244986149077e-07
5852,test,0,0.07921092957258224,0.04059971348026713,2.6498522830407265,-2.7429713367288344,-2.3161414730127598e-08
5853,test,0,0.07920467853546143,0.04059971348026713,2.6498480308606776,-2.7429540020548044,1.9695412796157943e-05
5854,test,0,0.07921138405799866,0.04059971348026713,2.6498521255025884,-2.7429312020366914,-6.979795772650117e-08
5855,test,0,0.0837172418832779,0.04059971348026713,2.649852195100677,-2.742931223610581,-2.4877850983146445e-08
5856,test,0,0.07921189069747925,0.04059971348026713,2.649845367950641,-2.7429052712027877,1.1517964600706514e-05
5857,test,0,0.08370079100131989,0.04059971348026713,2.6498522068945833,-2.7428879410952645,-8.882140040714544e-08
5858,test,0,0.08371183276176453,0.04059971348026713,2.649846911802202,-2.7428831016401505,5.909596453077327e-06
5859,test,0,0.0791967362165451,0.04059971348026713,2.649852190914883,-2.7428696428385515,-6.677263445021131e-08
5860,test,0,0.0805375874042511,0.04059971348026713,2.6498524112134305,-2.7428670366921697,-7.722907468802166e-08
5861,test,0,0.08370184153318405,0.04059971348026713,2.6498506833068904,-2.7428894949616205,4.247803537513445e-06
5862,test,0,0.08370301127433777,0.04059971348026713,2.64985178295479,-2.7428328634549994,9.868460101490482e-08
5863,test,0,0.08371856808662415,0.04059971348026713,2.6498503621065828,-2.742835186808042,5.0395220884459724e-06
5864,test,0,0.08369427919387817,0.04059971348026713,2.6498496294667726,-2.742810216234669,-2.3489440333849896e-06
5865,test,0,0.07921949774026871,0.04059971348026713,2.6498525489633398,-2.7427763087245616,5.405854316178142e-06
5866,test,0,0.08371226489543915,0.04059971348026713,2.6498513425200594,-2.7427821138885444,-1.0952707902388991e-07
5867,test,0,0.07920455187559128,0.04059971348026713,2.649849663951278,-2.7427278629182683,8.998208582957788e-06
5868,test,0,0.08371837437152863,0.04059971348026713,2.64985162022084,-2.742716989693279,-1.9854180820124622e-06
5869,test,0,0.07920584827661514,0.04059971348026713,2.6498517327277673,-2.742700734864087,6.116063121333947e-06
5870,test,0,0.08371894061565399,0.04059971348026713,2.6498504647979217,-2.7426505015852585,8.430379105378941e-06
5871,test,0,0.08374208211898804,0.04059971348026713,2.649852110346387,-2.742639921770648,-3.9981971671355165e-08
5872,test,0,0.07920986413955688,0.04059971348026713,2.6498506434197404,-2.7426192796376654,1.7679766036906779e-06
5873,test,0,0.07923005521297455,0.04059971348026713,2.649851617263925,-2.7425802866841797,-2.692558853143528e-06
5874,test,0,0.08373056352138519,0.04059971348026713,2.6498511783613794,-2.742557283251754,3.377145978359666e-06
5875,test,0,0.07924417406320572,0.04059971348026713,2.6498219531603597,-2.7425342280353524,0.0001155537937056549
5876,test,0,0.07924129068851471,0.04059971348026713,2.649852048798404,-2.742508669087591,-4.037589711491111e-08
5877,test,0,0.07924357056617737,0.04059971348026713,2.649852137774118,-2.742508590331665,-7.636571600281807e-09
5878,test,0,0.08375836163759232,0.04059971348026713,2.649850939732685,-2.742484276631655,2.9822463283181743e-06
5879,test,0,0.08376017957925797,0.04059971348026713,2.6498522618219433,-2.742464977043229,-1.0441374892394379e-07
5880,test,0,0.0837593823671341,0.04059971348026713,2.649850079596178,-2.742462571007424,4.709417935180245e-06
5881,test,0,0.08376029133796692,0.04059971348026713,2.6498521797009325,-2.7424771407010433,-7.748956417659165e-08
5882,test,0,0.08376612514257431,0.04059971348026713,2.649852402186517,-2.7424741986121477,-8.081288475573962e-08
5883,test,0,0.07923860102891922,0.04059971348026713,2.649850756843948,-2.7424919162708896,-4.389289936168451e-06
5884,test,0,0.08376017957925797,0.04059971348026713,2.649853066878994,-2.74244072037492,3.092547698083602e-06
5885,test,0,0.08058589696884155,0.04059971348026713,2.6498510073174524,-2.742440682156463,-1.8883347120581042e-07
5886,test,0,0.0792553648352623,0.04059971348026713,2.6498500716404703,-2.742421950856775,2.2244533758669942e-05
5887,test,0,0.08377276360988617,0.04059971348026713,2.6498507841388337,-2.7423968420645632,5.1748350269768846e-06
5888,test,0,0.08378472924232483,0.04059971348026713,2.649851339864242,-2.7423988230566403,-6.840437344815414e-07
5889,test,0,0.07927744090557098,0.04059971348026713,2.6498511554669495,-2.742347222647259,5.3004975709311134e-06
5890,test,0,0.07926049828529358,0.04059971348026713,2.6498514614525477,-2.7423349786356237,8.175248313378576e-09
5891,test,0,0.082474485039711,0.04059971348026713,2.649851204570031,-2.742318874097198,4.456714781513645e-06
5892,test,0,0.08377192914485931,0.04059971348026713,2.6498477506183034,-2.7422676880161725,2.5793342353456087e-06
5893,test,0,0.08378905802965164,0.04059971348026713,2.649851511281168,-2.7422517288414126,-9.109922984222732e-07
5894,test,0,0.08376967161893845,0.04059971348026713,2.649850041414899,-2.7422239610924506,1.0275013966773068e-05
5895,test,0,0.08379513025283813,0.04059971348026713,2.6498509109061037,-2.7421911226385087,5.636960234449791e-07
5896,test,0,0.08379858732223511,0.04059971348026713,2.64985223696015,-2.7421862846124863,-2.264386766536004e-08
5897,test,0,0.07929727435112,0.04059971348026713,2.6498237388405417,-2.7421622417974785,0.0001313533950965335
5898,test,0,0.08037024736404419,0.04059971348026713,2.649852191345798,-2.7421293862008267,-7.31801155097195e-08
5899,test,0,0.07931417226791382,0.04059971348026713,2.6498522743354673,-2.7421291794217315,-4.955860533764367e-08
5900,test,0,0.07931337505578995,0.04059971348026713,2.6498513739572487,-2.7421043144645627,6.224993148038676e-06
5901,test,0,0.08018357306718826,0.04059971348026713,2.649851588518003,-2.7420611441553846,2.0275969437369262e-07
5902,test,0,0.07932966947555542,0.04059971348026713,2.6498495782105462,-2.742060826903639,2.433063322904927e-07
5903,test,0,0.07933489978313446,0.04059971348026713,2.6498522065168495,-2.742043813194957,-5.143572608592943e-08
5904,test,0,0.0793362706899643,0.04059971348026713,2.649852333679825,-2.7420430635220656,-9.397462182779821e-08
5905,test,0,0.08381157368421555,0.04059971348026713,2.649847374297193,-2.742058098820623,-1.1726816570646965e-05
5906,test,0,0.08381178975105286,0.04059971348026713,2.649852196559223,-2.742044144107368,-1.2690554099161907e-07
5907,test,0,0.07933402061462402,0.04059971348026713,2.6498520801150702,-2.7420434891057592,2.5500067999430733e-07
5908,test,0,0.07933337986469269,0.04059971348026713,2.649849239323252,-2.7420232505458277,1.9355824651931e-05
5909,test,0,0.08380056172609329,0.04059971348026713,2.6498514948388205,-2.7419931902163603,2.7135130207934773e-07
5910,test,0,0.08382134884595871,0.04059971348026713,2.6498518593795226,-2.7419977764903973,-1.4621329961175397e-07
5911,test,0,0.08024878799915314,0.04059971348026713,2.649851640558433,-2.7419463791101446,3.971856668504901e-06
5912,test,0,0.07935120910406113,0.04059971348026713,2.6498524994635866,-2.741938379229867,-6.78603847918727e-07
5913,test,0,0.0793537124991417,0.04059971348026713,2.649850835352621,-2.741922985661274,4.2082915680500875e-06
5914,test,0,0.07935173809528351,0.04059971348026713,2.649850553323145,-2.74187102322093,7.03635973749437e-06
5915,test,0,0.08384350687265396,0.04059971348026713,2.649852027955211,-2.741861379652579,-3.85254537432522e-08
5916,test,0,0.08383510261774063,0.04059971348026713,2.649851460788976,-2.741848983620901,1.6233679080552653e-05
5917,test,0,0.07937471568584442,0.04059971348026713,2.649850785021577,-2.74180644905395,4.4103138192418594e-06
5918,test,0,0.07937011867761612,0.04059971348026713,2.6498521397942856,-2.7418002157797248,-5.235758021936195e-08
5919,test,0,0.07938284426927567,0.04059971348026713,2.64983221559134,-2.7417756347867215,9.566725242579758e-05
5920,test,0,0.08383694291114807,0.04059971348026713,2.6498521685551215,-2.7417454247970916,-4.3210346916571565e-08
5921,test,0,0.08383512496948242,0.04059971348026713,2.649852262099306,-2.7417453247009247,-2.8811750606151918e-08
5922,test,0,0.0838383138179779,0.04059971348026713,2.6498514989419815,-2.741723893061203,-3.902471895873944e-06
5923,test,0,0.0838458389043808,0.04059971348026713,2.6498521834691555,-2.7417087565302825,-9.985917720304972e-08
5924,test,0,0.07937370240688324,0.04059971348026713,2.6498509882405386,-2.741700804997905,2.433754519032167e-06
5925,test,0,0.07954145967960358,0.04059971348026713,2.649852172575647,-2.7417241417550273,-7.490147918514182e-08
5926,test,0,0.07937363535165787,0.04059971348026713,2.6498523823842643,-2.7417208389392447,-8.607705477696267e-08
5927,test,0,0.07936197519302368,0.04059971348026713,2.6498493420847966,-2.741734957599325,7.247529088858021e-07
5928,test,0,0.07935480773448944,0.04059971348026713,2.649850315383667,-2.7416845305844273,7.406675607187792e-06
5929,test,0,0.08152098208665848,0.04059971348026713,2.6498520908434955,-2.7416819730591344,6.899465491689601e-07
5930,test,0,0.0838511511683464,0.04059971348026713,2.649851016268691,-2.7416713375355455,3.719561793192665e-06
5931,test,0,0.08344385027885437,0.04059971348026713,2.6498517114247027,-2.741636828656565,4.356863373567974e-06
5932,test,0,0.08386897295713425,0.04059971348026713,2.6498512456739327,-2.741638103255953,-1.530386684785325e-07
5933,test,0,0.07939544320106506,0.04059971348026713,2.649820365592519,-2.7415823332958364,0.00013654834041317257
5934,test,0,0.08387052267789841,0.04059971348026713,2.6498514108667046,-2.7415647647987074,1.3806159394119417e-07
5935,test,0,0.07941772043704987,0.04059971348026713,2.649851330801039,-2.7415514383888073,2.7535620155739594e-06
5936,test,0,0.07941213995218277,0.04059971348026713,2.649850352745318,-2.741501185759088,7.086297959192878e-06
5937,test,0,0.07942591607570648,0.04059971348026713,2.649852060487126,-2.7414911658330343,-4.582421376619575e-08
5938,test,0,0.08387994766235352,0.04059971348026713,2.649852089160171,-2.741491286528059,5.751084616277004e-09
5939,test,0,0.08387570828199387,0.04059971348026713,2.6498512886613406,-2.74145323827446,7.67875444627498e-08
5940,test,0,0.08387304097414017,0.04059971348026713,2.649852281227332,-2.741448284238164,1.844942579532595e-08
5941,test,0,0.07941924035549164,0.04059971348026713,2.6498478260442333,-2.741420221243095,4.0473047338780355e-06
5942,test,0,0.08387315273284912,0.04059971348026713,2.6498521322587045,-2.7413919180992625,-8.493716014560306e-08
5943,test,0,0.07942211627960205,0.04059971348026713,2.649851297561855,-2.7413737752178875,3.7325154105131995e-06
5944,test,0,0.07943972945213318,0.04059971348026713,2.6498515056774314,-2.7413588600809895,-4.766620687458385e-09
5945,test,0,0.08388059586286545,0.04059971348026713,2.6498515788666266,-2.741320538912371,-1.7932917716816844e-08
5946,test,0,0.08388978242874146,0.04059971348026713,2.6498507388560886,-2.741315309487032,-1.0091420879769347e-05
5947,test,0,0.08389952033758163,0.04059971348026713,2.649852217609456,-2.7413258876924806,-6.802750855897166e-08
5948,test,0,0.07942785322666168,0.04059971348026713,2.649852356139504,-2.741325038094806,-8.276177103873335e-08
5949,test,0,0.08224213868379593,0.04059971348026713,2.6498506949178027,-2.7413322244449296,1.580282216067341e-07
5950,test,0,0.08388499915599823,0.04059971348026713,2.649852219235346,-2.741330445385649,-1.1953760048436732e-07
5951,test,0,0.0838860422372818,0.04059971348026713,2.6498520870769973,-2.7413256335152996,-8.624099182386512e-08
5952,test,0,0.08388452231884003,0.04059971348026713,2.6498433536223716,-2.7413151884166416,3.217348138910211e-05
5953,test,0,0.07945406436920166,0.04059971348026713,2.6498520102631855,-2.7412784136356283,-2.8559627123672338e-06
5954,test,0,0.07946828007698059,0.04059971348026713,2.649851297726909,-2.741281009639295,3.24653089949095e-08
5955,test,0,0.08390544354915619,0.04059971348026713,2.6498484616531726,-2.7412402479642637,1.9812146840295185e-05
5956,test,0,0.0838971883058548,0.04059971348026713,2.6498523965266307,-2.74122730231098,-5.578948921304371e-06
5957,test,0,0.083896204829216,0.04059971348026713,2.649850235731349,-2.741188232882733,6.961040001884964e-06
5958,test,0,0.07985915243625641,0.04059971348026713,2.649851298026383,-2.7411602742016314,9.99909679124073e-06
5959,test,0,0.081003338098526,0.04059971348026713,2.6498521168571756,-2.7411503890305164,-4.9428969934783005e-08
5960,test,0,0.08390925824642181,0.04059971348026713,2.6498498500903085,-2.7411277776066196,1.5056207205105197e-06
5961,test,0,0.0794566422700882,0.04059971348026713,2.6498516419912437,-2.7410945403389104,9.6798191678789e-07
5962,test,0,0.0839015543460846,0.04059971348026713,2.6498515309902793,-2.741072168662818,1.6943214308549767e-06
5963,test,0,0.07946173846721649,0.04059971348026713,2.6498448642799404,-2.741049230547352,4.024657216472255e-05
5964,test,0,0.08392559736967087,0.04059971348026713,2.6498520953917812,-2.7410218153164863,-7.417661203683e-08
5965,test,0,0.07948331534862518,0.04059971348026713,2.649852206190937,-2.741021622513333,-1.0214903720927942e-08
5966,test,0,0.08388776332139969,0.04059971348026713,2.6498515220309886,-2.741002386597948,3.3645120038391354e-06
5967,test,0,0.08281297981739044,0.04059971348026713,2.6498522117686756,-2.740984120529158,-1.35848805650453e-07
5968,test,0,0.08369170129299164,0.04059971348026713,2.6498499004613976,-2.74098033818078,2.468904064928813e-05
5969,test,0,0.08248014748096466,0.04059971348026713,2.64985227062696,-2.740988437248309,-6.114385387618146e-08
5970,test,0,0.0799381285905838,0.04059971348026713,2.649852412145287,-2.7409875788141,-9.314892366056838e-08
5971,test,0,0.07948748767375946,0.04059971348026713,2.649850884059754,-2.7409954668225036,1.6733295260513062e-06
5972,test,0,0.08392082154750824,0.04059971348026713,2.6498500342771467,-2.7409492371270483,1.0077096247931802e-06
5973,test,0,0.0794830322265625,0.04059971348026713,2.649851644566654,-2.7409450189335587,-1.108943029572668e-06
5974,test,0,0.08330899477005005,0.04059971348026713,2.6498500984225677,-2.7409465785835234,1.2274534460105787e-05
5975,test,0,0.07947546243667603,0.04059971348026713,2.6498504891278447,-2.740905462374617,9.431830677516219e-07
5976,test,0,0.0795004591345787,0.04059971348026713,2.649851231283827,-2.7409117111180508,-4.267402031536301e-06
5977,test,0,0.08389437198638916,0.04059971348026713,2.649849061578875,-2.740871489889765,2.246972912837027e-05
5978,test,0,0.08329227566719055,0.04059971348026713,2.6498536111266167,-2.7408584876310087,-6.182007500960799e-06
5979,test,0,0.08265992999076843,0.04059971348026713,2.6498508651283057,-2.740846679019631,2.8205152885207164e-06
5980,test,0,0.07949419319629669,0.04059971348026713,2.649851608828336,-2.7407955565306614,3.0390701806121863e-07
5981,test,0,0.0794844925403595,0.04059971348026713,2.649852046248545,-2.7407827958480944,-7.940622537208594e-08
5982,test,0,0.07950914651155472,0.04059971348026713,2.6498517091959672,-2.7407577973763044,4.228413834010591e-06
5983,test,0,0.08395902812480927,0.04059971348026713,2.6498513088229,-2.7407198998034077,9.889732587481607e-07
5984,test,0,0.08396133035421371,0.04059971348026713,2.649851833592304,-2.7406977350902846,7.297703988649914e-08
5985,test,0,0.08395974338054657,0.04059971348026713,2.649841089689101,-2.7406740483484513,5.527696840054033e-05
5986,test,0,0.0839497521519661,0.04059971348026713,2.6498522247318257,-2.740634676001863,-4.1128892187168866e-08
5987,test,0,0.0795305147767067,0.04059971348026713,2.6498523164392007,-2.740634479071363,-1.2805367884439986e-08
5988,test,0,0.08395645022392273,0.04059971348026713,2.6498397268174325,-2.740615016453843,1.8487949018740777e-05
5989,test,0,0.08396397531032562,0.04059971348026713,2.649852098335041,-2.7405703576724294,1.975305728706673e-08
5990,test,0,0.0795503556728363,0.04059971348026713,2.6498520904821796,-2.740570490111535,-2.2182636914546063e-08
5991,test,0,0.08337455987930298,0.04059971348026713,2.6498522213452307,-2.7405845788248953,-2.9177218737262732e-08
5992,test,0,0.07955169677734375,0.04059971348026713,2.6498523700696497,-2.7405837132942903,-8.928362281529919e-08
5993,test,0,0.08396841585636139,0.04059971348026713,2.649850136808447,-2.7405886036662808,6.531793098185917e-07
5994,test,0,0.08397082984447479,0.04059971348026713,2.649851510694949,-2.7405486259925746,1.158394973326784e-06
5995,test,0,0.08304659277200699,0.04059971348026713,2.64985171349547,-2.7405425520731748,-9.021665215905819e-07
5996,test,0,0.0839906856417656,0.04059971348026713,2.6498518565130524,-2.7405471837191744,6.352303023620973e-07
5997,test,0,0.08399294316768646,0.04059971348026713,2.649851689308315,-2.7404968830098904,2.212676271292289e-06
5998,test,0,0.0839824378490448,0.04059971348026713,2.6498511664917603,-2.7405018359190745,-4.398620856375351e-06
5999,test,0,0.08398347347974777,0.04059971348026713,2.6498124783022594,-2.7404579701940484,0.00014499547844506726
6000,test,0,0.0816870778799057,0.04059971348026713,2.6498507024678797,-2.740429762767196,-3.3209698100377256e-06
6001,test,0,0.08401543647050858,0.04059971348026713,2.649851598091824,-2.740420565943702,6.172395500189574e-07
6002,test,0,0.08400854468345642,0.04059971348026713,2.6498496846067394,-2.7403718030828186,2.788839202272014e-05
6003,test,0,0.07959625124931335,0.04059971348026713,2.649852443952379,-2.7403527459251382,-1.0555005050092629e-05
6004,test,0,0.08402596414089203,0.04059971348026713,2.649853054786088,-2.740329242054109,1.8081715459102971e-06
6005,test,0,0.08401833474636078,0.04059971348026713,2.6498513890790796,-2.7402883057326584,9.420834803324499e-07
6006,test,0,0.08402477949857712,0.04059971348026713,2.649852186022409,-2.7402753070547305,-4.68732092182173e-08
6007,test,0,0.07958979159593582,0.04059971348026713,2.6498440988674563,-2.7402574659580545,5.241299301346221e-05
6008,test,0,0.08402393758296967,0.04059971348026713,2.6498521586650177,-2.740216852490053,-3.968874986906216e-08
6009,test,0,0.07960402220487595,0.04059971348026713,2.6498522636028135,-2.740216678204441,-1.8456175394746523e-08
6010,test,0,0.07997582852840424,0.04059971348026713,2.6498418855040993,-2.7402067190353594,9.500566017043246e-05
6011,test,0,0.0826815664768219,0.04059971348026713,2.64985219136572,-2.7401692390919585,-1.0385328719438996e-07
6012,test,0,0.08403686434030533,0.04059971348026713,2.64985217205131,-2.740169252963434,-8.530336269499867e-08
6013,test,0,0.08403686434030533,0.04059971348026713,2.649852175537716,-2.740165714970751,-1.6803788105795138e-08
6014,test,0,0.0840395912528038,0.04059971348026713,2.6498523427773457,-2.740164726382821,-1.1995731877995716e-07
6015,test,0,0.07962526381015778,0.04059971348026713,2.649850195438412,-2.7401704535102067,1.0298212058472884e-06
6016,test,0,0.08159731328487396,0.04059971348026713,2.649852158155105,-2.740167339453786,-8.441686511000856e-08
6017,test,0,0.08274891972541809,0.04059971348026713,2.649852267626337,-2.7401668700297477,-1.0933609459502625e-07
6018,test,0,0.07962153106927872,0.04059971348026713,2.649851187497024,-2.7401632797842934,-4.088457139317687e-08
6019,test,0,0.07962480187416077,0.04059971348026713,2.6498515050415548,-2.7401191654061723,-1.3038993676127621e-06
6020,test,0,0.08402392268180847,0.04059971348026713,2.64985097078029,-2.7401244181509963,-1.1971621374133384e-07
6021,test,0,0.08404271304607391,0.04059971348026713,2.6498448533243755,-2.740084541072989,8.390159521122164e-05
6022,test,0,0.07966102659702301,0.04059971348026713,2.6498530007445273,-2.7400557912530017,6.742536068351738e-07
6023,test,0,0.07965901494026184,0.04059971348026713,2.6498525695862707,-2.7400488189589933,3.8178675277382146e-06
6024,test,0,0.07965361326932907,0.04059971348026713,2.6498507836306815,-2.7399931640382085,1.2551055363361772e-05
6025,test,0,0.07967723906040192,0.04059971348026713,2.6498503466187593,-2.7399758359069413,1.2577053583432703e-06
6026,test,0,0.0796809047460556,0.04059971348026713,2.6498490882791246,-2.7399542348322314,6.908987533274824e-06
6027,test,0,0.08408127725124359,0.04059971348026713,2.6498514897221193,-2.739916528131533,4.4732704715978483e-07
6028,test,0,0.08407104760408401,0.04059971348026713,2.64985214215794,-2.7398980285036583,-1.8061194348622788e-08
6029,test,0,0.08184284716844559,0.04059971348026713,2.6498497517307715,-2.7398930236270425,5.857034066494794e-06
6030,test,0,0.08186100423336029,0.04059971348026713,2.649852233713217,-2.739852900383024,-5.217027264784553e-08
6031,test,0,0.07968661189079285,0.04059971348026713,2.649852339384729,-2.739852779872815,-2.329008962769788e-08
6032,test,0,0.08152610063552856,0.04059971348026713,2.6498469375232587,-2.739840775258719,1.5915997985390514e-05
6033,test,0,0.08070889115333557,0.04059971348026713,2.6498521056808495,-2.739821994564705,-1.3359924883561638e-07
6034,test,0,0.07968271523714066,0.04059971348026713,2.6498521484544284,-2.7398221217961405,2.916521230039948e-11
6035,test,0,0.08408667147159576,0.04059971348026713,2.6498522406515463,-2.7398350393793915,-9.254885891500169e-09
6036,test,0,0.08407711982727051,0.04059971348026713,2.6498524143419293,-2.7398340823508,-1.0385860364397803e-07
6037,test,0,0.0840793028473854,0.04059971348026713,2.6498500374424405,-2.73983761575449,1.3551581953594497e-06
6038,test,0,0.08402828872203827,0.04059971348026713,2.6498516644840313,-2.7398018075699393,-8.38994182843649e-07
6039,test,0,0.07968336343765259,0.04059971348026713,2.6498541578668897,-2.739793751252034,-1.3363915359441155e-06
6040,test,0,0.08407951146364212,0.04059971348026713,2.6498515197494323,-2.739802840848873,2.2487769986452898e-06
6041,test,0,0.08407522737979889,0.04059971348026713,2.6498521874320295,-2.7397544253360144,-4.419487245576211e-08
6042,test,0,0.0796792209148407,0.04059971348026713,2.6498511969556997,-2.7397561796642593,-3.2475741078234577e-06
6043,test,0,0.08407534658908844,0.04059971348026713,2.6498488946275267,-2.7397209039192045,2.0163867990554628e-05
6044,test,0,0.07967551797628403,0.04059971348026713,2.649851838591799,-2.7396988562379585,1.226396224812866e-06
6045,test,0,0.08152683824300766,0.04059971348026713,2.649850396214902,-2.739692761532421,3.279156878152454e-07
6046,test,0,0.07971009612083435,0.04059971348026713,2.6498518202141734,-2.7396384228841444,1.1846248510401581e-05
6047,test,0,0.08174093067646027,0.04059971348026713,2.649850302911168,-2.739624293088971,-4.2814302458786716e-07
6048,test,0,0.07971827685832977,0.04059971348026713,2.649850251584328,-2.7395988217560943,1.9384341299676415e-06
6049,test,0,0.08409351855516434,0.04059971348026713,2.6498514906770136,-2.7395542619775233,2.8089901508824933e-06
6050,test,0,0.08407490700483322,0.04059971348026713,2.6498522412077072,-2.7395458865590276,-2.060203176093307e-08
6051,test,0,0.07969162613153458,0.04059971348026713,2.649851079847549,-2.739536344886855,-6.082739884843025e-09
6052,test,0,0.08408823609352112,0.04059971348026713,2.649852252321788,-2.7394980708404364,-2.3575564650774167e-06
6053,test,0,0.0827149748802185,0.04059971348026713,2.6498514289163735,-2.739473105878853,5.187991193500306e-06
6054,test,0,0.08354964107275009,0.04059971348026713,2.6498458145769392,-2.739466446808815,3.8462214118049326e-05
6055,test,0,0.08412885665893555,0.04059971348026713,2.6498521834619786,-2.739441413760177,-1.4988742295088553e-07
6056,test,0,0.07974304258823395,0.04059971348026713,2.6498517995275708,-2.7394385287630776,6.138185203164118e-06
6057,test,0,0.07973944395780563,0.04059971348026713,2.649852232109197,-2.7394473744399237,-3.4239627603953885e-08
6058,test,0,0.07974113523960114,0.04059971348026713,2.64985239993253,-2.7394464422372518,-1.1369882477761001e-07
6059,test,0,0.07974139600992203,0.04059971348026713,2.649850475606396,-2.7394472113787636,-1.4162896677877336e-05
6060,test,0,0.07973276823759079,0.04059971348026713,2.6498520336663494,-2.7394194546151227,2.1209055726335665e-07
6061,test,0,0.08414477109909058,0.04059971348026713,2.6498529787244673,-2.739409910764566,-9.038359122333118e-07
6062,test,0,0.07974258810281754,0.04059971348026713,2.649849195921242,-2.739422467222956,5.8410755664807636e-06
6063,test,0,0.0797286182641983,0.04059971348026713,2.649851003343085,-2.7393618529894717,6.158248543576862e-06
6064,test,0,0.07975082844495773,0.04059971348026713,2.6498499829187563,-2.7393631573596466,9.183689302749677e-06
6065,test,0,0.08412648737430573,0.04059971348026713,2.6498477508062686,-2.739326325406337,1.3532663905827978e-05
6066,test,0,0.0841398537158966,0.04059971348026713,2.6498526450950624,-2.739304828084699,-1.8412585917790013e-06
6067,test,0,0.08415138721466064,0.04059971348026713,2.649851416283505,-2.739296945251944,-7.261966447469625e-06
6068,test,0,0.07978639006614685,0.04059971348026713,2.6498266844165044,-2.7392428689687094,0.000127460034853266
6069,test,0,0.08202990889549255,0.04059971348026713,2.6498506928933967,-2.739229538515954,-1.2677945408702305e-05
6070,test,0,0.07975832372903824,0.04059971348026713,2.649848826093887,-2.739204685150988,1.0431991982957537e-05
6071,test,0,0.07976065576076508,0.04059971348026713,2.6498514421980306,-2.739156013541818,-1.496783992077324e-08
6072,test,0,0.07975812256336212,0.04059971348026713,2.6498522759547933,-2.739147224582257,-4.332139198714116e-08
6073,test,0,0.08415525406599045,0.04059971348026713,2.649852165820335,-2.739147770747878,-3.989971803477443e-09
6074,test,0,0.08415535092353821,0.04059971348026713,2.649851570787336,-2.739100248618836,-8.936973405775825e-06
6075,test,0,0.08415739983320236,0.04059971348026713,2.6498519408717622,-2.739074194889748,4.6789141787686356e-06
6076,test,0,0.08241252601146698,0.04059971348026713,2.6498461646247757,-2.739066378583751,6.601320496677667e-06
6077,test,0,0.0841669887304306,0.04059971348026713,2.649852146674039,-2.739042411800278,-1.4579109403957341e-07
6078,test,0,0.07978934794664383,0.04059971348026713,2.6498522387390393,-2.7390421479919493,-8.407746846665189e-08
6079,test,0,0.08417633920907974,0.04059971348026713,2.649852210200463,-2.739045580049475,-3.6560407519766725e-09
6080,test,0,0.07979827374219894,0.04059971348026713,2.6498523100760183,-2.739043172838332,-1.2325568080828675e-07
6081,test,0,0.08416994661092758,0.04059971348026713,2.6498511564646527,-2.739043685297731,-9.32746795074974e-06
6082,test,0,0.0831245481967926,0.04059971348026713,2.6498525443494425,-2.7390102463682964,-2.278737017053951e-06
6083,test,0,0.08112747222185135,0.04059971348026713,2.649852286830651,-2.7389995175550577,-1.3107026735067293e-06
6084,test,0,0.08418156951665878,0.04059971348026713,2.6498513265584913,-2.739013222216292,6.925223062422563e-07
6085,test,0,0.08418168872594833,0.04059971348026713,2.649851867596005,-2.738961509098829,1.815374369568428e-07
6086,test,0,0.08417494595050812,0.04059971348026713,2.6498518534259654,-2.7389637232273203,-1.005516563222888e-05
6087,test,0,0.08418184518814087,0.04059971348026713,2.649850868993318,-2.7389317943071365,2.5730498295840334e-06
6088,test,0,0.08418542146682739,0.04059971348026713,2.6498517580013923,-2.738900365630683,-3.13839600682987e-06
6089,test,0,0.0841946005821228,0.04059971348026713,2.6498513224039155,-2.738894928133101,-7.474390411504077e-07
6090,test,0,0.08419331908226013,0.04059971348026713,2.6498451140876007,-2.7388476885082818,3.272328661446611e-05
6091,test,0,0.08420349657535553,0.04059971348026713,2.6498515392873427,-2.7388339922100937,-4.048273374649402e-08
6092,test,0,0.0837465152144432,0.04059971348026713,2.649851772310544,-2.7388075537471233,-3.288017644606637e-06
6093,test,0,0.08421792089939117,0.04059971348026713,2.649851287646166,-2.7387623883970607,1.6656117575788678e-06
6094,test,0,0.08014519512653351,0.04059971348026713,2.649852195207653,-2.7387548872624072,-8.751252077777618e-08
6095,test,0,0.07994324713945389,0.04059971348026713,2.6498521231874843,-2.7387553429508675,1.6552134506059677e-08
6096,test,0,0.07984492182731628,0.04059971348026713,2.6498515477189115,-2.738703460608931,2.0245754970717947e-07
6097,test,0,0.08145119249820709,0.04059971348026713,2.64984926890885,-2.7386790671465184,6.0958040324258165e-06
6098,test,0,0.07991734147071838,0.04059971348026713,2.649830115167528,-2.738675890612993,9.96319235207269e-05
6099,test,0,0.08422774076461792,0.04059971348026713,2.6498521413034237,-2.7386276061248767,-7.550360421992621e-08
6100,test,0,0.0842413380742073,0.04059971348026713,2.649851853447071,-2.7386218449273128,4.8168707912755805e-06
6101,test,0,0.07985743880271912,0.04059971348026713,2.649852264523656,-2.738649168662124,-5.249587088326427e-07
6102,test,0,0.07984834909439087,0.04059971348026713,2.64985233123287,-2.7386463156511627,-1.391311451473209e-07
6103,test,0,0.08423793315887451,0.04059971348026713,2.649850750309549,-2.738646865850488,1.3123888330632184e-07
6104,test,0,0.08423741906881332,0.04059971348026713,2.649850119733137,-2.738610130894123,1.7619167619118877e-05
6105,test,0,0.0842532217502594,0.04059971348026713,2.649851040136947,-2.738598684004952,4.626340214822553e-06
6106,test,0,0.07950209081172943,0.04059971348026713,2.649851447615804,-2.738609415991772,3.9721883952463895e-07
6107,test,0,0.08424022793769836,0.04059971348026713,2.649853010145477,-2.7385542074544245,8.313403670599275e-06
6108,test,0,0.07985621690750122,0.04059971348026713,2.649851206769119,-2.7385537362084165,-5.859243293873516e-06
6109,test,0,0.08326451480388641,0.04059971348026713,2.649845604327841,-2.7385206476177046,2.3134275811160222e-05
6110,test,0,0.07984986156225204,0.04059971348026713,2.6498510799171413,-2.7384824214520327,3.241425118613651e-06
6111,test,0,0.08424266427755356,0.04059971348026713,2.649851766841025,-2.73847905500618,4.755243176000419e-08
6112,test,0,0.07987229526042938,0.04059971348026713,2.649820048838251,-2.738428178866403,0.0001254174958384664
6113,test,0,0.07989120483398438,0.04059971348026713,2.6498505757519175,-2.7384075954267693,4.9326916061805235e-06
6114,test,0,0.08425714820623398,0.04059971348026713,2.6498495350574856,-2.7383806355448703,6.99505413553937e-06
6115,test,0,0.08425575494766235,0.04059971348026713,2.6498515750089706,-2.7383364538747346,-1.7735103715182919e-07
6116,test,0,0.07990163564682007,0.04059971348026713,2.649851528807342,-2.7383172485044827,1.879901729016229e-06
6117,test,0,0.08383341878652573,0.04059971348026713,2.64984947260438,-2.738294035538001,5.522308795540222e-06
6118,test,0,0.0842595249414444,0.04059971348026713,2.6498505346444934,-2.738263684153334,3.214470941171877e-07
6119,test,0,0.0798896849155426,0.04059971348026713,2.6498522863833442,-2.7382622686991,-7.283950486497086e-09
6120,test,0,0.08425773680210114,0.04059971348026713,2.649848766612827,-2.7382510850890434,2.4574309930328298e-06
6121,test,0,0.08371661603450775,0.04059971348026713,2.649852104164027,-2.7382289793502905,-1.5207652564113045e-07
6122,test,0,0.08426634967327118,0.04059971348026713,2.6498508799454057,-2.738206908813949,2.4102751450701435e-07
6123,test,0,0.0842592865228653,0.04059971348026713,2.649852186772605,-2.7382281371388966,1.2536701393573967e-07
6124,test,0,0.0808877944946289,0.04059971348026713,2.6498523156922307,-2.738223955465555,-1.486256986187359e-07
6125,test,0,0.08329673856496811,0.04059971348026713,2.649850398842139,-2.7382201601798366,2.9863825208652377e-07
6126,test,0,0.08426394313573837,0.04059971348026713,2.64985085879702,-2.738202238734078,5.4097727630355845e-06
6127,test,0,0.07989844679832458,0.04059971348026713,2.6498512396778553,-2.7381839975382736,1.2879384528160372e-06
6128,test,0,0.08426231145858765,0.04059971348026713,2.649851171105816,-2.738198254154983,8.297775832724073e-07
6129,test,0,0.07989397644996643,0.04059971348026713,2.6498517341151495,-2.738148641544696,2.76620087728092e-07
6130,test,0,0.08406543731689453,0.04059971348026713,2.6498503332058245,-2.7381470690828547,-2.873396561847771e-06
6131,test,0,0.08427835255861282,0.04059971348026713,2.6498495481821447,-2.738120051042235,1.1487498358379678e-05
6132,test,0,0.08428971469402313,0.04059971348026713,2.6498508207021314,-2.73808900586808,6.657648678499163e-07
6133,test,0,0.08429174870252609,0.04059971348026713,2.649851468238985,-2.738082478588517,-7.252401348447406e-08
6134,test,0,0.07992064952850342,0.04059971348026713,2.6498397334152264,-2.7380394357856774,0.00011202876449912216
6135,test,0,0.0842972993850708,0.04059971348026713,2.649851665896757,-2.738013506925509,-4.552919051674063e-06
6136,test,0,0.07991938292980194,0.04059971348026713,2.649852142529702,-2.7380058241936167,1.7676070673875628e-08
6137,test,0,0.07989980280399323,0.04059971348026713,2.6498523742399063,-2.737953976524404,4.942293952348317e-06
6138,test,0,0.08429226279258728,0.04059971348026713,2.6498522584397572,-2.7379399990554094,-7.761936922469574e-08
6139,test,0,0.08032119274139404,0.04059971348026713,2.649852236921609,-2.7379402316362182,-4.869113595339681e-09
6140,test,0,0.08350521326065063,0.04059971348026713,2.6498507557905944,-2.737901439206102,-7.759201926001967e-06
6141,test,0,0.08444535732269287,0.04059971348026713,2.649852213405616,-2.7378716926843016,-2.11656562522175e-06
6142,test,0,0.0799250602722168,0.04059971348026713,2.649849057944299,-2.7378652006803668,-6.1331308855279776e-06
6143,test,0,0.08431875705718994,0.04059971348026713,2.649851592407113,-2.7378369667544122,-1.5178622967871984e-07
6144,test,0,0.08461956679821014,0.04059971348026713,2.649849727729904,-2.7378175010046,4.909465738274465e-06
6145,test,0,0.08432973921298981,0.04059971348026713,2.6498491727369813,-2.7378475938428912,3.425385204945909e-05
6146,test,0,0.08027006685733795,0.04059971348026713,2.649852304128568,-2.737827346630223,-1.2519214955086177e-07
6147,test,0,0.07993033528327942,0.04059971348026713,2.649850548680904,-2.7378249208813887,1.916786442388954e-06
6148,test,0,0.07992415130138397,0.04059971348026713,2.649852876552607,-2.7378005355793755,3.482375394869537e-06
6149,test,0,0.08432181179523468,0.04059971348026713,2.649851223499915,-2.7377840212316253,2.66524310208544e-06
6150,test,0,0.07995674014091492,0.04059971348026713,2.649850052838314,-2.737795956805997,-6.403859631541164e-07
6151,test,0,0.08431956171989441,0.04059971348026713,2.649849376219677,-2.7377387895866603,7.334335792155666e-06
6152,test,0,0.07996199280023575,0.04059971348026713,2.649851924841447,-2.737737121163943,-9.78338076708956e-06
6153,test,0,0.08433706313371658,0.04059971348026713,2.6498514020990203,-2.7377130495448885,1.1750708780346636e-06
6154,test,0,0.0843278169631958,0.04059971348026713,2.649851143569523,-2.7376755456071056,1.4983687948061105e-06
6155,test,0,0.07998768985271454,0.04059971348026713,2.6498518556093544,-2.7376690035134663,-1.431496364430628e-06
6156,test,0,0.08434367179870605,0.04059971348026713,2.6498374218598637,-2.7376251095214292,4.2601764738149455e-05
6157,test,0,0.07999809831380844,0.04059971348026713,2.6498516207242537,-2.7376054390748874,-1.9336901210464317e-06
6158,test,0,0.08229770511388779,0.04059971348026713,2.6498521368454577,-2.737600939857924,1.9390916267693385e-08
6159,test,0,0.08434787392616272,0.04059971348026713,2.6498520853119434,-2.7375698824819876,6.702815426472851e-06
6160,test,0,0.08435553312301636,0.04059971348026713,2.6498519506762874,-2.7375482302526666,-8.263340139434226e-08
6161,test,0,0.0799960047006607,0.04059971348026713,2.649851587310258,-2.7375275885733363,1.2362759043302605e-05
6162,test,0,0.0843726396560669,0.04059971348026713,2.6498505984249534,-2.7374911070390398,-1.3466385525466482e-07
6163,test,0,0.08041795343160629,0.04059971348026713,2.6498515512371474,-2.737460406345547,2.4463195955704807e-06
6164,test,0,0.08438296616077423,0.04059971348026713,2.649848275969491,-2.7374561647193083,1.2252040005928185e-05
6165,test,0,0.08438722789287567,0.04059971348026713,2.649852305532027,-2.7374321551916525,-1.485397009003379e-07
6166,test,0,0.0800684317946434,0.04059971348026713,2.64985241776881,-2.7374315455694163,-8.160136326442278e-09
6167,test,0,0.08028463274240494,0.04059971348026713,2.6498504188873864,-2.7374515301492615,2.0369054815041284e-05
6168,test,0,0.08002839982509613,0.04059971348026713,2.649852301783808,-2.7374327964137897,-1.6672980705445742e-07
6169,test,0,0.08124454319477081,0.04059971348026713,2.649851758991436,-2.737430175501993,-1.2191328597759626e-06
6170,test,0,0.08001749217510223,0.04059971348026713,2.6498511361849695,-2.737410575901023,5.042123956480053e-06
6171,test,0,0.08001602441072464,0.04059971348026713,2.6498520650668724,-2.7373926722397712,-1.7527891191510251e-06
6172,test,0,0.08000900596380234,0.04059971348026713,2.6498514262125425,-2.73740540783628,-3.4349364135016134e-07
6173,test,0,0.08438119292259216,0.04059971348026713,2.6498515312046793,-2.737351354076666,1.6539211552007554e-06
6174,test,0,0.08107367902994156,0.04059971348026713,2.64985118670253,-2.737349527098386,-5.995595896710842e-08
6175,test,0,0.08429090678691864,0.04059971348026713,2.649851179553926,-2.737327743704418,3.2831802646948877e-07
6176,test,0,0.08003827184438705,0.04059971348026713,2.649850481640864,-2.737290583617538,7.25783691063835e-06
6177,test,0,0.08439713716506958,0.04059971348026713,2.64985287809431,-2.7372866517244523,-6.343535813356527e-06
6178,test,0,0.08439861238002777,0.04059971348026713,2.6498115647342573,-2.7372438892022335,0.00012742372019417447
6179,test,0,0.0844012051820755,0.04059971348026713,2.649851039384413,-2.737218018272746,-2.9079014423952443e-06
6180,test,0,0.08439429104328156,0.04059971348026713,2.649851215192312,-2.737195576144671,1.360044176330585e-06
6181,test,0,0.08440139889717102,0.04059971348026713,2.649848417953459,-2.737161256189389,3.961894291469979e-06
6182,test,0,0.08441349864006042,0.04059971348026713,2.6498522074844804,-2.7371394252775127,-6.294377020490778e-08
6183,test,0,0.0844314694404602,0.04059971348026713,2.649852261110016,-2.737139459864091,1.50767830170877e-08
6184,test,0,0.0844276025891304,0.04059971348026713,2.6498506082819784,-2.7370998045242843,-1.3765794186430395e-05
6185,test,0,0.08440124988555908,0.04059971348026713,2.649851003966842,-2.7370714130471336,2.223124801449397e-06
6186,test,0,0.08443133533000946,0.04059971348026713,2.649848873416432,-2.737066278269079,8.554542692362569e-06
6187,test,0,0.08442904055118561,0.04059971348026713,2.649852184350664,-2.7370484144061975,-1.4142185217331242e-07
6188,test,0,0.08003149926662445,0.04059971348026713,2.649852292028433,-2.7370456676909742,-1.0432713692142429e-09
6189,test,0,0.08003298938274384,0.04059971348026713,2.6498482990923002,-2.737072881150579,6.837643143148804e-06
6190,test,0,0.08442956209182739,0.04059971348026713,2.6498514002846534,-2.737010019255964,2.631361443686892e-06
6191,test,0,0.08443041890859604,0.04059971348026713,2.6498510292290223,-2.7370156569983903,2.506803760629529e-07
6192,test,0,0.08442801237106323,0.04059971348026713,2.6498516975592405,-2.736998454890536,6.910874073697351e-07
6193,test,0,0.08443401753902435,0.04059971348026713,2.6498515889274272,-2.7369799789175406,1.9834774640399552e-07
6194,test,0,0.08060753345489502,0.04059971348026713,2.649851426198159,-2.7369902824592756,-1.996780473348156e-08
6195,test,0,0.08295577764511108,0.04059971348026713,2.6498529718758808,-2.7369408673469944,2.8824967797773046e-06
6196,test,0,0.0800636038184166,0.04059971348026713,2.6498511087703207,-2.736935676308882,4.206216571676433e-06
6197,test,0,0.08160798251628876,0.04059971348026713,2.649849538759384,-2.736914150345424,8.309386131876883e-06
6198,test,0,0.08005337417125702,0.04059971348026713,2.649853425080828,-2.73688046000106,-2.6646453477126018e-06
6199,test,0,0.08007030934095383,0.04059971348026713,2.6498520740192415,-2.7368691725062675,-1.1981797748938763e-09
6200,test,0,0.08007311075925827,0.04059971348026713,2.6498508125754276,-2.736841755706021,6.947928461188677e-07
6201,test,0,0.08447466790676117,0.04059971348026713,2.6498508152131834,-2.736821961202768,4.401827244431462e-06
6202,test,0,0.08141855895519257,0.04059971348026713,2.649852252188303,-2.736816978553756,-2.668377403400728e-08
6203,test,0,0.08448074758052826,0.04059971348026713,2.6498483060800733,-2.7367888766609143,1.8152034651985703e-05
6204,test,0,0.08430677652359009,0.04059971348026713,2.6498516349453376,-2.7367652784516485,-1.5879926153956754e-07
6205,test,0,0.08010288327932358,0.04059971348026713,2.649851039603344,-2.7367436644500547,3.723626743199606e-07
6206,test,0,0.08010938763618469,0.04059971348026713,2.6498512025976075,-2.736718632105305,2.1367263399192824e-08
6207,test,0,0.08010360598564148,0.04059971348026713,2.649852193613168,-2.7367097612852147,-7.336839853186574e-08
6208,test,0,0.08276292681694031,0.04059971348026713,2.649850877029041,-2.736701615639517,-4.1284664113581395e-08
6209,test,0,0.08322930335998535,0.04059971348026713,2.649852177386883,-2.7366862009878177,-1.3137086504590697e-07
6210,test,0,0.0844717025756836,0.04059971348026713,2.649852300186385,-2.7366833919729485,-3.5408911484819045e-09
6211,test,0,0.08009950071573257,0.04059971348026713,2.6498477158146274,-2.7367089048191215,-1.591886717901954e-05
6212,test,0,0.0800885409116745,0.04059971348026713,2.6498522697016007,-2.736694944271286,-1.6224159733293202e-07
6213,test,0,0.08417202532291412,0.04059971348026713,2.649853145158213,-2.736692047722236,-3.369044594671562e-06
6214,test,0,0.08051025867462158,0.04059971348026713,2.649849906162306,-2.7366749149917293,1.5217696403364954e-05
6215,test,0,0.08010940998792648,0.04059971348026713,2.6498495433742213,-2.73665558403581,5.162561226097408e-06
6216,test,0,0.08009974658489227,0.04059971348026713,2.6498512527442895,-2.736663699227757,1.2721841140736834e-06
6217,test,0,0.08448620140552521,0.04059971348026713,2.6498492008458583,-2.7366113817595097,1.2978570594783855e-05
6218,test,0,0.08447681367397308,0.04059971348026713,2.649850657262005,-2.736606428265899,3.534971048383545e-06
6219,test,0,0.08334308862686157,0.04059971348026713,2.6498512240010355,-2.736590967360027,8.039780157282559e-07
6220,test,0,0.08447401225566864,0.04059971348026713,2.649848835348199,-2.7365529589459943,6.213564382546825e-06
6221,test,0,0.08449522405862808,0.04059971348026713,2.6498515087180228,-2.7365451453010645,-1.229038977057661e-07
6222,test,0,0.08449522405862808,0.04059971348026713,2.6498330003853714,-2.736504362931821,5.923358604674849e-05
6223,test,0,0.0845087319612503,0.04059971348026713,2.6498521308060488,-2.736473548017298,-9.420225355093728e-06
6224,test,0,0.08069834113121033,0.04059971348026713,2.649852209020669,-2.736460729237822,1.8599150060299992e-08
6225,test,0,0.08451251685619354,0.04059971348026713,2.6498496968444134,-2.736436379184052,1.3105006877173135e-05
6226,test,0,0.08378541469573975,0.04059971348026713,2.6498521445127015,-2.7364123562136577,-7.115134907821463e-08
6227,test,0,0.08013833314180374,0.04059971348026713,2.649852218646035,-2.736412265689857,1.4361886563628736e-08
6228,test,0,0.08451688289642334,0.04059971348026713,2.649850590630183,-2.736375855460938,5.940023346896529e-06
6229,test,0,0.08013169467449188,0.04059971348026713,2.649852283787596,-2.7363656699464864,-1.2616918624466191e-08
6230,test,0,0.08109252899885178,0.04059971348026713,2.649851063155105,-2.7363601364499863,8.242590859171306e-09
6231,test,0,0.08014039695262909,0.04059971348026713,2.6498521989399153,-2.7363446809520595,-8.253034659987666e-08
6232,test,0,0.0824413001537323,0.04059971348026713,2.6498522888869287,-2.73634106222715,-1.8416630306019762e-08
6233,test,0,0.08453132957220078,0.04059971348026713,2.649848569188715,-2.7363642069589296,-7.525329252106621e-06
6234,test,0,0.08012664318084717,0.04059971348026713,2.6498523339052027,-2.73634301306344,-1.5824559789827285e-07
6235,test,0,0.08452633023262024,0.04059971348026713,2.6498499531427817,-2.73634001341166,2.9388555849571383e-07
6236,test,0,0.08013717830181122,0.04059971348026713,2.6498517568018802,-2.7363232915513933,1.2405737945629487e-06
6237,test,0,0.08452202379703522,0.04059971348026713,2.649851794184538,-2.7362987473684695,-2.84573645304347e-06
6238,test,0,0.08453705161809921,0.04059971348026713,2.6498525092869167,-2.7363092778597236,-4.316545786382869e-06
6239,test,0,0.08454851806163788,0.04059971348026713,2.649852638652452,-2.736258258039195,7.4742917466823054e-06
6240,test,0,0.08015242964029312,0.04059971348026713,2.6498514261104176,-2.7362506942781177,-1.064191901587088e-07
6241,test,0,0.08453428000211716,0.04059971348026713,2.6498521254820733,-2.7362344521758066,3.8858545185555455e-07
6242,test,0,0.08016867190599442,0.04059971348026713,2.649852043826701,-2.7361962391945363,-1.4049543114135872e-06
6243,test,0,0.08267241716384888,0.04059971348026713,2.6498522075364024,-2.7361893623465168,-3.1322233586631837e-06
6244,test,0,0.08018070459365845,0.04059971348026713,2.649849278073263,-2.7361515018632714,1.3657551807447547e-05
6245,test,0,0.08020134270191193,0.04059971348026713,2.649851640679292,-2.7361210316468823,1.756666824406232e-08
6246,test,0,0.08020338416099548,0.04059971348026713,2.6498532342695564,-2.736099750513136,6.765181890833081e-06
6247,test,0,0.08150912821292877,0.04059971348026713,2.6498127962592983,-2.7360595151417044,0.00012066626444276316
6248,test,0,0.08455412834882736,0.04059971348026713,2.6498521515468254,-2.7360404980077515,-6.772457454719908e-08
6249,test,0,0.08020792156457901,0.04059971348026713,2.649852217100084,-2.7360404933130855,1.8235829383416495e-08
6250,test,0,0.08019744604825974,0.04059971348026713,2.6498512389632682,-2.735995443150153,-9.1931276315538e-09
6251,test,0,0.08456440269947052,0.04059971348026713,2.6498522634336727,-2.7359814028808715,-4.584408394876784e-08
6252,test,0,0.08458317816257477,0.04059971348026713,2.6498472046192236,-2.7359771757408953,1.3838862824038313e-05
6253,test,0,0.08023396879434586,0.04059971348026713,2.649852084351198,-2.735950368687011,-1.2756943128779654e-07
6254,test,0,0.08458983898162842,0.04059971348026713,2.649850951451494,-2.735926526044225,-2.880898814760549e-07
6255,test,0,0.08458495140075684,0.04059971348026713,2.6498461010028826,-2.735965119599729,8.363185442880013e-06
6256,test,0,0.08458426594734192,0.04059971348026713,2.649852331204464,-2.735950226837961,-1.550782163175287e-07
6257,test,0,0.08459369838237762,0.04059971348026713,2.649851902260074,-2.7359440605059446,-9.52584814915565e-08
6258,test,0,0.08458377420902252,0.04059971348026713,2.649851401254796,-2.735928610371062,3.144783086731421e-06
6259,test,0,0.08022505789995193,0.04059971348026713,2.6498528629302163,-2.7359062289749656,4.933226544624485e-06
6260,test,0,0.08459323644638062,0.04059971348026713,2.6498523128482425,-2.7359131698196286,-6.168020592085066e-06
6261,test,0,0.08459137380123138,0.04059971348026713,2.649851347214747,-2.7358570112078304,4.265223255773794e-06
6262,test,0,0.08228655159473419,0.04059971348026713,2.6498513590250217,-2.7358513030262994,-2.1877532203794205e-06
6263,test,0,0.08459886163473129,0.04059971348026713,2.649852559232929,-2.735835735656506,9.149993714074483e-06
6264,test,0,0.08460155129432678,0.04059971348026713,2.649847660975944,-2.735787504933583,1.1526034912208188e-05
6265,test,0,0.08024521917104721,0.04059971348026713,2.6498514675614038,-2.7357803527910756,1.8417549402823933e-06
6266,test,0,0.08023722469806671,0.04059971348026713,2.649850343426271,-2.7357446470985956,1.3215637653720988e-05
6267,test,0,0.08461736887693405,0.04059971348026713,2.6498516646087404,-2.7357118989604285,3.945813000727186e-08
6268,test,0,0.08461619913578033,0.04059971348026713,2.649852183567743,-2.7357079351804527,-8.220548776386609e-09
6269,test,0,0.08462177217006683,0.04059971348026713,2.6498465439197827,-2.7356796749250702,1.7486867950934433e-05
6270,test,0,0.08024738729000092,0.04059971348026713,2.649852135622105,-2.735661659785597,-9.26682105606621e-08
6271,test,0,0.08024005591869354,0.04059971348026713,2.649852221948017,-2.735661425154302,1.6163709573904773e-08
6272,test,0,0.08462158590555191,0.04059971348026713,2.6498514503567603,-2.7356279539895665,1.885475981512761e-06
6273,test,0,0.08462067693471909,0.04059971348026713,2.649852232977087,-2.735594232824616,4.0936317529448687e-07
6274,test,0,0.08463148772716522,0.04059971348026713,2.649850762358159,-2.7355911282286605,1.1832202952251941e-05
6275,test,0,0.08462196588516235,0.04059971348026713,2.6498521779098962,-2.7355814594898127,-5.682456842292397e-08
6276,test,0,0.08012108504772186,0.04059971348026713,2.649852372233502,-2.735578799822082,-7.543370828563565e-09
6277,test,0,0.08025112748146057,0.04059971348026713,2.6498471001914536,-2.7355990469639355,-5.808968130946741e-06
6278,test,0,0.0802500993013382,0.04059971348026713,2.6498501059069657,-2.735551734873414,9.749264454944653e-06
6279,test,0,0.08463263511657715,0.04059971348026713,2.649850785508043,-2.7355507825772496,2.0590294910077446e-07
6280,test,0,0.08026367425918579,0.04059971348026713,2.649851718681889,-2.735539411204747,1.1527758614970995e-05
6281,test,0,0.08025427162647247,0.04059971348026713,2.649851278705085,-2.735516029192269,1.1594755877055073e-05
6282,test,0,0.0811176672577858,0.04059971348026713,2.6498521848433634,-2.7355230978346095,-2.5017535012601875e-06
6283,test,0,0.08026000112295151,0.04059971348026713,2.6498520991459027,-2.7354811071847482,2.311975799127938e-06
6284,test,0,0.08045925199985504,0.04059971348026713,2.649851421522678,-2.735471931461648,9.764323451259677e-08
6285,test,0,0.08464361727237701,0.04059971348026713,2.649850710164618,-2.735460206188507,4.115930369518391e-06
6286,test,0,0.08027869462966919,0.04059971348026713,2.649851327410825,-2.735409454556775,2.5109621861932197e-06
6287,test,0,0.0802653431892395,0.04059971348026713,2.6498518249939296,-2.735399979442309,-5.186977197071689e-08
6288,test,0,0.08464856445789337,0.04059971348026713,2.6498499666200956,-2.735365997577155,6.728467439847607e-06
6289,test,0,0.08026224374771118,0.04059971348026713,2.6498508363597097,-2.7353417806755007,-8.722609377751163e-07
6290,test,0,0.08465511351823807,0.04059971348026713,2.6498516489338333,-2.735320548522546,-4.913877682606108e-09
6291,test,0,0.08026245981454849,0.04059971348026713,2.649843516501763,-2.7352904739429427,5.181239115512054e-05
6292,test,0,0.0803069919347763,0.04059971348026713,2.6498522088437193,-2.735263983485874,-6.484977986057168e-08
6293,test,0,0.08033556491136551,0.04059971348026713,2.6498522808713934,-2.7352637646896247,-1.0945483757120747e-08
6294,test,0,0.08030081540346146,0.04059971348026713,2.649851281095969,-2.7352351557704044,-1.722622975833094e-08
6295,test,0,0.08466705679893494,0.04059971348026713,2.6498521523379925,-2.7352225145339157,-5.502361360073751e-08
6296,test,0,0.08423014730215073,0.04059971348026713,2.6498509257965375,-2.7352181670211366,5.454890693201004e-07
6297,test,0,0.08447892963886261,0.04059971348026713,2.6498522022175703,-2.73520806811098,-9.203805768719239e-08
6298,test,0,0.08268825709819794,0.04059971348026713,2.649852281864478,-2.7352041691759728,-9.77782004117312e-08
6299,test,0,0.08369965851306915,0.04059971348026713,2.6498505302521047,-2.7352216398615647,3.700866123174766e-06
6300,test,0,0.08031229674816132,0.04059971348026713,2.6498514715657953,-2.735183510962919,1.774571919326994e-07
6301,test,0,0.08389672636985779,0.04059971348026713,2.649851099142196,-2.7351821918329313,1.162838798578638e-06
6302,test,0,0.08469495177268982,0.04059971348026713,2.649851603893386,-2.7351715521052538,8.447232839739485e-07
6303,test,0,0.08470059931278229,0.04059971348026713,2.6498514801533526,-2.7351405355611655,3.1094474481382243e-06
6304,test,0,0.08036518841981888,0.04059971348026713,2.6498479542959648,-2.7351469158785675,-3.47732764081473e-05
6305,test,0,0.08289947360754013,0.04059971348026713,2.6498513696509347,-2.735099142947619,4.193732961327609e-06
6306,test,0,0.08470228314399719,0.04059971348026713,2.6498517746697816,-2.735091224659022,1.095008542256542e-07
6307,test,0,0.08036047220230103,0.04059971348026713,2.6498522394475392,-2.7350791157288663,3.4386359865333604e-06
6308,test,0,0.0803435891866684,0.04059971348026713,2.649851204097946,-2.7350184560579804,2.578976694238224e-06
6309,test,0,0.08473142236471176,0.04059971348026713,2.649851564503142,-2.7350072150029643,-3.825800417144804e-06
6310,test,0,0.08489073812961578,0.04059971348026713,2.649849018558028,-2.7349770909812827,1.3134887479406033e-05
6311,test,0,0.08473071455955505,0.04059971348026713,2.649851517987061,-2.734944663721624,1.4215229053399925e-07
6312,test,0,0.08472903072834015,0.04059971348026713,2.6498520807737957,-2.734924664259586,2.5141667424284672e-06
6313,test,0,0.08035799860954285,0.04059971348026713,2.6498266677914137,-2.7348909964407437,6.488636677300944e-05
6314,test,0,0.08474259078502655,0.04059971348026713,2.649853034094143,-2.7348513148482674,-7.118491064444544e-06
6315,test,0,0.08034475147724152,0.04059971348026713,2.649851435065399,-2.7348259020272443,4.359065934127757e-06
6316,test,0,0.08036139607429504,0.04059971348026713,2.6498507109926934,-2.7348030035944175,5.359121735942421e-06
6317,test,0,0.0847519189119339,0.04059971348026713,2.6498521557857364,-2.7347841688465913,-6.530930547150554e-08
6318,test,0,0.0803738534450531,0.04059971348026713,2.649850632360183,-2.7347764407609634,-9.343033209957535e-06
6319,test,0,0.0847587138414383,0.04059971348026713,2.6498522248329284,-2.734770070370611,-7.549974105892678e-08
6320,test,0,0.08476445078849792,0.04059971348026713,2.649852384446734,-2.7347689500156824,-4.656630212921258e-08
6321,test,0,0.08037985861301422,0.04059971348026713,2.6498509127568806,-2.7347791345491452,3.585514303274193e-07
6322,test,0,0.08475786447525024,0.04059971348026713,2.649852267973181,-2.7347736505753777,-1.320664358238582e-07
6323,test,0,0.08476532995700836,0.04059971348026713,2.649852547566515,-2.734770536490068,-9.355685442742466e-07
6324,test,0,0.08476532995700836,0.04059971348026713,2.6498490210638463,-2.7347574218341895,4.090016907488856e-05
6325,test,0,0.08046851307153702,0.04059971348026713,2.649851562264471,-2.734729657947853,-8.690757820862544e-06
6326,test,0,0.08476078510284424,0.04059971348026713,2.649850889140311,-2.7347365591999115,-7.155891464392158e-08
6327,test,0,0.08476118743419647,0.04059971348026713,2.6498449789574954,-2.7346894301669398,3.725856872416892e-05
6328,test,0,0.08041025698184967,0.04059971348026713,2.6498509110995174,-2.7346741210604533,1.626286719745231e-07
6329,test,0,0.08476455509662628,0.04059971348026713,2.649851266638999,-2.7346629285260704,2.7888237823471712e-06
6330,test,0,0.08038706332445145,0.04059971348026713,2.6498512846640088,-2.7346207263041387,1.0245472239573537e-06
6331,test,0,0.08039584755897522,0.04059971348026713,2.649852117008707,-2.7346102798894045,-3.45845061598305e-06
6332,test,0,0.08477413654327393,0.04059971348026713,2.6498466123229707,-2.734580826296782,1.9718966057555037e-05
6333,test,0,0.08042466640472412,0.04059971348026713,2.6498505555880416,-2.734536077181417,4.4787629999768945e-06
6334,test,0,0.08477653563022614,0.04059971348026713,2.6498521677765634,-2.7345279807960607,-4.864067978690944e-08
6335,test,0,0.0804348811507225,0.04059971348026713,2.6498441667470494,-2.7345005253582997,5.061141420874454e-05
6336,test,0,0.08054929226636887,0.04059971348026713,2.6498520290109044,-2.7344622810677355,-1.0248468183086637e-07
6337,test,0,0.08104725182056427,0.04059971348026713,2.649850924253697,-2.734440653208524,4.485169870286966e-06
6338,test,0,0.08044183999300003,0.04059971348026713,2.6498334419560647,-2.7344220209383736,9.179442875040106e-06
6339,test,0,0.08478978276252747,0.04059971348026713,2.6498521291499526,-2.7344031046925457,-7.738489089106306e-08
6340,test,0,0.0847407877445221,0.04059971348026713,2.649852384913661,-2.7344031503903943,1.507487832343351e-06
6341,test,0,0.0804474949836731,0.04059971348026713,2.6498521487113322,-2.7343882212244153,-5.5846996677060794e-08
6342,test,0,0.08320992439985275,0.04059971348026713,2.6498523521056216,-2.7343856934647772,-1.1397662581647488e-07
6343,test,0,0.08479414880275726,0.04059971348026713,2.649849163696526,-2.734396829838861,-3.052358028608328e-06
6344,test,0,0.0814744383096695,0.04059971348026713,2.649851606682075,-2.7343729557062253,1.9042329007398092e-07
6345,test,0,0.08045574277639389,0.04059971348026713,2.6498507401595877,-2.734370719794232,3.5699363798209696e-06
6346,test,0,0.0847981870174408,0.04059971348026713,2.6498497407010753,-2.7343654134328936,8.295667466472442e-06
6347,test,0,0.08046560734510422,0.04059971348026713,2.6498500956297457,-2.7343279398201177,7.112379862424067e-06
6348,test,0,0.0804569348692894,0.04059971348026713,2.6498498269856756,-2.734336113669614,-8.76580215866952e-06
6349,test,0,0.08485166728496552,0.04059971348026713,2.649851646288286,-2.7342915946898465,-8.65651318157629e-06
6350,test,0,0.08480343222618103,0.04059971348026713,2.649852649837113,-2.734277860595499,-6.732306066724241e-06
6351,test,0,0.08480382710695267,0.04059971348026713,2.6498509501489007,-2.7342683820871687,3.504642634737903e-06
6352,test,0,0.08046361804008484,0.04059971348026713,2.6498500826877307,-2.734201813161122,1.84051088575555e-05
6353,test,0,0.08480918407440186,0.04059971348026713,2.6498523971472343,-2.734195455162738,-3.170942657195326e-08
6354,test,0,0.08480997383594513,0.04059971348026713,2.6498512666763943,-2.7341671143670476,-7.559010945977979e-07
6355,test,0,0.08064240962266922,0.04059971348026713,2.6498520311583893,-2.7341321240622136,-1.602856440303099e-06
6356,test,0,0.08439524471759796,0.04059971348026713,2.649852256066721,-2.7341195400378697,-2.347268192818131e-08
6357,test,0,0.0848265141248703,0.04059971348026713,2.649847370854503,-2.734097658404735,1.6646698264937685e-05
6358,test,0,0.08482997119426727,0.04059971348026713,2.6498520981395113,-2.7340631083033298,-4.845283206270399e-08
6359,test,0,0.08046291023492813,0.04059971348026713,2.6498522149755432,-2.7340628418063933,-1.7598438075637624e-08
6360,test,0,0.08046227693557739,0.04059971348026713,2.649850293696479,-2.7340399979123293,4.910436321778458e-06
6361,test,0,0.0804688036441803,0.04059971348026713,2.6498519051554115,-2.7340086729080015,2.7228991378676827e-06
6362,test,0,0.08483727276325226,0.04059971348026713,2.649850875709235,-2.734003899416775,3.087994570414805e-06
6363,test,0,0.0848330706357956,0.04059971348026713,2.649852585538176,-2.7339845129877216,-1.6458149246071368e-06
6364,test,0,0.08493342995643616,0.04059971348026713,2.6498521835657733,-2.733984614763709,-9.581216303158111e-08
6365,test,0,0.080461286008358,0.04059971348026713,2.649851759254936,-2.7339928182256092,-1.2947471639482413e-06
6366,test,0,0.08483029901981354,0.04059971348026713,2.6498522418569137,-2.733996504736208,-1.1008651212532882e-07
6367,test,0,0.08352264761924744,0.04059971348026713,2.6498523505913574,-2.733995939756322,1.7793663371130585e-07
6368,test,0,0.08483029901981354,0.04059971348026713,2.649850905339512,-2.733989135541224,3.7015304039602994e-06
6369,test,0,0.08483459800481796,0.04059971348026713,2.649850991612553,-2.733947151318021,3.138405026625037e-06
6370,test,0,0.08183290809392929,0.04059971348026713,2.649850669319797,-2.7339520901666257,-2.4967445957865045e-08
6371,test,0,0.08482658118009567,0.04059971348026713,2.649834014342784,-2.733901009343966,1.545761377954591e-05
6372,test,0,0.08048401772975922,0.04059971348026713,2.6498515097502655,-2.7338832593537603,4.157417028834361e-06
6373,test,0,0.08486311882734299,0.04059971348026713,2.6498515054475296,-2.7338744906897987,4.523498180499835e-07
6374,test,0,0.08484020829200745,0.04059971348026713,2.6498507758309153,-2.7338205974824965,5.300735557213048e-06
6375,test,0,0.08049716800451279,0.04059971348026713,2.649851958771557,-2.7338093028922277,-3.4194931672324697e-08
6376,test,0,0.08327074348926544,0.04059971348026713,2.6498472773341906,-2.7337806055615532,1.5645972466325633e-05
6377,test,0,0.08486071228981018,0.04059971348026713,2.6498479882964667,-2.733748477610656,3.1936628912835597e-06
6378,test,0,0.0825652927160263,0.04059971348026713,2.649852202138244,-2.7337416627578137,-2.2065034892008124e-08
6379,test,0,0.08148054778575897,0.04059971348026713,2.6498463037560707,-2.733738297097906,4.279539580688589e-05
6380,test,0,0.08486281335353851,0.04059971348026713,2.6498519138235834,-2.733687494959705,-9.127492779850913e-08
6381,test,0,0.08050817251205444,0.04059971348026713,2.649849994651967,-2.7336636622231762,8.792545029091735e-06
6382,test,0,0.08488789200782776,0.04059971348026713,2.6498413955390987,-2.733650020102869,3.980468787144464e-05
6383,test,0,0.08488387614488602,0.04059971348026713,2.6498521665549712,-2.733625924379379,-1.207349736326307e-07
6384,test,0,0.08052200078964233,0.04059971348026713,2.6498504507470337,-2.7336193976396417,1.1725361131065875e-06
6385,test,0,0.08421577513217926,0.04059971348026713,2.6498521624542,-2.7336426064715393,-5.722088882052023e-08
6386,test,0,0.0848904401063919,0.04059971348026713,2.6498523433849575,-2.733639523244853,-7.853424340499963e-08
6387,test,0,0.0844721719622612,0.04059971348026713,2.6498503275529273,-2.7336463809754834,-9.326692598349949e-06
6388,test,0,0.08488667011260986,0.04059971348026713,2.6498520180822305,-2.7336074117996705,3.5111610546382007e-06
6389,test,0,0.08488799631595612,0.04059971348026713,2.649851289322726,-2.7336006294964754,4.685649871943313e-07
6390,test,0,0.08053925633430481,0.04059971348026713,2.6498505491606696,-2.733603215388524,8.241091359086467e-06
6391,test,0,0.08489549160003662,0.04059971348026713,2.6498509111215443,-2.7335540765215947,3.774890477176366e-06
6392,test,0,0.08156734704971313,0.04059971348026713,2.649850505162349,-2.733559529808748,-3.7266874999735104e-07
6393,test,0,0.08489865064620972,0.04059971348026713,2.6498515072864497,-2.733516822863961,1.2859556377782689e-05
6394,test,0,0.08052759617567062,0.04059971348026713,2.649851606864291,-2.733499389600586,4.988393966590794e-06
6395,test,0,0.08490793406963348,0.04059971348026713,2.6498514739971393,-2.7334899206267647,7.671008410969682e-08
6396,test,0,0.0805395245552063,0.04059971348026713,2.6498516401414784,-2.7334417648649154,6.912934592889711e-06
6397,test,0,0.08489607274532318,0.04059971348026713,2.649851286147333,-2.733429560137089,-2.4019307119802487e-07
6398,test,0,0.08489149808883667,0.04059971348026713,2.6498521109893685,-2.73342919369596,9.076818624681062e-09
6399,test,0,0.0805322676897049,0.04059971348026713,2.6498460328553977,-2.733397526526008,1.2540084066229532e-05
6400,test,0,0.08053038269281387,0.04059971348026713,2.649852321874389,-2.73339048400158,-2.9771418616204144e-08
6401,test,0,0.08052624017000198,0.04059971348026713,2.6498516272844377,-2.733386369137201,7.066916897838502e-06
6402,test,0,0.08489319682121277,0.04059971348026713,2.649852201334179,-2.73333533346867,-5.1793448395330814e-08
6403,test,0,0.08490228652954102,0.04059971348026713,2.649852305917894,-2.7333349915446012,-1.697445863207212e-08
6404,test,0,0.0811108648777008,0.04059971348026713,2.6498470004735446,-2.7333195064593068,1.371278369386631e-05
6405,test,0,0.08490599691867828,0.04059971348026713,2.6498522839578373,-2.733296693178086,-1.248976313490891e-07
6406,test,0,0.08490273356437683,0.04059971348026713,2.6498521127486145,-2.733296763553278,-2.6118081477706083e-08
6407,test,0,0.08053096383810043,0.04059971348026713,2.649852236218357,-2.7333088758214803,-6.6080581432261e-08
6408,test,0,0.08053743839263916,0.04059971348026713,2.6498524098602028,-2.7333077481965846,-7.548619235051204e-08
6409,test,0,0.08489656448364258,0.04059971348026713,2.649851314166314,-2.733310893445824,2.4686609706683537e-06
6410,test,0,0.08052882552146912,0.04059971348026713,2.649852231226642,-2.7332746605678357,-6.455067516070554e-06
6411,test,0,0.0805351734161377,0.04059971348026713,2.6498505725839556,-2.733267091841679,1.8015734205143224e-06
6412,test,0,0.08489915728569031,0.04059971348026713,2.64985108667615,-2.733272479849254,4.0768730869906845e-06
6413,test,0,0.08053897321224213,0.04059971348026713,2.6498501181181218,-2.733224779147376,6.719643388493382e-06
6414,test,0,0.08492521196603775,0.04059971348026713,2.649851302974775,-2.7332272883834228,-4.4664955091874755e-06
6415,test,0,0.08491465449333191,0.04059971348026713,2.649851672157189,-2.7331877119381796,9.825359020935517e-06
6416,test,0,0.08491173386573792,0.04059971348026713,2.649851167483788,-2.7331691002058123,3.010883739674889e-07
6417,test,0,0.0806492269039154,0.04059971348026713,2.6498507297434397,-2.7331603540951446,4.070098667433284e-07
6418,test,0,0.08491821587085724,0.04059971348026713,2.6498462951004806,-2.7331003750518326,5.3418857214112806e-05
6419,test,0,0.08056824654340744,0.04059971348026713,2.649849632712643,-2.7330841204234586,-6.5056176468399245e-06
6420,test,0,0.08056813478469849,0.04059971348026713,2.6498510552182575,-2.733059503058298,4.216676761830365e-06
6421,test,0,0.08260603249073029,0.04059971348026713,2.649848835868862,-2.7330157279526985,7.94780151831066e-06
6422,test,0,0.08494029939174652,0.04059971348026713,2.6498522258037043,-2.73300048198831,-7.054805580996138e-08
6423,test,0,0.08059725910425186,0.04059971348026713,2.6498488425074016,-2.7329855382948836,6.5093586126878264e-06
6424,test,0,0.08493843674659729,0.04059971348026713,2.6498517069017815,-2.732949972604924,4.611734535962786e-08
6425,test,0,0.08495528995990753,0.04059971348026713,2.6498521855834207,-2.7329449987047085,-2.2454619737934583e-08
6426,test,0,0.08060234040021896,0.04059971348026713,2.6498479718766528,-2.7329352645344347,1.5245645105760019e-05
6427,test,0,0.08429956436157227,0.04059971348026713,2.649852133883455,-2.732908908909648,-1.2583634331188334e-07
6428,test,0,0.082166887819767,0.04059971348026713,2.6498512708192905,-2.7329050525642193,-4.415632362966903e-08
6429,test,0,0.08061317354440689,0.04059971348026713,2.6498520896993503,-2.732905284255647,-3.342770548617577e-08
6430,test,0,0.08060728013515472,0.04059971348026713,2.6498523171120296,-2.732902349911291,-1.0710282909632912e-07
6431,test,0,0.08495552837848663,0.04059971348026713,2.6498507752434017,-2.732907395202546,9.074394949405732e-08
6432,test,0,0.08061175048351288,0.04059971348026713,2.6498521515423663,-2.7329014151393727,-7.620393476155375e-08
6433,test,0,0.0838041678071022,0.04059971348026713,2.649852418747094,-2.7328965612474363,-1.005395528663945e-07
6434,test,0,0.08495870232582092,0.04059971348026713,2.649851097320012,-2.7328980947192365,2.9351238410910802e-06
6435,test,0,0.08060593158006668,0.04059971348026713,2.6498488785263827,-2.7328463081688428,1.3091018617611075e-05
6436,test,0,0.08100631833076477,0.04059971348026713,2.6498510262095065,-2.732846993147896,-4.334517778542489e-08
6437,test,0,0.0820445567369461,0.04059971348026713,2.6498434702091727,-2.7328101414998263,7.697088500273084e-05
6438,test,0,0.0806121677160263,0.04059971348026713,2.6498534095223856,-2.7327826076917696,-2.8161951355034557e-06
6439,test,0,0.08062547445297241,0.04059971348026713,2.649851794392528,-2.7327732973916374,-3.9518184979344794e-06
6440,test,0,0.08307790011167526,0.04059971348026713,2.6498502849670915,-2.7327235735087836,1.7619742493053787e-05
6441,test,0,0.08495113998651505,0.04059971348026713,2.6498507506253905,-2.73270539868073,-1.2099966198923195e-06
6442,test,0,0.08277622610330582,0.04059971348026713,2.649851239108365,-2.7326824007177297,2.7451666749567013e-06
6443,test,0,0.0849493145942688,0.04059971348026713,2.6498521980810037,-2.7326420627429684,6.409792306601999e-06
6444,test,0,0.0806499645113945,0.04059971348026713,2.649852153797533,-2.732628891834277,-4.966692856870434e-08
6445,test,0,0.08064248412847519,0.04059971348026713,2.6498505665339582,-2.7326163619337733,3.7192664596146314e-06
6446,test,0,0.08497969806194305,0.04059971348026713,2.6498521438914056,-2.73257442255442,-2.6340431295547525e-08
6447,test,0,0.08431735634803772,0.04059971348026713,2.6498522590684424,-2.732574186219947,-3.041115482807246e-09
6448,test,0,0.08505504578351974,0.04059971348026713,2.649847877984112,-2.732564638351956,8.701966553293667e-06
6449,test,0,0.08223193138837814,0.04059971348026713,2.649852291674874,-2.7325435955306276,-1.8167500601569522e-07
6450,test,0,0.0849955826997757,0.04059971348026713,2.6498523983807503,-2.7325432645467673,-6.670370289080482e-08
6451,test,0,0.08067068457603455,0.04059971348026713,2.649852277726935,-2.7325734314630368,-1.019951226697319e-08
6452,test,0,0.08065976202487946,0.04059971348026713,2.6498524456165002,-2.7325723794980497,-1.1587621683413707e-07
6453,test,0,0.0809459388256073,0.04059971348026713,2.6498509937258623,-2.732576240059038,2.7034886209441582e-06
6454,test,0,0.08066131174564362,0.04059971348026713,2.649850592029511,-2.732544928718972,1.7096951017390496e-05
6455,test,0,0.08434680104255676,0.04059971348026713,2.6498525389738816,-2.73253402555117,-1.785478893823212e-06
6456,test,0,0.08499017357826233,0.04059971348026713,2.6498516322394137,-2.73254347480002,2.7759165648635784e-06
6457,test,0,0.08076945692300797,0.04059971348026713,2.649851494368773,-2.7324848842285134,2.0669276665691725e-06
6458,test,0,0.08068130910396576,0.04059971348026713,2.6498506707320963,-2.7324860649305007,1.3312083880196692e-06
6459,test,0,0.08066318929195404,0.04059971348026713,2.649850202843455,-2.7324472430796956,1.3184210295569501e-05
6460,test,0,0.08499689400196075,0.04059971348026713,2.64985178859041,-2.732423193657712,1.1559743649470393e-07
6461,test,0,0.08500069379806519,0.04059971348026713,2.6498509926175684,-2.732414302147919,6.498968780829892e-07
6462,test,0,0.08499775826931,0.04059971348026713,2.6498520157202843,-2.732364413696966,-3.7552825427393563e-06
6463,test,0,0.08065514266490936,0.04059971348026713,2.649851864203285,-2.732352305192674,-1.4188906663856987e-05
6464,test,0,0.08066882193088531,0.04059971348026713,2.6498517409366755,-2.732326748010194,-4.33303480455762e-06
6465,test,0,0.08500029146671295,0.04059971348026713,2.6498510154639265,-2.7322840567259665,6.965277529442225e-06
6466,test,0,0.0806933045387268,0.04059971348026713,2.649852147512927,-2.732264528135644,-3.775693489961364e-08
6467,test,0,0.08501751720905304,0.04059971348026713,2.6498521715768555,-2.732264536696007,1.2252192166801853e-09
6468,test,0,0.08069249987602234,0.04059971348026713,2.649852052792915,-2.7322100674170744,-3.5971051996628016e-08
6469,test,0,0.08132389187812805,0.04059971348026713,2.6498522048174773,-2.7322095766093186,5.410830099715032e-09
6470,test,0,0.08069025725126266,0.04059971348026713,2.6498482012436964,-2.7322013190905583,1.3796357322982702e-05
6471,test,0,0.08501602709293365,0.04059971348026713,2.6498508529016553,-2.732145215968228,-2.751547930034754e-07
6472,test,0,0.08070474117994308,0.04059971348026713,2.649848731797162,-2.732136858691821,-3.3994924765439986e-07
6473,test,0,0.0850161612033844,0.04059971348026713,2.6498521800152046,-2.7321553370140745,-5.543448277949817e-08
6474,test,0,0.0807047039270401,0.04059971348026713,2.649852376001102,-2.7321531654301463,-1.3006437736098512e-07
6475,test,0,0.08317624032497406,0.04059971348026713,2.6498506932322505,-2.732153611412637,1.5889746756289077e-07
6476,test,0,0.08340634405612946,0.04059971348026713,2.649850955996067,-2.732124516650827,5.7101933048891096e-06
6477,test,0,0.08071768283843994,0.04059971348026713,2.649853035568883,-2.7321132574960836,-1.1106422680408878e-06
6478,test,0,0.08410866558551788,0.04059971348026713,2.649850116194459,-2.73212212806664,1.3433196808125135e-05
6479,test,0,0.0850217193365097,0.04059971348026713,2.6498518616978024,-2.732072272968681,2.545337856228199e-07
6480,test,0,0.08118796348571777,0.04059971348026713,2.649851338857466,-2.732071786247415,-2.7442859755012226e-06
6481,test,0,0.08502751588821411,0.04059971348026713,2.649850614577892,-2.732035520412994,1.2315886961640367e-06
6482,test,0,0.08072121441364288,0.04059971348026713,2.649851399413871,-2.7320069624365937,2.798116253015351e-07
6483,test,0,0.0816749632358551,0.04059971348026713,2.649851977784216,-2.731998515786673,-2.620488866427619e-07
6484,test,0,0.08502659201622009,0.04059971348026713,2.6498249519227914,-2.7319473657933435,0.00010189969795878908
6485,test,0,0.08075373619794846,0.04059971348026713,2.6498513211105004,-2.7319337237994823,-5.587424529231524e-07
6486,test,0,0.08503683656454086,0.04059971348026713,2.649852244519402,-2.731928815925345,3.4516015512254263e-08
6487,test,0,0.08503683656454086,0.04059971348026713,2.6498449233941,-2.731886450837758,4.190525185443688e-05
6488,test,0,0.08504281938076019,0.04059971348026713,2.6498522452845688,-2.7318761727067584,-6.84020128463531e-08
6489,test,0,0.08074259012937546,0.04059971348026713,2.649852147508103,-2.7318766511492676,3.237625017933137e-08
6490,test,0,0.08073818683624268,0.04059971348026713,2.649850283744236,-2.731833238489085,1.159580327144823e-06
6491,test,0,0.08504743874073029,0.04059971348026713,2.6498522277538434,-2.7318288541724765,-1.747016581881993e-08
6492,test,0,0.0850500762462616,0.04059971348026713,2.649846423080564,-2.7318224515712255,3.9225512599924595e-05
6493,test,0,0.08228646218776703,0.04059971348026713,2.649852241225636,-2.731795194448136,-1.1208454529972777e-07
6494,test,0,0.08505751192569733,0.04059971348026713,2.649851188376935,-2.731790182707234,6.2496156878405575e-06
6495,test,0,0.08505570888519287,0.04059971348026713,2.649849965533407,-2.7318064450266397,-2.5056753460536864e-06
6496,test,0,0.08075599372386932,0.04059971348026713,2.6498512450613307,-2.7317651052436935,3.5708969510687696e-07
6497,test,0,0.08506420999765396,0.04059971348026713,2.6498510674828264,-2.731775781643417,1.6975462608013664e-06
6498,test,0,0.08506269752979279,0.04059971348026713,2.6498527063710746,-2.7317493030201563,1.1613444885456567e-06
6499,test,0,0.0807790458202362,0.04059971348026713,2.6498514783781912,-2.731735842587733,2.570741192211408e-07
6500,test,0,0.0850670263171196,0.04059971348026713,2.649852746912333,-2.731742842069468,2.4753548749027987e-06
6501,test,0,0.08506162464618683,0.04059971348026713,2.649851632331928,-2.7316760460945804,2.786376139273967e-07
6502,test,0,0.08078058063983917,0.04059971348026713,2.649851179746577,-2.7316755661789562,-5.168520337974454e-07
6503,test,0,0.08078619837760925,0.04059971348026713,2.649846083101777,-2.7316456623777166,6.197775576373651e-05
6504,test,0,0.08507249504327774,0.04059971348026713,2.6498498785343205,-2.73160225946192,3.7006892470664976e-06
6505,test,0,0.08079136162996292,0.04059971348026713,2.6498512471764064,-2.7315940656390323,-1.2502796615321403e-07
6506,test,0,0.08079367876052856,0.04059971348026713,2.649835212327355,-2.7315481172266507,1.5117815897724253e-05
6507,test,0,0.08079671859741211,0.04059971348026713,2.649851469022395,-2.7315286456988392,-4.905297581644388e-08
6508,test,0,0.08508068323135376,0.04059971348026713,2.6498520666290175,-2.7315039017857554,-8.112132738854241e-07
6509,test,0,0.08507698774337769,0.04059971348026713,2.6498502782096787,-2.731467892886867,4.454844712994618e-06
6510,test,0,0.08410260081291199,0.04059971348026713,2.649852420140062,-2.7314415005965764,-2.758591414797283e-06
6511,test,0,0.08083125203847885,0.04059971348026713,2.6498515689232462,-2.731423227351666,1.0843114007462368e-05
6512,test,0,0.08081727474927902,0.04059971348026713,2.649851870534633,-2.731381668797411,-7.175002734934456e-06
6513,test,0,0.0808238685131073,0.04059971348026713,2.6498487582426318,-2.7313569957196724,8.118159583359494e-06
6514,test,0,0.0839075818657875,0.04059971348026713,2.6498507949627568,-2.731357035672943,6.547442320685268e-06
6515,test,0,0.08508453518152237,0.04059971348026713,2.6498521118501035,-2.7313304099914606,-8.435436967419483e-08
6516,test,0,0.08512710779905319,0.04059971348026713,2.6498522147262573,-2.7313301678814166,-1.843608458430719e-08
6517,test,0,0.08081993460655212,0.04059971348026713,2.64985137907646,-2.7313517744475715,8.90292444172969e-06
6518,test,0,0.08509831875562668,0.04059971348026713,2.649852429890512,-2.731345028335841,-1.4806145934679434e-07
6519,test,0,0.08145517110824585,0.04059971348026713,2.6498507267822706,-2.7313431041001426,8.49687734444082e-08
6520,test,0,0.08503080904483795,0.04059971348026713,2.649849544295939,-2.7313185440685657,6.0018327022672805e-06
6521,test,0,0.08119627833366394,0.04059971348026713,2.6498524456340355,-2.7313026122872017,-1.1214424074572567e-06
6522,test,0,0.08508822321891785,0.04059971348026713,2.649851483199121,-2.7313091093817645,1.82599755585441e-07
6523,test,0,0.08082493394613266,0.04059971348026713,2.649850074079201,-2.73125775998753,7.917218194132059e-06
6524,test,0,0.08081527054309845,0.04059971348026713,2.649851965852426,-2.7312548853692586,-1.0254511198914471e-05
6525,test,0,0.08508040755987167,0.04059971348026713,2.6498466951905413,-2.7312261508019517,2.594999074489682e-05
6526,test,0,0.085083968937397,0.04059971348026713,2.649850048239442,-2.731196493573244,5.63828344163385e-06
6527,test,0,0.0808224081993103,0.04059971348026713,2.649851758479701,-2.731186619145587,-5.841787455436881e-08
6528,test,0,0.08509671688079834,0.04059971348026713,2.6498246546431754,-2.731141976927114,5.6803041872175416e-05
6529,test,0,0.08453027904033661,0.04059971348026713,2.6498516059911608,-2.7311172818238436,-4.113855017882214e-06
6530,test,0,0.08475858718156815,0.04059971348026713,2.6498521866576588,-2.7311106334853945,1.3953292386194749e-08
6531,test,0,0.08139991760253906,0.04059971348026713,2.649850201645231,-2.731077098515025,9.531864412948968e-06
6532,test,0,0.08510584384202957,0.04059971348026713,2.6498521849621657,-2.7310566732374215,-8.581032277885827e-08
6533,test,0,0.08086834847927094,0.04059971348026713,2.6498522377911264,-2.731056672740856,1.700071064375264e-08
6534,test,0,0.08510150015354156,0.04059971348026713,2.6498519577741972,-2.731015930087004,-1.253460695583332e-05
6535,test,0,0.08085891604423523,0.04059971348026713,2.649852217319731,-2.731012857077867,1.0408380913974373e-09
6536,test,0,0.08510913699865341,0.04059971348026713,2.6498488393449438,-2.731007691413417,9.036650392554876e-06
6537,test,0,0.0808519572019577,0.04059971348026713,2.649852299666483,-2.7309998384764436,-1.4586907320302736e-07
6538,test,0,0.0808626115322113,0.04059971348026713,2.6498524246099935,-2.7309990716534673,-8.170161273308728e-09
6539,test,0,0.0839698314666748,0.04059971348026713,2.649848874248316,-2.7310134130481107,-1.418702220805753e-05
6540,test,0,0.08510962873697281,0.04059971348026713,2.6498522181512114,-2.730995117500532,-1.4091989724598442e-07
6541,test,0,0.08331160247325897,0.04059971348026713,2.6498506168449265,-2.7309943823349303,-2.2571315331421087e-06
6542,test,0,0.08511845022439957,0.04059971348026713,2.6498508811945682,-2.7309674812621214,2.5663417901377746e-05
6543,test,0,0.0808694064617157,0.04059971348026713,2.6498516834276487,-2.730952578155545,4.568707427620647e-06
6544,test,0,0.08512548357248306,0.04059971348026713,2.6498512165463937,-2.7309589133206487,1.021911894289155e-06
6545,test,0,0.08512115478515625,0.04059971348026713,2.649851276139794,-2.730910474257801,-1.1350913867223298e-05
6546,test,0,0.08510534465312958,0.04059971348026713,2.649851084135453,-2.7309092525096528,5.995873523365244e-08
6547,test,0,0.08512213826179504,0.04059971348026713,2.649850655026101,-2.7308822243988837,2.3779814382413845e-05
6548,test,0,0.08511263877153397,0.04059971348026713,2.64985245064206,-2.7308436128083198,4.778056083560666e-06
6549,test,0,0.08088167756795883,0.04059971348026713,2.6498507796062607,-2.7308342091116655,-4.727518608038637e-06
6550,test,0,0.08088354021310806,0.04059971348026713,2.6498424210857325,-2.730795842328868,2.8251771679150912e-05
6551,test,0,0.08089844882488251,0.04059971348026713,2.6498514773777884,-2.730767400725391,-3.3172516778924715e-06
6552,test,0,0.08513446152210236,0.04059971348026713,2.6498521987996235,-2.730757447976097,1.249638262107825e-08
6553,test,0,0.0810634046792984,0.04059971348026713,2.649849165678994,-2.7307160971128077,3.4927768665606825e-05
6554,test,0,0.08089496195316315,0.04059971348026713,2.649852194096816,-2.7306954674908224,-1.0374522129445608e-07
6555,test,0,0.08091278374195099,0.04059971348026713,2.649852222400063,-2.7306956230094137,-7.635206658039294e-07
6556,test,0,0.08123442530632019,0.04059971348026713,2.6498505378871764,-2.7306609953152843,-5.328806858218958e-07
6557,test,0,0.08514342457056046,0.04059971348026713,2.649851246738193,-2.7306381963766038,1.2232656434952927e-07
6558,test,0,0.08513873815536499,0.04059971348026713,2.6498514193749565,-2.7306435689074897,9.068309711372807e-06
6559,test,0,0.08513873815536499,0.04059971348026713,2.64985221614134,-2.730628884780736,-1.3846863372323907e-07
6560,test,0,0.0809253454208374,0.04059971348026713,2.649852374963046,-2.7306264192157106,-3.447754433690256e-08
6561,test,0,0.08093198388814926,0.04059971348026713,2.649849776158618,-2.7306589415782496,1.1271945954572309e-05
6562,test,0,0.08514538407325745,0.04059971348026713,2.6498522510501905,-2.730639897341884,-1.4444225852976437e-07
6563,test,0,0.08513970673084259,0.04059971348026713,2.649850938535067,-2.730639032596443,1.9914657403013745e-06
6564,test,0,0.08513970673084259,0.04059971348026713,2.6498467191837145,-2.730610261290194,4.421425821439696e-06
6565,test,0,0.0851479098200798,0.04059971348026713,2.6498512711956113,-2.730593458663251,-1.4984248207553358e-07
6566,test,0,0.08479398488998413,0.04059971348026713,2.6498512306062065,-2.7305984711729985,-4.522127489329529e-07
6567,test,0,0.08093085885047913,0.04059971348026713,2.649851137001032,-2.7305376574069644,4.755094927449822e-06
6568,test,0,0.0851496011018753,0.04059971348026713,2.649851167038636,-2.730532973632803,9.462901467618095e-08
6569,test,0,0.08310280740261078,0.04059971348026713,2.649850566239618,-2.730508102717514,9.488097042944027e-06
6570,test,0,0.08515826612710953,0.04059971348026713,2.649850183716639,-2.7304606571793384,-8.888588650034769e-07
6571,test,0,0.08517082035541534,0.04059971348026713,2.649852182487842,-2.7304494234709216,-1.1201863759659978e-06
6572,test,0,0.08516092598438263,0.04059971348026713,2.6498507938775817,-2.7304108686382085,4.779557593634269e-06
6573,test,0,0.0809738039970398,0.04059971348026713,2.6498514528804296,-2.7303928990697637,-2.304408823477645e-07
6574,test,0,0.08516861498355865,0.04059971348026713,2.6498521647697846,-2.7303820804925247,9.882149245979627e-09
6575,test,0,0.08097745478153229,0.04059971348026713,2.649850406315919,-2.7303464808206255,-6.290077242773156e-06
6576,test,0,0.08516404032707214,0.04059971348026713,2.649852340554846,-2.730333293881264,-1.2412534662205204e-07
6577,test,0,0.08098016679286957,0.04059971348026713,2.6498522994356373,-2.730333566484508,1.4370039544500521e-09
6578,test,0,0.08519871532917023,0.04059971348026713,2.6498518428233373,-2.730304429805963,-1.4839916091444491e-08
6579,test,0,0.0851706713438034,0.04059971348026713,2.649852231992566,-2.7302959378030422,-1.1690668330162208e-07
6580,test,0,0.0817672610282898,0.04059971348026713,2.6498507132873588,-2.7302933004628196,3.040656956997565e-08
6581,test,0,0.08098264038562775,0.04059971348026713,2.649852294882247,-2.7302936905246438,-1.1401180176953732e-07
6582,test,0,0.085160031914711,0.04059971348026713,2.6498524334605653,-2.7302927349141464,-5.828782611267202e-08
6583,test,0,0.08098132908344269,0.04059971348026713,2.6498516333569584,-2.7303165237837588,6.7671582333631685e-06
6584,test,0,0.08097455650568008,0.04059971348026713,2.6498511301044387,-2.7302532204270795,5.077573597363127e-06
6585,test,0,0.08518385887145996,0.04059971348026713,2.649851280011857,-2.730257748768256,-2.3996001078934223e-06
6586,test,0,0.08097343891859055,0.04059971348026713,2.6498519404564997,-2.7302325739539715,3.9082699724777516e-09
6587,test,0,0.08097630739212036,0.04059971348026713,2.649853708002372,-2.7302118997056453,4.0119945401253964e-06
6588,test,0,0.08098375052213669,0.04059971348026713,2.6498517666089314,-2.730216869921345,-1.8895987251375084e-06
6589,test,0,0.08517619967460632,0.04059971348026713,2.64985020352066,-2.730168307940909,2.576813516402405e-05
6590,test,0,0.08516715466976166,0.04059971348026713,2.649851285737818,-2.7301602358122494,1.1027082108327715e-07
6591,test,0,0.08517254889011383,0.04059971348026713,2.6498518727342124,-2.730140828718749,5.091543151517878e-06
6592,test,0,0.08296731114387512,0.04059971348026713,2.6498513078972286,-2.7300980604468137,3.5783285412934382e-06
6593,test,0,0.08517959713935852,0.04059971348026713,2.6498522449144146,-2.730088744792266,-1.1722053779603455e-06
6594,test,0,0.08101699501276016,0.04059971348026713,2.64984946885272,-2.730052755998791,9.886801762262857e-06
6595,test,0,0.08516821265220642,0.04059971348026713,2.6498513402158714,-2.730032917712498,-1.992577810931526e-07
6596,test,0,0.08100416511297226,0.04059971348026713,2.6498515232960616,-2.7300084709538583,1.1499025675675448e-07
6597,test,0,0.08101705461740494,0.04059971348026713,2.6498487196016534,-2.729982876815158,1.9629980245170334e-05
6598,test,0,0.08102782070636749,0.04059971348026713,2.6498522112923872,-2.7299583439521875,-1.0142203813777189e-07
6599,test,0,0.08518198132514954,0.04059971348026713,2.6498522482943336,-2.7299584028741584,2.603008846056952e-08
6600,test,0,0.08103320002555847,0.04059971348026713,2.6498490346242494,-2.7299278767258954,-9.916806349888263e-07
6601,test,0,0.08183835446834564,0.04059971348026713,2.6498516733627073,-2.7298930411283284,6.041847610244757e-08
6602,test,0,0.08517524600028992,0.04059971348026713,2.6498501847346683,-2.7298972923252656,2.633040369682188e-06
6603,test,0,0.08518307656049728,0.04059971348026713,2.6498521374938147,-2.7299026789659133,-1.0436265442334983e-07
6604,test,0,0.0840476006269455,0.04059971348026713,2.64985231398773,-2.7298995017019068,-2.2801206242524002e-08
6605,test,0,0.0810314267873764,0.04059971348026713,2.649851425767781,-2.7299191784350483,1.6467001827501655e-06
6606,test,0,0.08102378994226456,0.04059971348026713,2.6498524677265025,-2.729859327143962,1.7815698233521742e-06
6607,test,0,0.08517216145992279,0.04059971348026713,2.649850904396904,-2.7298640665326683,1.4330842318255388e-06
6608,test,0,0.08104706555604935,0.04059971348026713,2.6498492717237454,-2.729838848243134,3.5737224628406994e-06
6609,test,0,0.08517764508724213,0.04059971348026713,2.649851762638831,-2.7298189109130737,2.562880223725961e-06
6610,test,0,0.08105763792991638,0.04059971348026713,2.649851329708199,-2.7298237363619466,-1.3715997387225444e-07
6611,test,0,0.08115474134683609,0.04059971348026713,2.6498510724582953,-2.7297690282241946,4.2387046362816995e-06
6612,test,0,0.08105942606925964,0.04059971348026713,2.6498513316311576,-2.7297616584211695,1.0256490976964237e-07
6613,test,0,0.08520087599754333,0.04059971348026713,2.6498507670354807,-2.7297424324523756,1.021882409429531e-05
6614,test,0,0.08107437193393707,0.04059971348026713,2.6498511743968183,-2.7296915762742175,3.923372160578033e-06
6615,test,0,0.08520032465457916,0.04059971348026713,2.6498516258090445,-2.729678194379739,-1.7947076392910633e-07
6616,test,0,0.08107051253318787,0.04059971348026713,2.6498468150575993,-2.7296462445973053,3.0127213768453407e-05
6617,test,0,0.08108428865671158,0.04059971348026713,2.6498519779229994,-2.7296069161207885,-2.964892887895201e-06
6618,test,0,0.08520050346851349,0.04059971348026713,2.6498520982784077,-2.7296009067331704,-1.5863791880696758e-08
6619,test,0,0.08106231689453125,0.04059971348026713,2.6498516650128816,-2.729579269486036,7.352492416188836e-07
6620,test,0,0.08106786012649536,0.04059971348026713,2.6498522590798768,-2.7295563344079925,-1.271710778552921e-07
6621,test,0,0.0810728445649147,0.04059971348026713,2.6498523383994,-2.7295561472445717,-1.1505689726689013e-08
6622,test,0,0.08109068870544434,0.04059971348026713,2.6498494339829577,-2.7295336169470463,9.230432327124956e-06
6623,test,0,0.08107560873031616,0.04059971348026713,2.6498505458049664,-2.72949580365545,5.324167564084691e-06
6624,test,0,0.08108395338058472,0.04059971348026713,2.6498511729272316,-2.7294980956593413,1.3116407979537347e-06
6625,test,0,0.08639748394489288,0.04059971348026713,2.6498523699278884,-2.7295153285343736,-9.561885876843712e-08
6626,test,0,0.08520658314228058,0.04059971348026713,2.649852506652019,-2.7295143794182466,-7.549701492903066e-09
6627,test,0,0.08108572661876678,0.04059971348026713,2.6498498538147492,-2.7295354564393555,2.017017901244756e-06
6628,test,0,0.08108402788639069,0.04059971348026713,2.649851648712493,-2.7294742270906194,2.405632245792648e-07
6629,test,0,0.08522079885005951,0.04059971348026713,2.649852006661961,-2.72947499882338,-9.07950788084285e-06
6630,test,0,0.08108644187450409,0.04059971348026713,2.649852003527777,-2.729450628844685,5.036809338567726e-06
6631,test,0,0.08106998354196548,0.04059971348026713,2.649853625509674,-2.729424274226223,2.9914565042008834e-06
6632,test,0,0.08522014319896698,0.04059971348026713,2.649851480210011,-2.729429012684537,-9.161282609445209e-06
6633,test,0,0.08265870064496994,0.04059971348026713,2.649842428916673,-2.729380769309054,3.0383435371859356e-05
6634,test,0,0.08522645384073257,0.04059971348026713,2.6498525924529717,-2.729368022878257,-3.6701670589621233e-06
6635,test,0,0.08520019054412842,0.04059971348026713,2.6498516287101945,-2.7293491403205703,-3.893069796603005e-06
6636,test,0,0.08230744302272797,0.04059971348026713,2.6498514282991263,-2.7293025702611025,-5.0274406554584527e-08
6637,test,0,0.0852191299200058,0.04059971348026713,2.649852162736464,-2.7292884574397425,-3.478168883688917e-06
6638,test,0,0.08522241562604904,0.04059971348026713,2.6498504151664948,-2.729257607612359,3.25535764100337e-06
6639,test,0,0.08109228312969208,0.04059971348026713,2.649851539201818,-2.7292164571274906,-6.950607395294016e-06
6640,test,0,0.08521655201911926,0.04059971348026713,2.649851695614223,-2.729191931141778,1.840530939401459e-07
6641,test,0,0.08112280070781708,0.04059971348026713,2.649840488467868,-2.7291685414539764,5.969430289882508e-05
6642,test,0,0.08523441851139069,0.04059971348026713,2.6498521198550447,-2.7291395665264697,-1.169469910563222e-07
6643,test,0,0.08525428175926208,0.04059971348026713,2.6498522118417753,-2.7291393034723335,-1.5432140205859192e-08
6644,test,0,0.08113186061382294,0.04059971348026713,2.6498505901199563,-2.7291207788737646,5.2371715382137914e-06
6645,test,0,0.08524835109710693,0.04059971348026713,2.649853884102392,-2.7290797635146866,2.4882403577270837e-06
6646,test,0,0.08524848520755768,0.04059971348026713,2.649851184410523,-2.729082329463273,2.2424290252010165e-07
6647,test,0,0.0811447873711586,0.04059971348026713,2.649852123966286,-2.7290891454840147,-7.319184105207204e-08
6648,test,0,0.08523593842983246,0.04059971348026713,2.649852345470653,-2.7290858825482864,-7.00677140454916e-08
6649,test,0,0.08107355982065201,0.04059971348026713,2.649850934674883,-2.7291032623369844,3.850649143851215e-06
6650,test,0,0.08524005860090256,0.04059971348026713,2.6498518840488026,-2.72904844376532,2.0092994327101618e-07
6651,test,0,0.08115838468074799,0.04059971348026713,2.6498515795598556,-2.7290508815995818,-8.377973648449521e-07
6652,test,0,0.08524265885353088,0.04059971348026713,2.6498493618038927,-2.7290251678775483,4.628470643759413e-06
6653,test,0,0.08525072038173676,0.04059971348026713,2.6498515546197665,-2.7289965649169674,8.808956158288906e-08
6654,test,0,0.08524900674819946,0.04059971348026713,2.649849254960969,-2.7289992621315062,2.932321523865583e-07
6655,test,0,0.08525199443101883,0.04059971348026713,2.6498517767449945,-2.7289523912226343,3.3992368375247912e-06
6656,test,0,0.08524881303310394,0.04059971348026713,2.6498515187463374,-2.7289414247883,2.3993964528958024e-07
6657,test,0,0.08524534106254578,0.04059971348026713,2.649851784148795,-2.7289235925464115,2.476245020515483e-06
6658,test,0,0.08279675245285034,0.04059971348026713,2.6498517406638635,-2.72888211789906,6.785200297261077e-06
6659,test,0,0.08278822153806686,0.04059971348026713,2.64985164446397,-2.7288684062965607,-1.3162977824516536e-07
6660,test,0,0.08114155381917953,0.04059971348026713,2.6498472675791516,-2.7288400901442724,2.2710642069825182e-05
6661,test,0,0.0852510929107666,0.04059971348026713,2.64985089610653,-2.7288000627287246,3.3995390247144155e-06
6662,test,0,0.08525341749191284,0.04059971348026713,2.6498522771323025,-2.7287878533679084,-5.16187800262654e-08
6663,test,0,0.0852498710155487,0.04059971348026713,2.649849577635643,-2.7287731740233214,2.151928290783602e-05
6664,test,0,0.08165299892425537,0.04059971348026713,2.649852159516397,-2.7287447495741213,-1.3076594432966e-07
6665,test,0,0.08118362724781036,0.04059971348026713,2.6498522665250066,-2.728744355023578,-4.39628512887093e-08
6666,test,0,0.08119427412748337,0.04059971348026713,2.6498503932311896,-2.728735129605521,-3.328656743649695e-06
6667,test,0,0.08525495231151581,0.04059971348026713,2.6498521743806682,-2.728715937772852,-7.25359535782486e-08
6668,test,0,0.08408655226230621,0.04059971348026713,2.6498511576391466,-2.7287101644017655,-4.344073850339653e-06
6669,test,0,0.08117952942848206,0.04059971348026713,2.6498523503048017,-2.7287372996702732,-7.368165504877375e-08
6670,test,0,0.08525559306144714,0.04059971348026713,2.649852496912819,-2.7287364651144874,-7.353398016651767e-08
6671,test,0,0.085256427526474,0.04059971348026713,2.6498517803178716,-2.728750642953647,2.1686364072234864e-08
6672,test,0,0.08118312060832977,0.04059971348026713,2.6498518390614776,-2.728700666035672,2.998385307986891e-07
6673,test,0,0.08116993308067322,0.04059971348026713,2.649852100157936,-2.7287002527054915,-7.440545787822846e-06
6674,test,0,0.08524912595748901,0.04059971348026713,2.6498516354399806,-2.7286793264545204,5.2605445891871694e-06
6675,test,0,0.08117666095495224,0.04059971348026713,2.649851644174731,-2.7286457790238616,1.7037280802176078e-07
6676,test,0,0.08290757983922958,0.04059971348026713,2.6498516695256207,-2.7286454216757257,-3.530478922967953e-08
6677,test,0,0.08118141442537308,0.04059971348026713,2.6498449520195684,-2.728602314308661,4.11535842695574e-05
6678,test,0,0.08122202008962631,0.04059971348026713,2.649851408819095,-2.7285836022155268,-1.4975390881524632e-05
6679,test,0,0.08525391668081284,0.04059971348026713,2.64985243223973,-2.728566160365546,-5.6907195450464204e-06
6680,test,0,0.08148813992738724,0.04059971348026713,2.649849698578468,-2.7285133385451545,5.582270273885358e-06
6681,test,0,0.08118199557065964,0.04059971348026713,2.649852114471068,-2.7284994511543728,-5.008585887798239e-08
6682,test,0,0.08526154607534409,0.04059971348026713,2.6498502612455304,-2.7284855443315097,-9.410340452496674e-06
6683,test,0,0.08119238168001175,0.04059971348026713,2.6498512558912033,-2.728441375012922,1.0737607094569477e-06
6684,test,0,0.08103077113628387,0.04059971348026713,2.649851435185975,-2.7284164910744546,4.3969646422274053e-07
6685,test,0,0.08531952649354935,0.04059971348026713,2.6498502825381176,-2.7283987993296335,5.9580369338876105e-06
6686,test,0,0.08120214939117432,0.04059971348026713,2.649852122894672,-2.728371769316935,-1.0827764994739305e-07
6687,test,0,0.08526390790939331,0.04059971348026713,2.6498522349702243,-2.728371368396828,6.986192978460009e-09
6688,test,0,0.08119171112775803,0.04059971348026713,2.6498499610296977,-2.7283606837594676,5.160488925374538e-06
6689,test,0,0.08526653796434402,0.04059971348026713,2.649852236971563,-2.7283456859746598,-8.494508824626065e-08
6690,test,0,0.08115775138139725,0.04059971348026713,2.6498515636804654,-2.728341334929787,-3.540562534888722e-06
6691,test,0,0.08527112752199173,0.04059971348026713,2.6498521865631366,-2.7283539934775036,-1.5798685390707923e-08
6692,test,0,0.08526516705751419,0.04059971348026713,2.649852396875403,-2.7283507941914524,-1.0390833717353106e-07
6693,test,0,0.08121005445718765,0.04059971348026713,2.649851220009605,-2.728362495416453,-1.0431991306007377e-05
6694,test,0,0.08121053129434586,0.04059971348026713,2.64985203492691,-2.7283148020883385,3.2607006723107356e-06
6695,test,0,0.08122126013040543,0.04059971348026713,2.6498507949626027,-2.7283123534453124,4.0211561518348267e-07
6696,test,0,0.08526693284511566,0.04059971348026713,2.649845275579004,-2.7282912567548654,3.984781591453589e-05
6697,test,0,0.08527373522520065,0.04059971348026713,2.649851595911007,-2.728263225830246,2.604189754920937e-07
6698,test,0,0.08122087270021439,0.04059971348026713,2.649851608389497,-2.7282594925428443,-2.054884123812009e-05
6699,test,0,0.08468392491340637,0.04059971348026713,2.6498329798770306,-2.728206961866479,2.9646729580110467e-06
6700,test,0,0.08525669574737549,0.04059971348026713,2.6498508849436164,-2.7281930166570807,7.287645719842205e-06
6701,test,0,0.08526533097028732,0.04059971348026713,2.649851315545223,-2.7281701658308264,7.815074660358113e-07
6702,test,0,0.0852755606174469,0.04059971348026713,2.6498485576356154,-2.728117061585699,1.4527676818116978e-05
6703,test,0,0.08123759180307388,0.04059971348026713,2.6498520959425544,-2.7281038003210027,-5.995556889168477e-08
6704,test,0,0.08528794348239899,0.04059971348026713,2.649852124330147,-2.7281039035548678,3.7234749024097014e-08
6705,test,0,0.08123140037059784,0.04059971348026713,2.649851498201634,-2.7280573201814797,-6.45897458205483e-08
6706,test,0,0.08124548196792603,0.04059971348026713,2.6498517774415853,-2.728030619914624,4.555158939329512e-07
6707,test,0,0.08123892545700073,0.04059971348026713,2.649849551465603,-2.728013485346616,9.67386523267269e-06
6708,test,0,0.0852746069431305,0.04059971348026713,2.649851840756825,-2.727975641031828,8.447325918452593e-07
6709,test,0,0.08125388622283936,0.04059971348026713,2.6498496617040397,-2.727956321410614,6.895348871716137e-06
6710,test,0,0.08275002241134644,0.04059971348026713,2.649830527326148,-2.727962282124953,-3.119901957112167e-05
6711,test,0,0.08527293801307678,0.04059971348026713,2.649849910818346,-2.7279150208536747,4.89139299701808e-06
6712,test,0,0.08529011905193329,0.04059971348026713,2.649850934040394,-2.727915103335045,-1.1824895414588326e-06
6713,test,0,0.08528479933738708,0.04059971348026713,2.6498522727747806,-2.7279354164796423,-6.284174167805149e-08
6714,test,0,0.08125869184732437,0.04059971348026713,2.6498524236730185,-2.7279347680077413,-1.0386372020970724e-07
6715,test,0,0.08125827461481094,0.04059971348026713,2.6498506129067696,-2.7279441637305166,-1.601111968922826e-05
6716,test,0,0.08127061277627945,0.04059971348026713,2.6498519729550374,-2.7278958592593168,2.550893750350657e-07
6717,test,0,0.0812591016292572,0.04059971348026713,2.649851083075616,-2.727893567223302,1.2175344392985587e-06
6718,test,0,0.08527505397796631,0.04059971348026713,2.6498513351181576,-2.727879488335015,1.6195948714776097e-07
6719,test,0,0.08526896685361862,0.04059971348026713,2.64984964111025,-2.7278462514911523,5.410108930695748e-06
6720,test,0,0.08123673498630524,0.04059971348026713,2.649852307010801,-2.7278426982242627,-8.759357165765815e-06
6721,test,0,0.08528102934360504,0.04059971348026713,2.6498489696763214,-2.727801167687934,1.7852075893240935e-05
6722,test,0,0.08527930080890656,0.04059971348026713,2.6498515142799604,-2.7277867387419192,-3.678095133703674e-08
6723,test,0,0.08126336336135864,0.04059971348026713,2.6498518561783335,-2.7277701610595666,-1.1378499772751166e-07
6724,test,0,0.08529140055179596,0.04059971348026713,2.6498521401098567,-2.7277230747645556,-6.721588145885522e-06
6725,test,0,0.08529812842607498,0.04059971348026713,2.649853098249378,-2.7277050801125364,-5.972381872003398e-06
6726,test,0,0.08529922366142273,0.04059971348026713,2.6498493280577717,-2.7276812825644527,1.1502736444918382e-05
6727,test,0,0.0852915421128273,0.04059971348026713,2.649851031257554,-2.727645446889712,4.0240464454170915e-06
6728,test,0,0.08528687059879303,0.04059971348026713,2.6498523765429467,-2.727639188316478,-1.611133636910864e-08
6729,test,0,0.08127054572105408,0.04059971348026713,2.649837481625733,-2.7276273223785688,2.9613539183394353e-05
6730,test,0,0.08516713231801987,0.04059971348026713,2.6498522523928796,-2.7275949815840135,-1.2653281757326804e-07
6731,test,0,0.0812753438949585,0.04059971348026713,2.649852390980452,-2.72759429013793,4.665032324080686e-09
6732,test,0,0.08128079026937485,0.04059971348026713,2.6498459170874535,-2.727603864724995,-8.410702016107153e-06
6733,test,0,0.08530213683843613,0.04059971348026713,2.64985238225271,-2.7275946823881383,-1.3026709714145314e-07
6734,test,0,0.08530213683843613,0.04059971348026713,2.6498489942099166,-2.7275920561836235,2.3937468403048664e-06
6735,test,0,0.08530274033546448,0.04059971348026713,2.649851720889352,-2.727582707583601,7.5848986403289335e-06
6736,test,0,0.08529786765575409,0.04059971348026713,2.649851069941429,-2.7275593291082902,2.46846246877299e-06
6737,test,0,0.08127319812774658,0.04059971348026713,2.6498480598653424,-2.7275766571566815,-2.237110730530268e-05
6738,test,0,0.08126968145370483,0.04059971348026713,2.6498512357237387,-2.7275253727357534,2.6216393082208815e-06
6739,test,0,0.08126449584960938,0.04059971348026713,2.6498514988236654,-2.7275213849638,4.0511666486580676e-08
6740,test,0,0.0812685638666153,0.04059971348026713,2.649850664755264,-2.7275086715176027,1.930081989680381e-06
6741,test,0,0.08530014753341675,0.04059971348026713,2.649851583915096,-2.7274589182241358,1.8633004162439422e-07
6742,test,0,0.08531498908996582,0.04059971348026713,2.64985182578376,-2.7274542045921053,-1.0228730835784868e-07
6743,test,0,0.08530782163143158,0.04059971348026713,2.6498453110817963,-2.7274116963424087,4.383394399032783e-05
6744,test,0,0.08531488478183746,0.04059971348026713,2.6498511638959914,-2.7273869452360615,9.64572307155399e-06
6745,test,0,0.08530175685882568,0.04059971348026713,2.649851866038503,-2.727367491392486,-9.524415059602621e-08
6746,test,0,0.08531486988067627,0.04059971348026713,2.649850656046389,-2.7273214359447953,-9.910856834226963e-07
6747,test,0,0.08532240986824036,0.04059971348026713,2.6498521208962806,-2.727307211260451,-2.2692374358729378e-08
6748,test,0,0.08530719578266144,0.04059971348026713,2.649852141958568,-2.7273075316487105,2.447150526835932e-08
6749,test,0,0.08129142224788666,0.04059971348026713,2.649851330580302,-2.727274179511478,1.0940915840421547e-07
6750,test,0,0.0853029116988182,0.04059971348026713,2.649852061636455,-2.7272601252886357,-1.0894909999675662e-07
6751,test,0,0.08530406653881073,0.04059971348026713,2.649850825933228,-2.727234796948862,-6.927393680536867e-07
6752,test,0,0.08126814663410187,0.04059971348026713,2.649852137007177,-2.727216806985616,-1.4120076683993218e-07
6753,test,0,0.08531594276428223,0.04059971348026713,2.6498490775628554,-2.727193617250694,7.12093725257627e-06
6754,test,0,0.08531849831342697,0.04059971348026713,2.6498474127581515,-2.72721482371096,3.032580654648562e-06
6755,test,0,0.08127461373806,0.04059971348026713,2.6498522883984985,-2.727211474838223,-1.23493136665806e-07
6756,test,0,0.08531474322080612,0.04059971348026713,2.6498509579117497,-2.727203479317187,-5.605560325634797e-06
6757,test,0,0.08531583845615387,0.04059971348026713,2.6498525317679764,-2.7271900859449447,-4.5280992982533066e-06
6758,test,0,0.08143306523561478,0.04059971348026713,2.6498526254244386,-2.7271683282425854,5.6122123798732015e-06
6759,test,0,0.0812750905752182,0.04059971348026713,2.649851316141536,-2.727180128011133,4.0200099956022593e-08
6760,test,0,0.08127675950527191,0.04059971348026713,2.649851763533663,-2.7271353754936336,1.149956021878928e-05
6761,test,0,0.081275075674057,0.04059971348026713,2.649851032194145,-2.7271282940793453,1.2873873689538657e-06
6762,test,0,0.08160148561000824,0.04059971348026713,2.6498489917876467,-2.727118335386216,1.6807405255344558e-05
6763,test,0,0.0853252112865448,0.04059971348026713,2.649851560854831,-2.727076568272567,-8.303519271846209e-07
6764,test,0,0.0850895345211029,0.04059971348026713,2.6498517854276744,-2.727073119739736,-7.785946350024894e-08
6765,test,0,0.08531550318002701,0.04059971348026713,2.6498499759261582,-2.7270342627614514,7.430744898562716e-06
6766,test,0,0.08127626776695251,0.04059971348026713,2.6498532371232564,-2.72701690232673,-6.133666725029947e-06
6767,test,0,0.0853046327829361,0.04059971348026713,2.6498516098317917,-2.7269979906231927,2.1175957062899726e-06
6768,test,0,0.08131048083305359,0.04059971348026713,2.649849070613236,-2.7269596294996736,2.513213676808976e-05
6769,test,0,0.08530665934085846,0.04059971348026713,2.64985202600509,-2.72693187415766,-2.0839282655779012e-08
6770,test,0,0.08531458675861359,0.04059971348026713,2.649852100066831,-2.726931860302312,1.9192655901622478e-08
6771,test,0,0.08531501889228821,0.04059971348026713,2.6498498952574994,-2.726897458757106,3.116922798355007e-07
6772,test,0,0.08533041924238205,0.04059971348026713,2.6498521494815432,-2.726882221115498,-4.960067615143863e-08
6773,test,0,0.08532509207725525,0.04059971348026713,2.649850952197754,-2.7268767540806182,5.1974373405209125e-06
6774,test,0,0.0853319764137268,0.04059971348026713,2.649852168166746,-2.72685066186421,-1.0220902113628206e-07
6775,test,0,0.08407863974571228,0.04059971348026713,2.6498506568066484,-2.726826814184649,9.309021997783273e-06
6776,test,0,0.08129344880580902,0.04059971348026713,2.649849545471522,-2.7268690187483497,6.653343572501204e-06
6777,test,0,0.08533328771591187,0.04059971348026713,2.649850374615983,-2.7268329166955287,6.372383161645065e-06
6778,test,0,0.08189956098794937,0.04059971348026713,2.6498500283137005,-2.7268271287090897,-1.4997490878336758e-06
6779,test,0,0.08533772826194763,0.04059971348026713,2.649848130887768,-2.7268201879873835,2.070424256533505e-05
6780,test,0,0.08533726632595062,0.04059971348026713,2.6498495868073224,-2.726795571783342,9.694496851059133e-06
6781,test,0,0.08127585798501968,0.04059971348026713,2.649851023383981,-2.726806553922509,1.9108411564807416e-07
6782,test,0,0.08126522600650787,0.04059971348026713,2.649852544328382,-2.7267634311435347,1.772582074996552e-06
6783,test,0,0.08127303421497345,0.04059971348026713,2.649851318836265,-2.726756163573449,1.812680717729261e-07
6784,test,0,0.08532778918743134,0.04059971348026713,2.6498495656862455,-2.7267477623789382,5.297574915033861e-06
6785,test,0,0.08532826602458954,0.04059971348026713,2.649851994871444,-2.7267020433994387,2.8779232218988294e-07
6786,test,0,0.08126775920391083,0.04059971348026713,2.649851789306106,-2.7266914132312547,-4.613969588550825e-07
6787,test,0,0.0812692940235138,0.04059971348026713,2.649849115663505,-2.7266555912797923,-8.224887494777463e-06
6788,test,0,0.0853193998336792,0.04059971348026713,2.6498514338337293,-2.726627620524092,1.4164302976357494e-07
6789,test,0,0.085324726998806,0.04059971348026713,2.649851800550786,-2.7266081774364763,6.129228546946728e-07
6790,test,0,0.08533236384391785,0.04059971348026713,2.649836458834346,-2.7265703950247975,4.847560040235786e-06
6791,test,0,0.08533625304698944,0.04059971348026713,2.649852173584095,-2.7265463317288603,-7.361029575275202e-08
6792,test,0,0.0853380337357521,0.04059971348026713,2.6498522455057905,-2.7265462654653847,3.75137990502653e-08
6793,test,0,0.0853380337357521,0.04059971348026713,2.6498505411963134,-2.726512740541415,2.371193563803896e-07
6794,test,0,0.08533485233783722,0.04059971348026713,2.6498518844604417,-2.726481353759224,-4.2672999084189995e-09
6795,test,0,0.08346135169267654,0.04059971348026713,2.649851517643928,-2.7264732165691656,-9.886147266002544e-08
6796,test,0,0.08534158766269684,0.04059971348026713,2.6498522183234985,-2.726456175570072,-1.2373182830852569e-07
6797,test,0,0.0812988206744194,0.04059971348026713,2.6498522726872262,-2.726450995943826,-1.760185280721509e-08
6798,test,0,0.08130576461553574,0.04059971348026713,2.649849380498683,-2.726470886525235,9.25958648106847e-06
6799,test,0,0.08533917367458344,0.04059971348026713,2.649851657904422,-2.7264198452714106,-2.6565590051843224e-06
6800,test,0,0.08130022883415222,0.04059971348026713,2.649850790507827,-2.72641953254541,-3.952459908872689e-08
6801,test,0,0.08130192756652832,0.04059971348026713,2.6498515203099644,-2.7264127846875765,1.0999675682088701e-05
6802,test,0,0.08130243420600891,0.04059971348026713,2.649852854105187,-2.7263857543468912,4.847451534747079e-06
6803,test,0,0.08130775392055511,0.04059971348026713,2.6498497414063373,-2.726395305955321,-3.6815800115184863e-06
6804,test,0,0.08534162491559982,0.04059971348026713,2.6498516977259787,-2.726348980585893,-4.617633953870023e-08
6805,test,0,0.08131714910268784,0.04059971348026713,2.6498488134584846,-2.7263381170868572,-2.890610297428311e-05
6806,test,0,0.08533148467540741,0.04059971348026713,2.649848654561566,-2.726332142600572,9.818406251940855e-06
6807,test,0,0.08130350708961487,0.04059971348026713,2.6498512860134356,-2.726274573954352,2.7267804478040023e-05
6808,test,0,0.08531717956066132,0.04059971348026713,2.6498519411456307,-2.7262675413522452,-3.395063645418403e-06
6809,test,0,0.0812930166721344,0.04059971348026713,2.649843618114372,-2.7262354163837377,4.643719448263857e-05
6810,test,0,0.08303666859865189,0.04059971348026713,2.6498522362633317,-2.726187402723667,-4.155663263677163e-06
6811,test,0,0.08532427251338959,0.04059971348026713,2.649851677463969,-2.726169127361712,3.3524392221935873e-07
6812,test,0,0.08533024787902832,0.04059971348026713,2.649831699070214,-2.7261353015917233,0.00018348141730039304
6813,test,0,0.08533412218093872,0.04059971348026713,2.6498521478615116,-2.7261019529292474,-7.913953009377512e-08
6814,test,0,0.08534006774425507,0.04059971348026713,2.6498522398592,-2.726101792481054,2.0350924961727346e-08
6815,test,0,0.08128230273723602,0.04059971348026713,2.6498447104932548,-2.7260625443466737,6.073307993025063e-06
6816,test,0,0.08535288274288177,0.04059971348026713,2.649852206789594,-2.7260461475071707,-7.537824872180462e-08
6817,test,0,0.0853387862443924,0.04059971348026713,2.6498531201654987,-2.7260388972537957,-4.42817441527834e-06
6818,test,0,0.0852089673280716,0.04059971348026713,2.649852202302366,-2.7260166710690754,-9.257773926011867e-08
6819,test,0,0.08128438889980316,0.04059971348026713,2.649852306360887,-2.726012506881571,-3.6244308455414427e-08
6820,test,0,0.0812898501753807,0.04059971348026713,2.6498505276398734,-2.726025881572213,2.8923954741346557e-06
6821,test,0,0.08533820509910583,0.04059971348026713,2.649851656997225,-2.725984372528733,2.487311067176055e-07
6822,test,0,0.08534692227840424,0.04059971348026713,2.6498499477599196,-2.7259819269788648,-4.8667687479754524e-08
6823,test,0,0.08539865165948868,0.04059971348026713,2.6498506112380884,-2.72597497422371,5.742108449562905e-06
6824,test,0,0.08129522204399109,0.04059971348026713,2.6498517014970706,-2.72594712379355,-1.3884218502316146e-06
6825,test,0,0.08533608168363571,0.04059971348026713,2.6498510084471394,-2.725954651181733,1.3330984631003253e-08
6826,test,0,0.0812920331954956,0.04059971348026713,2.6498496837137955,-2.7259123676458468,6.519952473006139e-06
6827,test,0,0.0838811844587326,0.04059971348026713,2.649851394793708,-2.7258969802197894,7.710822013373017e-07
6828,test,0,0.08128084242343903,0.04059971348026713,2.649851861264701,-2.725887681395525,2.8179647422203045e-06
6829,test,0,0.08533985912799835,0.04059971348026713,2.6498505562663737,-2.7258362445294124,1.0224859004744318e-05
6830,test,0,0.08533919602632523,0.04059971348026713,2.649851309820276,-2.7258267644827936,-3.147085999655301e-07
6831,test,0,0.08533842861652374,0.04059971348026713,2.6498449421292762,-2.725793069419228,2.6896226092915367e-05
6832,test,0,0.08386216312646866,0.04059971348026713,2.6498513817271703,-2.7257508449734424,4.850592074027555e-08
6833,test,0,0.08130154013633728,0.04059971348026713,2.6498521477358987,-2.725741161608579,-2.1724664508153835e-08
6834,test,0,0.08130307495594025,0.04059971348026713,2.6498506257069194,-2.725724509057541,7.017596798763471e-06
6835,test,0,0.0853387713432312,0.04059971348026713,2.649852211256958,-2.725688239836489,-1.2781664789533969e-09
6836,test,0,0.08534158766269684,0.04059971348026713,2.6498522929984323,-2.7256881298849955,8.463432413756e-09
6837,test,0,0.081304170191288,0.04059971348026713,2.6498481895833317,-2.725665029490173,1.66044568222232e-05
6838,test,0,0.08128047734498978,0.04059971348026713,2.649852310403064,-2.7256510704752204,-6.606279170382217e-08
6839,test,0,0.08534087240695953,0.04059971348026713,2.6498514973547893,-2.7256511184022454,1.0571430563894112e-06
6840,test,0,0.08128702640533447,0.04059971348026713,2.649852276797337,-2.7256443942340454,-5.895298340945048e-08
6841,test,0,0.0812859833240509,0.04059971348026713,2.6498524532922088,-2.7256432525198737,-6.159070546400399e-08
6842,test,0,0.08128233999013901,0.04059971348026713,2.6498500586972713,-2.7256570091912886,1.2264933955569778e-05
6843,test,0,0.08533571660518646,0.04059971348026713,2.649850550339239,-2.7256144749825535,4.8398198335820625e-06
6844,test,0,0.08128216117620468,0.04059971348026713,2.6498507085819965,-2.72561122621944,7.532948764619096e-07
6845,test,0,0.08127911388874054,0.04059971348026713,2.649849502991147,-2.7256027504803,2.961752248553997e-05
6846,test,0,0.08127668499946594,0.04059971348026713,2.649851717764271,-2.7255702892391405,4.2061387378807005e-06
6847,test,0,0.08531328290700912,0.04059971348026713,2.649848149896361,-2.7255782958817534,-7.793655650621856e-06
6848,test,0,0.0853484496474266,0.04059971348026713,2.6498502267215036,-2.725538758430425,2.0949808279523992e-05
6849,test,0,0.08127490431070328,0.04059971348026713,2.649851871421856,-2.7255254604833428,4.05942621508276e-06
6850,test,0,0.08533753454685211,0.04059971348026713,2.6498517333574476,-2.725516271671682,-1.1256784761957597e-07
6851,test,0,0.08127282559871674,0.04059971348026713,2.649846693035427,-2.725462309709688,1.232422502046483e-05
6852,test,0,0.08126164972782135,0.04059971348026713,2.649850313788785,-2.7254491694740817,-5.719984573554277e-06
6853,test,0,0.08399863541126251,0.04059971348026713,2.649850987217967,-2.7254233574241655,8.382109068991263e-07
6854,test,0,0.0853310078382492,0.04059971348026713,2.64985150997487,-2.7253796598569395,-4.0883118963741584e-06
6855,test,0,0.08126311004161835,0.04059971348026713,2.649851037134897,-2.725359412153106,2.5694458144149075e-06
6856,test,0,0.08533169329166412,0.04059971348026713,2.649843912493403,-2.7253328985904273,5.3738466645148866e-05
6857,test,0,0.08126141875982285,0.04059971348026713,2.6498520460345736,-2.72529775486179,-7.605839834940576e-08
6858,test,0,0.08534233272075653,0.04059971348026713,2.649852174879672,-2.725297337817736,-6.0707318406639896e-09
6859,test,0,0.0853525847196579,0.04059971348026713,2.649851388452304,-2.7252754609591676,5.773977503783853e-06
6860,test,0,0.08294986188411713,0.04059971348026713,2.6498515556350277,-2.725238649103057,3.870211481129632e-08
6861,test,0,0.08125945925712585,0.04059971348026713,2.64985042481833,-2.725232480407699,2.827029142836316e-06
6862,test,0,0.08126163482666016,0.04059971348026713,2.6498522864356033,-2.7252351829989085,-4.135339218214566e-08
6863,test,0,0.08125749975442886,0.04059971348026713,2.649852462496246,-2.7252339698507253,-1.3310015414517562e-07
6864,test,0,0.08125272393226624,0.04059971348026713,2.649849899619303,-2.7252416848644625,-7.658819680699069e-06
6865,test,0,0.0853395164012909,0.04059971348026713,2.649848636990855,-2.7252116085151856,7.6011299306536535e-06
6866,test,0,0.08125561475753784,0.04059971348026713,2.649851478090976,-2.7252066864713202,-8.319114450448549e-07
6867,test,0,0.08130381256341934,0.04059971348026713,2.649848106162031,-2.72520301463761,2.1254304954636366e-05
6868,test,0,0.08533978462219238,0.04059971348026713,2.649852221026691,-2.725178762474166,-1.416896718766733e-07
6869,test,0,0.08535125851631165,0.04059971348026713,2.6498501297005777,-2.72517761156663,-7.549900864916446e-06
6870,test,0,0.0812537670135498,0.04059971348026713,2.6498522057265856,-2.7251268073425607,1.834100297071334e-08
6871,test,0,0.08128774911165237,0.04059971348026713,2.6498515318136255,-2.7251141368930103,2.040154198156366e-07
6872,test,0,0.0853319764137268,0.04059971348026713,2.6498508454384155,-2.7251026591078467,1.1887914190062183e-07
6873,test,0,0.08512712270021439,0.04059971348026713,2.6498496883279703,-2.7250489963107922,8.605690470095307e-06
6874,test,0,0.08533184975385666,0.04059971348026713,2.6498503479207987,-2.725034672560843,-9.850603182795505e-07
6875,test,0,0.0853314995765686,0.04059971348026713,2.649850957785506,-2.7250107724668062,1.0723924158188308e-06
6876,test,0,0.08124100416898727,0.04059971348026713,2.6498501352247312,-2.724959041252393,5.831361100896944e-06
6877,test,0,0.08124899864196777,0.04059971348026713,2.6498522546610213,-2.724953126728622,-7.25517466630846e-09
6878,test,0,0.08531907200813293,0.04059971348026713,2.649850851237771,-2.7249471176141475,1.5260050437947459e-06
6879,test,0,0.08531946688890457,0.04059971348026713,2.6498521172405938,-2.7248993024827204,-3.845850503197827e-08
6880,test,0,0.0853094607591629,0.04059971348026713,2.649852244024745,-2.7248989490837863,-2.945366610362749e-09
6881,test,0,0.08125083148479462,0.04059971348026713,2.6498494656767657,-2.724878173453655,1.5460038521564263e-05
6882,test,0,0.0812547355890274,0.04059971348026713,2.6498523525693254,-2.724855722534377,-1.199048581977116e-07
6883,test,0,0.08532588183879852,0.04059971348026713,2.6498521438095546,-2.724855741713196,-3.336635566230876e-08
6884,test,0,0.08531995117664337,0.04059971348026713,2.6498521593941837,-2.724865211540275,-5.248917199586191e-08
6885,test,0,0.08126223087310791,0.04059971348026713,2.6498523608049336,-2.7248621149492984,-7.019282189529024e-08
6886,test,0,0.0853237584233284,0.04059971348026713,2.6498502382444653,-2.724871633536023,5.5744614014855724e-06
6887,test,0,0.08125343918800354,0.04059971348026713,2.649851735524339,-2.724831686779832,3.6937688754707546e-06
6888,test,0,0.08532512187957764,0.04059971348026713,2.6498501244589185,-2.7248258097137543,7.385519928796034e-07
6889,test,0,0.08057737350463867,0.04059971348026713,2.6498514868426453,-2.724828095394667,4.784684822534913e-06
6890,test,0,0.08126857876777649,0.04059971348026713,2.649851663197674,-2.7247802073218517,2.8561126875878913e-07
6891,test,0,0.08532796800136566,0.04059971348026713,2.64985148093463,-2.7247834591790956,-4.260127013770957e-06
6892,test,0,0.08204130083322525,0.04059971348026713,2.6498521711585203,-2.7247429873327214,1.7115252871624664e-06
6893,test,0,0.08533283323049545,0.04059971348026713,2.6498516732823294,-2.724724529285618,1.7052707227572842e-06
6894,test,0,0.08533883094787598,0.04059971348026713,2.6498518489276193,-2.7247142450867377,1.1375193119344592e-06
6895,test,0,0.08124995231628418,0.04059971348026713,2.6498509160333583,-2.724672325029757,1.3754844468583374e-05
6896,test,0,0.08534654229879379,0.04059971348026713,2.649846788882128,-2.7246575202134493,-8.084461472391976e-06
6897,test,0,0.08534060418605804,0.04059971348026713,2.6498495047074204,-2.7246406975261688,1.6928569421612677e-05
6898,test,0,0.08533081412315369,0.04059971348026713,2.6498509219745534,-2.724607937289853,6.714540718428738e-06
6899,test,0,0.08532316982746124,0.04059971348026713,2.6498504953819655,-2.7245855711752722,4.1216770425685665e-07
6900,test,0,0.08123669028282166,0.04059971348026713,2.6498464976480225,-2.724563994862663,2.567314850645364e-05
6901,test,0,0.08531659096479416,0.04059971348026713,2.649851963669871,-2.7245329272374725,-2.029605625639142e-07
6902,test,0,0.08122874051332474,0.04059971348026713,2.6498516796342093,-2.7245080017847165,2.810572339859097e-06
6903,test,0,0.08123348653316498,0.04059971348026713,2.6498518341959265,-2.724499547915541,-2.332523818496996e-06
6904,test,0,0.08124282211065292,0.04059971348026713,2.6498506013248573,-2.72446406591698,4.4213817522078296e-07
6905,test,0,0.0812460407614708,0.04059971348026713,2.6498516838853208,-2.7244588511784684,1.6270072373519474e-06
6906,test,0,0.08533794432878494,0.04059971348026713,2.6498522485446805,-2.7244736227930293,-4.871157604237807e-08
6907,test,0,0.08123181760311127,0.04059971348026713,2.649852430226335,-2.724472425732414,-5.4687658774054954e-08
6908,test,0,0.0854327380657196,0.04059971348026713,2.6498487073700723,-2.72448024673514,7.821974881090763e-06
6909,test,0,0.08122994750738144,0.04059971348026713,2.6498517021234123,-2.7244491507805906,5.977936308107647e-06
6910,test,0,0.08305810391902924,0.04059971348026713,2.6498510754161293,-2.724440678409583,2.1343442392339128e-07
6911,test,0,0.08123402297496796,0.04059971348026713,2.6498493830430365,-2.7244460100392187,7.539767021000879e-06
6912,test,0,0.08534009754657745,0.04059971348026713,2.649851491281336,-2.724399632942538,1.524717658138566e-07
6913,test,0,0.08533890545368195,0.04059971348026713,2.6498509312061946,-2.7244041588465273,-1.3453629397432483e-07
6914,test,0,0.08534552901983261,0.04059971348026713,2.6498337216837986,-2.724356009369594,-2.882468425298938e-05
6915,test,0,0.08124130964279175,0.04059971348026713,2.6498512449579623,-2.7243349263167986,2.6044023484112934e-06
6916,test,0,0.08534970879554749,0.04059971348026713,2.649851942234091,-2.724323886537425,2.5296927000029937e-06
6917,test,0,0.0853554755449295,0.04059971348026713,2.6498503168076466,-2.7242815510879383,9.618202882494157e-06
6918,test,0,0.0853469967842102,0.04059971348026713,2.6498472754108575,-2.7242654921108818,-7.151204694040711e-06
6919,test,0,0.08105753362178802,0.04059971348026713,2.6498511111675387,-2.7242441584083266,4.237568115421346e-06
6920,test,0,0.08139342069625854,0.04059971348026713,2.6498516745018943,-2.7242073171650847,3.6853077346275002e-06
6921,test,0,0.08533481508493423,0.04059971348026713,2.649852275543192,-2.7241983730846346,-1.888063195458644e-08
6922,test,0,0.08125384151935577,0.04059971348026713,2.649852095568919,-2.724198856899781,-3.786213834283423e-08
6923,test,0,0.08532320708036423,0.04059971348026713,2.6498521147931897,-2.7241577587677264,-3.478660314557132e-08
6924,test,0,0.08532504737377167,0.04059971348026713,2.6498522521170216,-2.7241572938807552,1.004408337421653e-08
6925,test,0,0.0812532901763916,0.04059971348026713,2.649848288049095,-2.724146143873819,3.1647201371150085e-05
6926,test,0,0.08122651278972626,0.04059971348026713,2.649851355833069,-2.724107307756045,1.1092662842170888e-06
6927,test,0,0.08123212307691574,0.04059971348026713,2.6498534347780875,-2.724101500038515,3.5252193635372258e-06
6928,test,0,0.08531796932220459,0.04059971348026713,2.649852098718305,-2.7241113857749077,2.519969515980916e-07
6929,test,0,0.08532333374023438,0.04059971348026713,2.64985231133847,-2.72410158629609,-1.00846414122236e-07
6930,test,0,0.08531598746776581,0.04059971348026713,2.6498505982059655,-2.7241103090617482,-1.4121497957889343e-07
6931,test,0,0.08532123267650604,0.04059971348026713,2.649851777751763,-2.724076275085334,4.266863063868738e-06
6932,test,0,0.08532893657684326,0.04059971348026713,2.6498509362959735,-2.724067251188163,1.7281875301885152e-07
6933,test,0,0.08533002436161041,0.04059971348026713,2.6498514820587893,-2.724071428731074,6.372934978588597e-07
6934,test,0,0.08532951027154922,0.04059971348026713,2.649850168797101,-2.724010089047487,9.835069590253097e-06
6935,test,0,0.08533501625061035,0.04059971348026713,2.6498516352291173,-2.724013026206239,-4.704041704014471e-06
6936,test,0,0.08124356716871262,0.04059971348026713,2.649849483354293,-2.7239744678260798,-1.7146611304383527e-07
6937,test,0,0.08532562851905823,0.04059971348026713,2.649851566864559,-2.7239534847853584,2.527843383981853e-07
6938,test,0,0.08533385396003723,0.04059971348026713,2.649851761457918,-2.723941505135322,9.894268912834715e-07
6939,test,0,0.08533084392547607,0.04059971348026713,2.649846672987866,-2.7238964970378032,6.294714065332879e-05
6940,test,0,0.08118964731693268,0.04059971348026713,2.6498463202861444,-2.723871973111844,-7.293662709030025e-05
6941,test,0,0.08531805872917175,0.04059971348026713,2.6498511927534976,-2.723852103929081,9.403639281573704e-07
6942,test,0,0.08532886952161789,0.04059971348026713,2.649849038979896,-2.7238082670099466,1.0484222991395356e-05
6943,test,0,0.08120720088481903,0.04059971348026713,2.649851414626501,-2.723786733668064,2.2094827934538624e-07
6944,test,0,0.08532623946666718,0.04059971348026713,2.6498482888580823,-2.7237662836304484,9.785776758999942e-06
6945,test,0,0.08532091975212097,0.04059971348026713,2.649852099651628,-2.723723865144335,-3.18596269680949e-08
6946,test,0,0.08531744033098221,0.04059971348026713,2.649852234596521,-2.7237235109004225,-1.3815336198299465e-08
6947,test,0,0.08119452744722366,0.04059971348026713,2.6498503580367743,-2.7237169462802377,3.5296024675236017e-06
6948,test,0,0.08531542122364044,0.04059971348026713,2.6498522941578897,-2.723706174250831,-1.780597562017154e-07
6949,test,0,0.08531604707241058,0.04059971348026713,2.6498477569875596,-2.723699411536564,1.0632162015829715e-05
6950,test,0,0.08531241118907928,0.04059971348026713,2.649852274378939,-2.7237174855681574,-7.121090153036996e-09
6951,test,0,0.08119019120931625,0.04059971348026713,2.649852424591952,-2.7237162806227353,-8.890613504139412e-08
6952,test,0,0.08531702309846878,0.04059971348026713,2.649850883835227,-2.723719761235592,-2.8544108242202125e-06
6953,test,0,0.08531184494495392,0.04059971348026713,2.649851758511312,-2.7236788881547165,-4.8816033919454224e-08
6954,test,0,0.08531325310468674,0.04059971348026713,2.649851232257971,-2.723669050329826,2.1760975101735636e-07
6955,test,0,0.08119204640388489,0.04059971348026713,2.649851570275371,-2.7236727687242537,8.04529262179256e-07
6956,test,0,0.08119595050811768,0.04059971348026713,2.64985201066584,-2.7236185728690594,1.7764576282428567e-06
6957,test,0,0.08532829582691193,0.04059971348026713,2.6498499453012823,-2.723618823077011,-5.540810936224206e-06
6958,test,0,0.08532141894102097,0.04059971348026713,2.649847306452103,-2.7235815106634473,2.8288123651874134e-05
6959,test,0,0.08120183646678925,0.04059971348026713,2.649851590408181,-2.723549855602807,2.3323612916733912e-07
6960,test,0,0.08121035993099213,0.04059971348026713,2.6498509232979983,-2.7235391317375734,1.6175304816470539e-06
6961,test,0,0.0853230431675911,0.04059971348026713,2.6498504710559354,-2.72349755231877,1.3906354423149719e-05
6962,test,0,0.08120349049568176,0.04059971348026713,2.6498499149021564,-2.7234740921784173,-5.937812199282203e-06
6963,test,0,0.0827680304646492,0.04059971348026713,2.6498521434532307,-2.723473097291912,3.1780905334219446e-08
6964,test,0,0.08181348443031311,0.04059971348026713,2.6498512921964323,-2.7234385621404367,3.4567059185237705e-08
6965,test,0,0.08119544386863708,0.04059971348026713,2.6498518462214897,-2.7234110814379875,-3.988440313672452e-08
6966,test,0,0.0853181779384613,0.04059971348026713,2.6498492942255796,-2.7233947624842774,2.7623932868154665e-05
6967,test,0,0.08119682967662811,0.04059971348026713,2.6498520131562002,-2.723362691313755,-2.985701918194711e-08
6968,test,0,0.08530019223690033,0.04059971348026713,2.649851483394472,-2.7233360144710748,3.047633404175951e-06
6969,test,0,0.08118362724781036,0.04059971348026713,2.649846676912868,-2.723343497582276,7.443690094025783e-06
6970,test,0,0.08119288831949234,0.04059971348026713,2.6498523787715333,-2.7233213256099065,-1.7098279220854184e-07
6971,test,0,0.08117583394050598,0.04059971348026713,2.649852714300645,-2.7233208728181957,-3.6209528263353292e-06
6972,test,0,0.08117182552814484,0.04059971348026713,2.6498521363274268,-2.7233168282361215,-4.040447752028634e-09
6973,test,0,0.0811670646071434,0.04059971348026713,2.649852399458259,-2.723312141892045,-1.0207777261916632e-07
6974,test,0,0.08117230236530304,0.04059971348026713,2.649851482354197,-2.7233169983475376,-3.845784425656877e-06
6975,test,0,0.08506792783737183,0.04059971348026713,2.6498498904325323,-2.7232860089310953,7.765412487354938e-06
6976,test,0,0.08117367327213287,0.04059971348026713,2.6498476833212132,-2.7232741215217176,-3.7571520600747125e-06
6977,test,0,0.0853491723537445,0.04059971348026713,2.6498513239766526,-2.723278004379552,1.0674631179047242e-06
6978,test,0,0.08529684692621231,0.04059971348026713,2.649850931224251,-2.7232253817530396,5.898416805810072e-06
6979,test,0,0.08116558939218521,0.04059971348026713,2.6498502463167073,-2.723224870670526,-5.277901094648595e-06
6980,test,0,0.08531461656093597,0.04059971348026713,2.649849481303307,-2.723187992138405,1.5411091849745907e-05
6981,test,0,0.08503292500972748,0.04059971348026713,2.6498506071339127,-2.723164407794714,1.4644282574206637e-06
6982,test,0,0.08525896072387695,0.04059971348026713,2.6498511591630787,-2.72315367734322,4.5442918912360725e-07
6983,test,0,0.08530744165182114,0.04059971348026713,2.6498522285842134,-2.7231132204904527,8.63323607559943e-06
6984,test,0,0.08117379993200302,0.04059971348026713,2.649849897931118,-2.7230980522230075,-1.4570649898453852e-05
6985,test,0,0.08116787672042847,0.04059971348026713,2.6498517476373924,-2.7230749466448296,-4.453243142818582e-06
6986,test,0,0.08115015923976898,0.04059971348026713,2.649851913450903,-2.7230408231763477,-5.218918638080466e-06
6987,test,0,0.08531687408685684,0.04059971348026713,2.64985172509173,-2.723015021869888,4.1079976045082543e-07
6988,test,0,0.08114375919103622,0.04059971348026713,2.649850406956217,-2.722999270014835,8.316125594926174e-06
6989,test,0,0.08530686795711517,0.04059971348026713,2.6498521447972214,-2.7229662751872894,-2.77181563496465e-08
6990,test,0,0.08530791103839874,0.04059971348026713,2.6498522075666138,-2.722964957354896,-1.4322717806879411e-08
6991,test,0,0.08531326055526733,0.04059971348026713,2.6498482654022446,-2.722962430212656,5.502266550996586e-06
6992,test,0,0.08553273975849152,0.04059971348026713,2.6498522779309006,-2.7229501023519376,-1.9473926668276805e-07
6993,test,0,0.08354797959327698,0.04059971348026713,2.6498515177879067,-2.7229479658799196,3.833857729228641e-06
6994,test,0,0.08531539887189865,0.04059971348026713,2.649852179619095,-2.722966726100062,1.1241801835662445e-08
6995,test,0,0.08531363308429718,0.04059971348026713,2.649852357295592,-2.7229623092394117,-9.959476953362309e-08
6996,test,0,0.08530791103839874,0.04059971348026713,2.649850226737392,-2.722963593839304,-1.2441446245738701e-08
6997,test,0,0.08116348087787628,0.04059971348026713,2.6498520730856083,-2.722926787650833,-1.105156987327784e-07
6998,test,0,0.08467347174882889,0.04059971348026713,2.6498514902311063,-2.7229137962286107,-1.5973213941377172e-06
6999,test,0,0.08530682325363159,0.04059971348026713,2.649851812974265,-2.7229167582318614,1.931081660531664e-06
7000,test,0,0.08478641510009766,0.04059971348026713,2.6498524477421745,-2.7228522063357157,-1.683309560712442e-06
