step,mode,loss,angle_error(rad),distance(m),x(m),y(m),the(rad),direction
1,training,0.08520679920911789,0.11483898758888245,0.0,0.00019574671101463097,0.0005796350479466887,0.003531953755106682
2,training,0.01427769847214222,0.20055490732192993,0.0,0.026409095619667977,0.0007438719721955709,0.01538850292506038
3,training,0.03546968102455139,0.08619219064712524,0.0,0.06041654339882766,0.002065383077940809,0.06838308416674378
4,training,0.009176895022392273,0.00852972269058222,0.0,0.09853886980164119,0.006377300913284836,0.15219330280150103
5,training,9.969554230337963e-05,0.06466200947761536,0.0,0.13741159900600636,0.013690962729795527,0.21373510683082741
6,training,0.005069051869213581,0.029548630118370056,0.06980887633519733,0.17602270207349982,0.02302795475867606,0.2575561968506235
7,training,0.009310536086559296,0.0037393644452094893,0.06980887633519733,0.21410118013731444,0.0338128055710635,0.29178321558207515
8,training,0.010590273886919022,0.03865481168031691,0.06980887633519733,0.25202416810505357,0.045704507834834006,0.31450860316566587
9,training,0.005535139236599207,0.10735364630818367,0.06980887633519733,0.271012724918685,0.051989825969603796,0.32531785552162307
10,training,0.014581075869500637,0.11806012690067291,0.06980887633519733,0.32703551082313276,0.07213945129781066,0.3687676213551979
11,training,0.014781083911657333,0.06815660372376442,0.06980887633519733,0.34550006496669755,0.07944321132087913,0.3846383910353832
12,training,0.010008886456489563,0.07688745856285095,0.06980887633519733,0.38225312818288615,0.0949868933817217,0.4133348096691061
13,training,0.012040005065500736,0.11918193846940994,0.06898478909743024,0.4363874234269359,0.11973797883594707,0.44187431548785455
14,training,0.011657741852104664,0.08336900174617767,0.06898478909743024,0.4544194017721118,0.12835311605250554,0.44989147027743187
15,training,0.01689363643527031,0.12808389775454998,0.06898478909743024,0.5080364881300926,0.15483497497085322,0.4653888511893098
16,training,0.019911164417862892,0.08896494843065739,0.06898478909743024,0.5258300534862286,0.16381777946056145,0.46910580791505185
17,training,0.014821561984717846,0.038524188101291656,0.06898478909743024,0.5792496119574104,0.19108068452254381,0.4728869668102492
18,training,0.015279911458492279,0.03680033981800079,0.06898478909743024,0.596871178798221,0.20010068969244654,0.47198295468768914
19,training,0.018727345392107964,0.05444668233394623,0.08814252800332745,0.6505543321165328,0.22699089060205443,0.4538694373705001
20,training,0.010790032334625721,0.06988260895013809,0.08814252800332745,0.6866460960189101,0.244239708573849,0.4384502216570953
21,training,0.00822931993752718,0.0615656990557909,0.08814252800332745,0.7047536654670914,0.252662440915803,0.43266986028570636
22,training,0.006154849659651518,0.0946801919490099,0.08814252800332745,0.7412505171648104,0.269329931204547,0.4251011947429433
23,training,0.006622426677495241,0.058912899345159545,0.08814252800332745,0.7958360403097938,0.2938798983591949,0.4228728627840041
24,training,0.0015774955973029137,0.05281234532594681,0.10986494699908746,0.8324321998632233,0.3102526665701047,0.41611051741110117
25,training,0.0032418612390756607,0.035120584070682526,0.10986494699908746,0.8509146064107151,0.31831417478173707,0.40499949573546123
26,training,0.004309537820518017,0.0096207857131958,0.10986494699908746,0.8878487599490926,0.33361709533983097,0.3809781189403929
27,training,0.005032301414757967,0.06731107085943222,0.10986494699908746,0.9253293725815183,0.3481447848167968,0.35988464017393146
28,training,0.002714053727686405,0.06357981078326702,0.10986494699908746,0.9819784233198051,0.3684966607168718,0.32726329185189373
29,training,0.0019219389650970697,0.11488772928714752,0.10986494699908746,1.0201149185888048,0.3810274704438882,0.30904012431626576
30,training,0.003060967195779085,0.050711486488580704,0.09396752153595363,1.0584775522465866,0.39297042575135344,0.2950979855236714
31,training,0.003922485280781984,0.10805565863847733,0.09396752153595363,1.0966524201153567,0.40442257790611774,0.2884471144324236
32,training,0.0017424244433641434,0.0922321192920208,0.09396752153595363,1.1159212583247968,0.4100754070534947,0.28134955429886643
33,training,0.004508309997618198,0.08242127858102322,0.09396752153595363,1.1738737948743392,0.42626326131739084,0.2662982333123972
34,training,0.0011932228226214647,0.04443625546991825,0.09396752153595363,1.1931313979988758,0.43148904027999857,0.2637690421202349
35,training,0.0035462325904518366,0.023172764107584953,0.09396752153595363,1.2318540534797766,0.44188189345895224,0.2628693362398478
36,training,0.0052136005833745,0.09315929934382439,0.023571074085386855,1.2895298983092853,0.457649886815408,0.26957614485977327
37,training,0.002928638830780983,0.12489016726613045,0.023571074085386855,1.3280986047682877,0.46840598940402145,0.27529504152705125
38,training,0.0019421293400228024,0.06160307861864567,0.023571074085386855,1.3473541761985917,0.47388042783562784,0.2800405120900027
39,training,0.0011107452446594834,0.051970727741718285,0.023571074085386855,1.4046309366314156,0.49084162155073197,0.2946666876765059
40,training,0.0026480979286134243,0.05254175141453744,0.023571074085386855,1.443001634144224,0.5025789438609909,0.2980180446595087
41,training,0.003659422043710947,0.13227448798716068,0.023571074085386855,1.4810427872358483,0.5142617772240532,0.2969215579194253
42,training,0.0030963956378400326,0.1706940084695816,0.02487513278088149,1.5193001145464287,0.5259864749028074,0.2987001617969955
43,training,0.0036256895400583744,0.19381865113973615,0.02487513278088149,1.5575079353335732,0.5378514619742999,0.3046164206752045
44,training,0.0016827104846015573,0.2079353667795658,0.02487513278088149,1.5954401137811705,0.5499194173697363,0.3114024579458736
45,training,0.002026498783379793,0.2159333676099777,0.02487513278088149,1.6335633360279824,0.5623324832704192,0.3188227152800318
46,training,0.013712993822991848,0.20513233728706837,0.02487513278088149,1.6713430203569928,0.5749607291567403,0.3262465328148433
47,training,0.0037327660247683525,0.19776638597249982,0.02487513278088149,1.6902166124136158,0.5813727840586078,0.3276877016940659
48,training,0.0051629203371703625,0.1791996285319328,0.009480677015569811,1.7472292135255363,0.6006496815630985,0.3233344991622142
49,training,0.002751711755990982,0.18093319237232205,0.009480677015569811,1.7850727062282832,0.6131589583961856,0.3141707923229989
50,training,0.013754842802882195,0.1966620236635208,0.009480677015569811,1.8233372515950534,0.6253708194804452,0.30309543693967556
51,training,0.007229028735309839,0.19821408949792388,0.009480677015569811,1.842524811150309,0.6313116903158735,0.2985181402656257
52,training,0.014639054425060749,0.20084707811474803,0.009480677015569811,1.8998478147605566,0.6486325773469481,0.28901106825215656
53,training,0.0032091811299324036,0.24362151324748993,0.009480677015569811,1.9383691695527432,0.6599669421109823,0.28342135231692284
54,training,0.003857988165691495,0.2635223772376776,0.07128176634764997,1.9766787457992305,0.6710427738255943,0.2786447626990161
55,training,0.012219967320561409,0.24512922763824463,0.07128176634764997,2.0151997907086976,0.681996853228223,0.2753967303007804
56,training,0.00753003777936101,0.26056032441556454,0.07128176634764997,2.0537368599622483,0.692825483618423,0.27215032309416504
57,training,0.008428005501627922,0.2985623106360436,0.07128176634764997,2.072935711496716,0.6981569875824061,0.2692834976527278
58,training,0.004851074423640966,0.25912147015333176,0.07128176634764997,2.1309885520251464,0.7138558233396847,0.2586380961531827
59,training,0.01501570362597704,0.21580889821052557,0.07128176634764997,2.169573561180333,0.7239585525314943,0.25257253329992063
60,training,0.009225022047758102,0.2532717064023018,0.12153546949179081,2.188928229172093,0.7289116451367981,0.24798667211161174
61,training,0.010518020018935204,0.28148865699768066,0.12153546949179081,2.244358773339566,0.7417682036600818,0.19412580817074582
62,training,0.011636333540081978,0.23375087417662146,0.12153546949179081,2.2843902525048594,0.7483040846116314,0.12775061117247294
63,training,0.010399412363767624,0.2774376720190048,0.12153546949179081,2.324624594897572,0.7521986247155734,0.0701001075213863
64,training,0.009369483217597008,0.30341682583093643,0.13718058615024073,2.344718053820888,0.7533864812272085,0.04851015611716368
65,training,0.00561931636184454,0.30320292711257935,0.13718058615024073,2.405356258313167,0.7545471758363231,-0.009446083685475481
66,training,0.005637351423501968,0.2915678471326828,0.13718058615024073,2.42535916097203,0.7541822725110472,-0.02693668895164082
67,training,0.011488530784845352,0.27019084990024567,0.13718058615024073,2.4655330323638216,0.7524341194012674,-0.058904550398573056
68,training,0.006863396614789963,0.21632931381464005,0.13718058615024073,2.5256561167066947,0.7477609861791693,-0.09350523925654323
69,training,0.01419641263782978,0.14296609908342361,0.12286228482194299,2.5654832746898046,0.7437287978197354,-0.10805089916273045
70,training,0.01929364912211895,0.20442133396863937,0.12286228482194299,2.605353430546196,0.7391669234251131,-0.11860828370835275
71,training,0.022406412288546562,0.13714546710252762,0.12286228482194299,2.625228055925392,0.7367269994977556,-0.1266331649378647
72,training,0.006939832121133804,0.014319221489131449,0.12286228482194299,2.6847062078277237,0.7283857273948409,-0.15021377187128848
73,training,0.007219682447612286,0.07023542188107967,0.12286228482194299,2.7045006909544633,0.7253349576876096,-0.15538049558239805
74,training,0.00984886847436428,0.04388338141143322,0.12286228482194299,2.7635613077768144,0.7160615425807745,-0.15535129293155794
75,training,0.002601724350824952,0.08944875001907349,0.07708098003749068,2.783343038039039,0.7129757638811312,-0.15404363286543085
76,training,0.005171551834791899,0.16642264276742935,0.07708098003749068,2.8424912526460147,0.7040645883218736,-0.14517594681917761
77,training,0.002908787690103054,0.12319856137037277,0.07708098003749068,2.8820065903688974,0.6984647194582032,-0.13506378624426307
78,training,0.0152922747656703,0.09621868655085564,0.07708098003749068,2.9216091551280474,0.6933527586890487,-0.12130503768062147
79,training,0.0059366472996771336,0.016681578010320657,0.07708098003749068,2.9611090759805028,0.6887838208909387,-0.11020852982050805
80,training,0.0008684146450832486,0.023799404501914978,0.07708098003749068,3.0009098588655005,0.6845789751996999,-0.1002751923469719
81,training,0.0019388494547456503,0.023635461926460266,0.03176688658811475,3.040535697330497,0.6808278745750413,-0.08914609355751882
82,training,0.002141370205208659,0.039288796484470374,0.03176688658811475,3.08029211853709,0.6774187298052837,-0.08308707567319225
83,training,0.007074855268001556,0.023856956511735916,0.03176688658811475,3.12021118232885,0.67439276639042,-0.06658372365955102
84,training,0.004356909543275833,0.001692265272140503,0.03176688658811475,3.1598780761301386,0.6720664570270309,-0.052279644141189116
85,training,0.0008929676841944456,0.058580340817570686,0.03176688658811475,3.199843176232707,0.6701574597182524,-0.04404660424968212
86,training,0.0038880445063114166,0.0614569466561079,0.03176688658811475,3.239737436953139,0.6686929108781985,-0.02837971565609634
87,training,0.001754886470735073,0.02346779964864254,0.01612027540446877,3.279486710929562,0.667899596495694,-0.011581152974111976
88,training,0.0018635046435520053,0.026025941595435143,0.01612027540446877,3.319513175756244,0.6671966224549524,-0.02173510344443848
89,training,0.0016480657504871488,0.06356052251067013,0.01612027540446877,3.339470489197501,0.6667432833694912,-0.02429472792903051
90,training,0.0010269500780850649,0.014015271328389645,0.01612027540446877,3.399136943967275,0.6652623342189494,-0.018656026082782707
91,training,0.004730142652988434,0.0035360679030418387,0.01612027540446877,3.4192136399555944,0.6649325136806956,-0.014534626788794157
92,training,0.0035052881576120853,0.02331124246120453,0.01612027540446877,3.479028639608459,0.664180201295779,-0.012121365436011326
93,training,0.001789337140507996,0.002890082076191902,0.002071767935491509,3.499044736063666,0.6639543473070167,-0.010148135359753894
94,training,0.0011536702513694763,0.005753781646490097,0.002071767935491509,3.5590410143722204,0.66344971024097,-0.00842217562459508
95,training,0.0017485236749053001,0.0051828715950250626,0.002071767935491509,3.5989902572497257,0.6631159597226249,-0.008086664536597302
96,training,0.000977332005277276,0.005239016842097043,0.002071767935491509,3.6391330443714494,0.6628049515177212,-0.0071313604421043685
97,training,0.0017899026861414313,3.15345823764801e-05,0.002071767935491509,3.6789432734327345,0.6625321939888309,-0.006934569689740931
98,training,0.00032669512438587844,0.017047179862856865,0.007514367229966289,3.7190105234840645,0.6622580448278393,-0.007000430156970737
99,training,0.0009016465628519654,0.023177659139037132,0.007514367229966289,3.7391031361086156,0.6621114172639456,-0.0067848196492919675
100,training,0.002732321387156844,0.009462267626076937,0.007514367229966289,3.7989058566838176,0.6618753966576186,-0.0008494731236861392
101,training,0.0033035343512892723,0.005494983168318868,0.007514367229966289,3.839072429090719,0.6618467051071942,-0.0014882604995390468
102,training,0.0015934110851958394,0.02648592137848027,0.007514367229966289,3.8590267468850525,0.6618090251981873,-0.0020502532956788336
103,training,0.0015146848745644093,0.0500113150337711,0.007514367229966289,3.9189824472244488,0.6615549104949302,-0.007938170583593562
104,training,0.000909254013095051,0.03892783774062991,0.005575912927590436,3.9591462708901615,0.6610419713083268,-0.017119796789020536
105,training,0.0033058547414839268,0.008685141801834106,0.005575912927590436,3.9990376585305105,0.660178514792469,-0.0258504116738557
106,training,0.0014486233703792095,0.015951878391206264,0.005575912927590436,4.0190733596930475,0.659634596850549,-0.027521930921127893
107,training,0.0014504090650007129,0.010435279458761215,0.005575912927590436,4.079034228608118,0.6580199897456677,-0.027200818487642255
108,training,0.0012302228715270758,0.01772882603108883,0.005575912927590436,4.118967697699504,0.6569840751213553,-0.024617507885660462
109,training,0.000698867195751518,0.014768246561288834,0.005575912927590436,4.1590900971916955,0.6560139049692749,-0.023566348894658952
110,training,0.0009453801903873682,0.00896089151501656,0.02042328812170002,4.198855355389911,0.6551273392823795,-0.021410131503827208
111,training,0.002355526201426983,0.025576306506991383,0.02042328812170002,4.238904952752981,0.6543530746385139,-0.016453579306427157
112,training,0.0019819680601358414,0.05328221246600151,0.02042328812170002,4.278895882981534,0.6537259562670078,-0.01619401346926184
113,training,0.0005083163268864155,0.006457572802901268,0.02042328812170002,4.318829866861006,0.6529888257743868,-0.021852756189651344
114,training,0.0007476086029782891,0.005306089296936989,0.02042328812170002,4.358962021341783,0.6521321800751199,-0.019859638373007905
115,training,0.0019651497714221478,0.023784717544913292,0.02042328812170002,4.398764560136716,0.6514029368050436,-0.0170771315683738
116,training,0.0009137546876445413,0.03237709403038025,0.023689594796835946,4.418736425814885,0.6510742093443455,-0.016661247116309834
117,training,0.0004232483624946326,0.019525695592165,0.023689594796835946,4.478842359398784,0.6500123392357665,-0.01922042335217267
118,training,0.00161790254060179,0.016114642843604088,0.023689594796835946,4.518690797554412,0.6492849739707834,-0.01731609147289463
119,training,0.00020866020349785686,0.03028995171189308,0.023689594796835946,4.558801279476849,0.6486479324469603,-0.013932069434131574
120,training,0.0007326522609218955,0.04568512737751007,0.023689594796835946,4.598720224952146,0.6480825590839518,-0.014694838877747252
121,training,0.000592161319218576,0.015781523659825325,0.023689594796835946,4.638699078120449,0.6474667113258737,-0.016669717390368665
122,training,0.0018976504215970635,0.010716734454035759,0.03705086054671105,4.678834769235396,0.6467660778103216,-0.01678371460692835
123,training,0.000402715930249542,0.033587172627449036,0.03705086054671105,4.718618526028076,0.6461614636854188,-0.013721163360725605
124,training,0.000504444120451808,0.002950329333543774,0.03705086054671105,4.738624773671512,0.6458959478465855,-0.013248883575704036
125,training,0.0007193601340986788,0.010367576032876968,0.03705086054671105,4.798622331254984,0.6452134030397003,-0.00756011661522208
126,training,0.0009251606534235179,0.0100974515080452,0.03705086054671105,4.838476720470633,0.6450965363504986,0.0017352981735406412
127,training,0.001537257805466652,0.09842528495937586,0.03705086054671105,4.878595906607303,0.6453061986372525,0.008906999211185391
128,training,0.0004250509664416313,0.08942630933597684,0.040505306973647,4.89838258044688,0.6455192800749411,0.013220800143799488
129,training,0.0006877173436805606,0.12975991237908602,0.040505306973647,4.9580715984705925,0.6472322682437165,0.043359815851153886
130,training,0.00534107256680727,0.12654330767691135,0.040505306973647,4.997928763886139,0.6494016048963337,0.06576922439451324
131,training,0.001241518184542656,0.07425856404006481,0.040505306973647,5.037513820423783,0.6524684928563028,0.08804043588044912
132,training,0.00048083101864904165,0.0625259280204773,0.040505306973647,5.077311160884931,0.6561093586443886,0.09421831626747235
133,training,0.0029921773821115494,0.03154167532920838,0.040505306973647,5.116999673164169,0.6599327831081528,0.09684106902570044
134,training,0.0008687864756211638,0.0077619571238756215,0.02305207195673873,5.156786067689166,0.6638114192105399,0.09721440491883401
135,training,0.0015428344486281276,0.08005149476230145,0.02305207195673873,5.176766484542028,0.6657602093486044,0.09689083136120656
136,training,0.0011227092472836375,0.07879667542874813,0.02305207195673873,5.2363773797425495,0.6714802545830891,0.09646933869770388
137,training,0.001438865321688354,0.029021598398685455,0.02305207195673873,5.256290486929186,0.6734188025114565,0.09742668101935824
138,training,0.0033265789970755577,0.026460783556103706,0.02305207195673873,5.296226111783151,0.6773240832424751,0.09597513241001866
139,training,0.0013790943194180727,0.006647985428571701,0.02305207195673873,5.35581721086936,0.6829075409460328,0.09057563381093944
140,training,0.00046868022764101624,0.033220032230019576,0.007630258496612602,5.395836361405705,0.6863930052025012,0.08234974984684944
141,training,0.000333980075083673,0.05261270701885225,0.007630258496612602,5.435627679552287,0.6895614283220725,0.07789857989253073
142,training,0.0009799824329093099,0.008524321019649506,0.007630258496612602,5.475591344705047,0.6926058600592105,0.07294099307038579
143,training,0.002256652107462287,0.0014458410441875527,0.007630258496612602,5.515581779396241,0.6953644144030843,0.06431555907840646
144,training,0.002039894461631775,0.02644418738782406,0.007630258496612602,5.555412768085542,0.6977826507266888,0.05682061202865972
145,training,0.000861090375110507,0.008289918303489685,0.007630258496612602,5.595576432821549,0.699877992004089,0.04667157924167323
146,training,0.0028483793139457703,0.02350224368274212,0.023607523507318325,5.635439081211166,0.7015779321216483,0.038872056125867305
147,training,0.0056453729048371315,0.007220573723316193,0.023607523507318325,5.6754663538169545,0.7029729067838206,0.029799296308540883
148,training,0.0008731817360967398,0.039953429251909256,0.023607523507318325,5.715664788733968,0.7039534032665605,0.01928724416889864
149,training,0.0003423637244850397,0.016033116728067398,0.023607523507318325,5.755509948259772,0.7045941110317308,0.013790217209660137
150,training,0.002451932057738304,0.1281188167631626,0.023607523507318325,5.795688505172749,0.7050123927339226,0.004929533037224841
151,training,0.0006657777703367174,0.07954265805892646,0.02450018235481841,5.835748499016953,0.704880079333555,-0.01288333500110426
152,training,0.0038373046554625034,0.06507699750363827,0.02450018235481841,5.855743863410871,0.7045254634820654,-0.022286379654782904
153,training,0.002836531028151512,0.13812775164842606,0.02450018235481841,5.91602611319949,0.702412891069258,-0.04789440440135034
154,training,0.00031504748039878905,0.04233499802649021,0.02450018235481841,5.95596055556713,0.7001371431504163,-0.06731367705095538
155,training,0.00520428316667676,0.07282592542469501,0.02450018235481841,5.995821106543374,0.6974574515264907,-0.06653581981166311
156,training,0.004056008532643318,0.11788715235888958,0.0139234892504963,6.035713048335845,0.694792033607072,-0.06750191904183686
157,training,0.005088198930025101,0.05177230015397072,0.0139234892504963,6.055577006153175,0.6934287234749293,-0.06994480078381286
158,training,0.0013474463485181332,0.0357466209679842,0.0139234892504963,6.1153879965284075,0.689394347192674,-0.05813150322651446
159,training,0.0010009690886363387,0.006319272331893442,0.0139234892504963,6.155203684357027,0.6872742558637407,-0.05277506439305652
160,training,0.001152152195572853,0.0857191476970911,0.0139234892504963,6.195148565947092,0.6851554075743894,-0.05285874251275224
161,training,0.0013054885203018785,0.12174991238862276,0.0139234892504963,6.235089087900075,0.683346066301254,-0.035283923447139785
162,training,0.0008022604160942137,0.13125596940517426,0.009733574004841343,6.274714271443572,0.68236766111738,-0.012742933782175768
163,training,0.0017534159123897552,0.1423295196145773,0.009733574004841343,6.314646315050317,0.682363580990898,0.012929062766378611
164,training,0.0024427843745797873,0.1317586936056614,0.009733574004841343,6.354423139941459,0.6833642369849194,0.0380548431670528
165,training,0.007096061483025551,0.1290438547730446,0.009733574004841343,6.3742451891267775,0.6842399574242533,0.04920066809025263
166,training,0.005885109305381775,0.09129079803824425,0.009733574004841343,6.434118845390399,0.6879325541073945,0.07218995912974607
167,training,0.001430815551429987,0.11005607433617116,0.009733574004841343,6.473644206009123,0.6910204072982069,0.08121853096166438
168,training,0.0005935517838224769,0.09749057330191134,0.008862885529884111,6.51353323075513,0.6943536392416307,0.085359882000274
169,training,0.0003568496322259307,0.07140764780342578,0.008862885529884111,6.553390632125568,0.6977861762519353,0.08549420339260098
170,training,0.0011232250835746527,0.08265551552176473,0.008862885529884111,6.573213151328173,0.6994862794072234,0.08458157625037703
171,training,0.000530319579411298,0.06964334845542909,0.008862885529884111,6.613142596656652,0.702788098010744,0.0800170267543225
172,training,0.0031933137215673923,0.07628266140818596,0.008862885529884111,6.672927823258428,0.707316732086421,0.07128657899790677
173,training,0.0008406447013840079,0.07269934564828873,0.008862885529884111,6.692860692513428,0.7087156863143106,0.06871470875335813
174,training,0.0033632584381848574,0.06403011828660965,0.014638325366512201,6.752910250513031,0.7126200751405033,0.06060016875495853
175,training,0.00201989128254354,0.05523093044757843,0.014638325366512201,6.792680465833576,0.7149198501333789,0.05447699184628355
176,training,0.0008616335107944906,0.0892045870423317,0.014638325366512201,6.8328185654102205,0.7169406786090664,0.045340494114434006
177,training,0.0033675283193588257,0.0668520499020815,0.014638325366512201,6.872757395915526,0.7185513214074916,0.03543793111428054
178,training,0.002110513160005212,0.07595713250339031,0.014638325366512201,6.912727266663282,0.7198506274464642,0.029613329870758823
179,training,0.0011784688103944063,0.04787047579884528,0.023474563149621683,6.952898400040934,0.7209638680278043,0.026900427693962076
180,training,0.0014356942847371101,0.028266616165637984,0.023474563149621683,6.992706970177773,0.7219758934381355,0.022362453430561934
181,training,0.0006248456193134189,0.04134618490934372,0.023474563149621683,7.012729571113608,0.7223929465746618,0.018649928288608206
182,training,0.00125779933296144,0.035152532160282135,0.023474563149621683,7.072882505453949,0.723114520173472,0.007078595235236256
183,training,0.0008573260856792331,0.0015325993299484184,0.023474563149621683,7.112830463339798,0.7232583265762895,-0.00012734759939222199
184,training,0.001559736323542893,0.04093967750668526,0.023474563149621683,7.1530747210170595,0.7230635429747266,-0.010540046673880985
185,training,0.0017778361216187477,0.04596752487123012,0.033696859085864686,7.192951461865106,0.7225054332957604,-0.01623866922163547
186,training,0.0011772089637815952,0.010865185409784324,0.033696859085864686,7.212933497580694,0.7221668556618517,-0.017650265094998493
187,training,0.0033660863991826773,0.003307640552520759,0.033696859085864686,7.273083006051804,0.7209341339059814,-0.024999116048946814
188,training,0.0017131706699728966,0.04123067297041416,0.033696859085864686,7.31298136016764,0.7197619580406862,-0.03412411561443125
189,training,0.0007156101637519896,0.017801826819777485,0.033696859085864686,7.353097213907327,0.7183119454969211,-0.03640483854190246
190,training,0.0007386523066088557,0.013877477496862415,0.0396058108985793,7.392926519860595,0.7168573040815582,-0.03758774175777098
191,training,0.0005034697242081165,0.03840603493154049,0.0396058108985793,7.412865852362552,0.7160986487776876,-0.03890929431466787
192,training,0.0013146004639565945,0.04652734473347664,0.0396058108985793,7.452944412049176,0.7144939344120279,-0.03978319143477517
193,training,0.0006614791927859187,0.0353066585958004,0.0396058108985793,7.512683490022394,0.7122695126396678,-0.034758532930758736
194,training,0.0022203964181244373,0.026799416169524193,0.0396058108985793,7.552734474146514,0.7109394483182625,-0.031775555308605055
195,training,0.0004719302523881197,0.02479971945285797,0.0396058108985793,7.572787417197238,0.7103034242021017,-0.03153342782687287
196,training,0.000704303034581244,0.031415071338415146,0.03549646680196075,7.612569715019444,0.7090523132592697,-0.031899849050073016
197,training,0.0008782607037574053,0.004112103953957558,0.03549646680196075,7.652610979640239,0.707781351460897,-0.03146221920247841
198,training,0.0009120125323534012,0.0316421240568161,0.03549646680196075,7.712497835792918,0.7058907918436601,-0.03349979268541699
199,training,0.0018241554498672485,0.025939464569091797,0.03549646680196075,7.732476014500703,0.7052084856608097,-0.03472511850556721
200,training,0.001445104368031025,0.03268929198384285,0.03549646680196075,7.792506751258325,0.7031536265490478,-0.03411824733013807
201,training,0.0008472860790789127,0.03336952067911625,0.030798471331446874,7.8323469114397,0.7018206161986967,-0.03277329920395298
202,training,0.0017363200895488262,0.02713559102267027,0.030798471331446874,7.852373796446034,0.70117494014955,-0.03149082769691972
203,training,0.0012895483523607254,0.016152758151292804,0.030798471331446874,7.912266198334471,0.6994297559868292,-0.02749664296578976
204,training,0.0007291872752830386,0.0266298558562994,0.030798471331446874,7.9522329265324885,0.6983525671449411,-0.026711894818508383
205,training,0.0013507879339158535,0.013376107439398766,0.030798471331446874,7.992326955047977,0.697302877830797,-0.025564040835412756
206,training,0.0005302561912685633,0.0071170669980347165,0.02921607167295677,8.0321321859152,0.6962866292829416,-0.026200359536761916
207,training,0.0006694939802400768,0.008478372357785702,0.02921607167295677,8.072228820435932,0.6952050079810547,-0.028196229606150692
208,training,0.00020752812270075083,0.02319861203432083,0.02921607167295677,8.112154523583227,0.6940582107884115,-0.029642275528470922
209,training,0.0014825150137767196,0.01989332353696227,0.02921607167295677,8.152065286482022,0.6928815908245397,-0.029429573009385392
210,training,0.0009172355639748275,0.0026434841565787784,0.02921607167295677,8.17212612367221,0.6922941515892441,-0.029014185748829094
211,training,6.215734902070835e-05,0.03032422997057438,0.02921607167295677,8.232019673873573,0.6906316320435938,-0.02796921852975994
212,training,0.00010609603486955166,0.024779589846730232,0.021380918595917217,8.252002127414302,0.6900717176120509,-0.027939800767774157
213,training,0.00039516130345873535,0.01959401462227106,0.021380918595917217,8.312029288266448,0.6885280979360269,-0.02387229133711145
214,training,0.0006152481073513627,0.018967553973197937,0.021380918595917217,8.351896379850135,0.6876179056832585,-0.022266057513000755
215,training,0.0007631174521520734,0.0183383421972394,0.021380918595917217,8.392026712947223,0.6867373431729309,-0.021799065386097514
216,training,0.0018376032821834087,0.04267472214996815,0.021380918595917217,8.431858334585149,0.6858885134297191,-0.02077977942871389
217,training,0.0005380841321311891,0.011870749294757843,0.021380918595917217,8.471822230097414,0.6851445186738487,-0.01569161142812011
218,training,0.0009539492893964052,0.0004990939050912857,0.011360119652051625,8.511909471321253,0.6845905939327517,-0.013167112574196104
219,training,0.0018866586033254862,0.04510722775012255,0.011360119652051625,8.531800478222848,0.6843226430052534,-0.014113021360952565
220,training,0.0020583930891007185,0.0674965400248766,0.011360119652051625,8.571758625918855,0.6837509833614457,-0.012328123659906692
221,training,0.0010447002714499831,0.0065587367862463,0.011360119652051625,8.631705805376127,0.6833549156670992,0.00044049516394287626
222,training,0.001145690679550171,0.01895040273666382,0.011360119652051625,8.671651198204376,0.6833527327325246,-0.0016335456369680251
223,training,0.0012308757286518812,0.06627134792506695,0.011360119652051625,8.691739052083372,0.6833082829701783,-0.0025749162847176553
224,training,0.0010594265768304467,0.01616647932678461,0.008674529055596205,8.751550042992765,0.6832367110047531,0.0036517526705950928
225,training,0.0021885528694838285,0.010262981057167057,0.008674529055596205,8.791596431348006,0.6834598577081546,0.00587216246096004
226,training,0.0017591771902516484,0.015467364341020584,0.008674529055596205,8.811700015791624,0.6835702134491372,0.005583168735398086
227,training,0.0020138826221227646,0.043005624786019325,0.008674529055596205,8.851601510562505,0.6836855740901338,0.0013390999699610217
228,training,0.0011288747191429138,0.01402276195585728,0.008674529055596205,8.91172427309447,0.6837627148251773,0.0024857322412984886
229,training,0.0007996619679033756,0.023085707798600197,0.023342822913849023,8.951567974668205,0.6838468272319207,0.0008165497835185899
230,training,0.0013210349716246128,0.0024692062288522686,0.023342822913849023,8.991627351730122,0.6837514547806348,-0.006906234313094676
231,training,0.0018180025508627295,0.022260578349232674,0.023342822913849023,9.031764017219116,0.6833325570033938,-0.01245398241426542
232,training,0.0017332285642623901,0.02871454693377018,0.023342822913849023,9.071613530570081,0.6828430752407428,-0.01212036600719823
233,training,0.0011096363887190819,0.02086545340716839,0.023342822913849023,9.111722416560598,0.6823819950740921,-0.010758281584152625
234,training,0.0010962743544951081,0.044151467736810446,0.027039898620154035,9.151615879183296,0.6819686041389303,-0.010094281969370542
235,training,0.0006938402657397091,0.05530179850757122,0.027039898620154035,9.191537327015803,0.6816558840148236,-0.004509125622121226
236,training,0.0007341124583035707,0.05381119064986706,0.027039898620154035,9.231655085444636,0.6815887391345016,0.0019964506576298615
237,training,0.00037138035986572504,0.026469588279724118,0.027039898620154035,9.271431947019218,0.6817851119574356,0.0075746424481081135
238,training,0.0007289430941455066,0.027888959273695946,0.027039898620154035,9.291423569643504,0.681958467908954,0.00883958653484731
239,training,0.0008502636919729412,0.023278599604964256,0.027039898620154035,9.351484320228634,0.6824864809997698,0.009401367403515565
240,training,0.0025999259669333696,0.043791139498353004,0.02111437934545325,9.391384193762057,0.6828731814232899,0.009725879100413164
241,training,0.0007911496213637292,0.04157188721001148,0.02111437934545325,9.4114373508702,0.6830751775654107,0.010871947792742453
242,training,0.0008687827503308654,0.015261294320225716,0.02111437934545325,9.471313208795527,0.683857702916366,0.014553343018506325
243,training,0.001091471640393138,0.02851700410246849,0.02111437934545325,9.511340567947366,0.6844095596977283,0.012555867103853854
244,training,0.0010491331340745091,0.03805935196578503,0.02111437934545325,9.551414428954118,0.6848685030492668,0.01121525173032974
245,training,0.0003547794767655432,0.014612775295972824,0.02111437934545325,9.591272534167397,0.6853252710018284,0.011526962030043225
246,training,0.0014833008171990514,0.039077019318938255,0.023536423561912666,9.611312933788897,0.6855537242691961,0.010399140549873212
247,training,0.0011596184922382236,0.05860031768679618,0.023536423561912666,9.671322603854613,0.6860745224733212,0.009402245656366786
248,training,0.00024905052850954235,0.0302900243550539,0.023536423561912666,9.711262884751305,0.6865289557044592,0.013849746443813912
249,training,0.0006194798042997718,0.01693483628332615,0.023536423561912666,9.751415216601448,0.6871129382377367,0.015189659691366823
250,training,0.0009978500893339515,0.031804116442799575,0.023536423561912666,9.77124669997183,0.6874126413261726,0.013732443238470348
251,training,0.0009437346598133445,0.04789109528064728,0.023536423561912666,9.831280717456323,0.6880929859345352,0.010086677079874392
252,training,0.0012077693827450275,0.04007723741233349,0.025697850642939068,9.871248316269977,0.6884943906619355,0.011298557427096654
253,training,0.002109563909471035,0.03285244107246399,0.025697850642939068,9.911143310275593,0.6890101374639281,0.014122867278341411
254,training,0.0008902495028451085,0.03432777151465415,0.025697850642939068,9.951306613377374,0.6895753986939607,0.013674775816636122
255,training,0.000525431358255446,0.037223583087325096,0.025697850642939068,9.971224250014949,0.6898477795012713,0.01333860484131677
256,training,0.001158013823442161,0.06277955137193203,0.025697850642939068,10.031177066445546,0.6905673832644275,0.010956364668794053
257,training,0.0002950070775114,0.02122008800506592,0.025697850642939068,10.071208495150179,0.6910073125835766,0.012217643222855208
258,training,0.0005327735561877489,0.015310049057006836,0.020474763483243518,10.111075340007334,0.691502114374142,0.011602088826472552
259,training,0.00038732035318389535,0.025389119982719414,0.020474763483243518,10.151236524671704,0.6919134954652163,0.008463580825513092
260,training,0.00041682919254526496,0.016854546964168545,0.020474763483243518,10.191148126364173,0.6921879037570194,0.005539529921958189
261,training,0.0004996450152248144,0.05109838955104351,0.020474763483243518,10.231141426666184,0.692354061180343,0.0027297822844559497
262,training,0.0013296250253915787,0.04319258593022823,0.020474763483243518,10.271263138210163,0.6924548367710838,0.0033928463732581767
263,training,0.00016689111362211406,0.02004437893629074,0.020354863086122874,10.311076305201723,0.6926387165873769,0.005485785862927614
264,training,0.001547689433209598,0.014754567295312878,0.020354863086122874,10.351178530889879,0.6928742772139266,0.005101857994903516
265,training,0.0010327633935958147,0.05213501676917076,0.020354863086122874,10.391156624944603,0.6930277729721346,0.002928278312364167
266,training,0.0009573398856446147,0.052048640325665474,0.020354863086122874,10.431079146337325,0.6931496290441919,0.0038535517729032026
267,training,0.00046011703670956194,0.04613577388226986,0.020354863086122874,10.471214642414264,0.6933515690923364,0.007157600233618059
268,training,0.0009878524579107761,0.0279815886169672,0.015011499982691315,10.511020075680463,0.6936984203324789,0.010102995447209337
269,training,0.0010759923607110977,0.030478477478027337,0.015011499982691315,10.551069987359687,0.6940846237499627,0.008684990283786949
270,training,0.0007211347692646086,0.06668192520737648,0.015011499982691315,10.591110846090544,0.6944074799307333,0.008360064018586199
271,training,0.0013721657451242208,0.020467154681682587,0.015011499982691315,10.611013708056475,0.6945757254761458,0.008602008524132704
272,training,0.0003416564723011106,0.035057090222835534,0.015011499982691315,10.651027923326305,0.6949812080561774,0.00932543347392407
273,training,0.0017381795914843678,0.06452535837888718,0.015011499982691315,10.711016406378613,0.6954296687744181,0.00735241023114714
274,training,0.00022094404266681522,0.03790473937988281,0.015544997384275748,10.750970976963039,0.6958364969797812,0.01333297662813463
275,training,0.0007542023668065667,0.009446153417229652,0.015544997384275748,10.791087453332365,0.6964357040956574,0.015794624165429188
276,training,0.00040543905925005674,0.043179579079151154,0.015544997384275748,10.83090890561912,0.6970327317780365,0.013386457977388421
277,training,0.0004106179403606802,0.02555260807275772,0.015544997384275748,10.870993845774274,0.69762523396131,0.016805375026048834
278,training,0.0007583560072816908,0.010105757042765617,0.015544997384275748,10.910919381591286,0.6983234116306213,0.018283244736644614
279,training,0.001305228564888239,0.03094094805419445,0.015544997384275748,10.950851892101948,0.6990532126791733,0.01763132663244709
280,training,0.00044773623812943697,0.062268849462270744,0.023079737153248677,10.99103402119722,0.6997078468066247,0.015039279436499171
281,training,0.0011245039058849216,0.021599559113383286,0.023079737153248677,11.0308421717354,0.7003123140761979,0.015594074935818283
282,training,0.0010395252611488104,0.031122829765081413,0.023079737153248677,11.070923682545358,0.7008851973091618,0.01144175451232605
283,training,0.0013079580385237932,0.05255007557570934,0.023079737153248677,11.11098405013065,0.7012418758077124,0.007192144359355505
284,training,0.0009509288938716054,0.029161920771002776,0.023079737153248677,11.150877320438893,0.7014820306081284,0.006106600486917596
285,training,0.000767447636462748,0.009574197232723236,0.023079737153248677,11.170933970637547,0.7016054386463859,0.005481403803354149
286,training,0.0006821035640314221,0.03778487630188465,0.03638595642351527,11.211027482220286,0.701741225694502,0.0013879240995314764
287,training,0.0028755287639796734,0.021075874567031853,0.03638595642351527,11.270962536221228,0.7016261210865983,-0.0037617717638093982
288,training,0.0003950549871660769,0.0059426091611385415,0.03638595642351527,11.311064421391793,0.7014296176155139,-0.005591459616294277
289,training,0.0007950869621708989,0.0004791952669620514,0.03638595642351527,11.350948459320454,0.7010947881313504,-0.012466068528287149
290,training,0.0018747033318504691,0.028390213847160336,0.03638595642351527,11.391110137361121,0.7004564995256639,-0.019335501984145374
291,training,0.0017042537219822407,0.009647702798247337,0.03638595642351527,11.411129714245059,0.7000366636506756,-0.02204418452782281
292,training,0.0009881325531750917,0.011998424306511879,0.04270240107818386,11.47084815786105,0.6986704851943559,-0.024291484512040072
293,training,0.0003462783934082836,0.04912258870899677,0.04270240107818386,11.511018220297318,0.6976098713222171,-0.029105360344311583
294,training,0.0015926267951726913,0.03072513174265623,0.04270240107818386,11.550620139463037,0.6964954274487635,-0.026400002168808986
295,training,0.0013553014723584056,0.01228346675634384,0.04270240107818386,11.59065256386653,0.6955293446182406,-0.022058926252745147
296,training,0.001626979443244636,0.008886823430657383,0.04270240107818386,11.630551744791545,0.6946801978787984,-0.02319125886682781
297,training,0.00047964288387447596,0.03915709629654884,0.04270240107818386,11.6504692684058,0.6941899415245969,-0.02575018522516955
298,training,0.00025557391927577555,0.013249939307570457,0.028297189953992025,11.710567007748114,0.6926394176343098,-0.023460775444046993
299,training,0.0011425829725340009,0.006911801174283028,0.028297189953992025,11.75031795463637,0.6916991768996438,-0.024771499736739117
300,training,0.000591400486882776,0.020929310470819473,0.028297189953992025,11.790333493177366,0.6906586967489092,-0.02786761541339987
301,training,0.0007835031719878316,0.018494299612939358,0.028297189953992025,11.830380482292629,0.689521815301115,-0.027784767938743564
302,training,0.0007081759395077825,0.007008834276348352,0.028297189953992025,11.870196073659285,0.6884532529165945,-0.02630762952972864
303,training,0.0003182960790582001,0.010927899274975061,0.028297189953992025,11.910313520989437,0.6873643975457114,-0.028318848263316675
304,training,0.0005732817226089537,0.0016653458587825303,0.02051618110208864,11.950199503362699,0.6861965326811175,-0.030798959260942733
305,training,0.0002802727394737303,0.0010874904692173004,0.02051618110208864,11.970132511786804,0.6855769009135106,-0.031477749499130556
306,training,0.001024389872327447,0.008807837963104248,0.02051618110208864,12.030253003508426,0.6836597899321467,-0.03178396533598398
307,training,0.0002759119088295847,0.01265258714556694,0.02051618110208864,12.050101923619005,0.6830389470548344,-0.03158212262885648
308,training,0.000513982493430376,0.0109444260597229,0.02051618110208864,12.11006435233988,0.6812256993054049,-0.02866216500922184
309,training,8.373339369427413e-05,7.058680057525635e-05,0.02051618110208864,12.150003800147617,0.6801327006071917,-0.026471943145808155
310,training,0.00035206464235670865,0.0036139097064733505,0.011503864590310144,12.169912306373744,0.6796151214008099,-0.02611517002226277
311,training,0.0003501638420857489,0.006246035918593407,0.011503864590310144,12.209952098321402,0.6785674516622963,-0.02662834495349365
312,training,0.00032821480999700725,0.00964205339550972,0.011503864590310144,12.269851910129528,0.6769346883565627,-0.028433056695396745
313,training,0.001090414123609662,0.006758720148354769,0.011503864590310144,12.30986816552123,0.6757649351397109,-0.030422036502645532
314,training,0.0007564635016024113,0.03301326185464859,0.011503864590310144,12.329953220420965,0.6751453305817717,-0.03065690708609399
315,training,0.0009470124496147037,0.021884741261601448,0.011503864590310144,12.389670842869732,0.6734507696537232,-0.02459124419361095
316,training,0.0005105863092467189,0.005315138027071953,0.009206271641916198,12.409690892667744,0.672980335845543,-0.022389539307759262
317,training,0.00027906143805012107,0.06879231100901961,0.009206271641916198,12.469664474467091,0.6717694656915534,-0.019262500095083568
318,training,0.0006580750341527164,0.07829936593770981,0.009206271641916198,12.489565162563228,0.6714346564081733,-0.013833640566370296
319,training,0.0006773886852897704,0.06366875302046537,0.009206271641916198,12.529599912267486,0.6711343783166203,5.899162101332434e-05
320,training,0.0003686975105665624,0.11113766767084599,0.009206271641916198,12.589358902764845,0.6717205880931557,0.01805477598015524
321,training,0.00123761803843081,0.11899980902671814,0.009206271641916198,12.629321813705474,0.6727689117414868,0.035072134119351776
322,training,0.0004010382108390331,0.07605679146945477,0.018665139516965516,12.66916391737422,0.6744819840860963,0.05108533955466298
323,training,0.0008616949198767543,0.017369017004966736,0.018665139516965516,12.708942198657107,0.676731871153785,0.0597537795356139
324,training,0.0006043469184078276,0.019535979256033897,0.018665139516965516,12.728969330492317,0.6779458221602864,0.06030824389642755
325,training,0.0015698234783485532,0.05875910073518753,0.018665139516965516,12.788751269004587,0.6814885414935574,0.059914317968762835
326,training,0.0008239625603891909,0.029573865234851844,0.018665139516965516,12.828713238086248,0.683882490019979,0.05932346881364042
327,training,0.0005927861202508211,0.06421940773725511,0.018665139516965516,12.868708690885347,0.6861720371084781,0.053862305669704375
328,training,0.0007959264330565929,0.03975560516119003,0.012784388890720323,12.90852277230382,0.688235171573594,0.05023843585302161
329,training,0.0006369301117956638,0.026342524215579033,0.012784388890720323,12.948647719349333,0.69016570354817,0.04515002904518449
330,training,0.0005722708301618695,0.02159892302006483,0.012784388890720323,12.988486972244544,0.6918314178315035,0.03767770808629968
331,training,0.0005833733011968434,0.029613338876515627,0.012784388890720323,13.008446900089481,0.6925453649244615,0.03409500937605479
332,training,0.00023289272212423384,0.030564845073968172,0.012784388890720323,13.048593338554326,0.6937999142450629,0.02801511595442647
333,training,0.0003629031707532704,0.05815153755247593,0.012784388890720323,13.108496614093317,0.695183200347614,0.018214100011674908
334,training,0.0007069944404065609,0.043921926990151405,0.013708722950547684,13.148606479934358,0.6958327613417824,0.015652645490711523
335,training,0.0003417927655391395,0.006345768924802542,0.013708722950547684,13.188544723854646,0.6964666317880904,0.016481873178315752
336,training,0.0002824395487550646,0.017772420775145292,0.013708722950547684,13.228464647586035,0.6971459505070802,0.017310657933650355
337,training,0.0010225638980045915,0.011100249830633402,0.013708722950547684,13.268611929315382,0.6978618560239825,0.019316775633854505
338,training,0.0006166902603581548,0.016352352686226368,0.013708722950547684,13.288450534831798,0.6982622852532381,0.019909941334015423
339,training,0.0005142909358255565,0.0158560877898708,0.013708722950547684,13.348447372504953,0.699293945640979,0.01346821820851393
340,training,0.0005764852394349873,0.01799972541630268,0.015304984732037437,13.388506794710622,0.6997488669965211,0.0101287303879072
341,training,0.00044939856161363423,0.030474775121547282,0.015304984732037437,13.42841117429629,0.700065705709006,0.0053207528339387165
342,training,0.000320863735396415,0.012261774973012507,0.015304984732037437,13.448480255909663,0.7001471902305505,0.002396645421949388
343,training,0.0005110744968988001,0.019227856770157814,0.015304984732037437,13.488562866079079,0.7001679705782936,0.0006541646439902175
344,training,0.0001258054981008172,0.03189516067504883,0.015304984732037437,13.528413690923013,0.7002461337959375,0.0034153803038571235
345,training,0.0002317056350875646,0.021896975114941597,0.015304984732037437,13.588508819009222,0.700664684083796,0.011352230128295329
346,training,0.0003866731422021985,0.018575020600110292,0.009894561499428547,13.628315685153444,0.7012276338012068,0.01620211634562611
347,training,0.00010020965419244021,0.014579477719962597,0.009894561499428547,13.668402633268382,0.7019467734209818,0.01967276748131912
348,training,0.0009526923531666398,0.012984675820916891,0.009894561499428547,13.708268595340483,0.702765645808984,0.019943625936771743
349,training,0.0007422759663313627,0.00029920600354671305,0.009894561499428547,13.748221298967403,0.7034890283095682,0.016240987595043468
350,training,0.0012490153312683105,0.008421067585004494,0.009894561499428547,13.78839874212396,0.7040823556332889,0.01414262041789706
351,training,0.0005873338668607175,0.003486669505946338,0.009894561499428547,13.828198329642996,0.7046550393805194,0.014863181896548587
352,training,0.00033314095344394445,0.001585414633154869,0.01104059171185922,13.868249653654559,0.7052803657396569,0.015991825025789122
353,training,0.00022123994131106883,0.010615006089210509,0.01104059171185922,13.888342821819881,0.7055946274873789,0.01592716140904705
354,training,0.00046563800424337387,0.006142883095890284,0.01104059171185922,13.948139395576842,0.7065748537475322,0.01655102571111314
355,training,0.0001220612321048975,0.019918420584872365,0.01104059171185922,13.96819475058055,0.7069064398650076,0.015993224302125516
356,training,0.00015800498658791184,0.008722678758203982,0.01104059171185922,14.028206990776441,0.7077242346488812,0.010773956362575412
357,training,0.0005418374785222113,0.01791742630302906,0.01104059171185922,14.068232791767665,0.7080803983121695,0.0069854170387833175
358,training,0.00033203524071723223,0.026890946552157402,0.003445361320551984,14.108362221270067,0.7082602973462316,0.0026618422247657713
359,training,0.0007076569017954171,0.011843644082546234,0.003445361320551984,14.148249870980887,0.7082277422884232,-0.004449847133879416
360,training,0.0007949622813612223,0.026844967156648636,0.003445361320551984,14.188387948573993,0.707992045489934,-0.007118460273951957
361,training,0.0008265799842774868,0.044580474495887756,0.003445361320551984,14.228348114346158,0.7076220859659079,-0.011467317987387267
362,training,0.0004037006292492151,0.03822448942810297,0.003445361320551984,14.26834627794879,0.7070178788421988,-0.019580806822349917
363,training,0.0015170025872066617,0.037514922209084034,0.0013217837787160747,14.308536436242314,0.7060772369110523,-0.02611925221769064
364,training,0.0002901265979744494,0.07172941043972969,0.0013217837787160747,14.348344138986114,0.7049398163582333,-0.03143147304180075
365,training,0.0009417624096386135,0.08739850856363772,0.0013217837787160747,14.3884362234118,0.7035488130585545,-0.03864208136702825
366,training,0.00026340066688135266,0.05270065553486347,0.0013217837787160747,14.428399441001192,0.7018892573666414,-0.04424286927820966
367,training,0.0004954254254698753,0.03340320475399494,0.0013217837787160747,14.468260778786968,0.7001206170536017,-0.044518577307401434
368,training,0.0007750445511192083,0.041521809995174415,0.0013217837787160747,14.488295815733258,0.6992304153710663,-0.044046791404309574
369,training,0.0005124223534949124,0.04495143704116344,0.01676656395238103,14.5481065833842,0.6967926266000972,-0.038487312140439794
370,training,0.00026589183835312724,0.03554632142186164,0.01676656395238103,14.588085676153858,0.6953013232448461,-0.03668218210551732
371,training,0.0001478400663472712,0.05022879131138324,0.01676656395238103,14.628095156965506,0.693895770375321,-0.033173398669394685
372,training,5.6912394938990474e-05,0.05797252990305424,0.01676656395238103,14.667891283854692,0.6926364617370638,-0.030724627909847972
373,training,0.000350618181983009,0.06468069180846214,0.01676656395238103,14.70799078695826,0.691421196176736,-0.03028740552512037
374,training,0.0006523356423713267,0.055273665115237236,0.01676656395238103,14.72800030385368,0.6908217809237033,-0.030102448829073505
375,training,0.0005079420516267419,0.044323673471808434,0.022698154216606963,14.78782309473899,0.6889756837309416,-0.03101511215011763
376,training,0.0008298868779093027,0.08573440834879877,0.022698154216606963,14.827921336410865,0.6877556952073947,-0.028974116626334586
377,training,0.00041749124648049474,0.0892579685896635,0.022698154216606963,14.847814158875059,0.6871860102548911,-0.029570064989515615
378,training,0.0006313050398603082,0.06282922253012659,0.022698154216606963,14.90781737018907,0.6852984054571066,-0.03391116479662268
379,training,0.0005344567471183836,0.07564209774136543,0.022698154216606963,14.927874384558605,0.6846208359795248,-0.0330714415416653
380,training,0.00021415360970422626,0.08892489410936832,0.022698154216606963,14.987621106298661,0.6827408761147088,-0.030410294210513212
381,training,0.0005095337401144207,0.08225882053375244,0.035136342784602294,15.007677780362437,0.6821287698613041,-0.030964416026540403
382,training,0.0008304852526634932,0.06717617809772491,0.035136342784602294,15.0675689369609,0.6802500541754795,-0.031758227368278366
383,training,0.0003825571038760245,0.075478196144104,0.035136342784602294,15.10757098282686,0.6789988527690037,-0.030116141651224993
384,training,0.00027523504104465246,0.07360910065472126,0.035136342784602294,15.147574876796737,0.6778574275748415,-0.027193845726332957
385,training,0.00028914635186083615,0.05176403373479843,0.035136342784602294,15.187405555612397,0.6768366402738312,-0.024283795818560192
386,training,0.0006531894323416054,0.07055265456438065,0.035136342784602294,15.20742563313043,0.6763746033926122,-0.02147702061981586
387,training,0.0002885214635170996,0.06986563652753831,0.047848811055640254,15.267362414411684,0.6753186911415406,-0.014695095967022717
388,training,0.0003496255958452821,0.06203346699476242,0.047848811055640254,15.28730421166225,0.6750429052565803,-0.0135226193991863
389,training,0.000593362026847899,0.05404691398143768,0.047848811055640254,15.347436217917435,0.6743211624771172,-0.009433281858341025
390,training,0.0006637318292632699,0.07265607453882694,0.047848811055640254,15.387214493594044,0.6740287642729466,-0.0055137932237673175
391,training,0.0007569119334220886,0.06250718422234057,0.047848811055640254,15.42729436426494,0.6738689371299306,-0.003286609030619942
392,training,0.0010992905590683222,0.05912531726062299,0.05051303992147931,15.467226153220448,0.6737746000033487,-0.0009882077631983132
393,training,0.0004726424813270569,0.05436048656702043,0.05051303992147931,15.507135817417442,0.6737942691894295,0.0016889563558132893
394,training,0.0006552055710926652,0.0539142470806837,0.05051303992147931,15.547273878871204,0.6739109274904875,0.004652328050605938
395,training,0.00034653896000236273,0.06790303625166416,0.05051303992147931,15.58708997864022,0.6741339670847999,0.006001316184435186
396,training,0.0008951665367931128,0.07173436135053635,0.05051303992147931,15.62714083963943,0.6743583200801394,0.00443322665548014
397,training,0.0006568998796865344,0.05736656300723553,0.05051303992147931,15.667197525675254,0.6744961426093204,0.0031813640446923318
398,training,0.000816446146927774,0.05819491669535637,0.050385575004038,15.707068887345192,0.6746503483589701,0.004439870799482936
399,training,0.0011636464623734355,0.07685471698641777,0.050385575004038,15.727108865627248,0.6747468408123235,0.005108868651097152
400,training,0.0013335221447050571,0.057721713557839394,0.050385575004038,15.767196001309134,0.6749548001444178,0.005082076720211924
401,training,0.001428684452548623,0.04114839993417263,0.050385575004038,15.807062947758563,0.6751304374582657,0.004274842648043727
402,training,0.0003135831211693585,0.06952320970594883,0.050385575004038,15.867179218555206,0.6754830768327713,0.008589083708962738
403,training,0.00048240128671750426,0.06137397885322571,0.050385575004038,15.887060406691843,0.675671204597407,0.009317724375614738
404,training,0.0016253299545496702,0.04696071147918701,0.048033610863571906,15.947120346178465,0.6761750960493607,0.007255039441963824
405,training,0.0004181012627668679,0.047036463394761086,0.048033610863571906,15.987064828119681,0.6764777718429095,0.008326682669397312
406,training,0.0009398261900059879,0.05437474511563778,0.048033610863571906,16.006992594487784,0.6766500869075398,0.008664867027608955
407,training,0.0014302135678008199,0.027741089463233948,0.048033610863571906,16.067172456934756,0.6771399687164927,0.00697196873016156
408,training,0.0004127871652599424,0.04607825912535191,0.048033610863571906,16.106979191835766,0.6774366498962061,0.008766943275406091
409,training,0.0004812405095435679,0.07135526649653912,0.04860197107521599,16.14702243813343,0.6778401408584415,0.010417302667554576
410,training,0.00035558216040953994,0.03485132567584515,0.04860197107521599,16.18708017478416,0.6781943064725905,0.006774879247545639
411,training,0.0021483460441231728,0.03368196450173855,0.04860197107521599,16.22696810535118,0.6784131991200856,0.005979074101109677
412,training,0.000750205887015909,0.06352648511528969,0.04860197107521599,16.267098889768633,0.6786978318324454,0.008392742240961783
413,training,0.001338479807600379,0.04299510642886162,0.04860197107521599,16.306933201166835,0.6790478286191909,0.008295901462992925
414,training,0.0009740698151290417,0.02775953523814679,0.04860197107521599,16.346938712355175,0.6793567783817626,0.007113948822623769
415,training,0.0018438487313687801,0.041794685646891594,0.04967827754964445,16.387015692721288,0.6796808307371174,0.010194510705494405
416,training,0.0012413125950843096,0.048565806820988655,0.04967827754964445,16.42684128116885,0.680152313161415,0.012556420312213079
417,training,0.00038845560629852116,0.02862606942653656,0.04967827754964445,16.46696947437637,0.680634834272498,0.010534123659078838
418,training,0.00039840684621594846,0.03967498056590557,0.04967827754964445,16.487040935295752,0.6808149431487404,0.00928599118477478
419,training,0.0008329243864864111,0.0611540824174881,0.04967827754964445,16.546863199634434,0.6814666095181224,0.011258915465409143
420,training,0.0014207953354343772,0.05355104058980942,0.04967827754964445,16.566955463848902,0.6816811094915922,0.009802156683206163
421,training,0.0010149680310860276,0.02289384789764881,0.04200237547837991,16.62687831725431,0.6821488888640209,0.006478967403700516
422,training,0.0009144117357209325,0.03596638701856136,0.04200237547837991,16.66693427509429,0.6824223680780248,0.007876054805307908
423,training,0.0011161590227857232,0.04022133722901344,0.04200237547837991,16.706946395845165,0.6827659411680985,0.009381215693552195
424,training,0.000788239180110395,0.039118509739637375,0.04200237547837991,16.746841072626246,0.683142091583762,0.00902233353940119
425,training,0.001077480148524046,0.03359116055071354,0.04200237547837991,16.786991748239124,0.6835033269739536,0.009354581764182836
426,training,0.00041564603452570736,0.046280113980174065,0.04105775843239315,16.82685387705224,0.6838726180439134,0.009014471285631636
427,training,0.0005000886740162969,0.059113191440701485,0.04105775843239315,16.84682833814576,0.6840463920255591,0.007809563909830912
428,training,0.0005518394755199552,0.04014615714550018,0.04105775843239315,16.887000247940744,0.6842856591392963,0.0037787381995943708
429,training,0.0012990901013836265,0.017322950065135956,0.04105775843239315,16.946863747780785,0.6843913372976966,0.0007920390005609827
430,training,0.0008171977824531496,0.026274392381310463,0.04105775843239315,16.986972959270233,0.6844537253819347,0.0032487336805304273
431,training,0.0017203162424266338,0.03268250823020936,0.04105775843239315,17.006992633351743,0.6845208829958277,0.004098066372407732
432,training,0.0004648140456993133,0.019436730071902275,0.038371939877345246,17.046809024801973,0.6847290786470351,0.006137631077297971
433,training,0.0009387066820636392,0.005391754209995273,0.038371939877345246,17.106943022924305,0.685215575868496,0.010669113421553389
434,training,0.001807323656976223,0.01110941544175148,0.038371939877345246,17.126816733869326,0.6854507918997967,0.01243638807818418
435,training,0.0007598718511871994,0.016593927517533302,0.038371939877345246,17.166724373067236,0.6860234596736857,0.015746489145468917
436,training,0.0004884091904386878,0.013227446004748341,0.038371939877345246,17.22675042755946,0.6870741072446385,0.019741278770779566
437,training,0.001068951329216361,0.0040315538644790615,0.022120145893822506,17.246653832462517,0.687480049439237,0.020746792702637233
438,training,0.0004609742609318346,0.005147652234882116,0.022120145893822506,17.286685608325932,0.6883463029986991,0.02270512092072104
439,training,0.0009224303066730499,0.007114602252840996,0.022120145893822506,17.32668312419112,0.6892979162826057,0.025282109611545055
440,training,0.0003238438512198627,0.006673463125480339,0.022120145893822506,17.386577040755252,0.6909031238154916,0.027941778554674047
441,training,0.0002717401657719165,0.006868638563901186,0.022120145893822506,17.406666521481274,0.6914681084383955,0.02837389963368733
442,training,0.00010440808546263725,0.006088271737098694,0.022120145893822506,17.466478903337133,0.6931140899847448,0.026428308709126977
443,training,0.00025120144709944725,0.019693038426339626,0.014395704004258067,17.50660422394235,0.6941540912035564,0.02529710395079597
444,training,0.00030501780565828085,0.01215690840035677,0.014395704004258067,17.546471714490675,0.6951165101818215,0.02188499655112705
445,training,0.00047956814523786306,0.010560587048530579,0.014395704004258067,17.586456960005506,0.6958927874950048,0.017140254348696916
446,training,0.0005078397807665169,0.02180737443268299,0.014395704004258067,17.606561111768535,0.6962162477483244,0.015215902102968791
447,training,0.0004211804480291903,0.021790158469229937,0.014395704004258067,17.666409848388927,0.6971518568797365,0.018325699538267945
448,training,0.00017748767277225852,0.013771351892501116,0.014395704004258067,17.686403919956714,0.6975402190261989,0.02036845295617278
449,training,0.0012070222292095423,0.006824030075222254,0.011184757385537406,17.74640780227183,0.6989018523411296,0.025005893479137134
450,training,0.0013397723669186234,0.012664567213505507,0.011184757385537406,17.78630782051525,0.6999177578335422,0.025527710523165298
451,training,0.0002671602996997535,0.0035674776881933212,0.011184757385537406,17.82644915089462,0.70095493240746,0.026629775590152508
452,training,0.0008200965821743011,0.009893908165395256,0.011184757385537406,17.86624917493999,0.7020292108652907,0.02606045694417045
453,training,0.0006202294607646763,0.03950864262878895,0.011184757385537406,17.886227191880494,0.7025418139692394,0.025254118608866605
454,training,0.00047475393512286246,0.031126525253057483,0.011184757385537406,17.94628353796047,0.7040998678224435,0.028682387125638704
455,training,0.00037296133814379573,0.0021604495123028755,0.003469005568488654,17.986120865305764,0.7053006582311699,0.030951917983859392
456,training,0.0007110266014933586,0.018210064619779587,0.003469005568488654,18.026254274096807,0.7065409743576382,0.029605551453519324
457,training,0.0008615460246801376,0.0509369820356369,0.003469005568488654,18.066154618267085,0.7076918985813796,0.029047748523753213
458,training,0.00024725025286898017,0.03754129633307457,0.003469005568488654,18.106082146092113,0.7089555260961704,0.03449637517041029
459,training,0.0007253283984027803,0.02533782087266445,0.003469005568488654,18.14618370869829,0.7104130503487218,0.037852583322055926
460,training,0.00025959807680919766,0.04401331953704357,0.003469005568488654,18.166026933303613,0.711179085178251,0.038359417811542604
461,training,0.0006513884291052818,0.03757207840681076,0.01191131375915274,18.226005866010915,0.7135180352228855,0.04072917639926487
462,training,0.00027715577743947506,0.004563378170132637,0.01191131375915274,18.26591233827175,0.7151908232281137,0.0431881394994865
463,training,0.0005311100976541638,0.023630807176232338,0.01191131375915274,18.305812890016963,0.7168874040649726,0.040297891606348855
464,training,0.0004705695027951151,0.027320617809891704,0.01191131375915274,18.325887399013585,0.7176750871616152,0.037992444667577965
465,training,0.0006629163981415331,0.07691723108291626,0.01191131375915274,18.385835304542937,0.7197999952486565,0.03450035330800479
466,training,0.0004920353530906141,0.07468683458864689,0.01191131375915274,18.405810965413774,0.7204901043482721,0.034402440133916926
467,training,0.0003305640129838139,0.08256831392645836,0.013752362395351223,18.46586226583883,0.7225636964392498,0.03502059581271916
468,training,0.0006851428770460188,0.08250757679343224,0.013752362395351223,18.505711384350946,0.7239863264561855,0.03648097139132882
469,training,0.0007413969142362475,0.10569835267961025,0.013752362395351223,18.54582209050961,0.7254694265156184,0.037373406468207464
470,training,0.0012178272008895874,0.18210896477103233,0.013752362395351223,18.565772653393807,0.7262212907943978,0.03831134035932754
471,training,0.0008598210988566279,0.17794593796133995,0.013752362395351223,18.625548668126658,0.7287052936558326,0.046464844126032995
472,training,0.0008997828117571771,0.13241611421108243,0.013752362395351223,18.665592453729783,0.7306666948028864,0.05163085434234949
473,training,0.0007866533705964684,0.11726106703281405,0.04302256784843699,18.685404810118,0.7317202929428533,0.05337147602924038
474,training,0.0017586449394002557,0.08009752631187439,0.04302256784843699,18.745389124287733,0.7348949642104534,0.05070851361330091
475,training,0.0020341177005320787,0.04270900785923003,0.04302256784843699,18.76546447536767,0.7358886081922482,0.048460465826839765
476,training,0.0015884877648204565,0.07838460244238377,0.04302256784843699,18.825266787421732,0.7385372437684415,0.038922509073354816
477,training,0.0015011366922408342,0.10882142558693884,0.04302256784843699,18.86543123855716,0.7400000041141223,0.03607157277881026
478,training,0.0014878518413752317,0.14153563417494297,0.04302256784843699,18.885299301980382,0.7407263561615243,0.03698147208786964
479,training,0.0009310068562626839,0.13340024463832378,0.06809666035814249,18.945211562560054,0.7430781468992438,0.03804528014236796
480,training,0.002053172094747424,0.0859281811863184,0.06809666035814249,18.96530792793299,0.7438209708086001,0.03627371866483636
481,training,0.0009721198584884405,0.15367714315652845,0.06809666035814249,19.005140998673816,0.7452006608463912,0.03286822315872093
482,training,0.0008799554780125618,0.13654139637947083,0.06809666035814249,19.065249523552477,0.7470866710842317,0.031093640004239483
483,training,0.0011918585514649749,0.2037916965782642,0.06809666035814249,19.085231396631194,0.7477130458452277,0.032580722200784853
484,training,0.0014857783680781722,0.20743463560938832,0.06809666035814249,19.125009108748216,0.7491543539728965,0.040528640431017185
485,training,0.002297811210155487,0.19640612974762917,0.0865805596630662,19.185005422954397,0.7520246371573764,0.05565872688773362
486,training,0.0012217501644045115,0.20712425559759143,0.0865805596630662,19.224652161408468,0.7543806873534665,0.06203234992385218
487,training,0.0030891518108546734,0.12691057659685615,0.0865805596630662,19.26465827381219,0.7569423815579615,0.06552750693304521
488,training,0.0018777765799313784,0.11123682186007502,0.0865805596630662,19.28464117645431,0.7582631005911572,0.06612412335997411
489,training,0.0021225200034677982,0.12426359765231612,0.0865805596630662,19.344387140746395,0.7620645842430221,0.05938692863826783
490,training,0.0010983772808685899,0.12460153922438622,0.11009668694348722,19.384527706346006,0.7643336860231534,0.05369367818237689
491,training,0.00130103575065732,0.22618919052183628,0.11009668694348722,19.42433422542924,0.7662218868163906,0.03483168872767638
492,training,0.0005783097585663199,0.2267132457345724,0.11009668694348722,19.464790734708295,0.7668237029257444,-0.009013414296028035
493,training,0.0007162170368246734,0.17386215925216675,0.11009668694348722,19.48504006115635,0.7664164577465378,-0.03090187783694491
494,training,0.0013757874257862568,0.18453284353017807,0.11009668694348722,19.545159412846466,0.7629035227807244,-0.07980508361173222
495,training,0.00043055854621343315,0.17525269091129303,0.10609697504025087,19.585241996556764,0.7592563132454787,-0.10082131171489583
496,training,0.0011222290340811014,0.20127227902412415,0.10609697504025087,19.605172413104103,0.7571553993583432,-0.10879085201477334
497,training,0.000698810676112771,0.19842853676527739,0.10609697504025087,19.664784432643373,0.7498957952369063,-0.13247239359981028
498,training,0.00019154300389345735,0.14894795045256615,0.10609697504025087,19.684654431999597,0.7471883884035878,-0.13802942161527249
499,training,0.0011876095086336136,0.1442250031977892,0.10609697504025087,19.743949186523007,0.7388318834007904,-0.14359021818290607
500,training,0.000802786264102906,0.12552976422011852,0.10609697504025087,19.783573365282486,0.7330073990965688,-0.14830286485942984
501,training,0.0010600070236250758,0.11961827706545591,0.0749100477583224,19.82309877815833,0.7270899186788988,-0.14779950679708906
502,training,0.0030611499678343534,0.10164750274270773,0.0749100477583224,19.862614848980797,0.7211639953108361,-0.15034154850024328
503,training,0.002055603777989745,0.07286282069981098,0.0749100477583224,19.90214335253005,0.7152170478298375,-0.14780946677445292
504,training,0.005013672169297934,0.08092949260026217,0.0749100477583224,19.941574531215938,0.7094349145775518,-0.14445972944388843
505,training,0.0007281071739271283,0.1616547554731369,0.0749100477583224,19.96135809007406,0.7065701133540822,-0.14338081887826964
506,training,0.0007974501932039857,0.14123521372675896,0.0749100477583224,20.02072794695705,0.6979862661476542,-0.14686269109888764
507,training,0.0014649988152086735,0.045910852029919624,0.04091881060382733,20.060180631581567,0.6920095214693969,-0.15407216339698612
508,training,0.0005518763791769743,0.07668906834442168,0.04091881060382733,20.080160598654782,0.6888714534529671,-0.15759118993114113
509,training,0.0021903235465288162,0.08657181728631258,0.04091881060382733,20.139550630043836,0.6799721579960843,-0.13822324979037803
510,training,0.0003040735609829426,0.07083940505981445,0.04091881060382733,20.179123521931004,0.6747480216565427,-0.12413996567765172
511,training,0.0010914943413808942,0.1358824446797371,0.04091881060382733,20.21875484499751,0.6701143781383823,-0.10897065355288389
512,training,0.0003640430513769388,0.09781865775585175,0.04091881060382733,20.258206234585273,0.6661101985362519,-0.09165512253417821
513,training,0.0021779451053589582,0.11534862965345383,0.02315898245726401,20.27809518362383,0.6643836376703864,-0.08165801489015423
514,training,0.0005149721982888877,0.18566253781318665,0.02315898245726401,20.317945326527028,0.6615107377535107,-0.062485292371340394
515,training,0.001092165824957192,0.21348776668310165,0.02315898245726401,20.357561419794965,0.6593608907680996,-0.0455821788234899
516,training,0.0007823448395356536,0.1780833899974823,0.02315898245726401,20.417523732933898,0.6574719146143514,-0.016163710431451796
517,training,0.0004208177560940385,0.19062432646751407,0.02315898245726401,20.457209232701697,0.6571685732813859,-0.0006548610033721945
518,training,0.0005032954504713416,0.20112717896699905,0.02462835029922893,20.49723362379309,0.6573810477686775,0.011159515735358363
519,training,0.001024452387355268,0.19748076796531674,0.02462835029922893,20.53714779414398,0.6580286036849109,0.0215084291461853
520,training,0.00026688509387895465,0.21460556983947754,0.02462835029922893,20.557026347850048,0.658508269437405,0.026454213028725363
521,training,0.005090001504868269,0.17366652935743332,0.02462835029922893,20.59702361199385,0.6597460592692083,0.03538483023337906
522,training,0.001579072792083025,0.19346622377634048,0.02462835029922893,20.65684142753919,0.6622707449756163,0.05060271889704406
523,training,0.0010870315600186586,0.20190149918198586,0.02462835029922893,20.696728480907527,0.6645394306321057,0.0632583396774216
524,training,0.0013157484354451299,0.2029498741030693,0.0609952862846529,20.71674217677612,0.665860681053613,0.06929745417559491
525,training,0.0027487087063491344,0.21189332753419876,0.0609952862846529,20.75637162451292,0.6688476695675096,0.08108335066426459
526,training,0.0015488628996536136,0.1891168039292097,0.0609952862846529,20.816102717737948,0.6742058302804795,0.0972443334402243
527,training,0.0014886040007695556,0.18189555406570432,0.0609952862846529,20.855744097070726,0.6781625127722029,0.10145640760534522
528,training,0.002514522522687912,0.18629228323698044,0.0609952862846529,20.895508130972445,0.6822405848433282,0.10166117862840318
529,training,0.0010315529070794582,0.1966832559555769,0.0609952862846529,20.935393901914047,0.6862764631415864,0.09946831767532634
530,training,0.0004250028869137168,0.19950637221336365,0.1023239693418122,20.955184121419006,0.6882510520130949,0.09929719220702188
531,training,0.004488528240472078,0.20247984677553177,0.1023239693418122,21.01522979119092,0.6936735185445183,0.06610864730655684
532,training,0.0024734195321798325,0.1559675429016352,0.1023239693418122,21.055432945213163,0.6955273893899672,0.025894733591038777
533,training,0.0005870829336345196,0.16428442299366,0.1023239693418122,21.07548168487041,0.6958798586613258,0.009348928085797174
534,training,0.0037990265991538763,0.08276439458131789,0.1023239693418122,21.11582069396374,0.6956188896822898,-0.022428385873197565
535,training,0.0005600076401606202,0.045006148517131805,0.12081506500252123,21.175951316690277,0.6930407330427415,-0.06093514368569631
536,training,0.002904228400439024,0.0031790174543857505,0.12081506500252123,21.216053919873353,0.6901647828235521,-0.0812675267591238
537,training,0.004033525474369526,0.06788798980414867,0.12081506500252123,21.256012682031912,0.6866112133905016,-0.09479707823675433
538,training,0.0006821464048698545,0.09939141571521759,0.12081506500252123,21.295780171417313,0.6824975763543933,-0.11187717357217235
539,training,0.0013089899439364672,0.014024684205651287,0.12081506500252123,21.335679830057586,0.6776602794325826,-0.1298947647821182
540,training,0.0023232814855873585,0.08043360337615013,0.12081506500252123,21.355529940754256,0.6749950080016054,-0.13531231844033892
541,training,0.0016231692861765623,0.016248831525444984,0.10181413472500525,21.395033982953983,0.6695120536544937,-0.13748261276267648
542,training,0.0035250431392341852,0.008721007034182549,0.10181413472500525,21.45449649851909,0.6616596497732113,-0.12942853376334756
543,training,0.0033894844818860292,0.028829884249716997,0.10181413472500525,21.474243384674622,0.659096435081531,-0.12973320460963042
544,training,0.0010855444706976414,0.03150513395667076,0.10181413472500525,21.533718850755577,0.6512857257574819,-0.13161602171724673
545,training,0.0012939822627231479,0.023755395784974098,0.10181413472500525,21.573298972479527,0.6460920523969493,-0.12916232061659091
546,training,0.002046514768153429,0.011524977162480354,0.10181413472500525,21.612847272273257,0.6409856439795304,-0.1278681867136942
547,training,0.0070496611297130585,0.01397513784468174,0.07966662880800385,21.652536643459705,0.6359645672379591,-0.12327165246296508
548,training,0.0016024726210162044,0.008619664236903187,0.07966662880800385,21.692047239209316,0.631188145659261,-0.1182731310848348
549,training,0.0006072217947803438,0.021609950810670853,0.07966662880800385,21.711886508872205,0.6288526989539237,-0.11621827797525457
550,training,0.0006151121342554688,0.01346779614686966,0.07966662880800385,21.771545616896585,0.6222240257985958,-0.10147072984128017
551,training,0.00115240050945431,0.0006392300128936768,0.07966662880800385,21.811107784645184,0.6184354192520398,-0.08945414814068019
552,training,0.0016427665250375867,0.016948673874139786,0.07966662880800385,21.851009586365205,0.6151117372997598,-0.07612076143073454
553,training,0.0024260738864541054,0.01140449196100235,0.057441441213025184,21.890696400134292,0.612369913502257,-0.06357235733316187
554,training,0.0015191659331321716,0.025378953665494912,0.057441441213025184,21.910591551614974,0.6111519148408526,-0.05884833157348037
555,training,0.0017985582817345858,0.008528433740139008,0.057441441213025184,21.95061045067349,0.6089718806521193,-0.04980055290650286
556,training,0.0018484473694115877,0.0062587447464466095,0.057441441213025184,22.010293594137213,0.6063754875908528,-0.038481050444816624
557,training,0.0001356769207632169,0.007823053747415536,0.057441441213025184,22.050348233850798,0.6049663940555251,-0.03102959492808606
558,training,0.0017466119024902582,0.008632441982626915,0.05300320127889163,22.070347231616413,0.6043900102725228,-0.026667943807477223
559,training,0.0018499435391277075,4.954636096954346e-05,0.05300320127889163,22.110103241318456,0.603477370764177,-0.020625968390958475
560,training,0.001215426018461585,0.019079042598605156,0.05300320127889163,22.170222735649723,0.6024268963161513,-0.013361672561929133
561,training,0.0013327404158189893,0.015876740217208862,0.05300320127889163,22.19008365520132,0.6021933502434553,-0.010979172345283054
562,training,0.0008025084971450269,0.0066705262288451195,0.05300320127889163,22.250052005731128,0.6016946997641895,-0.005588227054420372
563,training,0.001183282700367272,0.010633667930960659,0.05300320127889163,22.29002688912706,0.601509944380238,-0.003741821713481847
564,training,0.0009802218992263079,0.02027493668720126,0.01565108322876794,22.32991485583412,0.6014136609764096,-0.0008924205857952312
565,training,0.0009235194884240627,0.00509246252477169,0.01565108322876794,22.34996477870617,0.6014130287812945,0.0011555988536649765
566,training,0.0008487965096719563,0.04224216681905091,0.01565108322876794,22.409880141901677,0.6016164631638442,0.004721357423290639
567,training,0.0014404881512746215,0.04780467948876321,0.01565108322876794,22.429839889956096,0.6017285801526744,0.006998619120813265
568,training,0.0016428581438958645,0.011771335965022445,0.01565108322876794,22.469943337602828,0.6021548323150263,0.015220259110469323
569,training,0.0008388075511902571,0.029682938940823078,0.012710811471418882,22.509766770526454,0.6029003387144024,0.020817690206042707
570,training,0.0010214631911367178,0.027147463522851467,0.012710811471418882,22.569817556100208,0.6042620015166726,0.024965744757541056
571,training,0.000790016318205744,0.021468150429427624,0.012710811471418882,22.609683179849945,0.6053117890015773,0.027856807629359364
572,training,0.002271879930049181,0.010522107593715193,0.012710811471418882,22.62961123137449,0.6058827544652244,0.02915891831101227
573,training,0.0017044197302311659,0.04242762550711632,0.012710811471418882,22.669693480784986,0.6070923928676294,0.030501659968742885
574,training,0.0011186320334672928,0.04186244122684002,0.012710811471418882,22.729532882270853,0.60896323406346,0.03320340405968941
575,training,0.0009524872293695807,0.04119289293885231,0.027101608246819887,22.749518829809407,0.6096448031604481,0.03492951625125249
576,training,0.0006405472522601485,0.02503300830721855,0.027101608246819887,22.789636946055882,0.6111054049240698,0.038359765321770004
577,training,0.0014901909744367003,0.027374770492315285,0.027101608246819887,22.849367555285074,0.6135239785620048,0.04112274293103057
578,training,0.0005988471093587577,0.04313876852393151,0.027101608246819887,22.889504939933925,0.6151552832488442,0.039708892419694365
579,training,0.0005233794800005853,0.0475811269134283,0.027101608246819887,22.929324296041624,0.6167463958697194,0.04078773925295787
580,training,0.0009289081790484488,0.05535521358251572,0.027101608246819887,22.969313136081347,0.6184075120766346,0.041998359147944836
581,training,0.00082491768989712,0.04674164392054081,0.02538237562311528,22.989383575983624,0.619251859106378,0.04270630362027549
582,training,0.0009945573983713984,0.04010451398789883,0.02538237562311528,23.02918021533306,0.621036294977989,0.046321751874551946
583,training,0.0006336360238492489,0.032107232138514526,0.02538237562311528,23.069132505055435,0.6229295221147725,0.04710769358573893
584,training,0.0023028331343084574,0.0569633524864912,0.02538237562311528,23.129094519644347,0.6256503767541197,0.043149219574300055
585,training,0.0006690215086564422,0.03944351337850094,0.02538237562311528,23.169026861642323,0.6273783016374267,0.04414474754167234
586,training,0.0007717672269791365,0.04333471320569515,0.02538237562311528,23.209136731266604,0.6291463256636126,0.043472651365951284
587,training,0.0012332730693742633,0.03133104927837849,0.022276759067885243,23.2489124443039,0.6308713083601314,0.04282981552996268
588,training,0.0002277718740515411,0.05633451137691736,0.022276759067885243,23.268908044781114,0.6317274050897934,0.04231988017697142
589,training,0.0006574871949851513,0.06698138639330864,0.022276759067885243,23.30905201034666,0.6333751969466229,0.04039023081303624
590,training,0.000632467505056411,0.0773779358714819,0.022276759067885243,23.368787547386205,0.6358346571367132,0.04272182503990412
591,training,0.0004038186161778867,0.05579587630927564,0.022276759067885243,23.408888227796627,0.6376061710364286,0.04604354578903451
592,training,0.0012182139325886965,0.05271830875426531,0.022276759067885243,23.448661906278417,0.6394632284578615,0.04674966059800096
593,training,0.0008795149624347687,0.07200953550636768,0.022364620039302518,23.468625267441293,0.6403986950735974,0.04628351205055724
594,training,0.0018900264985859394,0.07137942779809238,0.022364620039302518,23.50874115830941,0.6422227208775927,0.04531245121212204
595,training,0.0008860728703439236,0.043979909271001816,0.022364620039302518,23.568488373813587,0.6449702302367859,0.046111600299974985
596,training,0.0007135091000236571,0.06393184512853622,0.022364620039302518,23.60861393412664,0.6467608466483232,0.04271082216646214
597,training,0.0019190654857084155,0.05657633766531944,0.022364620039302518,23.628610685106807,0.6475963969604986,0.040921828212394706
598,training,0.0025040744803845882,0.057543078437447555,0.01886010922743428,23.68844736330351,0.6499940413194792,0.039299655330864755
599,training,0.0015738551737740636,0.013175733387470245,0.01886010922743428,23.728556047390803,0.651553858097391,0.038603707846151435
600,training,0.0016248398460447788,0.003034130670130251,0.01886010922743428,23.768358001265128,0.6530079781796825,0.03272865218967157
601,training,0.0008135721436701715,0.05786350928246975,0.01886010922743428,23.808468172450137,0.654247038978247,0.02911091085351641
602,training,0.002488897182047367,0.029946913011372093,0.01886010922743428,23.848357250926632,0.6555081582443409,0.03520212236088192
603,training,0.0004651366325560957,0.04033248126506804,0.01886010922743428,23.888240827197514,0.6569954126197445,0.03819076580705427
604,training,0.0014330128906294703,0.11929227784276007,0.007676882741203766,23.928399568748564,0.658510884523292,0.03594945861244588
605,training,0.0025595754850655794,0.062252357602119446,0.007676882741203766,23.968150123260184,0.6599863312381445,0.0404441080418549
606,training,0.0015825496520847082,0.05579405650496483,0.007676882741203766,24.00812598001821,0.6617392738744844,0.0471005715499562
607,training,0.0020223180763423443,0.09129377081990242,0.007676882741203766,24.048095645329134,0.6637168981659232,0.05136718678946261
608,training,0.0008025157731026411,0.10779804363846779,0.007676882741203766,24.087845270707344,0.6659449737698586,0.06087528050733544
609,training,0.00022740222630091012,0.11199560388922691,0.007676882741203766,24.12782373212193,0.6686140052771847,0.07362678112267687
610,training,0.0007238523103296757,0.14083539694547653,0.020764803058507822,24.167424383935533,0.6717898625160192,0.08617141926169783
611,training,0.002261614426970482,0.1475289762020111,0.020764803058507822,24.207149941627065,0.6754770253026946,0.09918985817008641
612,training,0.0021006297320127487,0.1946161612868309,0.020764803058507822,24.24691475723715,0.6796917633487802,0.11210409669273481
613,training,0.001356114516966045,0.1839858591556549,0.020764803058507822,24.286331067835302,0.6844584227918132,0.12924947513164325
614,training,0.00045529185445047915,0.18815013393759727,0.020764803058507822,24.325902224385075,0.689945749679281,0.14547827365618543
615,training,0.0014731164555996656,0.17828155308961868,0.020764803058507822,24.365321268151305,0.6959762310476617,0.157648629940554
616,training,0.0005386652774177492,0.1886766478419304,0.04016735457540617,24.384928369194682,0.6991604135062708,0.16336151033303703
617,training,0.004555398598313332,0.18390358891338107,0.04016735457540617,24.424332982753352,0.7058287096662196,0.17097974880797562
618,training,0.002373414346948266,0.18745825532823798,0.04016735457540617,24.483286917263932,0.7161582612638283,0.17510716812935576
619,training,0.0011915324721485376,0.2176836766302586,0.04016735457540617,24.522658172182982,0.7231694938219834,0.17675242795891352
620,training,0.0017512431368231773,0.19954917579889297,0.04016735457540617,24.542312640897226,0.7266860841605712,0.17744690491760481
621,training,0.0012635561870411038,0.2301773279905319,0.04016735457540617,24.601193074903296,0.7374946116893527,0.18800194047275634
622,training,0.0007419451139867306,0.25658973306417465,0.07741248025895572,24.640310612874824,0.7452381349090862,0.20237454936864588
623,training,0.001735795522108674,0.19138197973370552,0.07741248025895572,24.659847831097924,0.7493101042523853,0.20935090916802684
624,training,0.0006452109082601964,0.20419659093022344,0.07741248025895572,24.71814174673656,0.7624033905241127,0.2310820725421942
625,training,0.00035482103703543544,0.1996190771460533,0.07741248025895572,24.737502964169117,0.7670177469366448,0.23600397765028663
626,training,0.0006242304807528853,0.16654318571090698,0.07741248025895572,24.79570585831895,0.7812656901807714,0.24452668218409968
627,training,0.0005745775997638702,0.18120060954242945,0.07741248025895572,24.834372986460497,0.7910256764721502,0.24863118370470128
628,training,0.0007670237682759762,0.22212154418230057,0.12666203911401566,24.873144238484432,0.8009161317666444,0.2508754708320219
629,training,0.0011293732095509768,0.2123766839504242,0.12666203911401566,24.911674162695384,0.8107100940550211,0.23742423648924252
630,training,0.0004059835337102413,0.19727773219347,0.12666203911401566,24.93118508858474,0.8152661518822196,0.22119618710291666
631,training,0.0012434161035344005,0.1726835072040558,0.12666203911401566,24.990187617906944,0.8272674414420993,0.1819284768658213
632,training,0.0005221321480348706,0.18500998988747597,0.12666203911401566,25.02970982165992,0.834249426987473,0.168305617251171
633,training,0.0005919078830629587,0.19795485585927963,0.12666203911401566,25.069269952865056,0.8406865246483064,0.15512092116629567
634,training,0.0037507186643779278,0.1778501346707344,0.15853550341970296,25.108758796542773,0.8466783751642727,0.1457435942807389
635,training,0.0011185535695403814,0.1405907142907381,0.15853550341970296,25.148447059954165,0.8524073922910771,0.14064932030359764
636,training,0.0005359060596674681,0.09609237313270569,0.15853550341970296,25.187959321572173,0.8579250573738811,0.13760717310577786
637,training,0.0006189991254359484,0.1283363364636898,0.15853550341970296,25.227506097079274,0.8635520255920863,0.14592307147121003
638,training,0.003261804347857833,0.1605101153254509,0.15853550341970296,25.267025361294046,0.8695019411788795,0.15245598633301494
639,training,0.0029869270510971546,0.04139541089534762,0.15853550341970296,25.28662673696788,0.8725568609435832,0.15594037789168141
640,training,0.0018748959992080927,0.08305750787258145,0.053520095717028246,25.325998701099603,0.8789323257972891,0.17182825089287898
641,training,0.003479801118373871,0.031855687499046326,0.053520095717028246,25.384450436948935,0.8905969233398373,0.22381221664260234
642,training,0.001458941027522087,0.11508558690547946,0.053520095717028246,25.403561555549956,0.8951380671094991,0.2412979720322135
643,training,0.0011980135459452868,0.14339791238307956,0.053520095717028246,25.46087293458145,0.9106222102574718,0.2904463981615207
644,training,0.003750226926058531,0.11798753589391708,0.053520095717028246,25.479879049820738,0.916499257231226,0.3104121249890853
645,training,0.0005798579659312963,0.13812965154647824,0.053520095717028246,25.535628651053532,0.9366568042231246,0.38291603135920366
646,training,0.0005875116912648082,0.13131884485483167,0.10774146701418516,25.55387289758546,0.944249184504114,0.4057206818711081
647,training,0.0006853012600913644,0.21501959860324865,0.10774146701418516,25.607805922354398,0.9695825366114571,0.4716737536296882
648,training,0.0011014719493687153,0.29897400364279747,0.10774146701418516,25.642457065245136,0.9883550508382483,0.5247827947354649
649,training,0.002357365796342492,0.22762227058410647,0.10774146701418516,25.67594676276158,1.0091482162106888,0.587031554830697
650,training,0.00871828943490982,0.21630237065255645,0.1190490444062986,25.692264618894786,1.0203337147470197,0.6118082687534433
651,training,0.0005669714882969856,0.20272328332066533,0.1190490444062986,25.73972578523055,1.0561411602114639,0.6819713521727101
652,training,0.0013233637437224388,0.23408981133252382,0.1190490444062986,25.769781350223198,1.0817055826414146,0.727467639084465
653,training,0.000802400172688067,0.303334292024374,0.1190490444062986,25.79886518510427,1.1088164948272023,0.7736760982966581
654,training,0.0030152853578329086,0.3566334024071693,0.1190490444062986,25.826359769324192,1.1370900601447995,0.827616068840896
655,training,0.00044821196934208274,0.36255363374948507,0.13230792651737106,25.852246625752976,1.1668929727321278,0.8835415390997858
656,training,0.0010068020783364773,0.3731914907693863,0.13230792651737106,25.876478410350913,1.1980873708086224,0.9366627887000719
657,training,0.00035849394043907523,0.2940440848469734,0.13230792651737106,25.898991675065748,1.230575337012216,0.9948126507438437
658,training,0.0011410884326323867,0.2663174718618393,0.13230792651737106,25.919508991212002,1.264227802112298,1.04678484210083
659,training,0.001966157928109169,0.3059496246278286,0.15727897704615484,25.938664496111198,1.2989804840314785,1.0864272657997558
660,training,0.0013508370611816645,0.24662233889102936,0.15727897704615484,25.947759964138147,1.3167054930605833,1.1092608999959883
661,training,0.0032449387945234776,0.2193319872021675,0.15727897704615484,25.972287367361815,1.3705248440265172,1.1713105905069934
662,training,0.0010445123771205544,0.1565716490149498,0.15727897704615484,25.979854268762416,1.3889075814648615,1.18963743869889
663,training,0.0019227461889386177,0.09867291152477264,0.15727897704615484,26.00063830313939,1.4448057313639462,1.2369250171885142
664,training,0.004235509783029556,0.07465532422065738,0.15727897704615484,26.013139476424325,1.4825151455339023,1.2641512854687196
665,training,0.008024200797080994,0.08592350035905838,0.14128965233373494,26.019010420092997,1.5014912698368004,1.2766163429056312
666,training,0.0016251299530267715,0.06413306295871735,0.14128965233373494,26.035183709298018,1.558921336290367,1.3186667144500606
667,training,0.006514762062579393,0.04800987243652344,0.14128965233373494,26.04448062917248,1.5974316714235723,1.3477395475563438
668,training,0.0010842105839401484,0.06184989213943479,0.14128965233373494,26.05275359385683,1.6363419096383867,1.3747136158595112
669,training,0.0011904664570465684,0.1004496905952692,0.14128965233373494,26.060005795772696,1.6755853534011886,1.4012431693184701
670,training,0.0029094237834215164,0.11220026016235352,0.14128965233373494,26.066249138613788,1.7147503494867622,1.4235250233421444
671,training,0.001327867154031992,0.12560715526342392,0.0881454872010465,26.06906594373283,1.734491475107388,1.4343383288410956
672,training,0.0017380609642714262,0.17225774377584455,0.0881454872010465,26.074149725935523,1.7742159848613026,1.4531536549817534
673,training,0.0015580792678520083,0.1497384048998356,0.0881454872010465,26.080234700211797,1.8334465127465338,1.4863735341403852
674,training,0.00032588449539616704,0.15742062404751775,0.0881454872010465,26.083134144562678,1.8733177698634946,1.5101476942824104
675,training,0.01111846324056387,0.1653500981628895,0.0881454872010465,26.084215801276937,1.8931596547846654,1.5222067646329722
676,training,0.004885426722466946,0.1773243248462677,0.0881454872010465,26.085604764372967,1.9328264218321636,1.5488127978787292
677,training,0.008614085614681244,0.2287459596991539,0.0569744623420762,26.085995692043888,1.9726682996400813,1.5718899178021801
678,training,0.018038757145404816,0.21878426522016525,0.0569744623420762,26.084883417340272,2.0323270037554786,1.6091541104091747
679,training,0.000825937429908663,0.20345549285411835,0.0569744623420762,26.08286664238461,2.0720299997798772,1.6321779854866891
680,training,0.0021703126840293407,0.19666032493114471,0.0569744623420762,26.08007077786048,2.1118124182715774,1.649683431763662
681,training,0.003401593305170536,0.19732516258955002,0.0569744623420762,26.07841859841402,2.1316304076878967,1.6580991573284183
682,training,0.0018952449318021536,0.1449211798608303,0.0569744623420762,26.07242466333593,2.1910418271781293,1.6858064090325344
683,training,0.003026915481314063,0.16049319878220555,0.05528145806101856,26.07003709017459,2.21088354008397,1.6952402976382728
684,training,0.003773073898628354,0.16915584355592728,0.05528145806101856,26.061629358534642,2.269879533546568,1.7311630773805013
685,training,0.0018008258193731308,0.17698778957128525,0.05528145806101856,26.054845306066294,2.3091873404188843,1.7511482900221156
686,training,0.002726510865613818,0.07983184605836868,0.05528145806101856,26.05117769622794,2.328871403365196,1.7597895535482613
687,training,0.0016685756854712963,0.041578713804483414,0.05528145806101856,26.039257003732637,2.3873149597608,1.7816231902593
688,training,0.0020974776707589626,0.013072650879621506,0.05528145806101856,26.030566200606952,2.4263939013305986,1.7998357745672697
689,training,0.00226653297431767,0.036937363445758806,0.06820049753955873,26.021194426950338,2.465054321321456,1.8159058547440936
690,training,0.005606453400105238,0.040478236973285675,0.06820049753955873,26.011244248021733,2.5036578981129707,1.8316746994586748
691,training,0.0015069933142513037,0.004698008298873894,0.06820049753955873,26.000636682533344,2.5422774685302763,1.8461059607088726
692,training,0.0021118391305208206,0.018322691321372986,0.06820049753955873,25.989586693660353,2.5804062578270726,1.8587949188079724
693,training,0.0021294045727699995,0.06242740247398615,0.06820049753955873,25.983856708366,2.5995454874593604,1.8643606584298438
694,training,0.0030491421930491924,0.05818856321275234,0.06820049753955873,25.972073378146174,2.6378511606550603,1.8751083280216965
695,training,0.0011715935543179512,0.045502666383981705,0.05580822618360549,25.953744916231546,2.6946742952455907,1.8880765545692202
696,training,0.006228381767868996,0.005429524928331382,0.05580822618360549,25.94108581289061,2.7326731628920458,1.8977661478619536
697,training,0.00775708444416523,0.06620653718709946,0.05580822618360549,25.928120266995244,2.7702220007570424,1.9083987132387488
698,training,0.002783598378300667,0.017125718295574188,0.05580822618360549,25.914676799712424,2.8078530135904956,1.9197268384766473
699,training,0.0011910059256479144,0.014041363261640072,0.05580822618360549,25.90778289202447,2.8266463717057344,1.9238852967206992
700,training,0.0008300261106342077,0.013056499883532524,0.05580822618360549,25.88709553999373,2.882765102708679,1.9243112870296482
701,training,0.0003388174227438867,0.010667558759450912,0.03125503865564177,25.873199285998282,2.920342132382408,1.9258590764981602
702,training,0.020817892625927925,0.005656776949763298,0.03125503865564177,25.8662458412091,2.939068457529488,1.9268052040393366
703,training,0.0028185220435261726,0.058979278430342674,0.03125503865564177,25.845189689288087,2.995051104913419,1.9345948930613706
704,training,0.0015326468273997307,0.03604546934366226,0.03125503865564177,25.83804637205049,3.013701576764999,1.9395099539631921
705,training,0.0006440873839892447,0.040200987830758095,0.03125503865564177,25.815897357025474,3.069085627556919,1.964326028076835
706,training,0.0026833079755306244,0.04876916017383337,0.03125503865564177,25.80817900087526,3.087489883675668,1.9715563238992297
707,training,0.0011825351975858212,0.012104440480470654,0.024193115458831856,25.792381839059622,3.1241405589404834,1.9831678181371555
708,training,0.0006647001719102263,0.010940765030682087,0.024193115458831856,25.768009164157455,3.178685982588253,1.998096195195316
709,training,0.001057068002410233,0.0445531653240323,0.024193115458831856,25.75134778406543,3.215022779849545,2.001319008127959
710,training,0.0012915172846987844,0.013786229304969312,0.024193115458831856,25.734714620955895,3.2513357165490717,1.9994342339096611
711,training,0.0005973613588139415,0.005272492766380307,0.024193115458831856,25.726410467512036,3.269512760851373,1.9992456725491805
712,training,0.0005563432932831347,0.03740341868251562,0.024193115458831856,25.70148430941996,3.324007507047489,2.001386489236555
713,training,0.001725620822981,0.06501449272036552,0.0370771090925527,25.69315614482417,3.342102140209751,2.0023016396464506
714,training,0.0043786875903606415,0.05092162266373635,0.0370771090925527,25.66810176372743,3.396582991681945,1.9983639927268042
715,training,0.0020853797905147076,0.0031348783522844315,0.0370771090925527,25.65160234624192,3.4329818584677017,1.9961736594120711
716,training,0.001007549581117928,0.015072595328092575,0.0370771090925527,25.635024112106223,3.469304833531392,2.001852237059923
717,training,0.002733964938670397,0.05085805803537369,0.0370771090925527,25.618247119186517,3.505492744989282,2.009287093415728
718,training,0.0010092651937156916,0.012683272361755357,0.0370771090925527,25.601083200265908,3.5414341253260195,2.0241773916670387
719,training,0.0006040780572220683,0.0033193230628967355,0.05281935109888173,25.58333897837382,3.5770809686241627,2.0403437660454804
720,training,0.0013805069029331207,0.11464081145823002,0.05281935109888173,25.56505086826437,3.6125879725939796,2.051959875562526
721,training,0.0003385096788406372,0.12295382842421532,0.05281935109888173,25.546449227964178,3.6477486899891267,2.058252320220514
722,training,0.007132350467145443,0.09503960981965066,0.05281935109888173,25.527849848288884,3.6831009203503093,2.050823632800656
723,training,0.0009831718634814024,0.164861012250185,0.05281935109888173,25.51862040093696,3.7009117087179297,2.047186673310375
724,training,0.006357942707836628,0.10105266049504281,0.05281935109888173,25.49133362314614,3.7542836526515315,2.0380507093990317
725,training,0.001207898836582899,0.09044208005070686,0.05727857471115849,25.473362479594925,3.790018521569201,2.035683058499523
726,training,0.008167902939021587,0.0713069960474968,0.05727857471115849,25.464369132427144,3.807942060307017,2.0372202869424307
727,training,0.007538929581642151,0.06387514621019363,0.05727857471115849,25.437085811752027,3.861124747053664,2.0523545780853643
728,training,0.002059072954580188,0.08945500105619433,0.05727857471115849,25.42779346377401,3.878806440721344,2.0576683036340357
729,training,0.003058191854506731,0.09924083203077316,0.05727857471115849,25.408921805779077,3.9139335931722234,2.069435432653504
730,training,0.0008413672330789268,0.15563964564353228,0.05727857471115849,25.380039940383735,3.9663178619405053,2.077479947726101
731,training,0.00093616615049541,0.15173925831913945,0.029550797018892287,25.36058276806745,4.001255334940498,2.0798868920806846
732,training,0.0022311562206596136,0.1951265670359135,0.029550797018892287,25.341159818871333,4.0360762644569474,2.0782456401619633
733,training,0.0034908223897218704,0.13630258385092023,0.029550797018892287,25.33145254656066,4.053556436552699,2.076902413708273
734,training,0.0016589013393968344,0.13884346652776003,0.029550797018892287,25.30244565325202,4.10606981896453,2.0747510034887453
735,training,0.006035979837179184,0.12306875735521317,0.029550797018892287,25.28320455710355,4.140978152924607,2.074622963494462
736,training,0.0013940685894340277,0.05547080188989639,0.029550797018892287,25.263830327549954,4.1759864747623965,2.080076517284414
737,training,0.0017897255020216107,0.09639310836791992,0.009113815934360118,25.24417725377888,4.2105608606684,2.0946036452663233
738,training,0.00122431805357337,0.0887865275144577,0.009113815934360118,25.22396487079356,4.244930037671358,2.1109216489149905
739,training,0.005470345262438059,0.07177691161632538,0.009113815934360118,25.203125595939685,4.278962375447224,2.1314646905476686
740,training,0.0014157291734591126,0.06377658993005755,0.009113815934360118,25.192494169781583,4.295689154503892,2.1415534596192516
741,training,0.0034322862047702074,0.05570468306541443,0.009113815934360118,25.159978788119247,4.3449838921533175,2.161524745428836
742,training,0.011581869795918465,0.053230226039886475,0.009113815934360118,25.138142988069877,4.377253316393494,2.1741784294616617
743,training,0.001284707454033196,0.08225743472576141,0.009113815934360118,25.115297400071448,4.409854184481821,2.189164691285378
744,training,0.0030970205552875996,0.02851065993309021,0.03759957705867411,25.091849572309215,4.4423923765212825,2.2021643391597827
745,training,0.0036725210957229137,0.02686958760023117,0.03759957705867411,25.068185179358473,4.474274373244071,2.2164815760242123
746,training,0.0020326911471784115,0.03423313796520233,0.03759957705867411,25.04420315655567,4.505300276222423,2.2395666878401874
747,training,0.0023713998962193727,0.04912843182682991,0.03759957705867411,25.031739564488806,4.520913915022923,2.250661729711882
748,training,0.0009367241873405874,0.04829633515328169,0.03759957705867411,24.993505987339823,4.566591811407367,2.2839783312414452
749,training,0.0019073851872235537,0.07662477064877748,0.03759957705867411,24.967149045313484,4.596635842899429,2.2930143365994327
750,training,0.002923117019236088,0.013654811307787895,0.03759957705867411,24.940727738191473,4.6265351416986285,2.2953883458446054
751,training,0.000507617776747793,0.027595877647399902,0.044562983109373,24.914204843422027,4.65646429622116,2.2952551434007162
752,training,0.0003414084785617888,0.008355919271707528,0.044562983109373,24.88771973199195,4.686510014740329,2.2899942751885645
753,training,0.0031827480997890234,0.05155219789594412,0.044562983109373,24.86151495936521,4.716640796777051,2.282384558828009
754,training,0.0020404960960149765,0.07591669447720052,0.044562983109373,24.848448821778042,4.731851719742055,2.2785043916485472
755,training,0.0005120319547131658,0.07447464764118195,0.044562983109373,24.80968713754494,4.7775353253279516,2.272417378766942
756,training,0.0006002318696118891,0.16554996371269226,0.044562983109373,24.783886193110632,4.808008114886858,2.2755498524988376
757,training,0.0028608283028006554,0.16956531256437302,0.044562983109373,24.757867473565295,4.838365360183381,2.285441795927842
758,training,0.000995400594547391,0.14168301224708557,0.047090003863875546,24.73154180697212,4.86817070949287,2.3043410295151032
759,training,0.0040642088279128075,0.1299092322587967,0.047090003863875546,24.704545973566752,4.897588636726958,2.319800965848218
760,training,0.0020476134959608316,0.14199791848659515,0.047090003863875546,24.677270713444905,4.926725000867743,2.325702199968646
761,training,0.0024225618690252304,0.13831175677478313,0.047090003863875546,24.64986788057617,4.955650151565102,2.3323460704078878
762,training,0.0008196340641006827,0.1583731509745121,0.047090003863875546,24.62222717526878,4.984471877283282,2.3372684420319914
763,training,0.0020798766054213047,0.15745159052312374,0.047090003863875546,24.59448035985676,5.0131419003220365,2.342834472699685
764,training,0.0035115438513457775,0.1595846079289913,0.047090003863875546,24.580542242093966,5.02740917973415,2.3461521892899997
765,training,0.006003847345709801,0.17841158341616395,0.009996116273020456,24.538452638208327,5.070042216054068,2.352191945488269
766,training,0.0012998664751648903,0.16202213522046804,0.009996116273020456,24.51031075684868,5.098295387762983,2.3554526952235793
767,training,0.00035506533458828926,0.1273844437673688,0.009996116273020456,24.482071119333924,5.12653570636577,2.35560691571252
768,training,0.0007203480927273631,0.12667084485292435,0.009996116273020456,24.453815527263796,5.154845610482779,2.3547588234584795
769,training,0.002489177044481039,0.15773994103074074,0.009996116273020456,24.42560612505747,5.183100929622033,2.3555418591607022
770,training,0.0007805252680554986,0.19204732961952686,0.009996116273020456,24.397407461633826,5.211335938484358,2.3550590270277776
771,training,0.0013255300000309944,0.14219707157462835,0.009996116273020456,24.369192660766586,5.2396017288982195,2.3555181364052444
772,training,0.002247406169772148,0.20144390314817429,0.009996116273020456,24.340929840151585,5.267864570638715,2.356134337739424
773,training,0.0015290887095034122,0.17605116218328476,0.08352288227260316,24.312681652733374,5.296112897678983,2.3571052046888252
774,training,0.0019864272326231003,0.19314562249928713,0.08352288227260316,24.284385897746564,5.324227317401526,2.3615223754925974
775,training,0.0031261148396879435,0.16501268558204174,0.08352288227260316,24.25597064124589,5.352246372110265,2.36379580742566
776,training,0.0012301153037697077,0.20050486922264096,0.08352288227260316,24.227456071086845,5.380206756405832,2.3687629701016886
777,training,0.0013639723183587193,0.16681680828332904,0.08352288227260316,24.198770710016888,5.4079731175502745,2.376083444515034
778,training,0.00038223748560994864,0.19205968454480174,0.08352288227260316,24.169952821629572,5.435530825913145,2.3808296863105447
779,training,0.0006596398307010531,0.20228140801191327,0.08352288227260316,24.140949594599956,5.462961873664028,2.387556443345466
780,training,0.0022493607830256224,0.19684547558426854,0.12757850712358615,24.111811968124158,5.490106723849216,2.395097377011766
781,training,0.001969784963876009,0.22346925735473633,0.12757850712358615,24.08250130580044,5.517522824545095,2.376661070591274
782,training,0.002483478281646967,0.1826668232679367,0.12757850712358615,24.05391153826242,5.54572197602638,2.3486909678052417
783,training,0.004556057043373585,0.21825984865427017,0.12757850712358615,24.02608835668249,5.574651486699805,2.324520712448168
784,training,0.001726826885715127,0.09298387914896011,0.12757850712358615,23.999065820751525,5.604149568388917,2.299016432982444
785,training,0.0014815006870776415,0.09899367764592171,0.12757850712358615,23.972594283023295,5.634320371543843,2.2867058142312353
786,training,0.001186758279800415,0.050761930644512177,0.12757850712358615,23.94650642790802,5.664612552248326,2.276577156664327
787,training,0.0029787193052470684,0.07179637625813484,0.13172900795292544,23.920696908053888,5.695091942840291,2.2717336002856396
788,training,0.0005071136984042823,0.031521322671324015,0.13172900795292544,23.894893329559473,5.725791478967656,2.265792400095887
789,training,0.0008922998094931245,0.030391739681363106,0.13172900795292544,23.86939639742352,5.756488655507744,2.263479837081698
790,training,0.0011704574571922421,0.11121996492147446,0.13172900795292544,23.84380879053974,5.787253083350144,2.266265528007577
791,training,0.002581472974270582,0.004281189292669296,0.13172900795292544,23.818273727541715,5.818146409534039,2.2552915455691593
792,training,0.0006152103887870908,0.0055941008031368256,0.13172900795292544,23.793006765138216,5.848920783484118,2.2625644903678763
793,training,0.0005543911829590797,0.05440417118370533,0.13172900795292544,23.767339095307793,5.879664721750024,2.2702052140152738
794,training,0.00021098038996569812,0.022493780590593815,0.09878369990393626,23.74157092493945,5.909946681690156,2.2834123732287868
795,training,0.0009020475554279983,0.026027381420135498,0.09878369990393626,23.7153499334998,5.940043251183759,2.2889207266187395
796,training,0.0007863306091167033,0.031679040752351284,0.09878369990393626,23.68892681954697,5.969997893705484,2.29873587946733
797,training,0.0005879550008103251,0.07790520880371334,0.09878369990393626,23.662348358859433,5.999528676532253,2.3071543371889303
798,training,0.0015807480085641146,0.09615024924278259,0.09878369990393626,23.635362336086533,6.028998591912504,2.318904646415782
799,training,0.002178965136408806,0.1409624144434929,0.09878369990393626,23.608060466968173,6.058033723867067,2.3322262496550104
800,training,0.0024118495639413595,0.12012343853712082,0.09878369990393626,23.58036245442452,6.086574533455799,2.350470044387618
801,training,0.003998653031885624,0.13843169808387756,0.054389943281466714,23.5521066722397,6.114704678986499,2.3630803451331452
802,training,0.001895032124593854,0.12312937155365944,0.054389943281466714,23.53785520689591,6.128711218675033,2.367432561109214
803,training,0.002282605040818453,0.15731557831168175,0.054389943281466714,23.494723421723396,6.170151696289427,2.3827023980990574
804,training,0.002100291196256876,0.12825856357812881,0.054389943281466714,23.465710256993162,6.1974193534881135,2.3924622102785005
805,training,0.0012271326268091798,0.2559010311961174,0.054389943281466714,23.451042197653855,6.210970819303615,2.3981339537591233
806,training,0.0026262225583195686,0.2650715745985508,0.054389943281466714,23.421620623457837,6.237621782488795,2.418688150905298
807,training,0.00046612133155576885,0.21788127720355985,0.054389943281466714,23.37587925409016,6.2755779530621565,2.4808301065813105
808,training,0.000982613186351955,0.18819347769021988,0.09025190279895756,23.344125827321772,6.299223447009323,2.52023022210939
809,training,0.0025140217039734125,0.26305021345615387,0.09025190279895756,23.311533159397296,6.321793759997352,2.5504732030401605
810,training,0.004151076544076204,0.22575873136520383,0.09025190279895756,23.278041638752196,6.343531787355542,2.5826085738480025
811,training,0.0006263223476707935,0.17998382449150085,0.09025190279895756,23.24418853378683,6.3640025078466165,2.6120561857641333
812,training,0.0009904319886118174,0.09915215522050858,0.09025190279895756,23.20958515177588,6.383782297999787,2.631749001226511
813,training,0.0032064481638371944,0.10563948191702366,0.09025190279895756,23.174576860325214,6.403052996382791,2.6434065672697824
814,training,0.0013450863771140575,0.12378929182887077,0.0866399706835435,23.13951315570009,6.4217794622520605,2.659766321938147
815,training,0.0009370797779411077,0.09854076988995075,0.0866399706835435,23.103997704743406,6.439962370669241,2.676259767960495
816,training,0.0014283431228250265,0.09406335279345512,0.0866399706835435,23.06828385787289,6.457696311425288,2.6832758015468854
817,training,0.002344623440876603,0.06508633121848106,0.0866399706835435,23.050401293560157,6.466472171608255,2.68806698585126
818,training,0.0018410105258226395,0.02601363975554705,0.0866399706835435,22.996394330390018,6.492220976819823,2.7040547670719097
819,training,0.0014891545288264751,0.028929413296282288,0.0866399706835435,22.978273718733373,6.500643237145696,2.707176734112633
820,training,0.0034648149739950895,0.03589618997648358,0.07089973725092397,22.923870498189906,6.52563267222783,2.7142464671300623
821,training,0.0010555072221904993,0.08891146443784237,0.07089973725092397,22.887511406084442,6.542174970314239,2.714350374812643
822,training,0.0007386520737782121,0.10713258385658264,0.07089973725092397,22.85116083710505,6.558720999520395,2.7136445014681327
823,training,0.00182748818770051,0.05242381850257516,0.07089973725092397,22.814784707662042,6.575392189973724,2.708102936774057
824,training,0.0024266885593533516,0.037041704170405865,0.07089973725092397,22.778530622248464,6.592264088007475,2.705386962267461
825,training,0.00035754501004703343,0.1356390118598938,0.07089973725092397,22.742277797816772,6.609107962292044,2.708301347572071
826,training,0.0024877828545868397,0.12904154136776924,0.0531493263159859,22.706035212536488,6.626017511487288,2.6989832932333364
827,training,0.0012936174171045423,0.08477445784956217,0.0531493263159859,22.669943380120365,6.643276848762533,2.6933718372416116
828,training,0.0019851999823004007,0.11673956736922264,0.0531493263159859,22.633942902856564,6.660624467403251,2.6911862183886406
829,training,0.0013228397583588958,0.12950479239225388,0.0531493263159859,22.597981496345675,6.678114269468898,2.6849413073074184
830,training,0.013219131156802177,0.1583547405898571,0.0531493263159859,22.562117871415754,6.695886274532017,2.6782411203456715
831,training,0.0007546666893176734,0.08889025100506842,0.0531493263159859,22.526398503084422,6.7139119142058865,2.6693745654364522
832,training,0.0014378270134329796,0.07173519767820835,0.037163744647433654,22.490821922552044,6.732180449020831,2.666748945491089
833,training,0.00299889431335032,0.053570910124108195,0.037163744647433654,22.455206865476512,6.750399393124212,2.6731244380032377
834,training,0.0037957248277962208,0.039659518748521805,0.037163744647433654,22.419566282066366,6.768242398345418,2.6817965894662428
835,training,0.0016127473209053278,0.06411395594477654,0.037163744647433654,22.383758539951643,6.78574127765324,2.691755663639799
836,training,0.002643441781401634,0.07721693627536297,0.037163744647433654,22.34776699639271,6.802967771188795,2.6973301064018784
837,training,0.0014054300263524055,0.09578552842140198,0.037163744647433654,22.311680575256318,6.819990114739185,2.70533743146818
838,training,0.004403154831379652,0.07287455722689629,0.02082594485079799,22.27541424698947,6.836615798680667,2.7182881385507938
839,training,0.0034625164698809385,0.07045419327914716,0.02082594485079799,22.23901088773736,6.8528076869734385,2.726786874005911
840,training,0.0030589269008487463,0.14643580839037895,0.02082594485079799,22.202489220871268,6.868783616553573,2.730108632854385
841,training,0.004677986726164818,0.12294741719961166,0.02082594485079799,22.165925681504977,6.884660744794446,2.7333027580590117
842,training,0.004708393476903439,0.15836487710475922,0.02082594485079799,22.129187322395527,6.900424321282804,2.739848458733749
843,training,0.0029588090255856514,0.17693164572119716,0.02082594485079799,22.110824927345778,6.908151163984956,2.747083234403201
844,training,0.004835308529436588,0.1472274363040924,0.01498776911479278,22.073948866526692,6.923198080620621,2.7590394619263536
845,training,0.002850638935342431,0.18361371383070946,0.01498776911479278,22.018213494014542,6.945273333617539,2.7697816122747705
846,training,0.0014770933194085956,0.20018126070499417,0.01498776911479278,21.99961202223078,6.952477834696896,2.7741676701379943
847,training,0.003021029755473137,0.20930270105600357,0.01498776911479278,21.943685010173237,6.973691669717733,2.783571650745121
848,training,0.001959484536200762,0.20604144036769864,0.01498776911479278,21.906214098019404,6.98754758171492,2.791286076620928
849,training,0.0020990236662328243,0.28683333471417427,0.01498776911479278,21.88759695547989,6.99430904673187,2.7944495510136727
850,training,0.0009066028869710863,0.28558172285556793,0.05010459452991556,21.8310754656549,7.014373313840734,2.8074843737263313
851,training,0.0014022525865584612,0.27587518841028214,0.05010459452991556,21.79343297193774,7.027175179770323,2.8194787196068702
852,training,0.004869794473052025,0.3139800429344177,0.05010459452991556,21.755529195872263,7.039552919871469,2.832893929208953
853,training,0.0019275847589597106,0.3053920567035675,0.05010459452991556,21.71731790910552,7.051420482140304,2.849632843971877
854,training,0.005990580655634403,0.3238750994205475,0.05010459452991556,21.679193420925873,7.062560928687309,2.863933365616784
855,training,0.0052835457026958466,0.33998870849609375,0.05010459452991556,21.640648565948638,7.073260664209978,2.8781717491537564
856,training,0.005144445225596428,0.3421556353569031,0.1054998821902953,21.60209314412843,7.083327363107929,2.8952935341348476
857,training,0.0018409460317343473,0.4847719818353653,0.1054998821902953,21.563257846044426,7.0933011319773165,2.870864183973178
858,training,0.004792351275682449,0.42606563121080404,0.1054998821902953,21.524447082843437,7.105362342623099,2.8037010897975465
859,training,0.007883680984377861,0.33139584958553314,0.1054998821902953,21.487020272906534,7.120025637678268,2.7329461332767715
860,training,0.015874728560447693,0.207521827891469,0.1054998821902953,21.450405752398034,7.137085128697627,2.6789772415467703
861,training,0.002965867519378662,0.20754555612802505,0.13358338083029744,21.414781684273564,7.155878807693836,2.6360967214467634
862,training,0.016217216849327087,0.13869924098253247,0.13358338083029744,21.37985149553701,7.176129045624093,2.595128024133962
863,training,0.0014564963057637215,0.26232801750302315,0.13358338083029744,21.345906071947393,7.197539107916648,2.564066791870229
864,training,0.000700275762937963,0.09473862126469612,0.13358338083029744,21.31264870353031,7.220474176480226,2.513158765726646
865,training,0.025102190673351288,0.13867565244436264,0.13358338083029744,21.280218680115972,7.24485772516503,2.487766840483597
866,training,0.0016090460121631622,0.11471208184957504,0.13358338083029744,21.24864272476432,7.269377173707191,2.4744234456411345
867,training,0.004271494224667549,0.1575457863509655,0.13358338083029744,21.217219649215536,7.2944287887851695,2.463884017828723
868,training,0.0033649257384240627,0.1218775911256671,0.10110515839037712,21.186299146348084,7.319569791860388,2.452567025326118
869,training,0.0021682679653167725,0.08282495103776455,0.10110515839037712,21.15549998243953,7.3451783333627825,2.4454341601562493
870,training,0.003499421989545226,0.028547346591949463,0.10110515839037712,21.10952548374511,7.383575485105576,2.4468430512107773
871,training,0.0034335022792220116,0.01813017576932907,0.10110515839037712,21.094200761958852,7.396285859190383,2.452060413446506
872,training,0.002649049274623394,0.0009260363876819541,0.10110515839037712,21.063175292683084,7.42160768885464,2.4619990695357026
873,training,0.007798328995704651,0.013926565647125244,0.10110515839037712,21.047636748275437,7.4340928446547245,2.467074517452646
874,training,0.002432821784168482,0.015591157600283623,0.10110515839037712,21.000763015466376,7.471189812268013,2.4765313679492196
875,training,0.0015687309205532074,0.044145856052637114,0.055607390493915186,20.984958829954767,7.483554715923853,2.479080794323813
876,training,0.0007768964860588312,0.0030617807060480152,0.055607390493915186,20.93775322948114,7.519889049979217,2.4952171577664513
877,training,0.010022073984146118,0.004956573247909546,0.055607390493915186,20.905685312622236,7.543843877489039,2.503362782383726
878,training,0.0010881933849304914,0.006847761571407332,0.055607390493915186,20.87354766092751,7.567502426806206,2.5108634281294506
879,training,0.0021848161704838276,0.06865602359175682,0.055607390493915186,20.841273771032007,7.590828500625741,2.52203932905166
880,training,0.0007122257957234979,0.061886612325906754,0.055607390493915186,20.808508647928353,7.613948782630252,2.5320425604847236
881,training,0.0007401918992400169,0.01846200972795488,0.055607390493915186,20.775815924956497,7.636571698942774,2.5399618321570125
882,training,0.0010267652105540037,0.09091888926923275,0.016479201946559593,20.74275740971336,7.658954183816196,2.5546132093938003
883,training,0.004353831522166729,0.08944038674235344,0.016479201946559593,20.709359697528615,7.680768896585831,2.5733638316335674
884,training,0.0026489775627851486,0.09727535396814346,0.016479201946559593,20.675690852652906,7.701673823181921,2.5990354160275433
885,training,0.0038554968778043985,0.004799149930477139,0.016479201946559593,20.641250625391866,7.72188457855717,2.621799977487095
886,training,0.004778897389769554,0.005056579597294329,0.016479201946559593,20.60661490435041,7.741505086915889,2.6281227187414604
887,training,0.0010361166205257177,0.012991249561309818,0.016479201946559593,20.57177763380306,7.76107231685361,2.6298528184023207
888,training,0.0050255414098501205,0.027974169264780357,0.01176326841326354,20.536895185092217,7.780715438819817,2.626274021795193
889,training,0.0012539172312244773,0.07670173421502113,0.01176326841326354,20.519569338364438,7.790545197670533,2.6244133290599687
890,training,0.001393954735249281,0.06026704888790846,0.01176326841326354,20.46748683782017,7.820497688090605,2.6134505951011064
891,training,0.0013587860157713294,0.052393460646271706,0.01176326841326354,20.450219657818256,7.830629098796893,2.6080273099085156
892,training,0.0009109970997087657,0.04514390975236893,0.01176326841326354,20.39881506299564,7.86136819119083,2.598825960508739
893,training,0.00067928183125332,0.03732337802648544,0.01176326841326354,20.364504565490424,7.882155955726253,2.594980356457421
894,training,0.0009304333943873644,0.07929399237036705,0.01224302308957276,20.33050840953466,7.902926981532789,2.5899042129209433
895,training,0.0012177834287285805,0.05015887692570686,0.01224302308957276,20.313492522213878,7.9134375041132685,2.58627283126245
896,training,0.004221972078084946,0.0402630604803562,0.01224302308957276,20.262557508269555,7.945365009697635,2.5787554727815305
897,training,0.0019045037915930152,0.06321828253567219,0.01224302308957276,20.22884419588986,7.966595422030668,2.5824250952894054
898,training,0.002490921877324581,0.07527992129325867,0.01224302308957276,20.211853575913022,7.977192731599191,2.585171285362449
899,training,0.0018212185241281986,0.06501412577927113,0.01224302308957276,20.160900017406853,8.008891435126506,2.581343771622389
900,training,0.000774234882555902,0.07112118322402237,0.022778186512552197,20.127067717541358,8.030265062567612,2.5742304601580903
901,training,0.002402755431830883,0.01513143815100193,0.022778186512552197,20.093291149092597,8.051862558949056,2.572588628202616
902,training,0.0019538085907697678,0.07464437372982502,0.022778186512552197,20.0597267551346,8.073259092031892,2.576136715319339
903,training,0.0019132860470563173,0.12597898300737143,0.022778186512552197,20.02584603087824,8.094653390780074,2.57948502520986
904,training,0.0017873694887384772,0.08249815180897713,0.022778186512552197,19.99204641923494,8.11594797498734,2.5781545906231913
905,training,0.0030244921799749136,0.031461432576179504,0.022778186512552197,19.958306029699248,8.137326846137524,2.5749207452249205
906,training,0.003784928936511278,0.07324928045272827,0.04370475107225887,19.924453776083578,8.158830570278601,2.5782653034280565
907,training,0.0013019823236390948,0.015144266188144684,0.04370475107225887,19.890750777822838,8.179855826691934,2.590092509891534
908,training,0.0007958044297993183,0.023496638983488083,0.04370475107225887,19.856580047422074,8.20054813484851,2.6044485330236533
909,training,0.00524101871997118,0.04232053458690642,0.04370475107225887,19.822133660448277,8.220828145485891,2.6134645704290067
910,training,0.002496093511581421,0.01625176891684532,0.04370475107225887,19.787657194579154,8.240742760922409,2.6214587993588028
911,training,0.001712640980258584,0.026217266917228692,0.04370475107225887,19.752851138509836,8.26048898511141,2.6303874017470603
912,training,0.0009167351527139544,0.02067445591092109,0.052681963981250364,19.71804154641161,8.279866537581144,2.6367726819891155
913,training,0.0025045410729944706,0.027658425271511085,0.052681963981250364,19.683015711003005,8.29905786058591,2.6438725145249196
914,training,0.0015894098905846477,0.024587040767073628,0.052681963981250364,19.64786480851081,8.318029716652775,2.648888918176125
915,training,0.0021922672167420387,0.002291414886713028,0.052681963981250364,19.612702860779265,8.336681688901697,2.658951902596231
916,training,0.000500563473906368,0.04048757068812847,0.052681963981250364,19.577207249337444,8.355091679696509,2.6661993312322454
917,training,0.0011996969114989042,0.04495073156431317,0.052681963981250364,19.54170759780674,8.373284864428859,2.669384113720051
918,training,0.0012368938187137246,0.03093068767338991,0.05532491258504427,19.506134103080683,8.391329395249134,2.6761623286791973
919,training,0.0014098642859607935,0.04120940901339054,0.05532491258504427,19.470414833354265,8.40908159324403,2.6838687351237542
920,training,0.012000326067209244,0.044449333101511,0.05532491258504427,19.434577451045232,8.42658652602549,2.68880800009986
921,training,0.0023511620238423347,0.07514502108097076,0.05532491258504427,19.398596068703867,8.443987252020523,2.6934193643391597
922,training,0.004525572527199984,0.06447810865938663,0.05532491258504427,19.362676408327605,8.461082881261536,2.703486009959557
923,training,0.002431322354823351,0.02357773296535015,0.05532491258504427,19.32649745513441,8.477736977305566,2.716135359365125
924,training,0.0075943549163639545,0.035316359251737595,0.05048058401659107,19.29016556853078,8.494157770170991,2.713753553524646
925,training,0.001326024066656828,0.047828685492277145,0.05048058401659107,19.253816372209428,8.511011609645019,2.700733095317269
926,training,0.006904927548021078,0.004258560948073864,0.05048058401659107,19.21767695665696,8.52825338278905,2.693075274567498
927,training,0.01584983617067337,0.04945254977792501,0.05048058401659107,19.181822747374436,8.545601242046162,2.689872844385998
928,training,0.0014830105938017368,0.06801800057291985,0.05048058401659107,19.145895047052186,8.563017768940835,2.689599098693591
929,training,0.0035145964939147234,0.024739950895309448,0.05048058401659107,19.10995255285598,8.580567138069366,2.68399042088992
930,training,0.0011244222987443209,0.06378587335348129,0.03996540218439775,19.074126523514376,8.598358702882066,2.6776719709403185
931,training,0.0009288929868489504,0.03433375619351863,0.03996540218439775,19.038413576896943,8.616314809237267,2.673446531613723
932,training,0.000651751586701721,0.024744931142777205,0.03996540218439775,19.002861827755765,8.634374981179553,2.6698948531134357
933,training,0.0026068901643157005,0.06435057427734137,0.03996540218439775,18.96726734185438,8.652503390846684,2.672243868807314
934,training,0.0013212331105023623,0.10277281329035759,0.03996540218439775,18.931567397757295,8.670565939025488,2.672742711286995
935,training,0.0062889643013477325,0.051841817796230316,0.03996540218439775,18.89595577908588,8.688733536204705,2.666092695166051
936,training,0.0023704185150563717,0.02606218680739402,0.0299163817204689,18.860484584374824,8.707076026358417,2.6628277982893795
937,training,0.0018709355499595404,0.055485231801867485,0.0299163817204689,18.825008198382594,8.72547187584678,2.663908488790041
938,training,0.002135304268449545,0.06662238389253616,0.0299163817204689,18.789529569171638,8.743825487908474,2.6631478616338784
939,training,0.000606962013989687,0.04475734196603298,0.0299163817204689,18.754028194573255,8.762321411383928,2.6586029858369287
940,training,0.0009763655252754688,0.02557140868157149,0.0299163817204689,18.718731164719664,8.780955901968877,2.653228504582023
941,training,0.0009090768871828914,0.007415911182761192,0.0299163817204689,18.68348854816919,8.799663389218031,2.6548296762789274
942,training,0.0023322380147874355,0.06540366634726524,0.03062570641591439,18.648104659820874,8.818297275292574,2.658490687983251
943,training,0.001379509223625064,0.10177526250481606,0.03062570641591439,18.63043024382118,8.827555954814999,2.6588290181223297
944,training,0.0019429033854976296,0.08739180397242308,0.03062570641591439,18.57741413129741,8.855554807733965,2.651652146214569
945,training,0.004063748754560947,0.031194702722132206,0.03062570641591439,18.54215616646567,8.874414401910878,2.648572653039699
946,training,0.0010182630503550172,0.10306352376937866,0.03062570641591439,18.50698833611428,8.893292853630525,2.6503647714713456
947,training,0.000831951096188277,0.029848488047719002,0.03062570641591439,18.471666160228352,8.91209660687714,2.6545527055867106
948,training,0.0008167769992724061,0.11599941924214364,0.02826775803391925,18.43638167845638,8.93072835882047,2.656463414682027
949,training,0.0019262399291619658,0.10966618359088898,0.02826775803391925,18.401085783299283,8.949350046857157,2.654005229097163
950,training,0.003315940499305725,0.09801570698618889,0.02826775803391925,18.365779539844606,8.968224141499624,2.645684474583555
951,training,0.0024623344652354717,0.13209888339042664,0.02826775803391925,18.33072494131562,8.987396266721298,2.6365718321234586
952,training,0.0020539015531539917,0.15092863515019417,0.02826775803391925,18.295736028355513,9.006912601511125,2.6291449514198364
953,training,0.0014608188066631556,0.18689636886119843,0.02826775803391925,18.260954136553796,9.02666503546625,2.621033079054825
954,training,0.000840053369756788,0.15622956305742264,0.03920443602689108,18.22639873185726,9.046605353331923,2.615139589214097
955,training,0.005670824088156223,0.13705287873744965,0.03920443602689108,18.191761813362856,9.06687792125409,2.608450905581942
956,training,0.0006340853869915009,0.20465677604079244,0.03920443602689108,18.157478992130155,9.087274814312478,2.6018722973131
957,training,0.013853611424565315,0.17358514573425055,0.03920443602689108,18.123208684559298,9.1078720432957,2.5988513358328933
958,training,0.0017875798512250185,0.17148293741047385,0.03920443602689108,18.088926252583157,9.128603079626354,2.596763946503213
959,training,0.0019266054732725024,0.16519807651638985,0.03920443602689108,18.054805049875455,9.149201940826892,2.6003417619881253
960,training,0.0024280014913529158,0.16740575432777405,0.07032941226250011,18.020435060012634,9.169754288101958,2.605575156686199
961,training,0.006336200051009655,0.18720502220094204,0.07032941226250011,17.986104400966298,9.190043763675142,2.609929939147372
962,training,0.0022670344915241003,0.23969057761132717,0.07032941226250011,17.951664681924164,9.21017932024798,2.6144630758105714
963,training,0.001529115717858076,0.20807628240436316,0.07032941226250011,17.9170502726232,9.23026291674335,2.616315204757258
964,training,0.001128943171352148,0.2086792271584272,0.07032941226250011,17.882542772859807,9.250211527185437,2.6183708849589635
965,training,0.0031990655697882175,0.2358143962919712,0.07032941226250011,17.847858089471888,9.270149327130797,2.6214487974253013
966,training,0.0007166901486925781,0.21243597194552424,0.10802764390553496,17.813179698620257,9.289953995672096,2.6235525817783016
967,training,0.001320690382272005,0.2157047651708126,0.10802764390553496,17.778468688514373,9.309179010826774,2.6577564701629792
968,training,0.0002790185099001974,0.17064997926354405,0.10802764390553496,17.74304068485144,9.326674523544469,2.707854268240989
969,training,0.0017243712209165096,0.13452622294425967,0.10802764390553496,17.706679455932093,9.342557766324731,2.7514485738447916
970,training,0.0023604198358953,0.09690988063812253,0.10802764390553496,17.669781232860938,9.35681249587403,2.7938294124471783
971,training,0.0009739110828377306,0.033199653029441833,0.10802764390553496,17.63234206808355,9.36956515620868,2.8316906536472954
972,training,0.005432835780084133,0.11193951219320297,0.13249287402023632,17.594123602481726,9.381087458368478,2.8654398686297426
973,training,0.0010150052839890122,0.10488525778055191,0.13249287402023632,17.555810102810465,9.391393813505607,2.888099138668952
974,training,0.001292901812121272,0.06561219319701195,0.13249287402023632,17.517094507127027,9.401135734531382,2.901911013466461
975,training,0.0005572867230512202,0.09296407923102379,0.13249287402023632,17.478184997101522,9.410404474731243,2.913783135575977
976,training,0.0025964381638914347,0.0776992291212082,0.13249287402023632,17.43939232406923,9.41915900560053,2.924836081227436
977,training,0.0009908098727464676,0.13044555485248566,0.13249287402023632,17.400229900846142,9.427572705521364,2.9366218435250078
978,training,0.0009184549562633038,0.13790622353553772,0.11050845994943478,17.361253669031054,9.435489083585896,2.9423574697362973
979,training,0.0020310962572693825,0.12090876884758472,0.11050845994943478,17.32208466427611,9.443382807506389,2.9427823185287894
980,training,0.003998897969722748,0.07944677956402302,0.11050845994943478,17.282813489378537,9.451282558347227,2.9432866315147357
981,training,0.0013138728681951761,0.07335109449923038,0.11050845994943478,17.24373194752879,9.459086106183143,2.9453677814781485
982,training,0.002111428650096059,0.1463216133415699,0.11050845994943478,17.204433951548218,9.466830626403944,2.949038505911032
983,training,0.001626059995032847,0.13301012851297855,0.11050845994943478,17.16514073470232,9.474509938985207,2.946316306992445
984,training,0.00038452798617072403,0.07052194559946656,0.0881701394754422,17.125979165475393,9.482318369976817,2.9431839446275996
985,training,0.0028952048160135746,0.015252802520990379,0.0881701394754422,17.0866582072741,9.49026189184713,2.9411116636916215
986,training,0.003988638985902071,0.061892387457191944,0.0881701394754422,17.04754837506177,9.498166197624023,2.945068773794202
987,training,0.00940004177391529,0.11310786753892899,0.0881701394754422,17.00829791459207,9.505883637126338,2.9488190551041247
988,training,0.001670495024882257,0.1661895588040352,0.0881701394754422,16.969032847436004,9.513537281043668,2.9482221056411038
989,training,0.0013619933743029833,0.15032311528921127,0.0881701394754422,16.92989081160751,9.521214187801732,2.9459723838225367
990,training,0.00897587463259697,0.1264666337519884,0.05889351542730077,16.890531484897373,9.529112935013462,2.941021648987645
991,training,0.000827140174806118,0.13343175454065204,0.05889351542730077,16.851459406566974,9.537146223681118,2.9369339145559055
992,training,0.0003112757403869182,0.15157539397478104,0.05889351542730077,16.81232136790652,9.545284805660978,2.9363390490842654
993,training,0.0036665541119873524,0.17157461552415043,0.05889351542730077,16.77310605012331,9.553402353355505,2.9392013276566873
994,training,0.0007255049422383308,0.16150962561368942,0.05889351542730077,16.734061695104128,9.561363915911304,2.9403344597457783
995,training,0.0018835298251360655,0.1267495802603662,0.05889351542730077,16.694772946113943,9.569413113430139,2.937124652130119
996,training,0.0013101756339892745,0.16932590305805206,0.030343293233340864,16.655637396634106,9.57758123529401,2.934519298748066
997,training,0.0010266817407682538,0.20893065258860588,0.030343293233340864,16.61664736303576,9.585397484788036,2.959830354453725
998,training,0.0018451274372637272,0.14800730906426907,0.030343293233340864,16.577439976339015,9.591912092572633,2.9935760440078596
999,training,0.004277730826288462,0.1047807391732931,0.030343293233340864,16.53806029044037,9.597228980725115,3.019310566109103
1000,training,0.0012439409038051963,0.12789447233080864,0.030343293233340864,16.498392595612057,9.601784008830785,3.0310805254248407
1001,training,0.0010047601535916328,0.1566070392727852,0.030343293233340864,16.458748504495105,9.606106884276869,3.0350713279519423
1002,training,0.002253766404464841,0.15593171119689941,0.010901018204618645,16.419044877664742,9.610176312997801,3.044534774529352
1003,training,0.0031523953657597303,0.15741275250911713,0.010901018204618645,16.379365058421797,9.613810962324312,3.055165340186224
1004,training,0.0017908549634739757,0.13651549629867077,0.010901018204618645,16.339546757732034,9.617050216837761,3.065519750151331
1005,training,0.0005047317245043814,0.15204773470759392,0.010901018204618645,16.319668855700844,9.618503723444245,3.071310262496032
1006,training,0.0008234296692535281,0.2063480503857136,0.010901018204618645,16.26004596799838,9.622387411514964,3.081638465729621
1007,training,0.003958084620535374,0.2145393751561642,0.010901018204618645,16.220132186249838,9.624606419701005,3.090709903572529
1008,training,0.0015197526663541794,0.2980206236243248,0.0225033476684302,16.18038358532057,9.62640979465131,3.100974335169647
1009,training,0.0015449321363121271,0.20881962776184082,0.0225033476684302,16.140471945401018,9.627826344580331,3.111780556723463
1010,training,0.0013185960706323385,0.28726671636104584,0.0225033476684302,16.10056243411376,9.628693408913948,3.128306981086659
1011,training,0.0028438945300877094,0.30377740412950516,0.0225033476684302,16.060929005439043,9.62886742846782,-3.1371762040322717
1012,training,0.002206970937550068,0.3368177264928818,0.0225033476684302,16.020969468961905,9.628241721299657,-3.1142086431358016
1013,training,0.002237162087112665,0.3239562064409256,0.0225033476684302,15.98127632622438,9.626628160081662,-3.0879202817440525
1014,training,0.008713164366781712,0.34836922585964203,0.08134895734607937,15.941627030707043,9.623945129533753,-3.0597176664412564
1015,training,0.005199109669774771,0.3400740623474121,0.08134895734607937,15.901886800907024,9.620036944750622,-3.026224712280436
1016,training,0.0034901616163551807,0.30076970160007477,0.08134895734607937,15.862653114053916,9.614826951992804,-2.9931046674985384
1017,training,0.00214117718860507,0.25642041862010956,0.08134895734607937,15.823361920028294,9.608308427397306,-2.962120305570168
1018,training,0.0009191552526317537,0.24690698832273483,0.08134895734607937,15.784152674848734,9.600754221491826,-2.9413089127700296
1019,training,0.005368678830564022,0.26093856431543827,0.08134895734607937,15.745323779833285,9.592517385991084,-2.9248299645969764
1020,training,0.0031529441475868225,0.2430307725444436,0.20183873582181353,15.725780590694457,9.588136395461394,-2.917996494267412
1021,training,0.002393710659816861,0.2609059810638428,0.20183873582181353,15.667090741830751,9.57536513063571,-2.9553348589939805
1022,training,0.0019016026053577662,0.5794044882059096,0.20183873582181353,15.627099171157342,9.568951341104906,-3.0127466718664597
1023,training,0.009349938482046127,0.3983612842857838,0.20183873582181353,15.586487318792368,9.565310600473293,-3.1053853319482085
1024,training,0.003941665403544903,0.35030270367860794,0.23459109186541502,15.546114732609372,9.565786436989276,3.086547380425507
1025,training,0.0038420921191573143,0.44312507659196854,0.23459109186541502,15.505599715301654,9.569612213825838,3.0124398574178985
1026,training,0.0007074772147461772,0.29461218789219856,0.23459109186541502,15.465499524433067,9.576183974144959,2.9446986078779416
1027,training,0.005021344404667616,0.27594108507037163,0.22740893455464542,15.426221316194509,9.585324209576788,2.8831207667875374
1028,training,0.0011047543957829475,0.31176183372735977,0.22740893455464542,15.387546832499224,9.596510688144805,2.837498320595042
1029,training,0.0010179477976635098,0.30956077575683594,0.22740893455464542,15.349190874539985,9.609531232040977,2.7902646617438345
1030,training,0.0019531752914190292,0.3295321837067604,0.22740893455464542,15.31179885566338,9.62407768893103,2.7501953671311634
1031,training,0.003359574591740966,0.23869023472070694,0.22740893455464542,15.27483143118923,9.640292445790518,2.7057189126966827
1032,training,0.0021057077683508396,0.150359358638525,0.03221670941380644,15.23856601397373,9.657908299825356,2.6746198276149844
1033,training,0.0017534024082124233,0.11346402019262314,0.03221670941380644,15.203600150881028,9.676082495497146,2.6569501082376443
1034,training,0.003613320179283619,0.044609127566218376,0.03221670941380644,15.16822458022392,9.694376993737018,2.670731479181726
1035,training,0.001491287723183632,0.048872278071939945,0.03221670941380644,15.13254927448968,9.712338075819652,2.677666758229284
1036,training,0.0012187595712020993,0.059783030301332474,0.03221670941380644,15.096848865693717,9.730174721373626,2.6777707098369
1037,training,0.018541939556598663,0.10972873866558075,0.03221670941380644,15.061107203934789,9.748001363619341,2.6808274886148036
1038,training,0.00043339034891687334,0.05945827998220922,0.0034422112422464995,15.025325805891658,9.76564093150328,2.6863953554158226
1039,training,0.001954061444848776,0.037723168730735765,0.0034422112422464995,14.989389930926656,9.783117937452719,2.688981133763692
1040,training,0.001949224271811545,0.097877801861614,0.0034422112422464995,14.953461284186401,9.800717119618211,2.6814918071752443
1041,training,0.002274963539093733,0.074283710680902,0.0034422112422464995,14.917849668189344,9.818520259821264,2.6757443880877614
1042,training,0.0014029473531991243,0.08236654102802277,0.0034422112422464995,14.882164245192216,9.836474009846306,2.675451563260724
1043,training,0.0016966203693300486,0.048115592449903474,0.0034422112422464995,14.846471202583064,9.854478560147864,2.671494070076067
1044,training,0.0009825790766626596,0.017743743956089034,0.02422334102982979,14.810863913514698,9.872750054751812,2.66251699645778
1045,training,0.007494948338717222,0.0037145912647247314,0.02422334102982979,14.793179120059312,9.881992269694948,2.6559986619063625
1046,training,0.0017511369660496712,0.06765270233154297,0.02422334102982979,14.740357012928325,9.910918998406647,2.621487332972834
1047,training,0.0011583929881453514,0.039220713078975664,0.02422334102982979,14.705884904244728,9.931283082624223,2.593619355842316
1048,training,0.002127769635990262,0.09693119674921036,0.02422334102982979,14.67180950817268,9.952777374366065,2.5635297966800827
1049,training,0.0046375347301363945,0.144017418846488,0.02422334102982979,14.622198394856191,9.986941647924453,2.5128785070949977
1050,training,0.0030768602155148983,0.13151657581329346,0.027782011894038516,14.60603448174077,9.998898963435552,2.4960285371590274
1051,training,0.0006103373016230762,0.19777904823422432,0.027782011894038516,14.574159012964367,10.02376399822949,2.4616803101213964
1052,training,0.008091455325484276,0.264917382854037,0.027782011894038516,14.54345458991002,10.0494211940488,2.4234842019899565
1053,training,0.0016331934602931142,0.18248554319143295,0.027782011894038516,14.513715151271338,10.076823441147045,2.3699379394905615
1054,training,0.006838706787675619,0.23857896029949188,0.027782011894038516,14.485509914084714,10.105664135839948,2.3224740592039326
1055,training,0.002739163814112544,0.12389327958226204,0.009743473336277196,14.458606461285232,10.135649171249502,2.280866250774578
1056,training,0.004671626258641481,0.2120824158191681,0.009743473336277196,14.432853557363275,10.166691792014932,2.2518665161926945
1057,training,0.0022387662902474403,0.15036450698971748,0.009743473336277196,14.407826567711998,10.198091037413784,2.2343659427771922
1058,training,0.0018658394692465663,0.20689130201935768,0.009743473336277196,14.383335075488718,10.229816073524644,2.222411684557999
1059,training,0.0024080914445221424,0.21356268413364887,0.009743473336277196,14.359297739028253,10.26164863205144,2.212456296950902
1060,training,0.0017372430302202702,0.11883597075939181,0.009743473336277196,14.335388550898706,10.293901850754064,2.2085885687620728
1061,training,0.009139997884631157,0.039530396461486816,0.009743473336277196,14.311566203973968,10.3258474576197,2.2162809503211722
1062,training,0.005025248043239117,0.04514080286026004,0.11674425219348578,14.287367121476711,10.35752057543835,2.23139880457591
1063,training,0.010652782395482063,0.03497063368558885,0.11674425219348578,14.262658962075639,10.388649045066469,2.2563537287877735
1064,training,0.03684139996767044,0.023795060813426958,0.11674425219348578,14.237228422183035,10.418854418987792,2.2826591633091247
1065,training,0.007129516452550888,0.08522563427686689,0.11674425219348578,14.22413668632983,10.433850605506649,2.2942867236781233
1066,training,0.002487311139702797,0.04439340531826019,0.11674425219348578,14.183903428449442,10.477643476159002,2.3375264859134988
1067,training,0.00682170782238245,0.11796879768371582,0.11674425219348578,14.156046880589122,10.505755139961053,2.361444556565516
1068,training,0.0029854183085262775,0.008037418127059937,0.11674425219348578,14.12751409465596,10.533317930507451,2.3854262548381504
1069,training,0.001657793764024973,0.0332919731736183,0.1311954396426387,14.098211905626155,10.56044262846981,2.3999301507914708
1070,training,0.001137021230533719,0.03045319765806198,0.1311954396426387,14.068712252429506,10.587090167071388,2.4146824806824574
1071,training,0.002515297383069992,0.052368754521012306,0.1311954396426387,14.038809133815741,10.61355872557594,2.4182821199173956
1072,training,0.00215947930701077,0.00891982950270176,0.1311954396426387,14.00876161455295,10.640079454955128,2.4167667378181044
1073,training,0.006172800436615944,0.02429214958101511,0.1311954396426387,13.993876970199393,10.653293434782015,2.4138757654700265
1074,training,0.002503315918147564,0.037332430481910706,0.1311954396426387,13.949203888490828,10.693382187084532,2.4074018263709958
1075,training,0.0028242990374565125,6.807595491409302e-05,0.1311954396426387,13.919556852085424,10.720126179352341,2.4076717728031247
1076,training,0.008454544469714165,0.017615449614822865,0.08766584550040762,13.889935873068243,10.746742773299605,2.4130408828046557
1077,training,0.0031162742525339127,0.006965672597289092,0.08766584550040762,13.86000491102693,10.773338712459692,2.414553310394513
1078,training,0.008782033808529377,0.015644355211406946,0.08766584550040762,13.830235969505896,10.799920873736669,2.4092898471627153
1079,training,0.0009433540981262922,0.06453997548669577,0.08766584550040762,13.800532718597418,10.826772462167206,2.405016729978447
1080,training,0.003024323843419552,0.05868860147893429,0.08766584550040762,13.7709273406665,10.853646268375517,2.4037954794201504
1081,training,0.050442904233932495,0.02629502722993493,0.08766584550040762,13.741481354242385,10.880498429337914,2.400176110179738
1082,training,0.014603356830775738,0.026028065942227847,0.08766584550040762,13.711953675669196,10.907598207191347,2.3982542474320554
1083,training,0.004060095176100731,0.009698240552097559,0.03343601603080086,13.682687976088475,10.934603784465878,2.3927320276999198
1084,training,0.0015498686116188765,0.006342563778162006,0.03343601603080086,13.653458450744745,10.961904187853921,2.38827132077925
1085,training,0.0058599915355443954,0.030708428472280502,0.03343601603080086,13.62430798390583,10.989301893770199,2.3862554619327314
1086,training,0.003803104627877474,0.01882168091833592,0.03343601603080086,13.59536556812365,11.0165740388978,2.3862306091578396
1087,training,0.003203112632036209,0.05843000952154398,0.03343601603080086,13.566180622567115,11.043977361418142,2.3892699284336056
1088,training,0.00441186735406518,0.05893886275589466,0.03343601603080086,13.536959387076331,11.071082907855313,2.3985990066383973
1089,training,0.0002795702894218266,0.1003196444362402,0.03343601603080086,13.507516985022656,11.097723244419566,2.4143148718248337
1090,training,0.005602339282631874,0.0748789981007576,0.011731528528688499,13.477393113720169,11.123962612256406,2.4376885643477486
1091,training,0.0006668084533885121,0.14917842485010624,0.011731528528688499,13.446839592238417,11.149220436083047,2.4630239609741573
1092,training,0.003969901241362095,0.09089034423232079,0.011731528528688499,13.431288807887347,11.161601049080637,2.4754140438849825
1093,training,0.0021430249325931072,0.07198458450147882,0.011731528528688499,13.383546695699936,11.197703426969927,2.5133108905417267
1094,training,0.004695360083132982,0.0808191429823637,0.011731528528688499,13.351194794481975,11.220739588586817,2.5301896896946596
1095,training,0.0004728535423055291,0.06332290708087385,0.011731528528688499,13.318248919087326,11.243524243024375,2.543429169620545
1096,training,0.001397474785335362,0.020840708166360862,0.011731528528688499,13.285238533329842,11.265728728224516,2.5554901447359684
1097,training,0.0017154733650386333,0.09098840691149235,0.031681805839729134,13.251872520467487,11.287547956445161,2.569580886547978
1098,training,0.0011078414972871542,0.04531390964984894,0.031681805839729134,13.218110915171902,11.308962780662174,2.583232447990805
1099,training,0.0008272138657048345,0.013204583898186684,0.031681805839729134,13.184309175324367,11.329821551510141,2.5931165978227577
1100,training,0.0003515252028591931,0.06900801323354244,0.031681805839729134,13.15008190580136,11.350575454287291,2.599089031844147
1101,training,0.00926361046731472,0.03498492995277047,0.031681805839729134,13.115901248782265,11.371092339173886,2.602961875709667
1102,training,0.0027230465784668922,0.022994888946413994,0.031681805839729134,13.081601370427512,11.391439417867844,2.6094585287579104
1103,training,0.003503818530589342,0.014638069551438093,0.07156021634158287,13.047093259267205,11.411619441172455,2.6146917610497207
1104,training,0.002792574930936098,0.04729264741763472,0.07156021634158287,13.012583358926422,11.431628595010112,2.616759675558454
1105,training,0.001068146200850606,0.018782671540975578,0.07156021634158287,12.977939436568859,11.451648146452543,2.618132838114683
1106,training,0.022422876209020615,0.039839815348386765,0.07156021634158287,12.943404983196285,11.47152581333836,2.621096553866365
1107,training,0.0015069696819409728,0.02824924699962139,0.07156021634158287,12.908768230907565,11.491200911584924,2.628958548093651
1108,training,0.005954773165285587,0.05134517513215542,0.07156021634158287,12.873890826601452,11.51066272193739,2.634362305410057
1109,training,0.002308569848537445,0.07705903425812721,0.07119417624340728,12.838986140020266,11.530015314387592,2.636398971451686
1110,training,0.0018759669037535787,0.07194718718528748,0.07119417624340728,12.803984710029264,11.549233891699869,2.6434443716451974
1111,training,0.0017836974002420902,0.07597619667649269,0.07119417624340728,12.768891278334968,11.56816121992085,2.650155199438923
1112,training,0.0007790782256051898,0.08563026040792465,0.07119417624340728,12.73366135927605,11.586817824997908,2.6589316875956484
1113,training,0.009886008687317371,0.08886320516467094,0.07119417624340728,12.698223259026024,11.605190601081874,2.6662630952362725
1114,training,0.0020698278676718473,0.09942265646532177,0.07119417624340728,12.662677367605907,11.623428966587957,2.6685101911350304
1115,training,0.0006881966255605221,0.1418807110749185,0.030105346078606838,12.627110777605267,11.641558008160024,2.670892707241858
1116,training,0.0026780194602906704,0.13018239475786683,0.030105346078606838,12.591546380406447,11.659648598822065,2.67030699942198
1117,training,0.004051875788718462,0.14000150095671413,0.030105346078606838,12.555936130333322,11.677776405159895,2.671344687261504
1118,training,0.0009827309986576438,0.16130396025255322,0.030105346078606838,12.520279267759056,11.69585541677878,2.672664353328912
1119,training,0.0031031372491270304,0.1371204969473183,0.030105346078606838,12.50252213903118,11.70485417671179,2.6718950321092776
1120,training,0.0023120888508856297,0.16961251618340611,0.030105346078606838,12.449071409220375,11.731989623861134,2.6720546447731977
1121,training,0.00205764127895236,0.1666949009522796,0.029651510134114798,12.431223621184692,11.741040024283803,2.67235549382728
1122,training,0.0048155090771615505,0.18508724123239514,0.029651510134114798,12.377823308884151,11.768139373781779,2.6722919123365143
1123,training,0.012208264321088791,0.19455543160438538,0.029651510134114798,12.34216137146472,11.786126156120902,2.677022566545666
1124,training,0.002257738495245576,0.11324616894125938,0.029651510134114798,12.306518274720155,11.803881800453262,2.68214353902013
1125,training,0.006929012946784496,0.14514512196183202,0.029651510134114798,12.270661252706434,11.821438532276982,2.6909025497929777
1126,training,0.001977918203920126,0.18108274787664413,0.029651510134114798,12.234720294816865,11.838600088167802,2.700286915515708
1127,training,0.005047121550887823,0.1607126276940107,0.029651510134114798,12.216662960379653,11.84708551819212,2.7043265765083877
1128,training,0.0018595384899526834,0.15786476619541645,0.07296873015336676,12.162264819402834,11.872135718124861,2.715304848699457
1129,training,0.001373418839648366,0.1980381142348051,0.07296873015336676,12.125965528494834,11.888550368593767,2.717655799971329
1130,training,0.003446148009970784,0.18795634713023904,0.07296873015336676,12.08948272773567,11.904969783247493,2.7197520600381555
1131,training,0.0015733293257653713,0.15605174377560616,0.07296873015336676,12.053083487415055,11.921240158644236,2.7214587389534692
1132,training,0.01019207015633583,0.1772771384567022,0.07296873015336676,12.016595827341792,11.93750550440572,2.72301237856793
1133,training,0.0003234021714888513,0.16028977558016777,0.1142284609133086,11.980046617966917,11.953681382219086,2.7274148592329226
1134,training,0.0012061606394127011,0.15438233129680157,0.1142284609133086,11.944127746422511,11.96909111213754,2.7510383920992525
1135,training,0.003910067491233349,0.1595736276358366,0.1142284609133086,11.90706711320609,11.9835749569176,2.787250263501604
1136,training,0.0029444461688399315,0.14705810416489837,0.1142284609133086,11.869597530131442,11.99664103012717,2.8248842827250336
1137,training,0.01698947139084339,0.1871991753578186,0.1142284609133086,11.831713882477821,12.008386394488298,2.855247661040397
1138,training,0.0005195889389142394,0.23701226711273193,0.1142284609133086,11.793208085582297,12.019177780908864,2.8817166074846257
1139,training,0.0010947342962026596,0.22359921783208847,0.12196352370707149,11.774016557596287,12.024156440832407,2.8931609169023815
1140,training,0.00413498654961586,0.1909480169415474,0.12196352370707149,11.715920273335673,12.03783939373077,2.926388236711747
1141,training,0.0020750968251377344,0.1549253724515438,0.12196352370707149,11.676861497559912,12.046025671284589,2.9425269265980707
1142,training,0.008679363876581192,0.1617848314344883,0.12196352370707149,11.637799370681485,12.053631834645545,2.9535563370656823
1143,training,0.003605177626013756,0.12879198137670755,0.12196352370707149,11.598479923864193,12.060949811205361,2.9615680596502605
1144,training,0.0006496093701571226,0.14883853681385517,0.12196352370707149,11.559219165848583,12.068015882830943,2.964345297125051
1145,training,0.006960684433579445,0.17359378561377525,0.09752248364636142,11.519873718437527,12.074992152649473,2.968242993971893
1146,training,0.002433798275887966,0.1304104756563902,0.09752248364636142,11.480522052321858,12.08179113782277,2.97259093661012
1147,training,0.0018951297970488667,0.1059328243136406,0.09752248364636142,11.44127490748369,12.088439915333753,2.972800381014295
1148,training,0.0030248898547142744,0.1146166455000639,0.09752248364636142,11.401786725468067,12.095224150993817,2.969302126195494
1149,training,0.004397368989884853,0.10949540324509144,0.09752248364636142,11.362485891649998,12.102155751917678,2.965291477472278
1150,training,0.00030379448435269296,0.10725039429962635,0.09752248364636142,11.32315795940015,12.109229676333946,2.961565188188276
1151,training,0.002860765205696225,0.11803237348794937,0.06584957602963919,11.283804559357254,12.116471844006641,2.9567055675552356
1152,training,0.0051730843260884285,0.08682559244334698,0.06584957602963919,11.244575591170747,12.123845316978585,2.955633242517338
1153,training,0.0006871526129543781,0.08325963234528899,0.06584957602963919,11.205221778328704,12.13129674487234,2.9528059891500753
1154,training,0.0013152731116861105,0.0849565570242703,0.06584957602963919,11.166017263214567,12.138858572405411,2.94920234673732
1155,training,0.0007761081214994192,0.07929283147677779,0.06584957602963919,11.126848807074689,12.146496512364152,2.9487054688576686
1156,training,0.0006664914544671774,0.07927621528506279,0.06584957602963919,11.087552071466616,12.154161901647887,2.9489475012729782
1157,training,0.0023378769401460886,0.014418626204133034,0.05417157129246881,11.04840605633222,12.161745107607741,2.953281429755007
1158,training,0.0017654631519690156,0.011162107810378075,0.05417157129246881,11.009116434903436,12.16914336177658,2.954461411303086
1159,training,0.0028403892647475004,0.05514689162373543,0.05417157129246881,10.96981342342353,12.176632183240999,2.9522860213926334
1160,training,0.0032017810735851526,0.025910121388733387,0.05417157129246881,10.930639331346391,12.1841006858209,2.954972251068381
1161,training,0.009244367480278015,0.00011649553198367357,0.05417157129246881,10.910975837315805,12.187790959164955,2.956803783521633
1162,training,0.01360877975821495,0.005542360740946606,0.05417157129246881,10.852070675250522,12.198855821814705,2.954691433551073
1163,training,0.0005108825862407684,0.05061459727585316,0.05417157129246881,10.832475167696215,12.202556566113033,2.9549549321078192
1164,training,0.0027363626286387444,0.06449711509048939,0.0366705732614591,10.773520857790658,12.21364109204396,2.9559578450619983
1165,training,0.0011783598456531763,0.06974105164408684,0.0366705732614591,10.734386377226285,12.221027379686836,2.9512132090734275
1166,training,0.0006710710586048663,0.05893820337951183,0.0366705732614591,10.695041047989967,12.228781487764634,2.942851653820887
1167,training,0.006303493864834309,0.06381228286772966,0.0366705732614591,10.655921508107605,12.236820455951516,2.935337247353482
1168,training,0.0037005217745900154,0.1100209169089794,0.0366705732614591,10.616865946499033,12.24502913322223,2.933924895624517
1169,training,0.002833703299984336,0.11187183111906052,0.0012698808785060163,10.577650135554826,12.253343379587697,2.9299877435051744
1170,training,0.0005243181949481368,0.13637546822428703,0.0012698808785060163,10.538703009309376,12.261838222786086,2.922920971905636
1171,training,0.004522089846432209,0.13237488642334938,0.0012698808785060163,10.499635996020176,12.270693280786793,2.9141434581560888
1172,training,0.0033732298761606216,0.13746386393904686,0.0012698808785060163,10.460629648552024,12.279909280766987,2.904521059543893
1173,training,0.0017278834711760283,0.13572146743535995,0.0012698808785060163,10.421885033467495,12.289376927229453,2.899940680600423
1174,training,0.0014335695886984468,0.17407474666833878,0.0012698808785060163,10.382936441077584,12.299053507217662,2.8959121836786372
1175,training,0.0013065988896414638,0.2060372848063707,0.024387654060467327,10.344234238720341,12.308855175740131,2.8909851050110773
1176,training,0.0006787253660149872,0.14417062886059284,0.024387654060467327,10.305527625218236,12.318846398314879,2.886504526412089
1177,training,0.0008163409074768424,0.1908755078911781,0.024387654060467327,10.266707331036098,12.3290828464581,2.880478642547344
1178,training,0.0030796267092227936,0.1577154025435448,0.024387654060467327,10.228219267502375,12.339475331666998,2.8749388978189474
1179,training,0.001889481209218502,0.1978222206234932,0.024387654060467327,10.189560948841482,12.350132203274036,2.870140743555439
1180,training,0.0011774739250540733,0.22435387037694454,0.024387654060467327,10.15103285631576,12.360940833169362,2.866232079554754
1181,training,0.003128304611891508,0.19953603576868773,0.04986401137411193,10.112628797559486,12.371833301772627,2.8640751042099213
1182,training,0.0030284870881587267,0.19811989250592885,0.04986401137411193,10.074017879121477,12.382864618852636,2.862739120255743
1183,training,0.00582629069685936,0.2069925491232425,0.04986401137411193,10.035716817879043,12.393836821859434,2.8626299042935632
1184,training,0.0011108015896752477,0.2200205670669675,0.04986401137411193,9.99724020557129,12.404843724231695,2.863008625793835
1185,training,0.0012858054833486676,0.21680181566625834,0.04986401137411193,9.95872999789891,12.415855019897839,2.863146704968116
1186,training,0.004690246190875769,0.22950199339538815,0.04986401137411193,9.920400843868123,12.426787636325459,2.864276399901166
1187,training,0.0026385143864899874,0.26739276945590973,0.08796984010609668,9.881810160553737,12.437737080771358,2.8662780890350694
1188,training,0.00196120236068964,0.2711507920175791,0.08796984010609668,9.862571666981914,12.443163687630225,2.8670638491323457
1189,training,0.0004016473249066621,0.2041678112000227,0.08796984010609668,9.804933839186914,12.459231432792269,2.8722671719488897
1190,training,0.012397343292832375,0.20179141126573086,0.08796984010609668,9.766280178485786,12.469837429480082,2.8754010722134167
1191,training,0.0008895346545614302,0.2157638445496559,0.08796984010609668,9.7278523475437,12.480221670555666,2.8795230187702163
1192,training,0.0009326055878773332,0.16728911921381948,0.08796984010609668,9.689138262043446,12.490508750915259,2.8846690846854477
1193,training,0.007950648665428162,0.16188734024763105,0.14260280495009656,9.650508838050069,12.500542810398963,2.8902468702948747
1194,training,0.0020801175851374865,0.1381464377045631,0.14260280495009656,9.611938331746016,12.510046857939336,2.9180729247641617
1195,training,0.006118155084550381,0.12977909855544564,0.14260280495009656,9.573035639359968,12.518124563263404,2.9538413620886983
1196,training,0.0023414145689457655,0.15753514994867146,0.14260280495009656,9.533901775526235,12.524940805465134,2.984538262929357
1197,training,0.0009941080352291465,0.17399354837834835,0.14260280495009656,9.49456817630983,12.530523153307636,3.0165093988557867
1198,training,0.0029550627805292606,0.14720685593783855,0.14260280495009656,9.455127424450145,12.534909733372363,3.045002453770906
1199,training,0.007559848949313164,0.13956077210605142,0.04791352177664955,9.415417565937256,12.538266080531018,3.0695351833206064
1200,training,0.003233182244002819,0.11190545931458472,0.04791352177664955,9.375518105120697,12.541061225779137,3.068894149600891
1201,training,0.0011532417265698314,0.07577808387577534,0.04791352177664955,9.335547195977332,12.544083207734769,3.0639781535341113
1202,training,0.0025159846991300583,0.06697940826416016,0.04791352177664955,9.29569955103349,12.547166234335803,3.0665204496327925
1203,training,0.0017713533015921712,0.055513303726911545,0.04791352177664955,9.256022491356966,12.550050277356837,3.072012613399392
1204,training,0.002338890451937914,0.05004125833511351,0.04791352177664955,9.21609807480526,12.552646154028878,3.081827667174348
1205,training,0.002369591733440757,0.04978768527507782,0.06434228869221158,9.17639348016473,12.554786543833885,3.092479246222893
1206,training,0.027373388409614563,0.06457082368433477,0.06434228869221158,9.136488742717534,12.556562078163138,3.1019677492959086
1207,training,0.003470460884273052,0.11806962080299854,0.06434228869221158,9.096556801584612,12.557963174850101,3.109756259703515
1208,training,0.004452446475625038,0.13914714008569717,0.06434228869221158,9.056766196971354,12.55921867250448,3.1077988916066186
1209,training,0.0024111433885991573,0.1361440271139145,0.06434228869221158,8.996632302590047,12.561612148298613,3.095437129475397
1210,training,0.0006843484588898718,0.12511473521590233,0.06434228869221158,8.976769689509508,12.562568955950153,3.0908330101166848
1211,training,0.003991042263805866,0.11819950118660927,0.07445373490293045,8.936828288870517,12.564732505434717,3.0844904823220256
1212,training,0.0010265172459185123,0.12162303179502487,0.07445373490293045,8.89682430386095,12.56709391156811,3.081165229625107
1213,training,0.0031026527285575867,0.12194029055535795,0.07445373490293045,8.85707525965553,12.569547034654137,3.078139690783305
1214,training,0.0033215326257050037,0.1385853262618184,0.07445373490293045,8.817092954924275,12.57213277525173,3.075937303946267
1215,training,0.005096442066133022,0.14706187788397074,0.07445373490293045,8.777205311420518,12.57476033180521,3.0749792642451346
1216,training,0.0011988927144557238,0.1551775150001049,0.07445373490293045,8.737431296607175,12.577475624631205,3.0718525680355633
1217,training,0.0014666166389361024,0.1548669682815671,0.09631735255603908,8.697463267932235,12.580309919468817,3.0696236848540908
1218,training,0.0009950296953320503,0.17288663238286972,0.09631735255603908,8.65771053004956,12.583207544658723,3.066940482880387
1219,training,0.0008833131287246943,0.18611796852201223,0.09631735255603908,8.617791404691095,12.586258947572935,3.0634399095272644
1220,training,0.0017733953427523375,0.19546817895025015,0.09631735255603908,8.577903756902186,12.589420104736726,3.0614537717331896
1221,training,0.000834014150314033,0.1928927171975374,0.09631735255603908,8.538178049875276,12.592676118506047,3.057613750725836
1222,training,0.0026781402993947268,0.2167812772095203,0.09631735255603908,8.498255870910938,12.59609773754766,3.0546174707380698
1223,training,0.0009033813839778304,0.23480764217674735,0.11776036076359554,8.45849397458646,12.599590839520319,3.0523795452991522
1224,training,0.0045151920057833195,0.23465325310826304,0.11776036076359554,8.438684848223245,12.601373150393318,3.0522689791010955
1225,training,0.0029731157701462507,0.20113188121467826,0.11776036076359554,8.379196029647169,12.604847871082141,3.1154537753621474
1226,training,0.0031015968415886164,0.19019204378128055,0.11776036076359554,8.339709379023002,12.605073627050997,-3.128721698363616
1227,training,0.0009884866885840893,0.13774964958429337,0.11776036076359554,8.29989067221155,12.60386582072091,-3.0960999752774163
1228,training,0.00037388349301181734,0.08951732516288757,0.11776036076359554,8.260080079967244,12.601578502739153,-3.0733332140972593
1229,training,0.003091926220804453,0.07766978442668915,0.11941198691189249,8.220392818193405,12.598558533356364,-3.0592317301786807
1230,training,0.006755432114005089,0.10680672526359558,0.11941198691189249,8.180441675893842,12.595054842590946,-3.049663145575347
1231,training,0.005139395594596863,0.11495675891637802,0.11941198691189249,8.140879025806449,12.591245984161588,-3.0417000397088625
1232,training,0.01314958930015564,0.18925773352384567,0.11941198691189249,8.101097202677787,12.587120528537923,-3.0355049607833267
1233,training,0.0014830336440354586,0.17100931704044342,0.11941198691189249,8.061390163477018,12.582651330802085,-3.020569445505936
1234,training,0.0016769792418926954,0.11568381264805794,0.11941198691189249,8.022035505553688,12.577489969218037,-3.0026766942418486
1235,training,0.0016954896273091435,0.09290055930614471,0.09825511866344457,7.98244179166999,12.571672802539252,-2.9905415699594684
1236,training,0.005257459823042154,0.09686234849505126,0.09825511866344457,7.943049197122223,12.56562328932269,-2.9881655504669604
1237,training,0.006186194252222776,0.08354381704702973,0.09825511866344457,7.903555680016769,12.559485871577435,-2.9874428176379437
1238,training,0.0022777405101805925,0.06653730757534504,0.09825511866344457,7.863948844561476,12.553349496265302,-2.989156135528104
1239,training,0.0019021135522052646,0.08448355086147785,0.09825511866344457,7.824582316574054,12.547325314578243,-2.990733337868526
1240,training,0.0011072487104684114,0.10429750569164753,0.09825511866344457,7.784951654993906,12.541326758877004,-2.9920417193998077
1241,training,0.004043691325932741,0.08825122006237507,0.06855011378073449,7.745454869571465,12.535424535883482,-2.994621884556323
1242,training,0.0009229753632098436,0.10192658938467503,0.06855011378073449,7.705943563603639,12.529613120487356,-2.996911462837397
1243,training,0.00810935441404581,0.07125230133533478,0.06855011378073449,7.666291949322218,12.52383289218317,-2.9950236969439294
1244,training,0.0028997932095080614,0.058129873126745224,0.06855011378073449,7.626939851751308,12.517909475471436,-2.9893578844054485
1245,training,0.0020910855382680893,0.08940844982862473,0.06855011378073449,7.587408607638965,12.511758118213892,-2.986530958730669
1246,training,0.005367313977330923,0.10540955513715744,0.06855011378073449,7.547847297398276,12.505613154637148,-2.989857474026523
1247,training,0.003993247635662556,0.06524424999952316,0.06855011378073449,7.5281943276050995,12.50261820534557,-2.9915459794147194
1248,training,0.0010032837744802237,0.021831963211297996,0.04043026579587047,7.468693792188741,12.493859919944349,-3.000868783263632
1249,training,0.006756526883691549,0.006356924772262573,0.04043026579587047,7.429138472527545,12.4884850963305,-3.0127217716745225
1250,training,0.006528694182634354,0.007441874593496323,0.04043026579587047,7.389393545633459,12.483542942423773,-3.0219732758827376
1251,training,0.0032825451344251633,0.0009459368884563446,0.04043026579587047,7.349498732069281,12.478916290601179,-3.030930875600266
1252,training,0.0036170051898807287,0.027845559641718864,0.04043026579587047,7.3098644371959525,12.474682619602376,-3.0398365999968946
1253,training,0.002092964481562376,0.05294413957744837,0.019729352342563542,7.269902635643175,12.47075546443498,-3.0466035084501666
1254,training,0.006545263342559338,0.06005513109266758,0.019729352342563542,7.230213746171354,12.466996595941104,-3.046145449073028
1255,training,0.0010747573105618358,0.005068065947853029,0.019729352342563542,7.190493029566105,12.46310956277547,-3.041853723125613
1256,training,0.005411607213318348,0.00039529241621493946,0.019729352342563542,7.150553240776315,12.459052373891756,-3.0401316162357572
1257,training,0.0018694164464250207,0.008952507050707936,0.019729352342563542,7.110956443899625,12.455052725608164,-3.0426615845508604
1258,training,0.002121065277606249,0.05722784250974655,0.019729352342563542,7.071093263167131,12.451102901630316,-3.0429931609553753
1259,training,0.0029169705230742693,0.07231416180729866,0.012461670665662531,7.031368556687888,12.447142577839442,-3.0398214393009892
1260,training,0.002340574748814106,0.06281881593167782,0.012461670665662531,6.991770157634819,12.442928762059562,-3.0311511658094994
1261,training,0.003926395904272795,0.018961386755108833,0.012461670665662531,6.951939684576887,12.438357619915791,-3.0235941505158785
1262,training,0.001978867221623659,0.0054031480103731155,0.012461670665662531,6.912402527203705,12.433571096056871,-3.0191312083252564
1263,training,0.0006857373518869281,0.019661061000078917,0.012461670665662531,6.872700323472757,12.428671043523702,-3.019934668721752
1264,training,0.0030804453417658806,0.049936577677726746,0.012461670665662531,6.832867617924309,12.423874234066451,-3.02432811841588
1265,training,0.006952539086341858,0.06303403526544571,0.006359919434938934,6.793299308591276,12.419276408434008,-3.027717483042556
1266,training,0.005747081246227026,0.06288503855466843,0.006359919434938934,6.75341705892626,12.414788074087337,-3.0316368610424447
1267,training,0.008745655417442322,0.06294251792132854,0.006359919434938934,6.713715690633586,12.410495737311457,-3.0363569270826396
1268,training,0.0007775595877319574,0.07071521505713463,0.006359919434938934,6.673951138094158,12.406389090034443,-3.0416755506914956
1269,training,0.0014065948780626059,0.10025973431766033,0.006359919434938934,6.633921619679793,12.40252365739857,-3.049132603091931
1270,training,0.004856519401073456,0.07164073083549738,0.006359919434938934,6.594221687031609,12.398948752801326,-3.0543351608733484
1271,training,0.0031940611079335213,0.05565936677157879,0.009489303064304065,6.554303217022196,12.395475744394613,-3.054158356792198
1272,training,0.0010710491333156824,0.1110020992346108,0.009489303064304065,6.514509785366002,12.391896910935628,-3.048993326012737
1273,training,0.003925560042262077,0.10371308587491514,0.009489303064304065,6.4748134494861125,12.388119901788102,-3.045641733047362
1274,training,0.0013829667586833239,0.11837255116552114,0.009489303064304065,6.434849452571018,12.384262096884514,-3.0454204056291796
1275,training,0.001025457982905209,0.13595964759588242,0.009489303064304065,6.395204989221956,12.38044832352837,-3.0466076124409778
1276,training,0.0020649307407438755,0.13514576479792595,0.009489303064304065,6.355345083367209,12.376706249321732,-3.049901163166494
1277,training,0.0006232103332877159,0.21408884227275848,0.01612752049305932,6.315390579880746,12.373123446938065,-3.054376485415003
1278,training,0.005206631496548653,0.20603632368147373,0.01612752049305932,6.2756628805491825,12.369742978590168,-3.059354548753277
1279,training,0.001163660897873342,0.21111180074512959,0.01612752049305932,6.235632484835201,12.366533352329435,-3.0637776282229536
1280,training,0.003308668499812484,0.20403582695871594,0.01612752049305932,6.215640926549103,12.36499809642348,-3.0653275733403267
1281,training,0.0006711361929774284,0.20297019649297,0.01612752049305932,6.155953429367847,12.360540236170449,-3.068882975224952
1282,training,0.0012989488895982504,0.18342499900609255,0.01612752049305932,6.1158820864093935,12.35767099999771,-3.0705843994525335
1283,training,0.0010763080790638924,0.17376271728426218,0.0313388002759812,6.076178195882232,12.35485635808659,-3.0715650659170857
1284,training,0.0017296636942774057,0.17348247580230236,0.0313388002759812,6.036184884928958,12.35207221423846,-3.072883607404974
1285,training,0.0005663953488692641,0.17240792606025934,0.0313388002759812,6.016138580845989,12.350709930903482,-3.073616710167022
1286,training,0.0009011115180328488,0.15741987805813554,0.0313388002759812,5.956461311428944,12.34668644413141,-3.07548029220464
1287,training,0.0002136079128831625,0.2725747348740697,0.0313388002759812,5.916374487499104,12.344069637521468,-3.0771385394343005
1288,training,0.0020756754092872143,0.16509996913373468,0.0313388002759812,5.876614488763804,12.341525685409797,-3.078545194514355
1289,training,0.0008076948579400778,0.2864636741578579,0.07983118265135718,5.856666998895687,12.340276783629603,-3.0801807935460808
1290,training,0.0005922642885707319,0.18237168341875074,0.07983118265135718,5.796607388697074,12.33679630874866,-3.0867919702949767
1291,training,0.0030145759228616953,0.30632175505161285,0.07983118265135718,5.756760143683509,12.334724932251994,-3.092887282110912
1292,training,0.0007525973487645388,0.3017963282763958,0.07983118265135718,5.71660151151246,12.332920493716127,-3.100916619227235
1293,training,0.015022830106317997,0.3280540555715561,0.07983118265135718,5.676673299951076,12.331458172491963,-3.109216142872094
1294,training,0.0025519165210425854,0.23889165371656418,0.10355864068946731,5.636636354162697,12.330379638310893,-3.12082270816584
1295,training,0.003675227053463459,0.3492937907576561,0.10355864068946731,5.5965762565466015,12.329111376126363,-3.0938589501614304
1296,training,0.0018503194442018867,0.3313003033399582,0.10355864068946731,5.576897934119688,12.327992954074752,-3.0736895824109585
1297,training,0.0016692739445716143,0.22713364660739901,0.10355864068946731,5.51785767910141,12.321722419824745,-2.9994997583639225
1298,training,0.003091377904638648,0.1809420883655548,0.10355864068946731,5.478752450273187,12.315261338204847,-2.9607950874572824
1299,training,0.0031019053421914577,0.1126687675714493,0.10355864068946731,5.439821421645696,12.307604434291731,-2.9353730937248304
1300,training,0.0012558749876916409,0.12386211752891539,0.11687960284924397,5.400855883896717,12.299108345965037,-2.9207276480241204
1301,training,0.002406266052275896,0.09746085479855536,0.11687960284924397,5.362083838027236,12.29004551271453,-2.9008636609771514
1302,training,0.0034816889092326164,0.07251775683835149,0.11687960284924397,5.323505311687877,12.280152934756563,-2.88181976126617
1303,training,0.0063599469140172005,0.033929187804460526,0.11687960284924397,5.28505474939873,12.269650488479442,-2.8684786107588307
1304,training,0.0024459497071802616,0.08750897645950317,0.11687960284924397,5.246648514094414,12.258708064366404,-2.860886803396082
1305,training,0.0022008069790899754,0.07955838926136494,0.11687960284924397,5.208407685035211,12.247513017288984,-2.852868696498984
1306,training,0.010042469948530197,0.06060559209436178,0.07670117610884587,5.170093707751298,12.23599077544614,-2.8465119441381264
1307,training,0.0012497369898483157,0.054107143892906606,0.07670117610884587,5.131997330499813,12.224275711615133,-2.841176309067721
1308,training,0.001826952793635428,0.04142970871180296,0.07670117610884587,5.093897062186814,12.212430417479695,-2.840256216079145
1309,training,0.001218960271216929,0.07353922165930271,0.07670117610884587,5.055673033721673,12.200584562664707,-2.8418184009420004
1310,training,0.0017585537862032652,0.16585715860128403,0.07670117610884587,5.017514422860543,12.188832902708238,-2.8452290860826874
1311,training,0.002328191651031375,0.136897012591362,0.07670117610884587,4.97926292799972,12.177141843465876,-2.8426730256711674
1312,training,0.0019519594497978687,0.15142715349793434,0.02930615283111711,4.94119809531042,12.165299797788474,-2.8385109272361944
1313,training,0.004352852702140808,0.12250372022390366,0.02930615283111711,4.903058969245781,12.153360013191643,-2.841691705362177
1314,training,0.0014587088953703642,0.12285608239471912,0.02930615283111711,4.864527114267328,12.141919696421041,-2.8632642468835448
1315,training,0.0007135110208764672,0.12206513807177544,0.02930615283111711,4.825879551265179,12.131268346644095,-2.8828704605433155
1316,training,0.0028140791691839695,0.10132691636681557,0.02930615283111711,4.786978891940986,12.121413577491992,-2.9039333783144703
1317,training,0.0007841039914637804,0.12664896622300148,0.02930615283111711,4.747942055912538,12.112279532364305,-2.9181020960922934
1318,training,0.006579694803804159,0.14018117333762345,0.013277100010629221,4.708836188498762,12.103564843509695,-2.926061333399891
1319,training,0.003225139109417796,0.12311968393623832,0.013277100010629221,4.669817059740717,12.095047313324216,-2.926321107447054
1320,training,0.0016258377581834793,0.1666108500212431,0.013277100010629221,4.630814684525581,12.086445217183918,-2.9227344000655804
1321,training,0.0022658861707895994,0.15945173287764192,0.013277100010629221,4.591802559656096,12.077732558745675,-2.9217879775497826
1322,training,0.005984512157738209,0.17885485105216503,0.013277100010629221,4.55286552665346,12.069024756977585,-2.9213651636953473
1323,training,0.005457708146423101,0.22981857508420941,0.013277100010629221,4.513802466925274,12.060313567873052,-2.9244873045888955
1324,training,0.0011000536615028977,0.2622994799166918,0.04648254091754597,4.474691902367146,12.051809992957978,-2.930476283126996
1325,training,0.002092452021315694,0.2674864735454321,0.04648254091754597,4.435642873139488,12.043503447834945,-2.9339917902128243
1326,training,0.0020749266259372234,0.26313694659620523,0.04648254091754597,4.396441683120945,12.035335504466135,-2.939112547046189
1327,training,0.003280929522588849,0.29404110880568624,0.04648254091754597,4.357330564616692,12.027383775249959,-2.9422399741114664
1328,training,0.0016458247555419803,0.306865369901061,0.04648254091754597,4.31809395452494,12.019470719099163,-2.9428229637760603
1329,training,0.002419556025415659,0.3037226237356663,0.04648254091754597,4.278907506773746,12.011569855844469,-2.942119726600428
1330,training,0.0022733884397894144,0.3061695173382759,0.075884004772835,4.23987814464266,12.003581119469859,-2.936960969950336
1331,training,0.0033482767175883055,0.30460965260863304,0.075884004772835,4.200771158904835,11.99533237765293,-2.930970974933959
1332,training,0.002391788177192211,0.2947828769683838,0.075884004772835,4.1812380372411,11.991131793547396,-2.9283410254777134
1333,training,0.003163305576890707,0.2994195893406868,0.075884004772835,4.122852880916738,11.978112877089117,-2.915914496780036
1334,training,0.001753492746502161,0.302127156406641,0.075884004772835,4.083966202696779,11.969054145063678,-2.910186638564916
1335,training,0.003393627004697919,0.3381250072270632,0.075884004772835,4.045171891360909,11.959785434267353,-2.9039020762792487
1336,training,0.002845869865268469,0.336593609303236,0.10906332712584085,4.025765957857042,11.955050236633669,-2.900788335391667
1337,training,0.005803688429296017,0.45535157062113285,0.10906332712584085,3.9682311256821126,11.939962959172556,-2.845374521318999
1338,training,0.0017088139429688454,0.3697853088378906,0.10906332712584085,3.9310203637399237,11.927026740643951,-2.762648518547859
1339,training,0.006459691561758518,0.3549382397904992,0.1426933883204898,3.895318111969743,11.911029284295235,-2.680860921378998
1340,training,0.0021992214024066925,0.30131041619461035,0.1426933883204898,3.8606686921920015,11.892186219940628,-2.6082699435669556
1341,training,0.01378269400447607,0.2188657633960247,0.1426933883204898,3.827369952521066,11.871047405885435,-2.545421129950543
1342,training,0.0015978009905666113,0.1976202018558979,0.1426933883204898,3.795411607111226,11.848010252472537,-2.4908475924002556
1343,training,0.01079102698713541,0.15371129289269447,0.14604461470819136,3.764601083620336,11.823336556340466,-2.4429080130648018
1344,training,0.0017344430088996887,0.06180596351623535,0.14604461470819136,3.7346814677549616,11.797056400171696,-2.400256951734176
1345,training,0.005639034789055586,0.0473049059510231,0.14604461470819136,3.7062329313472997,11.769919169827634,-2.3621724257534154
1346,training,0.001516027725301683,0.08054922707378864,0.14604461470819136,3.67814212837329,11.741609006088341,-2.3439911362366312
1347,training,0.0012677721679210663,0.09046855941414833,0.14604461470819136,3.650417506070395,11.712810268234149,-2.3304366333945294
1348,training,0.0030292023438960314,0.07294207066297531,0.14604461470819136,3.6232280611261816,11.683817413438817,-2.31851234558539
1349,training,0.0018689279677346349,0.04789223521947861,0.14604461470819136,3.5961242959970483,11.654311332121821,-2.310918504550473
1350,training,0.0031645919661968946,0.03707668790593743,0.14604461470819136,3.5692912216462607,11.624839117876277,-2.307128491632292
1351,training,0.005192837677896023,0.06634154357016087,0.10582453247978187,3.5425249434945774,11.595192694813848,-2.304410449630826
1352,training,0.0035204808227717876,0.05266335466876626,0.10582453247978187,3.515761792440078,11.565411202089006,-2.3009711918788955
1353,training,0.004113613627851009,0.0495944176800549,0.10582453247978187,3.4892771384061705,11.535737291024345,-2.2994391245626935
1354,training,0.0013317768462002277,0.04964111000299454,0.10582453247978187,3.462597471922705,11.505844235834784,-2.2998173293162334
1355,training,0.0022689085453748703,0.0001231431961059501,0.10582453247978187,3.4359911874055262,11.476091390778132,-2.3009038113334137
1356,training,0.0003667545970529318,0.015511386096477509,0.10582453247978187,3.4092349589804853,11.446419011754802,-2.309049007763789
1357,training,0.0009442326845601201,0.004983674734830856,0.10582453247978187,3.368581651577634,11.402158749106368,-2.318136928541649
1358,training,0.0007687428733333945,0.0532336812466383,0.06615822761435544,3.3550229535560487,11.387556356871523,-2.3200858808146916
1359,training,0.006502196658402681,0.04430393036454916,0.06615822761435544,3.327693492716143,11.358276567418168,-2.3244090832963296
1360,training,0.002230995800346136,0.042641445994377136,0.06615822761435544,3.3002113772948127,11.329154193631846,-2.3293223114498343
1361,training,0.0025297568645328283,0.06709106266498566,0.06615822761435544,3.2727838144029304,11.300224251039937,-2.329736968647658
1362,training,0.0017411703011021018,0.04412654135376215,0.06615822761435544,3.2451269809439784,11.271117855838352,-2.3331784233162183
1363,training,0.0018411612836644053,0.06034013070166111,0.06615822761435544,3.217572653769129,11.24235798469544,-2.3357167730666837
1364,training,0.0018770539900287986,0.22701580077409747,0.06615822761435544,3.189841038217398,11.213543051441539,-2.33922894120052
1365,training,0.01743365079164505,0.3097075819969177,0.040516991749666637,3.161672702155721,11.18475271275177,-2.3597805958378095
1366,training,0.0007579682860523462,0.29445427656173706,0.040516991749666637,3.1334187818315353,11.15684092471948,-2.357048810237219
1367,training,0.0008694441057741642,0.38083766400814056,0.040516991749666637,3.1053338068731136,11.128380399662268,-2.3405981374006455
1368,training,0.0008325778762809932,0.3687981218099594,0.040516991749666637,3.0915201820683347,11.114013491997145,-2.330528719393071
1369,training,0.0013031905982643366,0.331315740942955,0.040516991749666637,3.051422211264152,11.07006634958778,-2.2892638125674942
1370,training,0.006565487012267113,0.33045996725559235,0.040516991749666637,3.0256586354048634,11.039716175522411,-2.259903435224587
1371,training,0.0014362591318786144,0.299219086766243,0.040516991749666637,3.0008887772667943,11.008708652814672,-2.2295066873825826
1372,training,0.0020110001787543297,0.26145461201667786,0.006936022892824771,2.977022966392353,10.976908248377583,-2.201144145568748
1373,training,0.000611020193900913,0.32003021985292435,0.006936022892824771,2.9538652251276045,10.944524569897347,-2.1823711348100154
1374,training,0.0013564939144998789,0.32985858619213104,0.006936022892824771,2.9312992418983055,10.911689760497014,-2.1633757577109716
1375,training,0.0011031285393983126,0.3320934325456619,0.006936022892824771,2.9094601754380203,10.878521104163335,-2.1436018911192094
1376,training,0.0013159557711333036,0.32840491086244583,0.006936022892824771,2.8987497386557117,10.861725059305238,-2.1331643573193544
1377,training,0.003879327094182372,0.30551357567310333,0.006936022892824771,2.8677160631301333,10.81065480379212,-2.100704405407193
1378,training,0.0036667753010988235,0.3004908859729767,0.13870674274254524,2.857782224068888,10.793495368953256,-2.0908220300267772
1379,training,0.0017797589534893632,0.49663981050252914,0.13870674274254524,2.8278401798895247,10.74127535083325,-2.1138200046943596
1380,training,0.0013362959725782275,0.5161376539617777,0.13870674274254524,2.8058194156713503,10.707070282383508,-2.18292502349065
1381,training,0.001615016721189022,0.7286281585693359,0.13870674274254524,2.7808405839362806,10.674876232392826,-2.2795526839785336
1382,training,0.0022039853502064943,0.7620243132114412,0.2295270781638807,2.7527276881014866,10.64526336907659,-2.385480232028646
1383,training,0.0038902743253856897,0.7034889459609985,0.2295270781638807,2.7213892724139486,10.618838366452946,-2.497055406571236
1384,training,0.0009181259665638208,0.3968992382287979,0.26452715423697454,2.6876709075885423,10.596026960132923,-2.5943342489973102
1385,training,0.0020060890819877386,0.44247162342071533,0.26452715423697454,2.652449574885579,10.57632554792351,-2.660558891260552
1386,training,0.0011820585932582617,0.19246246293187141,0.26452715423697454,2.6162528304515154,10.558527067659593,-2.706263878310359
1387,training,0.0022388482466340065,0.19025754183530807,0.26452715423697454,2.5794857727287104,10.542009918405984,-2.7251174547461727
1388,training,0.003267733845859766,0.09773022495210171,0.26452715423697454,2.5612822411683513,10.534005820297603,-2.731082539821285
1389,training,0.005113181658089161,0.03985712677240372,0.26452715423697454,2.5063075179084606,10.51016570943051,-2.718584091305503
1390,training,0.012925553135573864,0.13734684837982059,0.30692675859301677,2.470319851369152,10.49345362696009,-2.6960945157686087
1391,training,0.00105678616091609,0.14457446895539758,0.30692675859301677,2.434686932210652,10.47594074832565,-2.671515173125057
1392,training,0.007506778929382563,0.23300999030470848,0.30692675859301677,2.3993566349590174,10.457384789162358,-2.644511564611944
1393,training,0.0021116132847964764,0.17210050369612873,0.30692675859301677,2.3647657470428176,10.43796190626362,-2.6110267907908775
1394,training,0.0027243972290307283,0.14007344096899035,0.30692675859301677,2.330956747876476,10.41720676236074,-2.5730769525321637
1395,training,0.003795105265453458,0.15025591850280762,0.30692675859301677,2.2979175428452185,10.395267088475107,-2.5365723921861396
1396,training,0.0005797432968392968,0.03601807355880737,0.3096394050838896,2.26585789752147,10.371954549204998,-2.4856392521912283
1397,training,0.002372722141444683,0.012984350323677063,0.3096394050838896,2.25033305923105,10.359726137677999,-2.464900468580831
1398,training,0.0024587074294686317,0.06278911232948303,0.3096394050838896,2.204994656818571,10.321166494738796,-2.4087971849862138
1399,training,0.008954402059316635,0.023944005370140076,0.3096394050838896,2.176119191845981,10.29399144020137,-2.3582088400211987
1400,training,0.004098897334188223,0.022020235657691983,0.3096394050838896,2.148938350365863,10.265426057248975,-2.3068309227677157
1401,training,0.0011760983616113663,0.040880173444747925,0.2497276630311516,2.122857318805891,10.235430178095122,-2.268084003989049
1402,training,0.00230066804215312,0.08998723328113556,0.2497276630311516,2.09793805481703,10.204592183872922,-2.2327177921691272
1403,training,0.0011938465759158134,0.07753264904022217,0.2497276630311516,2.0740069010161437,10.172873667631611,-2.203472589835104
1404,training,0.003546739462763071,0.056225180625915555,0.2497276630311516,2.050965834022766,10.14055196948877,-2.175648183419905
1405,training,0.003418250475078821,0.059303060173988315,0.2497276630311516,2.0397596644905764,10.124068008447084,-2.159876676812859
1406,training,0.001614680397324264,0.07630318403244016,0.2497276630311516,2.0081379807217687,10.07380522969195,-2.105633026529716
1407,training,0.0037746401503682137,0.13886310160160065,0.2497276630311516,1.988453568055766,10.039250375940732,-2.07154572655182
1408,training,0.032461978495121,0.1997653692960739,0.12265689196251735,1.9699485578299798,10.004042936371942,-2.03792412205891
1409,training,0.00013370381202548742,0.18584849685430527,0.12265689196251735,1.9525506990301669,9.968392695680464,-2.0138868256226194
1410,training,0.00706441281363368,0.1614151895046234,0.12265689196251735,1.935785052613585,9.932071590772967,-1.991648195161765
1411,training,0.002497768495231867,0.1505376398563385,0.12265689196251735,1.91996985442746,9.895662111017563,-1.9690440038013661
1412,training,0.002315017394721508,0.16129688918590546,0.12265689196251735,1.9049904810460756,9.858796555902428,-1.9445053960797352
1413,training,0.001045052893459797,0.09758301824331284,0.12265689196251735,1.8907766594059354,9.821500341886914,-1.9257288759377211
1414,training,0.0013287814799696207,0.09923498332500459,0.04835767865876111,1.8773628054358351,9.784120116778862,-1.9047461423092065
1415,training,0.0019896156154572964,0.0959407165646553,0.04835767865876111,1.8651900284959435,9.746394097224607,-1.8623881940859492
1416,training,0.0015314078191295266,0.0676470473408699,0.04835767865876111,1.8544753185641754,9.70817773714748,-1.826973697804512
1417,training,0.01970447599887848,0.04501499235630037,0.04835767865876111,1.8450457892184018,9.669591008426005,-1.795590715116674
1418,training,0.0023604079615324736,0.07623706012964249,0.04835767865876111,1.8366687127867167,9.630793318190864,-1.7727310063104147
1419,training,0.0010966000845655799,0.0739031471312046,0.04835767865876111,1.828992420887815,9.591546305898683,-1.7563569016363514
1420,training,0.00133306544739753,0.05012957751750946,0.02357413935468854,1.8219411927935383,9.552421117991383,-1.7434326643913591
1421,training,0.002933414885774255,0.0298558734357357,0.02357413935468854,1.8152569873455597,9.513063549579456,-1.7361739203944306
1422,training,0.0034652412869036198,0.04291946440935135,0.02357413935468854,1.8087437924634924,9.473529680649712,-1.7323549332319865
1423,training,0.00047223787987604737,0.03513665497303009,0.02357413935468854,1.8024276241622248,9.434309714403991,-1.728463424414858
1424,training,0.0033817565999925137,0.039084602147340775,0.02357413935468854,1.7962450352505759,9.394738746446926,-1.7224462123039659
1425,training,0.005190502852201462,0.0316145122051239,0.02357413935468854,1.7903601805317875,9.355295849283488,-1.7165322546712487
1426,training,0.002397352596744895,0.01962526421993971,0.022730024630847927,1.784649036297654,9.315806382095765,-1.7128500407036764
1427,training,0.0011438551591709256,0.10496240854263307,0.022730024630847927,1.779026066503929,9.276082771001235,-1.7100242963520471
1428,training,0.002181281568482518,0.08775735273957253,0.022730024630847927,1.7736059586855921,9.236747659412002,-1.7047888024811275
1429,training,0.0003683260583784431,0.06623819097876549,0.022730024630847927,1.7684197935531314,9.197097547001057,-1.6964236882945052
1430,training,0.0014050097670406103,0.054578555747866624,0.022730024630847927,1.7634918682321417,9.157402607896298,-1.6929425004799392
1431,training,0.0025027436204254627,0.060236988589167595,0.022730024630847927,1.758645536659441,9.117823920040975,-1.693391475982678
1432,training,0.002710576867684722,0.032132968306541436,0.018829365049517387,1.7537242811048297,9.077997289258755,-1.69317653891478
1433,training,0.004076023120433092,0.014714274555444717,0.018829365049517387,1.7488523762258505,9.038428053422253,-1.6949059545204452
1434,training,0.00424864050000906,0.03262795601040125,0.018829365049517387,1.7437942061194471,8.998729970206606,-1.7010450959849521
1435,training,0.0031306894961744547,0.05778108537197113,0.018829365049517387,1.7411586618910455,8.978802336255878,-1.702450526376265
1436,training,0.0013048498658463359,0.012440071906894442,0.018829365049517387,1.73348293784309,8.919597973200649,-1.6953119995519546
1437,training,0.0008105747401714325,0.028996530920267105,0.018829365049517387,1.7285491855644866,8.879809643141613,-1.6947972675820324
1438,training,0.0025024611968547106,0.03383004106581211,0.018829365049517387,1.7235284995000224,8.840220054391994,-1.7011103149347295
1439,training,0.002040667925029993,0.04017760790884494,0.015452795459239967,1.7182087488001259,8.800615888106591,-1.7075538793384013
1440,training,0.0066664740443229675,0.037266013212502,0.015452795459239967,1.712697368353658,8.760858102088612,-1.7080154948875577
1441,training,0.0016770375659689307,0.01706041768193245,0.015452795459239967,1.707267448622591,8.7214240750883,-1.7083341870395186
1442,training,0.001516156131401658,0.014597173780202869,0.015452795459239967,1.701742395664214,8.681744756085124,-1.7109189160102025
1443,training,0.0021043659653514624,0.025852201506495476,0.015452795459239967,1.6960272240212497,8.642098530671289,-1.7183151376850863
1444,training,0.0020637372508645058,0.04619285464286804,0.00791827264340792,1.6899603582214984,8.602636867046176,-1.7287973070937477
1445,training,0.0014819878851994872,0.01833934150636196,0.00791827264340792,1.6834425213070876,8.562977678840827,-1.7384575114971756
1446,training,0.001410437747836113,0.005503291264176369,0.00791827264340792,1.676770155906859,8.523697232212752,-1.7381061720299098
1447,training,0.0027566640637815,0.02839373890310526,0.00791827264340792,1.6734642721149127,8.504021910361887,-1.7367135056540826
1448,training,0.014492352493107319,0.09260822087526321,0.00791827264340792,1.66031848584353,8.425159687089963,-1.7369773320317976
1449,training,0.0035028185229748487,0.07702899537980556,0.00791827264340792,1.656998046896556,8.40547543275512,-1.7402765256780364
1450,training,0.00265894690528512,0.03267902508378029,0.015277927832996632,1.6500398777349348,8.365939447487813,-1.747734568518512
1451,training,0.0008682644693180919,0.027890132740139968,0.015277927832996632,1.6430488465092028,8.32678423369098,-1.7465231798042813
1452,training,0.0046869018115103245,0.0206768736243248,0.015277927832996632,1.6361834784034344,8.287477729858919,-1.7414488423393337
1453,training,0.0009584033396095037,0.019393380731344223,0.015277927832996632,1.6294917344666306,8.247975463226405,-1.7348279795427493
1454,training,0.001230002148076892,0.03918914683163166,0.015277927832996632,1.6231664165849011,8.208770361572027,-1.727052511168506
1455,training,0.007977893576025963,0.05937018804252149,0.015277927832996632,1.617075995244889,8.169217398283545,-1.7207358473990275
1456,training,0.008175910450518131,0.02992621809244156,0.026275807377223202,1.611178926893964,8.129694463652447,-1.7184389913749565
1457,training,0.007138870190829039,0.005618296563625336,0.026275807377223202,1.6053602716926458,8.09024985796953,-1.716014788486735
1458,training,0.005300645716488361,0.004353825002908707,0.026275807377223202,1.599646972569256,8.05054863066919,-1.7095144111264684
1459,training,0.0014329523546621203,0.062549470923841,0.026275807377223202,1.594312283386314,8.011112636650212,-1.70201774683115
1460,training,0.0026665576733648777,0.07432786375284195,0.026275807377223202,1.5891253452299747,7.971453239105735,-1.7013922550837286
1461,training,0.0014979559928178787,0.01044958271086216,0.026275807377223202,1.583862703167029,7.931696403008921,-1.7044019011067655
1462,training,0.001415112055838108,0.002074163407087326,0.032070077176995004,1.5785053361937291,7.89223362487355,-1.7056000674249623
1463,training,0.0011755628511309624,0.002766761928796768,0.032070077176995004,1.5731638341864993,7.852494960152917,-1.7017230078846581
1464,training,0.0003327439189888537,0.0009444169700145721,0.032070077176995004,1.5681077685213753,7.812964838020611,-1.694673141905029
1465,training,0.0008933396893553436,0.0014661364257335663,0.032070077176995004,1.5633267859403588,7.77335074126776,-1.6869929940189032
1466,training,0.0026049306616187096,0.011769905686378472,0.032070077176995004,1.5588260136776906,7.733490102547065,-1.6785537113161497
1467,training,0.0006197518669068813,0.07533211261034012,0.032070077176995004,1.5547235007570832,7.693959789150569,-1.670080404449974
1468,training,0.0004204742726869881,0.0631781667470932,0.025176074046136258,1.5509996955427106,7.654144264436922,-1.65667602297421
1469,training,0.005043415352702141,0.030720241367816925,0.025176074046136258,1.5478240733178903,7.614336751911856,-1.6440968123610558
1470,training,0.0018716613994911313,0.05107361823320389,0.025176074046136258,1.545100368235884,7.574597211040463,-1.6348055857323769
1471,training,0.004597661551088095,0.11494028382003307,0.025176074046136258,1.5426885259107412,7.5345693197538885,-1.6268934956346093
1472,training,0.0022842895705252886,0.12493424117565155,0.025176074046136258,1.540695284548718,7.494795369378661,-1.6122523590571403
1473,training,0.0038831320125609636,0.13289421796798706,0.025176074046136258,1.5394799330366786,7.454980568215599,-1.5891803259905553
1474,training,0.005873991176486015,0.06907467264682055,0.013851830096100418,1.5391780994397128,7.415097666805365,-1.571485132862096
1475,training,0.004488453269004822,0.08410153165459631,0.013851830096100418,1.5392365492021733,7.375266400794798,-1.5697590433721116
1476,training,0.0021963324397802353,0.10374640766531229,0.013851830096100418,1.53925265766608,7.335158779466054,-1.5712985167804208
1477,training,0.0042524756863713264,0.11224479554221034,0.013851830096100418,1.539206807674246,7.295190307231506,-1.5719460790282118
1478,training,0.0016491066198796034,0.013023752719163895,0.013851830096100418,1.5391749032602604,7.255226751573339,-1.5718735189170867
1479,training,0.002293569501489401,0.004665633663535118,0.013851830096100418,1.5391011057359372,7.215117488102725,-1.5743857286930092
1480,training,0.009686603210866451,0.001761971041560173,0.013851830096100418,1.5390157491962142,7.195225049939875,-1.5757626057968102
1481,training,0.001865807338617742,0.016238519921898845,0.03648817628266819,1.5385063843765543,7.1351804052426555,-1.5833707731768312
1482,training,0.0009598511387594044,0.013214534148573875,0.03648817628266819,1.5378651953020952,7.095182110292834,-1.5903015949308283
1483,training,0.04441526532173157,0.03885201411321759,0.03648817628266819,1.5369692835057038,7.055251980283535,-1.5963947179457263
1484,training,0.001894672168418765,0.056413465179502964,0.03648817628266819,1.5357964054873636,7.01506631337719,-1.604299546772409
1485,training,0.0006410769419744611,0.05076730623841286,0.027783519642315454,1.5342651382109072,6.975186795366092,-1.6148598369591778
1486,training,0.003677656874060631,0.026725944131612778,0.027783519642315454,1.5322774183385295,6.93513658637011,-1.6256299368304081
1487,training,0.003374674590304494,0.023445078171789646,0.027783519642315454,1.5299596514397447,6.8951360139553275,-1.6309404568225319
1488,training,0.004090521018952131,0.025198990944772955,0.027783519642315454,1.5275426533199548,6.855331985820864,-1.6318145785574893
1489,training,0.001206433866173029,0.04306524433195591,0.027783519642315454,1.525090335731607,6.815282637533752,-1.6322699158726295
1490,training,0.004649117588996887,0.05044057779014111,0.027783519642315454,1.521260889050756,6.755516392108927,-1.6378467779194046
1491,training,0.0031068059615790844,0.02177385985851288,0.010848917106996639,1.5199057009564438,6.735531657464658,-1.6393818011442338
1492,training,0.002091640140861273,0.03934909030795098,0.010848917106996639,1.5185166768586598,6.7154871665647695,-1.6401310654260075
1493,training,0.002524921903386712,0.06451977789402008,0.010848917106996639,1.5144669714699668,6.655788403154718,-1.6376196590071757
1494,training,0.002301255241036415,0.05200017197057605,0.010848917106996639,1.5117609821325755,6.61577418920715,-1.640157624354213
1495,training,0.001308069215156138,0.021101828664541245,0.010848917106996639,1.5089334149985574,6.575934795847485,-1.6422426915488162
1496,training,0.0053213005885481834,0.010424509644508362,0.010848917106996639,1.506172257513407,6.536138891927274,-1.6370353581357566
1497,training,0.0014467623550444841,0.03409750014543533,0.009455167114414915,1.5036748267983508,6.4961232882918205,-1.6280054866293798
1498,training,0.0042849816381931305,0.0015280256047844887,0.009455167114414915,1.5015759222221023,6.456403090086985,-1.6201054628560436
1499,training,0.006994256749749184,0.0027782307006418705,0.009455167114414915,1.4997176602609825,6.416431874531514,-1.616760942252042
1500,training,0.003088106634095311,0.04665478179231286,0.009455167114414915,1.497835732719562,6.376445091212709,-1.6195195292198772
1501,training,0.0015916300471872091,0.08939076494425535,0.009455167114414915,1.4959883013333382,6.336654400581711,-1.6132938055959851
1502,training,0.004267712123692036,0.04887067247182131,0.021591984769047022,1.4945474102457261,6.296650691673553,-1.5985004908009846
1503,training,0.0017719235038384795,0.001608042512089014,0.021591984769047022,1.4940730687247565,6.276768143787131,-1.5917614629909886
1504,training,0.0017687422223389149,0.022375809960067272,0.021591984769047022,1.4930655544736897,6.216925933414497,-1.587449475425451
1505,training,0.00047138408990576863,0.0642098244279623,0.021591984769047022,1.4923721914850903,6.1769061650553025,-1.5895408831220994
1506,training,0.022617395967245102,0.06215096078813076,0.021591984769047022,1.4916487117947592,6.1370489020610925,-1.5861718299333403
1507,training,0.003872897010296583,0.0012977244332432747,0.021591984769047022,1.4912255193529003,6.0970291665972765,-1.5764490894855507
1508,training,0.0011468699667602777,0.016315627843141556,0.026500365184072477,1.4910330867972343,6.057141024408787,-1.5768140941883717
1509,training,0.01272685918956995,0.07605709880590439,0.026500365184072477,1.4907652317356475,6.017195402195889,-1.5784050459502525
1510,training,0.0019667192827910185,0.07597681321203709,0.026500365184072477,1.4904914252353023,5.977211831933153,-1.574892588767653
1511,training,0.0008008537697605789,0.08281323313713074,0.026500365184072477,1.490516639763699,5.937353843374422,-1.564830416862912
1512,training,0.00047982059186324477,0.04868444986641407,0.026500365184072477,1.490978628087846,5.897394335157897,-1.5540076089969994
1513,training,0.002007878152653575,0.0180016178637743,0.026500365184072477,1.491760705077839,5.857441384370504,-1.5497751674158382
1514,training,0.0017136414535343647,0.013432830572128303,0.022029833358078454,1.4925760869634832,5.817719290730041,-1.5524822681994876
1515,training,0.00396378431469202,0.036442758515477174,0.022029833358078454,1.4932206404851691,5.777601731609503,-1.5575219167860992
1516,training,0.0004142741672694683,0.037928987294435494,0.022029833358078454,1.4936576390920124,5.737716116304766,-1.5610646692194492
1517,training,0.0023388604167848825,0.013123158365488052,0.022029833358078454,1.493847124859975,5.717757922250869,-1.5615964012014019
1518,training,0.002682830672711134,0.012854143977165222,0.022029833358078454,1.4942874434761422,5.657611687419866,-1.5685525677633316
1519,training,0.0017617316916584969,0.013187956064939499,0.022029833358078454,1.4942251485129787,5.61774961963982,-1.5772698724479486
1520,training,0.0013747680932283401,0.014451158232986927,0.012636200244761454,1.4937819503183694,5.577587113044947,-1.5865152834543064
1521,training,0.0015771053731441498,0.0744389072060585,0.012636200244761454,1.4930086498958381,5.53757849245918,-1.591933723301606
1522,training,0.00318966805934906,0.06809685193002224,0.012636200244761454,1.4922800426343152,5.497689812918081,-1.5843033037805536
1523,training,0.0005173772806301713,0.057224901393055916,0.012636200244761454,1.491941208607075,5.457723081179784,-1.5743472191671464
1524,training,0.0019370598020032048,0.04306907625868917,0.012636200244761454,1.4919889232531212,5.4178985398380135,-1.5656891977895053
1525,training,0.04521932080388069,0.01431556232273579,0.012636200244761454,1.4923176686408468,5.37789038213735,-1.5611071872800453
1526,training,0.008272374048829079,0.05067220702767372,0.012803954654381293,1.4926166978903532,5.337785785182308,-1.56784858871681
1527,training,0.0010571316815912724,0.013479754328727715,0.012803954654381293,1.4924941769458433,5.297856156210852,-1.5817583310819219
1528,training,0.0049409400671720505,0.06893252767622471,0.012803954654381293,1.4918137970318337,5.2576890118919435,-1.591032243014505
1529,training,0.002524996642023325,0.03969082701951265,0.012803954654381293,1.4910388319513146,5.217758290526946,-1.5866984628810092
1530,training,0.006053122226148844,0.01626656949520111,0.012803954654381293,1.4905705147551913,5.177802176581497,-1.5790108079174525
1531,training,0.004656389355659485,0.02192204073071479,0.012803954654381293,1.4903004684080075,5.13772862843958,-1.5783138250175808
1532,training,0.0025621112436056137,0.03519519977271557,0.004516577187523596,1.4898673407503589,5.098015008072656,-1.586636020029112
1533,training,0.0012029246427118778,0.08157725539058447,0.004516577187523596,1.4891160332612396,5.057910202589838,-1.5896245760183432
1534,training,0.001860242336988449,0.15179378166794777,0.004516577187523596,1.4884490971785034,5.018028621686456,-1.5826071833454145
1535,training,0.0021218324545770884,0.1370624527335167,0.004516577187523596,1.4883070751157719,4.978207984343105,-1.5647558799502073
1536,training,0.0017839516513049603,0.14630091190338135,0.004516577187523596,1.4885266688700904,4.958215838009116,-1.5550752889683666
1537,training,0.004455697722733021,0.11500662192702295,0.004516577187523596,1.490073456288769,4.898506458801553,-1.5352382175990176
1538,training,0.002293525030836463,0.07976102177053689,0.004516577187523596,1.4917261766025214,4.8585749732175,-1.5251657804878163
1539,training,0.0015014702221378684,0.09377912804484369,0.016798383242361332,1.4935868875267835,4.818618554084107,-1.5239404021309981
1540,training,0.0026247957721352577,0.059570936486125006,0.016798383242361332,1.4954863135028953,4.77882029867309,-1.5235725402942113
1541,training,0.0014420133084058762,0.06155025213956833,0.016798383242361332,1.4973319521050854,4.738796524525194,-1.5270339830193824
1542,training,0.001433901721611619,0.05458897352218628,0.016798383242361332,1.498945253251502,4.69887167899173,-1.5349256851338908
1543,training,0.002435174770653248,0.10242973268032071,0.031698497608426975,1.500174622305408,4.658801211154467,-1.5457642493485586
1544,training,0.0020770151168107986,0.055465225130319595,0.031698497608426975,1.5006185309884668,4.638714402567174,-1.5520061551535842
1545,training,0.0037959618493914604,0.13051671348512173,0.031698497608426975,1.5012364394160735,4.57873969478043,-1.5669335860933258
1546,training,0.003040085546672344,0.09778895787894724,0.031698497608426975,1.5013524387373565,4.538624301249229,-1.5687838813784551
1547,training,0.0004698297707363963,0.17619536444544792,0.031698497608426975,1.5014208524108121,4.498664421674308,-1.5681560610159313
1548,training,0.0022280674893409014,0.1867038756608963,0.031698497608426975,1.5016469452873147,4.458743342171815,-1.5609292223121236
1549,training,0.0012344149872660637,0.20852806046605113,0.0439430934122696,1.5022207274642663,4.418818874447194,-1.552106366481495
1550,training,0.0033212078269571066,0.19843944907188416,0.0439430934122696,1.5031770057792047,4.378975216095828,-1.5414880564412758
1551,training,0.002254720311611891,0.18893403187394142,0.0439430934122696,1.5045541990376496,4.3390147226003295,-1.531760505608363
1552,training,0.00411786837503314,0.18870015908032656,0.0439430934122696,1.5062444008150582,4.299107936293171,-1.5258117791823886
1553,training,0.003342920681461692,0.1102898083627224,0.0439430934122696,1.5081482278833267,4.259332536388785,-1.5213055360818457
1554,training,0.004543150309473276,0.09150568209588529,0.0439430934122696,1.5091413886972767,4.239323738662009,-1.5217085440735667
1555,training,0.000772481900639832,0.10518051683902743,0.0439430934122696,1.5119558397902078,4.179470456755213,-1.526000358776629
1556,training,0.0016194706549867988,0.08056575991213323,0.06589864725148713,1.5136890624617096,4.139475233554669,-1.5292030174433915
1557,training,0.0018319140654057264,0.09679442644119264,0.06589864725148713,1.515255677705346,4.099451171806481,-1.534782022571755
1558,training,0.0006923009059391916,0.08839947730302809,0.06589864725148713,1.5159527809130828,4.079567591604738,-1.5369330564804329
1559,training,0.0011358368210494518,0.0892770830541849,0.06589864725148713,1.517766785297973,4.019495721762867,-1.545226385790254
1560,training,0.0030654212459921837,0.09218948334455492,0.06589864725148713,1.5186421273754596,3.97957775651769,-1.5518269861469005
1561,training,0.0012746178545057774,0.11105115152895449,0.08704198536185333,1.51931844970133,3.9395783202648604,-1.5558228250143133
1562,training,0.0018652251455932856,0.13157967105507848,0.08704198536185333,1.519869752331108,3.899493264289344,-1.5583655591119576
1563,training,0.0024615242145955563,0.16887617856264114,0.08704198536185333,1.5203929924594293,3.859607465824167,-1.5561462695032573
1564,training,0.012609941884875298,0.2569117099046707,0.08704198536185333,1.5211103630755494,3.81959532787466,-1.5495811738965521
1565,training,0.0006990361725911498,0.2386266402900219,0.08704198536185333,1.52208065239539,3.7796891990821337,-1.5434894074546972
1566,training,0.0026083257980644703,0.27151473984122276,0.08704198536185333,1.5233491098364693,3.739834147290349,-1.5340657000757456
1567,training,0.001208051573485136,0.11478127166628836,0.04552313786507767,1.524129459135451,3.7198343880825786,-1.529702528973339
1568,training,0.002223867690190673,0.14576359465718272,0.04552313786507767,1.526834756130282,3.6600552562826754,-1.5225704162781293
1569,training,0.001709102070890367,0.11196719110012054,0.04552313786507767,1.5288151811595565,3.6201088536733197,-1.5213308075071712
1570,training,0.0015772248152643442,0.12997034750878808,0.04552313786507767,1.5307235401396349,3.5801128377409457,-1.5258821757710224
1571,training,0.00349671789444983,0.12426298391073942,0.04552313786507767,1.532455919716711,3.5402693048941285,-1.5290902529428692
1572,training,0.0002319894265383482,0.07371033728122711,0.04552313786507767,1.5340690108135078,3.5002205713631467,-1.532292316353976
1573,training,0.0018527485663071275,0.11293357796967032,0.057274218962677675,1.5355685221298494,3.460342059218074,-1.5331753389698282
1574,training,0.0029351324774324894,0.05228023696690798,0.057274218962677675,1.5370482167591704,3.420374254202229,-1.5348066680613013
1575,training,0.002197863068431616,0.06527060642838478,0.057274218962677675,1.5384365150472594,3.3803392500658536,-1.5381304119652741
1576,training,0.0008338632760569453,0.07410011533647776,0.057274218962677675,1.5396840027584757,3.3404860860571786,-1.540928741507248
1577,training,0.003472840180620551,0.09306894056499004,0.057274218962677675,1.5408777205894035,3.3004346146469516,-1.5412796803713218
1578,training,0.0011787611292675138,0.09021530114114285,0.057274218962677675,1.5420853583914929,3.2605208108122814,-1.5387929055795364
1579,training,0.002780322916805744,0.12609990034252405,0.06457184394219556,1.5434905601881557,3.2206802506954872,-1.5323561749015786
1580,training,0.002292589284479618,0.1238679438829422,0.06457184394219556,1.5450205557090895,3.180647425341803,-1.5342820107062756
1581,training,0.0017161897849291563,0.12098269164562225,0.06457184394219556,1.546414467577292,3.140831644035016,-1.5377351117088007
1582,training,0.0018944769399240613,0.1181330680847168,0.06457184394219556,1.5476182376485388,3.1007720522758278,-1.5440783145233397
1583,training,0.001153871649876237,0.12099466845393181,0.06457184394219556,1.548528451265562,3.0607123207621187,-1.5522615998159852
1584,training,0.0008017780492082238,0.12375601753592488,0.06457184394219556,1.5491600767310607,3.0208312892297413,-1.5577673692377516
1585,training,0.0013574836775660515,0.10669586062431338,0.07203678801156858,1.549595763768381,2.9806953668874714,-1.5625304716044528
1586,training,0.00042937774560414255,0.07033318094909191,0.07203678801156858,1.5498222929056615,2.9408041948880737,-1.567167161272471
1587,training,0.0018777602817863226,0.12279978021979332,0.07203678801156858,1.549898373894884,2.900784258742266,-1.5708955652792331
1588,training,0.0033343967515975237,0.10209926590323448,0.07203678801156858,1.5498056480705285,2.8606832757175917,-1.5756265986106808
1589,training,0.00596648920327425,0.09579927846789363,0.07203678801156858,1.5495478599653734,2.820856391391482,-1.5794868296403208
1590,training,0.0011379843344911933,0.07411313429474832,0.0727806111449418,1.5491023975723035,2.78072247051571,-1.584856607165605
1591,training,0.003996125888079405,0.09053244814276695,0.0727806111449418,1.5483942948451976,2.740770596561092,-1.5922668000523363
1592,training,0.005958767607808113,0.01843266189098358,0.0727806111449418,1.5474113624771284,2.700804203626678,-1.598621767971301
1593,training,0.0024394539650529623,0.06518040597438814,0.0727806111449418,1.5461539826092425,2.6606450423991905,-1.6060602505043513
1594,training,0.0018746444256976247,0.04102330282330513,0.0727806111449418,1.544586356340106,2.620768349542362,-1.6143077927933005
1595,training,0.0013689991319552064,0.03621746227145195,0.06616658790030656,1.5426501443448823,2.580681050685506,-1.6246507355049213
1596,training,0.0032064300030469894,0.050935648381710046,0.06616658790030656,1.540226076471983,2.5406102404409694,-1.6390587940752892
1597,training,0.008288339711725712,0.02943828515708447,0.06616658790030656,1.5371681236759653,2.500727038489241,-1.6559068861686967
1598,training,0.0022598442155867815,0.029008768498897552,0.06616658790030656,1.535397905066542,2.4807017817793344,-1.661928254757814
1599,training,0.002005803631618619,0.038251528050750494,0.06616658790030656,1.5294879630632372,2.420959574455398,-1.6749633991793433
1600,training,0.0015421595890074968,0.04675598442554474,0.06616658790030656,1.525209922517135,2.381141302826411,-1.6810333386033112
1601,training,0.0016800109297037125,0.08669084869325161,0.06616658790030656,1.5206707443258383,2.3412761336641466,-1.6876491866844248
1602,training,0.0031102995853871107,0.12502548471093178,0.04940463331505144,1.5158204177423833,2.3016649342614155,-1.6985466541370078
1603,training,0.002917184494435787,0.1479317769408226,0.04940463331505144,1.5104302527288602,2.2617926782688618,-1.7136409634511791
1604,training,0.0007638115203008056,0.16089273244142532,0.04940463331505144,1.5043634057048665,2.2222579290933373,-1.7335010424913315
1605,training,0.003511600662022829,0.12075260281562807,0.04940463331505144,1.4974855484057166,2.182765740072461,-1.7515185189867264
1606,training,0.0016683426219969988,0.16375012695789337,0.04940463331505144,1.4900780933615407,2.143315164251576,-1.7599324703083263
1607,training,0.0004391825059428811,0.15532565303146842,0.04940463331505144,1.4824225633767383,2.1041854275302416,-1.7689223752496839
1608,training,0.0015421444550156593,0.18470089230686426,0.01739709015687903,1.4743723817698975,2.064892790687517,-1.7762797149095495
1609,training,0.0023894086480140686,0.19121185969561338,0.01739709015687903,1.466161525025849,2.025765080234994,-1.7790045205075775
1610,training,0.005357684567570686,0.2204982880502939,0.01739709015687903,1.462037368547242,2.006329485011223,-1.7808985932496846
1611,training,0.0014696080470457673,0.2518419111147523,0.01739709015687903,1.449407531495055,1.9476131299954658,-1.7843737701851592
1612,training,0.0033743628300726414,0.2932403115555644,0.01739709015687903,1.4409332599629676,1.908676380720231,-1.7869258020769911
1613,training,0.003996654879301786,0.28828004468232393,0.02798531312227228,1.4322842776763083,1.8695872280799066,-1.790409753057127
1614,training,0.0021355929784476757,0.28843308333307505,0.02798531312227228,1.4235493747615688,1.8305514833432062,-1.7910025281488702
1615,training,0.0015597008168697357,0.2796028293669224,0.02798531312227228,1.4148709851117591,1.7917207560020487,-1.790708948423269
1616,training,0.0067627914249897,0.2838153466582299,0.02798531312227228,1.406197848544209,1.7526261834379628,-1.7866302976276527
1617,training,0.0011253008851781487,0.31021722778677935,0.02798531312227228,1.3978583774221895,1.7137195293609833,-1.7783532352690268
1618,training,0.005455962382256985,0.29274533689022064,0.02798531312227228,1.3897857748511278,1.6746381608081289,-1.7696169938327353
1619,training,0.0012049493379890919,0.3190328478813172,0.062099783769510496,1.3821370568076512,1.6353898107674212,-1.7562740072980487
1620,training,0.0016550114378333092,0.3119311891496181,0.062099783769510496,1.3750714949842286,1.5963048015588344,-1.7439167394366883
1621,training,0.0027222619391977787,0.3550768904387951,0.062099783769510496,1.3684052342273467,1.5568536174883496,-1.7322525561358861
1622,training,0.00034842235618270934,0.3576582297682762,0.062099783769510496,1.3621874404450856,1.517533188965051,-1.72533982868142
1623,training,0.0025134733878076077,0.34413362294435496,0.062099783769510496,1.3560839732849301,1.478087890549919,-1.7242956138199579
1624,training,0.0018442728323861957,0.330930957570672,0.062099783769510496,1.3499211835360203,1.4384241959596937,-1.7260178000175013
1625,training,0.003178264247253537,0.34139723889529705,0.062099783769510496,1.346834532609284,1.4187321094522511,-1.7276134166614907
1626,training,0.0015798753593116999,0.2812893930822611,0.09607923838339275,1.337236422108714,1.3595162729664367,-1.7357212906082884
1627,training,0.005641066934913397,0.29183170944452286,0.09607923838339275,1.330578061563108,1.3200157636405025,-1.7399077051529046
1628,training,0.002940587466582656,0.2914723828434944,0.09607923838339275,1.3238151882122433,1.2807721122584395,-1.7423740931133749
1629,training,0.00027037045219913125,0.2582446783781052,0.09607923838339275,1.3169822235815432,1.2412570351244585,-1.7402746170170014
1630,training,0.005181783810257912,0.2688484191894532,0.09607923838339275,1.3104314584470238,1.2020833966727604,-1.732192654189935
1631,training,0.005054573528468609,0.27448491752147675,0.17460706622399896,1.304262825349877,1.1626818613564425,-1.71890050228036
1632,training,0.0037433416582643986,0.32787406444549566,0.17460706622399896,1.2990935139511097,1.12305862287518,-1.6675483239681483
1633,training,0.001976629951968789,0.6411633901298047,0.17460706622399896,1.2967891114278487,1.0839976650358358,-1.5903610586422763
1634,training,0.010530732572078705,0.6297407224774361,0.17460706622399896,1.2978474585979412,1.0450493175563096,-1.4824535362056022
1635,training,0.0005516979144886136,0.8360468493774532,0.23525141451418868,1.3038745755972665,1.0067216870882219,-1.3467047275494826
1636,training,0.0006788808386772871,0.7906817682087423,0.012704580835675874,1.3154267965805893,0.9698537315886226,-1.1834201190709857
1637,training,0.0006986098014749587,0.7008977532386781,0.012704580835675874,1.3308772678295464,0.9380853190266689,-1.0745301652238775
1638,training,0.0013766787014901638,0.4148763865232468,0.012704580835675874,1.3493202821157904,0.9044927763486478,-1.0731035059658716
1639,training,0.0020742102060467005,0.44273102283477783,0.012704580835675874,1.3588261151359573,0.8868591542670257,-1.0803934719141388
1640,training,0.002060761209577322,0.32481759786605835,0.012704580835675874,1.385964635345643,0.8330708711556764,-1.129557486096088
1641,training,0.0018741079838946462,0.3087603226304054,0.012704580835675874,1.394421655289989,0.8147455278487209,-1.1479576724241978
1642,training,0.003035488771274686,0.2936319261789322,0.1371568667249201,1.4175856975475702,0.7591411718330977,-1.2035678722182361
1643,training,0.0017288445960730314,0.606385737657547,0.1371568667249201,1.431636450576835,0.7216130341718614,-1.2057865831229562
1644,training,0.0010863179340958595,0.5401141047477722,0.1371568667249201,1.446395367449672,0.6850705259664229,-1.153390614907864
1645,training,0.013429639860987663,0.8880285993218423,0.1371568667249201,1.4637782479490569,0.6501846404753169,-1.0659324773204226
1646,training,0.049099769443273544,0.9692312926054001,0.21178554029188507,1.4838503336270121,0.6180387721841412,-0.943562690412379
1647,training,0.0006214604945853353,0.7875760942697526,0.21178554029188507,1.5088758767915729,0.5885919726097434,-0.7863955524678088
1648,training,0.00784962996840477,0.7207829803228378,0.2338841355891709,1.5381751995501596,0.5632772778088198,-0.6414575265749471
1649,training,0.0007263025036081672,0.6264941357076168,0.2338841355891709,1.5708336614094942,0.5422100107079766,-0.5054253728557974
1650,training,0.0025492224376648664,0.44604884833097463,0.24629167930398965,1.605593644909595,0.5256593115613073,-0.38634759823101983
1651,training,0.0005702713970094919,0.308229185640812,0.24629167930398965,1.6425471655011792,0.5129201360048962,-0.2828490344518442
1652,training,0.0013404779601842165,0.25897799432277685,0.24629167930398965,1.680754918896526,0.5035578783443195,-0.20009683266603126
1653,training,0.0006842371658422053,0.1387350708246231,0.24629167930398965,1.7196630687637484,0.49714692678819034,-0.1268130733925563
1654,training,0.002003022935241461,0.08357320725917816,0.24205148187707373,1.7391225682918479,0.4950195640273419,-0.09284287073653448
1655,training,0.0014674172271043062,0.10896161943674085,0.24205148187707373,1.7982213079432103,0.4920600802599047,-0.011116413728023
1656,training,0.0010978642385452986,0.06884678453207016,0.24205148187707373,1.8379258222472585,0.4925242589741903,0.033201010354443006
1657,training,0.0022723963484168053,0.08089014515280724,0.24205148187707373,1.8774332382388623,0.4945248628707047,0.06602346776100121
1658,training,0.0005556613905355334,0.18045891076326373,0.24205148187707373,1.8971931989948452,0.49596704686608617,0.07912200715071926
1659,training,0.004105200059711933,0.1518530119210482,0.20353760345260347,1.9567005196697227,0.502016487840282,0.1277322768559003
1660,training,0.00025880924658849835,0.10183110460639001,0.20353760345260347,1.995954207898866,0.507678942314952,0.15775496398044725
1661,training,0.007459776010364294,0.08402395248413086,0.20353760345260347,2.035127781844254,0.5146371023028163,0.1921716633675371
1662,training,0.0029147989116609097,0.10453187767416239,0.20353760345260347,2.0743779079349545,0.5223751114856534,0.1964346331050795
1663,training,0.00252154259942472,0.16421654587611556,0.20353760345260347,2.113451577874273,0.5301809302863476,0.19652519055527248
1664,training,0.0003280351229477674,0.22144292294979095,0.20353760345260347,2.152810050968671,0.5380029741297471,0.19623068656583245
1665,training,0.0007071802974678576,0.1683476292528212,0.13711047584204633,2.1917624451754896,0.5458664451412457,0.20404078817955767
1666,training,0.0008211314561776817,0.18012223904952407,0.13711047584204633,2.230898335452159,0.5539838626608735,0.2038810404905774
1667,training,0.0016969386488199234,0.17680783569812775,0.13711047584204633,2.2505647754646354,0.5580454885452105,0.20373065547681046
1668,training,0.0009271546732634306,0.15905776619911194,0.13711047584204633,2.3091405564360667,0.5701675778709107,0.20426845768394414
1669,training,0.006368940696120262,0.1117047630250454,0.13711047584204633,2.3483922865581617,0.5783088599269268,0.20457551314549888
1670,training,0.001470845309086144,0.08497771620750427,0.13711047584204633,2.3875776807412206,0.586355887813432,0.19893059406228197
1671,training,0.003100659931078553,0.08459629863500595,0.07906777813471404,2.4268084811740014,0.5940767303217731,0.18889678873946017
1672,training,0.002143467776477337,0.0999835953116417,0.07906777813471404,2.466413936008964,0.6013858675921275,0.17495691613428238
1673,training,0.0029971408657729626,0.08462553471326828,0.07906777813471404,2.5057579543622097,0.6080250494413177,0.1594325242444556
1674,training,0.010762125253677368,0.036554768681526184,0.07906777813471404,2.5454483600304543,0.6141176181115733,0.14523300802922556
1675,training,0.002345484681427479,0.04026497900485994,0.07906777813471404,2.585213373112822,0.6196411370611534,0.13096832112482854
1676,training,0.005944723263382912,0.052074633538723006,0.07906777813471404,2.604998199031342,0.6221661467611412,0.12330839156589583
1677,training,0.005066445097327232,0.06975645571947098,0.0355758222553827,2.6648907123641856,0.62891880097164,0.10193325128954019
1678,training,0.0004624155117198825,0.06909341737627983,0.0355758222553827,2.7047189439550796,0.6326580621184205,0.08211475538012411
1679,training,0.00038754992419853806,0.10173196718096733,0.0355758222553827,2.7448158302310874,0.6354652191516182,0.057391634631215285
1680,training,0.003605708247050643,0.106327916495502,0.0355758222553827,2.7849692266636885,0.6372696787302423,0.03230197057326883
1681,training,0.0041455733589828014,0.07731747115030885,0.0355758222553827,2.825073700634289,0.6380632149049001,0.007541043722776632
1682,training,0.0022203365806490183,0.02466200664639473,0.0355758222553827,2.865200312066516,0.6379920193460799,-0.009166325377213584
1683,training,0.0030039434786885977,0.002599865198135376,0.020448016788210586,2.9051724944064308,0.6375448976494621,-0.01109004951142693
1684,training,0.0007945334073156118,0.0016192197799682617,0.020448016788210586,2.9449657609358475,0.6371766256948248,-0.005472530533312408
1685,training,0.0017756159650161862,0.0034975074231624603,0.020448016788210586,2.9849230792890706,0.6371545461419131,0.004500472155527295
1686,training,0.003893219865858555,4.03113663196529e-05,0.020448016788210586,3.024728216332147,0.6375137142003138,0.011854890442733948
1687,training,0.0016880491748452187,0.010852290317416195,0.020448016788210586,3.0647223339963854,0.6381000375443335,0.01732060300358499
1688,training,0.001966619398444891,0.012402456253767014,0.020448016788210586,3.0847111697488563,0.6384791174083302,0.020735495331454537
1689,training,0.0024810144677758217,0.02305875427555293,0.02155886007943222,3.144569444040984,0.6399443612975105,0.02584678369421493
1690,training,0.0009740050882101059,0.028714463696815073,0.02155886007943222,3.184561206987189,0.6409404344782033,0.02318810174631624
1691,training,0.042771779000759125,0.03767377883195877,0.02155886007943222,3.2245309833191933,0.6417926622452932,0.018384456728697558
1692,training,0.003071848303079605,0.05363179324194789,0.02155886007943222,3.2645831870289417,0.6423869911077761,0.010852718371954907
1693,training,0.005034100729972124,0.04382875747978687,0.02155886007943222,3.2845314438292883,0.6425705262017274,0.007419719117619283
1694,training,0.006797231268137693,0.00894490722566843,0.02039091121720593,3.3445427037494166,0.6427044618023906,-0.0028181396097073466
1695,training,0.008912907913327217,0.034093210473656654,0.02039091121720593,3.3846093758861655,0.6425180067189781,-0.004088644566813465
1696,training,0.02956628054380417,0.031179158017039296,0.02039091121720593,3.4244837913070194,0.6425412702332036,0.006100669774634035
1697,training,0.005996316205710173,0.013999437913298607,0.02039091121720593,3.464316428570816,0.6429693961220522,0.015631896946230434
1698,training,0.0015145856887102127,0.030561763793230057,0.02039091121720593,3.5043105853103746,0.643749156876506,0.02262477616658381
1699,training,0.005396740045398474,0.04291519522666931,0.02039091121720593,3.544169896689467,0.6447819047004183,0.028490453810389758
1700,training,0.0052473233081400394,0.07823038473725319,0.02039091121720593,3.5841585305915946,0.6460403566807899,0.03530134025460802
1701,training,0.0031024201307445765,0.03468044847249985,0.02005269165177233,3.624016374289601,0.6476927304761804,0.04787729795172637
1702,training,0.0008559831185266376,0.018990550190210342,0.02005269165177233,3.6638421616807557,0.6496909741783544,0.051491049070482034
1703,training,0.0021441595163196325,0.02804701402783394,0.02005269165177233,3.7038456997052416,0.651686489337237,0.04631453155289461
1704,training,0.002605641959235072,0.005856920033693307,0.02005269165177233,3.743803738047723,0.6533457371275824,0.035269519245948726
1705,training,0.0007882067584432662,0.015795024111866954,0.02005269165177233,3.783865392749017,0.6545422221973749,0.0262121322354302
1706,training,0.00475100614130497,0.010091202333569528,0.02005269165177233,3.82385841101466,0.655539581750296,0.024430677470304352
1707,training,0.0040532979182899,0.030357198789715767,0.009713870753346022,3.863810291134722,0.6564552564445191,0.02063202473377413
1708,training,0.0037053069099783897,0.052442997228354216,0.009713870753346022,3.903870509389884,0.6571404895993959,0.013142769139326667
1709,training,0.0024521145969629288,0.046500799246132374,0.009713870753346022,3.9438937551507003,0.6574784965846289,0.0030671639923823286
1710,training,0.017685050144791603,0.008292741142213345,0.009713870753346022,3.9839560856364464,0.6573602325820924,-0.008985290606792335
1711,training,0.005376471672207117,0.039568062871694565,0.009713870753346022,4.023969354351254,0.6569502820678672,-0.010837576090190973
1712,training,0.0013001281768083572,0.05919241043739021,0.012787739455760477,4.063789313532959,0.656632604203825,-0.0035602575353506395
1713,training,0.0034929937683045864,0.02842709608376026,0.012787739455760477,4.103760095356631,0.6567008786896138,0.007170029141440676
1714,training,0.0008249161182902753,0.03363983379676938,0.012787739455760477,4.143666863558168,0.6571819442270899,0.01547212329923826
1715,training,0.0032708002254366875,0.05469993478618562,0.012787739455760477,4.183605462622526,0.6577433930785457,0.009919689414177021
1716,training,0.0018499946454539895,0.06002827733755112,0.012787739455760477,4.223649465471639,0.6579622694106115,0.00047913979085807175
1717,training,0.002247647847980261,0.03914179652929306,0.023998361457797615,4.26371354670491,0.6577751005406856,-0.010507056738103291
1718,training,0.0016487709945067763,0.03842267952859402,0.023998361457797615,4.303794963958407,0.6571190279355837,-0.020972238103333304
1719,training,0.0018464901950210333,0.03700086195021868,0.023998361457797615,4.343754522526723,0.6561695164410555,-0.026500235825652224
1720,training,0.0008565098978579044,0.014611547812819481,0.023998361457797615,4.383651133627476,0.6550409055278497,-0.030680036918059705
1721,training,0.001464699162170291,0.03110360261052847,0.023998361457797615,4.423644064232503,0.6537830477014079,-0.03144627002589749
1722,training,0.001398920314386487,0.01735367812216282,0.023998361457797615,4.443613825080484,0.653166486131667,-0.030207846510371245
1723,training,0.004657854791730642,0.010199818760156638,0.03252499872479265,4.503444232336613,0.6514396895994479,-0.027331249691369904
1724,training,0.0032608485780656338,0.0028745979070663383,0.03252499872479265,4.523434765134757,0.6509188980955749,-0.02518274602510221
1725,training,0.010445472784340382,0.0003115907311439514,0.03252499872479265,4.583212722691499,0.6497305573470513,-0.015321826949474785
1726,training,0.08003970235586166,0.018815630115568638,0.03252499872479265,4.623211173118143,0.6492197243706274,-0.010368200349225698
1727,training,0.009473892860114574,0.012403666041791443,0.03252499872479265,4.663159341786452,0.6488878728339742,-0.007549264071748151
1728,training,0.0021574264392256737,0.008131712675094603,0.03252499872479265,4.683013272620899,0.6487434978198297,-0.007515086758335575
1729,training,0.004543188493698835,0.00292384997010231,0.029579924332884276,4.743014305288679,0.6483502550346679,-0.005625133251558334
1730,training,0.0021308553405106068,0.0025323033332824707,0.029579924332884276,4.78289711048851,0.6481710089338144,-0.0043361243311858194
1731,training,0.0008545783348381519,0.0033570099622011185,0.029579924332884276,4.822896374815989,0.6480439034899487,-0.0019357627328737597
1732,training,0.0018207065295428038,0.013981063850224018,0.029579924332884276,4.862856392539423,0.6480611582277664,0.003191728814687999
1733,training,0.003946242853999138,0.014477387070655823,0.029579924332884276,4.9028087873178,0.648214756456049,0.00350609397897853
1734,training,0.0008645686903037131,0.005847410298883915,0.029579924332884276,4.922844449137875,0.6482833941394318,0.003012530935006256
1735,training,0.00483722472563386,0.009262509644031525,0.03047995641428485,4.982754061126946,0.6484332227341418,0.0019001274939529401
1736,training,0.0020747045055031776,0.009775740094482897,0.03047995641428485,5.022754508808924,0.6484827246459417,0.0006385159666211924
1737,training,0.00104369199834764,0.0013488242402672776,0.03047995641428485,5.06278071473601,0.6485632001521948,0.004674704313125804
1738,training,0.0021100742742419243,0.004047362599521875,0.03047995641428485,5.10271613263272,0.6487890101063059,0.005490976793354668
1739,training,0.0015071277739480138,0.004161331802606583,0.03047995641428485,5.1427503247758555,0.6489867338565446,0.004148265873162192
1740,training,0.002374867908656597,0.02391454391181469,0.02342072194508851,5.1826944815117555,0.6491677158576556,0.004426519798330475
1741,training,0.0006605380913242698,0.08537513992632739,0.02342072194508851,5.222636132955156,0.6493567017982381,0.006037850076130024
1742,training,0.003295056289061904,0.0895163050154224,0.02342072194508851,5.262707151338625,0.6497272214883918,0.015514737837910745
1743,training,0.01584567502140999,0.03205294243525714,0.02342072194508851,5.302398530672402,0.6507006348185931,0.03254771254158144
1744,training,0.005006266757845879,0.05434783548116684,0.02342072194508851,5.342335964337921,0.6522508440792284,0.04250795536799986
1745,training,0.002594580641016364,0.03817332722246647,0.02342072194508851,5.362210725806779,0.6531315914366791,0.045574886964854434
1746,training,0.0011956505477428436,0.025078902021050453,0.02342072194508851,5.40203619451339,0.6547201536311403,0.032808180504674586
1747,training,0.007015485782176256,0.04768434911966324,0.014082877966084326,5.462026098364265,0.6563384017267115,0.02751027459189262
1748,training,0.0007869174005463719,0.029754306189715862,0.014082877966084326,5.501899757220875,0.6575429190318033,0.03291320975727303
1749,training,0.003110812045633793,0.012802815064787865,0.014082877966084326,5.5418604068059265,0.6589299187871542,0.033957925676115344
1750,training,0.00866523664444685,0.03254174720495939,0.014082877966084326,5.581832243629823,0.6601821215973306,0.027852333562566025
1751,training,0.005736581981182098,0.07167491689324379,0.014082877966084326,5.621739611349002,0.6612953371716336,0.027738160716470096
1752,training,0.005557812284678221,0.08110224269330502,0.014082877966084326,5.661760932985553,0.6625101740075181,0.034622985635148394
1753,training,0.0035482291132211685,0.05092887952923775,0.012408200642244637,5.70159534024263,0.6641123859047424,0.045496652292711146
1754,training,0.011190790683031082,0.025363678112626076,0.012408200642244637,5.741468570840147,0.6660474110709277,0.05011783695280834
1755,training,0.001292375149205327,0.0006103217601776123,0.012408200642244637,5.781448586076768,0.6680828198361919,0.050345714184226904
1756,training,0.0011679352028295398,0.017337039113044732,0.012408200642244637,5.801416611768455,0.6690595710594538,0.0470129754694145
1757,training,0.0007636180380359292,0.028793797828257084,0.012408200642244637,5.861421347598932,0.6715178239093119,0.03554824227356502
1758,training,0.0021889451891183853,0.02685697190463543,0.012408200642244637,5.901389135239175,0.672899576025737,0.03373702147732577
1759,training,0.002205229364335537,0.016947563737630844,0.005754009472264761,5.92132886415539,0.6735624909463571,0.032154939265673026
1760,training,0.0017422647215425968,0.03518954757601023,0.005754009472264761,5.961366016339429,0.6747733270455024,0.027709243345291852
1761,training,0.0031934287399053574,0.07338811084628105,0.005754009472264761,6.021250257992553,0.6763435057319278,0.02504860080596749
1762,training,0.0028671477921307087,0.1252305880188942,0.005754009472264761,6.081229042983314,0.6778844401213154,0.029494625850814214
1763,training,0.011218700557947159,0.1289876028895378,0.005754009472264761,6.101139013411709,0.6785527705258916,0.03821369160941317
1764,training,0.004094469826668501,0.06499297730624676,0.005754009472264761,6.140817423226512,0.6804091477431103,0.054390497626270184
1765,training,0.001772085903212428,0.029829196631908417,0.006272709010876435,6.180791344053908,0.6827587564707667,0.06109280158114886
1766,training,0.0035764616914093494,0.03774613887071611,0.006272709010876435,6.220598831198718,0.6852386114689557,0.059285450643905065
1767,training,0.0007841690094210207,0.05949925258755685,0.006272709010876435,6.260556057028882,0.6874287263394623,0.050080245100879404
1768,training,0.001021308358758688,0.04332651384174824,0.006272709010876435,6.300529576037028,0.6893437206543465,0.04723756167092279
1769,training,0.005431216210126877,0.06867798417806625,0.006272709010876435,6.3403923018652,0.6912042375045968,0.04536448248347072
1770,training,0.003028313396498561,0.06798520404845476,0.006272709010876435,6.380411075847152,0.6929976863388593,0.04453004170003866
1771,training,0.0013733847299590707,0.05988001637160778,0.020055827876728483,6.420276293153776,0.6948115276507291,0.04578856559810539
1772,training,0.0010776622220873833,0.04530320316553116,0.020055827876728483,6.460155204419431,0.6966344182440577,0.045229100549009284
1773,training,0.04214685410261154,0.02367550879716873,0.020055827876728483,6.5001513888430225,0.698373252903999,0.04106538767039599
1774,training,0.007131659891456366,0.020879916846752167,0.020055827876728483,6.5401107190084575,0.6998904661025342,0.03321734059741224
1775,training,0.0009807547321543097,0.0609158929437399,0.020055827876728483,6.580187638461344,0.7010098551954314,0.02285271046645515
1776,training,0.004962768871337175,0.13033060729503632,0.027224385736082855,6.6200843944529915,0.7019242589026982,0.023711552280360274
1777,training,0.003092819359153509,0.10464299097657204,0.027224385736082855,6.659946649957647,0.7029325163741856,0.027227249187588513
1778,training,0.004770289175212383,0.09356016293168068,0.027224385736082855,6.699943338317849,0.7041085704292499,0.031720782483160244
1779,training,0.001517249969765544,0.07430535554885867,0.027224385736082855,6.719868224654778,0.7047642615827194,0.032670092813303
1780,training,0.006730471272021532,0.061950162053108215,0.027224385736082855,6.779848055820467,0.706471943646739,0.02238500216865669
1781,training,0.0009128801175393164,0.04467447102069855,0.027224385736082855,6.819875425161059,0.7071929939010757,0.013359764362640148
1782,training,0.0016461970517411828,0.028928533196449294,0.0317088233121824,6.859921718725592,0.7074947341538266,0.0009299039818151883
1783,training,0.003975512459874153,0.008995994925498962,0.0317088233121824,6.900045172408898,0.7072345773547934,-0.013998543406374492
1784,training,0.004672463051974773,0.00901705026626587,0.0317088233121824,6.940089893860444,0.7064030076732897,-0.027945267656487877
1785,training,0.00152522511780262,0.04551814403384924,0.0317088233121824,6.980179203439529,0.704975041450354,-0.04338744936965746
1786,training,0.001482205931097269,0.09265458956360817,0.0317088233121824,7.020234188713674,0.7030639068484434,-0.04961208718574678
1787,training,0.001674085040576756,0.04774007946252823,0.027537540263569697,7.0601435162327615,0.7011288388145713,-0.046644330816780946
1788,training,0.0010270149214193225,0.07462514936923981,0.027537540263569697,7.1000403058836055,0.69934544377331,-0.0422900298116057
1789,training,0.005510586313903332,0.0676850713789463,0.027537540263569697,7.139922045976166,0.6978097576156458,-0.03449914070405832
1790,training,0.006485434714704752,0.08251159638166428,0.027537540263569697,7.179758994758005,0.696563850506718,-0.028936742685195953
1791,training,0.0011791863944381475,0.07994521781802177,0.027537540263569697,7.199746734315097,0.6960161244429673,-0.026107261985443435
1792,training,0.001500719808973372,0.07356669008731842,0.031382327546094047,7.259608151514212,0.6948080813151205,-0.014658844121971253
1793,training,0.003143761772662401,0.051129280589520924,0.031382327546094047,7.279496141089859,0.6945417764089339,-0.012257777664289423
1794,training,0.001022077165544033,0.023849569261074066,0.031382327546094047,7.33949757134544,0.6939078359408208,-0.010774044097932858
1795,training,0.0052339243702590466,0.011388085782527924,0.031382327546094047,7.379500722162465,0.6933846509266698,-0.017276566346614203
1796,training,0.0004509545397013426,0.03695749118924141,0.031382327546094047,7.419530700842715,0.6925222868550442,-0.025279415696599524
1797,training,0.0014280385803431273,0.05360227823257446,0.031382327546094047,7.459512337248004,0.6914410828084183,-0.027347370276846607
1798,training,0.002145548351109028,0.1299293339252472,0.031382327546094047,7.479394191284123,0.6908979194466998,-0.028032744171526378
1799,training,0.0025258660316467285,0.12874996475875378,0.040128818451702374,7.539321933248556,0.6893678937248663,-0.021399304765619506
1800,training,0.004309609532356262,0.053313883021473885,0.040128818451702374,7.579162420702941,0.6886556861866371,-0.015629046090664737
1801,training,0.005507241003215313,0.08979304041713476,0.040128818451702374,7.61915141989744,0.6880983265582884,-0.012962321217328644
1802,training,0.0028028408996760845,0.02319134771823883,0.040128818451702374,7.659105813858185,0.6875858483851868,-0.013293656582383413
1803,training,0.00787971168756485,0.0853682793676853,0.040128818451702374,7.699061237535015,0.6869753130567905,-0.01919486941503831
1804,training,0.0013744599418714643,0.08853358868509531,0.04995081820405363,7.719104012742494,0.6865518610471697,-0.02270246884312361
1805,training,0.0010901332134380937,0.0643536364659667,0.04995081820405363,7.779070159743893,0.6850476413335076,-0.027250358428059816
1806,training,0.002112911082804203,0.08352190628647804,0.04995081820405363,7.798990197475188,0.6844901424384541,-0.02877038624413457
1807,training,0.004761151038110256,0.07705884799361229,0.04995081820405363,7.858964522181766,0.6828234244836853,-0.024112698666847225
1808,training,0.00195006572175771,0.0769926905632019,0.04995081820405363,7.898794142791291,0.6819731041872322,-0.019429922798999674
1809,training,0.0018114957492798567,0.06054459046572447,0.04995081820405363,7.938796668017811,0.6812735381569651,-0.01596663477899594
1810,training,0.0019641551189124584,0.053398242220282555,0.04131598656097609,7.978749246951186,0.6806943917465365,-0.01420817185588209
1811,training,0.004071762785315514,0.05907716229557991,0.04131598656097609,8.018654662261582,0.6800806045245517,-0.017419122266025044
1812,training,0.001347536570392549,0.06944585125893354,0.04131598656097609,8.058649186594195,0.6793564190851935,-0.018194493274287432
1813,training,0.00036141290911473334,0.07171784061938524,0.04131598656097609,8.098522705222548,0.6786658384200283,-0.017187470065086433
1814,training,0.0016106783878058195,0.056097660213708864,0.03236982075312665,8.138525632475563,0.6780061976454171,-0.015941815318574696
1815,training,0.0069106523878872395,0.011972153559327122,0.03236982075312665,8.178487965378746,0.6774222704585918,-0.013656748651135146
1816,training,0.0034403325989842415,0.04480579029768706,0.03236982075312665,8.218434697446254,0.6768355031243329,-0.016687869940488414
1817,training,0.0012904051691293716,0.031877338886260986,0.03236982075312665,8.25846672161027,0.6761071315548918,-0.019577979056904574
1818,training,0.0020929372403770685,0.04232438374310732,0.03236982075312665,8.298401474120794,0.6752997846870398,-0.021608504235319164
1819,training,0.001297144452109933,0.03847671952098608,0.03236982075312665,8.338382989773125,0.6743789721790259,-0.024395855637575587
1820,training,0.0017486611614003778,0.03692462760955095,0.03236982075312665,8.378357593805015,0.6733923698198351,-0.025077285522142674
1821,training,0.0011097874958068132,0.039372025988996036,0.02589736254229448,8.418245345621322,0.6723730535090011,-0.026977818726203067
1822,training,0.0034516029991209507,0.040169135667383664,0.02589736254229448,8.438259327543404,0.6718239172790322,-0.027843193404414178
1823,training,0.0016556528862565756,0.04551040660589933,0.02589736254229448,8.498214791706701,0.6701844327878733,-0.02643132341742922
1824,training,0.0019753642845898867,0.03387985099107027,0.02589736254229448,8.538097405881544,0.6691211294043964,-0.02708478691925607
1825,training,0.0037732103373855352,0.03789217956364155,0.02589736254229448,8.578068857938684,0.6680662365180061,-0.025285854836348872
1826,training,0.0018319059163331985,0.05756686255335807,0.02589736254229448,8.617936082612074,0.6671170907913642,-0.023475894214125256
1827,training,0.001569547806866467,0.0514533855021,0.01286345638099559,8.65793210230555,0.6662183519881326,-0.02146032956347721
1828,training,0.0025376277044415474,0.053570129908621304,0.01286345638099559,8.697874385897864,0.6654442560235803,-0.017245627525668526
1829,training,0.0011977849062532187,0.04483235441148281,0.01286345638099559,8.737743306248374,0.6647945426561851,-0.016218812244345744
1830,training,0.0047231451608240604,0.033115570433437824,0.01286345638099559,8.777758053087814,0.6641527346926022,-0.01589722507101533
1831,training,0.002202167408540845,0.039971658028662205,0.01286345638099559,8.81765498161855,0.6635361811070796,-0.01639387164915622
1832,training,0.002181082032620907,0.02231087163090706,0.016308922359092516,8.857642282490742,0.6628730252834694,-0.01655068068928407
1833,training,0.0011893401388078928,0.03736083023250102,0.016308922359092516,8.897620249921568,0.6622431425623609,-0.015395366913745446
1834,training,0.0008013152983039618,0.03934402205049992,0.016308922359092516,8.937517551269355,0.6616183534116614,-0.01707913853627362
1835,training,0.00130447035189718,0.05592764634639025,0.016308922359092516,8.977549389108546,0.6609185773786139,-0.01746116505048706
1836,training,0.005611952859908342,0.045184629969298847,0.016308922359092516,9.017489536552597,0.6602747796070154,-0.014938536698938387
1837,training,0.0014773994917050004,0.03249439317733049,0.016308922359092516,9.057378091299006,0.6596952639927958,-0.014454094949466477
1838,training,0.001261566998437047,0.00936151761561632,0.024603029340992677,9.097376019570687,0.6591306957059043,-0.014049614848382158
1839,training,0.0018966103671118617,0.039056959562003606,0.024603029340992677,9.137262297121309,0.6585748615512399,-0.01494633422684616
1840,training,0.009836585260927677,0.03983957692980766,0.024603029340992677,9.157263037501428,0.6582698153246765,-0.015735661837783722
1841,training,0.0008265750366263092,0.04260176792740822,0.024603029340992677,9.217256645543086,0.6573538888658342,-0.013686299998903981
1842,training,0.00022514673764817417,0.027280662208795544,0.024603029340992677,9.257076972855842,0.6568463381614831,-0.012032412170464477
1843,training,0.0026316565927118063,0.0454208655282855,0.024603029340992677,9.29709242170682,0.6564069026607485,-0.009874125628981661
1844,training,0.0013910927809774876,0.029466297943145037,0.024603029340992677,9.336938854056708,0.6560849068631711,-0.007574801033547301
1845,training,0.0012307914439588785,0.057178601622581475,0.022688314423481057,9.376925821091618,0.6558354604729268,-0.004589480140713291
1846,training,0.0005926296580582857,0.03405711334198713,0.022688314423481057,9.416894451758738,0.6557413279863809,-0.00021799468714434997
1847,training,0.001010043197311461,0.028076833114027977,0.022688314423481057,9.4567450935188,0.6557791752782138,0.0005092419997607445
1848,training,0.0014712752308696508,0.03793885372579098,0.022688314423481057,9.496758176869603,0.655766134845477,-0.0013695357593164015
1849,training,0.0006707858992740512,0.057963840663433075,0.022688314423481057,9.536713230022622,0.655714191890984,-0.0015421349808112867
1850,training,0.001275954069569707,0.06671564467251301,0.022688314423481057,9.576674327657724,0.6556719703863187,-0.00017919058660425372
1851,training,0.004169857129454613,0.05217379797250032,0.013603375894120834,9.616681199345788,0.6557355784805298,0.003912440019069497
1852,training,0.0012996930163353682,0.04101146850734949,0.013603375894120834,9.656555955953683,0.6559614210516151,0.006149221496300091
1853,training,0.001517847995273769,0.03555428236722947,0.013603375894120834,9.696594026271464,0.6562221182925677,0.0059748937342564154
1854,training,0.002527892589569092,0.0328915324062109,0.013603375894120834,9.736504650778805,0.6564502197235621,0.0045837988966124805
1855,training,0.0029861663933843374,0.03048863261938095,0.013603375894120834,9.776479145828203,0.656559956698824,0.0004107866906804086
1856,training,0.0005510688642971218,0.04337461199611425,0.013603375894120834,9.816477611659419,0.6565120584221371,-0.002371930180816887
1857,training,0.002195739885792136,0.055080113932490356,0.005480598233631873,9.856399450474862,0.6564303057173386,-0.0024598142274759273
1858,training,0.0023513990454375744,0.024571086280047894,0.005480598233631873,9.876379572565439,0.6563803749195798,-0.002628368246786617
1859,training,0.001101232599467039,0.007004742044955492,0.005480598233631873,9.936377715997866,0.6563555505531755,0.0019935907636695074
1860,training,0.0018028904451057315,0.0009684953838586807,0.005480598233631873,9.976302418446222,0.6564518094154285,0.0019795870455169627
1861,training,0.0005560097633861005,0.013759909197688103,0.005480598233631873,10.01631853474366,0.6565281130688757,0.001904012911509278
1862,training,0.0020027111750096083,0.016106137190945446,0.005480598233631873,10.056212039102501,0.6566492496313597,0.003839934182676496
1863,training,0.0008994881645776331,0.02115178108215332,0.0056262357507089284,10.096175676510473,0.656849787388569,0.005962424157110557
1864,training,0.005701402667909861,0.004947394132614136,0.0056262357507089284,10.136184172583214,0.6571622493984772,0.01025850387668658
1865,training,0.0013523976085707545,0.01697394112125039,0.0056262357507089284,10.176146378518041,0.6576218731538129,0.010942888207486063
1866,training,0.004147891886532307,0.006069990340620279,0.0056262357507089284,10.21622349746755,0.6579625463896146,0.006028226177093603
1867,training,0.014515316113829613,0.048304458148777485,0.0056262357507089284,10.256162972252463,0.6582017983986036,0.005431887992013844
1868,training,0.0015866868197917938,0.0573208280839026,0.011524260727154397,10.296080107804162,0.6584363292725206,0.008355760220845231
1869,training,0.0032333896961063147,0.028056400828063488,0.011524260727154397,10.336077900346012,0.65894940107971,0.01817514866575005
1870,training,0.0012541082687675953,0.009749099612236025,0.011524260727154397,10.375959685212106,0.6597987520203302,0.02307657501766061
1871,training,0.001714791520498693,0.028582256287336353,0.011524260727154397,10.415988467099734,0.6607252620863432,0.02101932358746376
1872,training,0.0014827698469161987,0.021941842511296272,0.011524260727154397,10.455886191576974,0.6614469559302759,0.01381059712060862
1873,training,0.002711142413318157,0.01004159264266491,0.00982967634268205,10.49587901702545,0.6618160017268326,0.004502791974762624
1874,training,0.001841328339651227,0.040515783708542585,0.00982967634268205,10.535897357527176,0.6618571153718323,-0.0013427096762082438
1875,training,0.0021761776879429817,0.05889251083135605,0.00982967634268205,10.57592781969386,0.6616960897115693,-0.008168393171823652
1876,training,0.011893235146999359,0.030413370113819838,0.00982967634268205,10.6160040273442,0.6611346237596927,-0.020354202334859524
1877,training,0.002744750352576375,0.00433317385613918,0.00982967634268205,10.655981891605059,0.6601895583285559,-0.026713023164427026
1878,training,0.002490822458639741,0.033044490963220596,0.00982967634268205,10.695677053191377,0.659051288694609,-0.029170131335234037
1879,training,0.00826309248805046,0.042861186899244785,0.007393543082279447,10.735645839991781,0.6580353817524734,-0.021358592920195926
1880,training,0.001690477249212563,0.04353637155145407,0.007393543082279447,10.775522038948237,0.6574241485542963,-0.009238312284876414
1881,training,0.00510581536218524,0.03395666182041168,0.007393543082279447,10.795387568238684,0.6572863411609275,-0.00488189624460741
1882,training,0.0002684829814825207,0.009339842014014721,0.007393543082279447,10.835376251821577,0.6572633096115608,0.0028854392831189728
1883,training,0.0010720615973696113,0.01593947969377041,0.007393543082279447,10.895249036849371,0.6576983126727506,0.009108541933045331
1884,training,0.0008382942760363221,0.003803516272455454,0.007393543082279447,10.935273175789725,0.6580804424910015,0.009670296232715469
1885,training,0.0018307545688003302,0.00502078008139506,0.012716713297383032,10.97520535424366,0.6585052041470902,0.011254296551735314
1886,training,0.002119532087817788,0.006126531399786472,0.012716713297383032,11.015134010029895,0.6589645726922553,0.01124005895153362
1887,training,0.001437008148059249,0.013302313163876534,0.012716713297383032,11.055119240612072,0.6594104683645013,0.01132816885439001
1888,training,0.0012560461182147264,0.01950873527675867,0.012716713297383032,11.095089044821437,0.6598174885230569,0.00803152452649562
1889,training,0.0022739102132618427,0.0224844521144405,0.012716713297383032,11.135128496582517,0.6600276103172212,0.0021585652473958845
1890,training,0.0017589329509064555,0.013829587551299483,0.018795374514004426,11.175084674028678,0.660045672705531,-0.0011869236439618655
1891,training,0.0024525539483875036,0.01152261858806014,0.018795374514004426,11.215035829824217,0.659936320998157,-0.004727532107678082
1892,training,0.0008002518443390727,0.0038727233186364174,0.018795374514004426,11.255096854688778,0.6597197830892549,-0.005354151604805669
1893,training,0.00019384543702472,0.00021067634224891663,0.018795374514004426,11.295033510507254,0.6595512382673374,-0.0037916274147265336
1894,training,0.011509118601679802,0.004111975431442261,0.018795374514004426,11.334970436776398,0.6593936049519193,-0.004603489762194968
1895,training,0.004656045697629452,0.012015944346785545,0.018795374514004426,11.374996514749904,0.6592156891157005,-0.0038706735846977974
1896,training,0.0017566459719091654,0.0225757397711277,0.018795374514004426,11.394971445003105,0.6591518230323187,-0.002951925516167177
1897,training,0.001706174691207707,0.009611573594156653,0.022090463435170814,11.434824588644988,0.6590625465299229,-0.00110253180740149
1898,training,0.003102971473708749,0.009150865953415632,0.022090463435170814,11.494802192217437,0.6591620431692298,0.0038153650958379997
1899,training,0.00326358899474144,0.02068428648635745,0.022090463435170814,11.53471134774165,0.6593293438644687,0.0040623025348114185
1900,training,0.0012527047656476498,0.02093753218650818,0.022090463435170814,11.554748789997065,0.6594164030893576,0.004755755326265928
1901,training,0.0007688144687563181,0.02320374920964241,0.022090463435170814,11.614616856266913,0.6598969276488892,0.010851140681730244
1902,training,0.0006414263043552637,0.01086927903816104,0.022090463435170814,11.634574102470076,0.6601288236357766,0.012147136872011976
1903,training,0.0037991288118064404,0.006678656674921513,0.03236302138957281,11.694568446178572,0.6608519751149101,0.010668072043867974
1904,training,0.0008775047026574612,0.002370834816247225,0.03236302138957281,11.734514739037513,0.6612361103568922,0.007916316640024911
1905,training,0.0022788243368268013,0.00995025597512722,0.03236302138957281,11.774546625440175,0.6615369361301079,0.007450973261381526
1906,training,0.00397806940600276,0.01279175141826272,0.03236302138957281,11.814488469202447,0.6618585790664353,0.008031075890819637
1907,training,0.000918727193493396,0.009716775268316269,0.03236302138957281,11.854476918583822,0.6621270157982447,0.0046704767502613945
1908,training,0.022894568741321564,0.010409095324575901,0.03236302138957281,11.894447965807885,0.662252866850753,0.0016930733031336684
1909,training,0.0014696628786623478,0.0057480111718177795,0.03451929523266723,11.93442503158378,0.6622561972364704,-0.0023075126925664
1910,training,0.0041129449382424355,0.004646234796382487,0.03451929523266723,11.974485198607814,0.6620691895109442,-0.006486833982502773
1911,training,0.0037606137339025736,0.019476295568438218,0.03451929523266723,12.014433609628275,0.6617992587763571,-0.007247581080782681
1912,training,0.0017032548785209656,0.008031963370740414,0.03451929523266723,12.0544077785352,0.661435286157985,-0.01165696350414673
1913,training,0.0021615121513605118,0.014987333677709103,0.03451929523266723,12.094448476757591,0.6609145789247223,-0.013841626906934065
1914,training,0.0022718890104442835,0.011359548196196556,0.03469449578998947,12.134313860819484,0.6604047043214301,-0.012113408085847911
1915,training,0.0026118382811546326,0.010298055596649647,0.03469449578998947,12.174297322253317,0.659978658233553,-0.00897498704099564
1916,training,0.002295398386195302,0.012989822775125504,0.03469449578998947,12.214269346171553,0.6597078002727743,-0.005069935327026668
1917,training,0.005572221707552671,0.01748441532254219,0.03469449578998947,12.254102369161116,0.6595462377242566,-0.003771525978654635
1918,training,0.005192819982767105,0.008576104417443275,0.03469449578998947,12.294142932266741,0.6594508092267263,-0.0008447906877323637
1919,training,0.0007547072018496692,0.025210298597812653,0.03066394149083069,12.334035809460374,0.6595026485702701,0.002154213661396558
1920,training,0.002881384687498212,0.030850007198750973,0.03066394149083069,12.353992419171599,0.6595532941021988,0.001874826523914143
1921,training,0.0010586384451016784,0.02381432056427002,0.03066394149083069,12.414009449708065,0.6593948958962295,-0.007313571349760572
1922,training,0.0010610538301989436,0.02288600616157055,0.03066394149083069,12.454002780231308,0.659018790308053,-0.012068881193021687
1923,training,0.0016047102399170399,0.011156882159411907,0.03066394149083069,12.49405825372261,0.6584287798604784,-0.01726902432267232
1924,training,0.0016165331471711397,0.016790772788226604,0.03066394149083069,12.53401073366084,0.6577624335191269,-0.016228453581453826
1925,training,0.0025996179319918156,0.007907615043222902,0.03066394149083069,12.553890008978756,0.657441099622298,-0.01697753364755201
1926,training,0.0012351408367976546,0.020351914688944817,0.0204863302647959,12.613889823533828,0.6564093224114794,-0.016617177938070857
1927,training,0.0016752040246501565,0.045217180624604225,0.0204863302647959,12.65372026416021,0.655878359698074,-0.01094280869448841
1928,training,0.004145982675254345,0.047921909019351006,0.0204863302647959,12.67365735455512,0.6557063909871805,-0.005706796646490791
1929,training,0.002862256020307541,0.019195634871721268,0.0204863302647959,12.73357442635067,0.6559062089112905,0.012578073862456853
1930,training,0.004684880841523409,0.014416839461773632,0.0204863302647959,12.773425188797933,0.6565443449952577,0.01748944218405379
1931,training,0.0006065765046514571,0.0012901690788567066,0.026510167837054063,12.813434732981442,0.6572827960789873,0.019288317457663094
1932,training,0.0011686779325827956,0.0005365358665585518,0.026510167837054063,12.833382590665906,0.6576819995282731,0.02010323865957029
1933,training,0.0014985213056206703,0.004395613446831707,0.026510167837054063,12.893328516371914,0.6588195905907258,0.016936528922050633
1934,training,0.0009859291603788733,0.03586116945371032,0.026510167837054063,12.933331561705716,0.6594374764754658,0.013611118827277157
1935,training,0.009525919333100319,0.033131194300949574,0.026510167837054063,12.97331455677365,0.6598406078337038,0.005710700946573489
1936,training,0.0006110239191912115,0.0488434131257236,0.026510167837054063,12.993362049953104,0.6599095276407059,0.001038172142212593
1937,training,0.0009313967311754823,0.03688690043054521,0.03238513646299558,13.053406820491945,0.6595732572041775,-0.012359753987293989
1938,training,0.0009374625515192747,0.020737845450639725,0.03238513646299558,13.073407588804328,0.6592815746532569,-0.017173919516929315
1939,training,0.002667079446837306,0.03158756624907255,0.03238513646299558,13.113487017619988,0.6584276656242694,-0.024443252740708687
1940,training,0.044862549751996994,0.025058063678443435,0.03238513646299558,13.173387182681177,0.6568222216394555,-0.030270768535753747
1941,training,0.0030553112737834454,0.005188230425119407,0.03238513646299558,13.213393013595061,0.6555596459958591,-0.0322342936660755
1942,training,0.0013022206258028746,0.02138165943324566,0.03238513646299558,13.23335491236114,0.6549289150809711,-0.030303276061855684
1943,training,0.0018186955712735653,0.01658369787037373,0.036960442427620234,13.293114757173553,0.6534653751725428,-0.01858765966799484
1944,training,0.0008172155357897282,0.01407907996326685,0.036960442427620234,13.333092435539152,0.6528905576742998,-0.010149164887700061
1945,training,0.002617737278342247,0.008221779018640518,0.036960442427620234,13.37292390892628,0.6526683071933084,-0.002955631270525048
1946,training,0.0025652041658759117,0.011952242814004421,0.036960442427620234,13.41287519053977,0.6526202293613239,0.00017459686309932073
1947,training,0.0010033834259957075,0.018279943615198135,0.036960442427620234,13.452861784737584,0.6526981735657298,0.0036051813724274832
1948,training,0.0008458548691123724,0.016730840783566236,0.036960442427620234,13.492696651303172,0.6529070927544518,0.006166928365943108
1949,training,0.0011550851631909609,0.0004840260371565819,0.02912607278344358,13.532741566525914,0.6532053396862085,0.008556627885747826
1950,training,0.0028518422041088343,0.016501083504408598,0.02912607278344358,13.57269435534227,0.653611336907728,0.010858687104464512
1951,training,0.002041690982878208,0.02580947056412697,0.02912607278344358,13.612672488892645,0.6539720418198897,0.006609786117026652
1952,training,0.0026724322233349085,0.019822604954242706,0.02912607278344358,13.652666299702796,0.6541611059579328,0.0028527836424867984
1953,training,0.003713113721460104,0.002698514610528946,0.02912607278344358,13.69263759906452,0.6542102570642121,-0.0009802470158135556
1954,training,0.001003822311758995,0.004406435415148735,0.019537370865877996,13.732677813597965,0.654135720281337,-0.0024691842212535846
1955,training,0.00033136524143628776,0.004871156066656113,0.019537370865877996,13.772654789355236,0.6540499407373347,-0.0022585280914466
1956,training,0.0006046968046575785,0.026482831686735153,0.019537370865877996,13.792561398215435,0.6540112215386018,-0.002425095657079081
1957,training,0.0007622349658049643,0.02714099793229252,0.019537370865877996,13.852567381834858,0.6539481400782169,0.00226650856492616
1958,training,0.0032494193874299526,0.0011393744498491287,0.019537370865877996,13.89238570733403,0.6541672223728188,0.007360345338368477
1959,training,0.000999263022094965,0.034245941787958145,0.019537370865877996,13.93237773824798,0.654487052986821,0.007550368153877933
1960,training,0.004336519166827202,0.04572363197803497,0.019537370865877996,13.972236179129531,0.6547516374870543,0.004372616922950029
1961,training,0.0009627776453271508,0.023192550521343946,0.007597184435348948,14.012229690915861,0.6547612733307584,-0.004751007154149655
1962,training,0.0014643623726442456,0.028244245797395706,0.007597184435348948,14.05227831091082,0.6544382767570588,-0.010695285359084658
1963,training,0.0016079469351097941,0.0069836825132369995,0.007597184435348948,14.0922589815368,0.6539453392403278,-0.014069708046896112
1964,training,0.0011665025958791375,0.0031590722501277924,0.007597184435348948,14.132220854840337,0.6533435804562127,-0.014843882617635777
1965,training,0.005252579692751169,0.028783055022358898,0.007597184435348948,14.172213156060657,0.6528075702294138,-0.011677275965826055
1966,training,0.0010745185427367687,0.04691734351217747,0.012101249893993048,14.212132963264256,0.6523309433693042,-0.013590330752419501
1967,training,0.0016540037468075752,0.05849986709654331,0.012101249893993048,14.232144995684875,0.6520357048216208,-0.016451140583062514
1968,training,0.0021779537200927734,0.043595386669039726,0.012101249893993048,14.29214711469808,0.6507497613274302,-0.026481184951171393
1969,training,0.002679601078853011,0.049347115680575364,0.012101249893993048,14.332111274304298,0.6495761418926531,-0.03211998892974547
1970,training,0.001017815782688558,0.032408576458692544,0.012101249893993048,14.352141834579472,0.6489118737791439,-0.033626225043978164
1971,training,0.0022735672537237406,0.009264897555112832,0.026817209026954066,14.411988754645112,0.646981410457944,-0.03056634733154489
1972,training,0.002967962995171547,0.0189264714717865,0.026817209026954066,14.451918701737405,0.645829420516572,-0.02615435252355056
1973,training,0.00396115193143487,0.01870477572083474,0.026817209026954066,14.491846330786148,0.6449363410231221,-0.01854428449451175
1974,training,0.0016779048601165414,0.009440954774618149,0.026817209026954066,14.53170837681002,0.6443041211807988,-0.01456320229943529
1975,training,0.00168434320949018,0.029183661565184593,0.026817209026954066,14.571729010745463,0.6438067109990032,-0.009944279524590097
1976,training,0.009103652089834213,0.054706839844584465,0.036675059864087284,14.611582262943491,0.6435981258079646,0.00017248210508068364
1977,training,0.0010667375754565,0.025565505027770996,0.036675059864087284,14.65140364843539,0.643840589371138,0.013303438909527407
1978,training,0.00145984988193959,0.0013490887358784667,0.036675059864087284,14.691384946335448,0.6446012858589713,0.02485501592805714
1979,training,0.002950243651866913,0.013020428828895092,0.036675059864087284,14.731243565974573,0.6457512095639522,0.028862182171489427
1980,training,0.0008118693949654698,0.01830973755568266,0.036675059864087284,14.771283143066578,0.6468875465603177,0.028270409997760364
1981,training,0.0016646427102386951,0.004071171395480633,0.036675059864087284,14.811170135171775,0.6480665755525055,0.030192544717067688
1982,training,0.0031410271767526865,0.0011295275762677193,0.036675059864087284,14.851081860987971,0.6492568896836831,0.028830656036467145
1983,training,0.00492472667247057,0.03492448292672634,0.0247614267415324,14.891081957699038,0.6503651969820797,0.026789062009422084
1984,training,0.0025807288475334644,0.03186667198315263,0.0247614267415324,14.931058636333903,0.6513631222795889,0.021061582157201497
1985,training,0.0006621407228522003,0.013984625926241279,0.0247614267415324,14.951061464432142,0.6517408727541159,0.016820017053013683
1986,training,0.002400787081569433,0.0167585420422256,0.0247614267415324,15.011061871023458,0.652504131269034,0.010978354504406545
1987,training,0.0004517361521720886,0.019019346684217453,0.0247614267415324,15.031015944118018,0.6527161034930944,0.010020259723440155
1988,training,0.001869882456958294,0.02775095123797655,0.0247614267415324,15.091030799538489,0.65342566811925,0.014123153343487288
1989,training,0.0020546927116811275,0.028905070386826992,0.019719213240345985,15.130933219318939,0.654090591307055,0.01854655607489901
1990,training,0.0019318708218634129,0.03034031949937344,0.019719213240345985,15.170888817399605,0.6548807739023172,0.020632273491546328
1991,training,0.00047930661821737885,0.02089195791631937,0.019719213240345985,15.210853788033019,0.655768647359632,0.024313052111590946
1992,training,0.0002757507609203458,0.013888564892113209,0.019719213240345985,15.250728261028897,0.6568125024909884,0.02692362424607768
1993,training,0.0007346568745560944,0.014133036136627194,0.019719213240345985,15.29076664172943,0.6579073492687315,0.0275886763127511
1994,training,0.001490431372076273,0.007352812215685844,0.019719213240345985,15.330631180995761,0.6590430854905146,0.028091844200605752
1995,training,0.002244745148345828,0.0029337275773286837,0.016955594052583754,15.37057058337658,0.6601000945872809,0.024183993729950778
1996,training,0.00187563372310251,0.010361047461628914,0.016955594052583754,15.410568099417699,0.6609987548271025,0.02140781262553094
1997,training,0.0015182977076619864,0.03098820336163044,0.016955594052583754,15.450488786640047,0.6618503677223379,0.020861542742508576
1998,training,0.0005266126245260239,0.027808599174022675,0.016955594052583754,15.490499416810167,0.6626924552407191,0.021554577903835342
1999,training,0.0007311083027161658,0.020351773127913475,0.016955594052583754,15.510443681354184,0.6631355763027675,0.023206941471139917
2000,training,0.001484583830460906,0.011021474376320842,0.016955594052583754,15.570303174346222,0.6646418709125882,0.02571052307600752
2001,training,0.0009863494196906686,0.010091551579535007,0.011545591572428066,15.610331748490246,0.6656568373817947,0.02475104419960934
2002,training,0.0009317741496488452,0.031989267095923424,0.011545591572428066,15.630280972208476,0.6661548292947732,0.024755687567678368
2003,training,0.0021602280903607607,0.04821714386343956,0.011545591572428066,15.690200687261362,0.667611190252154,0.024361853795800057
2004,training,0.0018882083240896463,0.051315730437636375,0.011545591572428066,15.73015853900755,0.6686868183228204,0.030352592195893844
2005,training,0.004356943070888519,0.038067689165472984,0.011545591572428066,15.750087623555368,0.6693311716562017,0.03313860096284772
2006,training,0.0008441353566013277,0.022495709359645837,0.011545591572428066,15.81004849727017,0.6714286478952151,0.03540821687222262
2007,training,0.0016093564918264747,0.027889840304851532,0.018695121722258276,15.849889612260489,0.6728542896899735,0.0344433635225417
2008,training,0.005480475258082151,0.03799452260136604,0.018695121722258276,15.88983012217374,0.6741531783399377,0.030344708871234444
2009,training,0.0009494436671957374,0.03132666181772947,0.018695121722258276,15.929813149999589,0.6753377164258193,0.029558418107548782
2010,training,0.00168312294408679,0.039984710514545434,0.018695121722258276,15.949778687074646,0.6759375580976837,0.02997304968757053
2011,training,0.0004261300782673061,0.04067503102123737,0.018695121722258276,16.009722882701617,0.6777164855791756,0.02932124043737844
2012,training,0.0008412504103034735,0.038120442070066936,0.007890475738759745,16.049620694129377,0.6789207294422732,0.03068158787077119
2013,training,0.0009905659826472402,0.06365445256233215,0.007890475738759745,16.08952130816735,0.6801396665214104,0.02978851271091125
2014,training,0.0010535110486671329,0.05481429211795331,0.007890475738759745,16.109546700548414,0.6807459603362798,0.031045978333033804
2015,training,0.0007090074359439313,0.04694062005728484,0.007890475738759745,16.169365667223968,0.6828099165695374,0.03697181181016571
2016,training,0.0021522182505577803,0.03632112313061953,0.007890475738759745,16.209335191723913,0.6842842999050524,0.035916508005409555
2017,training,0.0005786175606772304,0.04095263220369815,0.007890475738759745,16.229353974214668,0.6849983903621502,0.03530270059707579
2018,training,0.00036324531538411975,0.05414199456572533,0.007890475738759745,16.269201754299985,0.6864024858861651,0.03421879115999629
2019,training,0.0012441272847354412,0.07266731187701225,0.01072857735591386,16.309158909714952,0.6877366136165031,0.03305920146347834
2020,training,0.001393292099237442,0.05371083971112967,0.01072857735591386,16.3690450806238,0.689855598241722,0.038496241386658685
2021,training,0.001260989112779498,0.04371977690607309,0.01072857735591386,16.388968853137257,0.6906327450605686,0.038935099227713064
2022,training,0.07387026399374008,0.02645301632583142,0.01072857735591386,16.448938228279157,0.6929535495694338,0.03792360086720031
2023,training,0.0028125285170972347,0.07950367964804174,0.01072857735591386,16.488823459856498,0.6944463590068894,0.036088462239188684
2024,training,0.0025675278156995773,0.03625902906060219,0.004346175702343413,16.52882805431543,0.6959212573955708,0.037969159059895084
2025,training,0.0013686721213161945,0.04407666623592377,0.004346175702343413,16.548745988782738,0.6966971200363269,0.04014724766991022
2026,training,0.0027003551367670298,0.05935500375926496,0.004346175702343413,16.588623838102222,0.6983392248176546,0.04018912340697093
2027,training,0.0005683842464350164,0.06535973306745291,0.004346175702343413,16.648609500549252,0.7006051066195178,0.03587179391238228
2028,training,0.0004209293983876705,0.05348510481417179,0.004346175702343413,16.668568684549946,0.7013192408862423,0.035482406206925096
2029,training,0.0037646989803761244,0.05979747883975507,0.004346175702343413,16.72849385471987,0.7033699140759495,0.032615009027907496
2030,training,0.0015614080475643277,0.06798449438065289,0.004346175702343413,16.76843110925288,0.7046690957726928,0.0325779910730335
2031,training,0.0008950419723987579,0.04654629714787005,0.01382578872395605,16.788373166288554,0.7053208261397567,0.032057046311841
2032,training,0.0006613596924580634,0.03779015131294729,0.01382578872395605,16.848393295566645,0.7071171661487384,0.026809197467397166
2033,training,0.0008709894027560949,0.042107854038476944,0.01382578872395605,16.88830359451631,0.708123659654755,0.022667449132613433
2034,training,0.00619103480130434,0.05862544756382704,0.01382578872395605,16.908265413194904,0.7085480407803436,0.019614976346289555
2035,training,0.0026064610574394464,0.05159351322799921,0.01382578872395605,16.98821855089282,0.7099801348478719,0.018644861012387357
2036,training,0.0012724497355520725,0.04716018028557299,0.013260277558049913,17.008163251200415,0.7103529297838279,0.01813951590835954
2037,training,0.002598624676465988,0.02382004633545874,0.013260277558049913,17.028165625209777,0.7107082101145529,0.016918559109294868
2038,training,0.0008088943432085216,0.016742989420890808,0.013260277558049913,17.088116619534645,0.711496666767345,0.008473331269988432
2039,training,0.001187003799714148,0.044514982961118214,0.013260277558049913,17.128124435786113,0.711675760771231,0.0001231708319146036
2040,training,0.0016355555271729827,0.04972832370549441,0.013260277558049913,17.14819100547096,0.7116369177593893,-0.0034009563257619995
2041,training,0.0030653495341539383,0.044614917598664754,0.013260277558049913,17.208060700890748,0.7114630702817203,-0.0030193687069044388
2042,training,0.0006733614718541503,0.04045890737324953,0.013260277558049913,17.24807468116222,0.711308744164399,-0.004900258707970067
2043,training,0.0006715814815834165,0.03225878905504942,0.028986672687481133,17.288033142235815,0.711099093709472,-0.006033733981263983
2044,training,0.0016958406195044518,0.04822252504527569,0.028986672687481133,17.328009302779666,0.7108224081008808,-0.008471442817255098
2045,training,0.00020008443971164525,0.047566425986588,0.028986672687481133,17.348043120333067,0.7106399095397198,-0.009659735506541258
2046,training,0.0018172059208154678,0.04894012585282326,0.028986672687481133,17.408000855101548,0.710098481970858,-0.00799041934124824
2047,training,0.0004913242883048952,0.024883620440959937,0.028986672687481133,17.44790509282868,0.7097769149282767,-0.00825642961104286
2048,training,0.0017460710369050503,0.007491398602724075,0.028986672687481133,17.4878946406383,0.7094496680114677,-0.009041845537290967
2049,training,0.0033432943746447563,0.00202849879860878,0.03651068030789088,17.527912659959707,0.7089994989350058,-0.014275052777070366
2050,training,0.0013265307061374187,0.006131285801529884,0.03651068030789088,17.56795933658308,0.7082883152355001,-0.021025929172049797
2051,training,0.0006364471046254039,0.0029281824827194214,0.03651068030789088,17.607945633774246,0.7073408824540034,-0.026689708623050753
2052,training,0.0035820624325424433,0.010758687742054462,0.03651068030789088,17.647873847951768,0.7061616326930567,-0.032712181505011186
2053,training,0.0005409255973063409,0.02563124056905508,0.03651068030789088,17.68785617153678,0.7047998824748789,-0.035111559584114126
2054,training,0.00048428273294121027,0.026673822663724422,0.025668244771819386,17.727771937631186,0.7033947827744471,-0.03556214371458138
2055,training,0.0018279184587299824,0.03465085197240114,0.025668244771819386,17.767726745651416,0.7019868200634345,-0.034778135893093184
2056,training,0.0009733274346217513,0.04165196418762207,0.025668244771819386,17.80765427760143,0.7006667451190969,-0.03111979093266039
2057,training,0.001009986735880375,0.06705433130264282,0.025668244771819386,17.84749962011137,0.699488167248681,-0.028728494349655
2058,training,0.00033226009691134095,0.08900876436382532,0.025668244771819386,17.887465083841423,0.6984496713740015,-0.02170633554180331
2059,training,0.0036184010095894337,0.07116818614304066,0.025668244771819386,17.927304087774445,0.6978524858093127,-0.007508659775949556
2060,training,0.0016830553067848086,0.015568993054330345,0.025668244771819386,17.96718094635787,0.6977493301062871,0.00227490769361829
2061,training,0.0032925305422395468,0.0249321386218071,0.02276142438370908,18.00701621490393,0.6979483352509797,0.00496397706670222
2062,training,0.0023627057671546936,0.008381243795156482,0.02276142438370908,18.047017735293363,0.6980452794570634,-0.0021610571133066922
2063,training,0.0026062224060297012,0.05814404971897602,0.02276142438370908,18.08709120199262,0.6977989041007083,-0.009113048480487081
2064,training,0.0013217240339145064,0.06879888661205769,0.02276142438370908,18.12699073169604,0.6975031237974961,-0.004113902012640671
2065,training,0.002254101447761059,0.06428734958171844,0.02276142438370908,18.166771363876602,0.6974740160700817,0.0034135333369881135
2066,training,0.0028699927497655153,0.021841688081622127,0.02276142438370908,18.206772786691282,0.6977445982152988,0.010098956550717963
2067,training,0.0015474602114409208,0.020526695996522903,0.018840311854245867,18.24670608325248,0.6982180161861925,0.01133248419215812
2068,training,0.0019048629328608513,0.0008683130145072937,0.018840311854245867,18.266695740325837,0.6984357468284172,0.010016748660152392
2069,training,0.00020905827113892883,0.013856681995093822,0.018840311854245867,18.326690397690513,0.6988714915081233,0.00524942881968679
2070,training,0.005001956596970558,0.00765088712796569,0.018840311854245867,18.346649182798863,0.6989781379204997,0.004977651309734398
2071,training,0.0003406731993891299,0.003054206259548664,0.018840311854245867,18.40662969527451,0.6992684233250483,0.005163136304403379
2072,training,0.0008448391454294324,0.000509471632540226,0.018840311854245867,18.446598515800787,0.6994675186228432,0.0039484398505798355
2073,training,0.0011353141162544489,0.07639997452497481,0.023125936374240985,18.466572423213908,0.6995348681686797,0.002399182816051686
2074,training,0.0018706296104937792,0.09134471975266935,0.023125936374240985,18.5265706892303,0.6995781321850915,-0.00012691254142064946
2075,training,0.00140656647272408,0.10714109241962431,0.023125936374240985,18.566514576132242,0.699564405994272,-0.0008590828257610739
2076,training,0.0021902176085859537,0.011386699043214321,0.023125936374240985,18.606556347742174,0.6995547121790904,0.0008062562618141449
2077,training,0.001007986138574779,0.024948340840637684,0.023125936374240985,18.646524972680638,0.699630117230633,0.0020951412430146726
2078,training,0.0002994972746819258,0.04650011844933033,0.023125936374240985,18.666496801510863,0.6996624164841039,-0.0001680323447645228
2079,training,0.00433536060154438,0.021214604377746582,0.023717499706753676,18.72654019552003,0.6992529408382199,-0.013991913579422628
2080,training,0.0023925756104290485,0.0425492934882641,0.023717499706753676,18.766606352557094,0.6985055515083864,-0.023714507174139875
2081,training,0.0009211194701492786,0.03455725125968457,0.023717499706753676,18.806671636763472,0.6973567287832144,-0.032489310235969515
2082,training,0.0008552089566364884,0.07981855235993862,0.023717499706753676,18.846627800668017,0.6960331128126848,-0.03273212136642888
2083,training,0.0016636298969388008,0.03658484807237983,0.023717499706753676,18.88638720788519,0.6947773639767262,-0.030069829785881547
2084,training,0.0008348861592821777,0.030012297444045544,0.023717499706753676,18.926336931821446,0.6936931903287663,-0.02388720766030042
2085,training,0.01512714009732008,0.047035934403538704,0.017619475457868673,18.966235195988318,0.6928350889138362,-0.020354680086138895
2086,training,0.0011502265697345138,0.031226603314280517,0.017619475457868673,19.006188768451093,0.6920057704626994,-0.02191878167604309
2087,training,0.005183338653296232,0.004935970529913902,0.017619475457868673,19.046183977746413,0.6910695563731889,-0.025209493154051972
2088,training,0.002624685410410166,0.005996961146593094,0.017619475457868673,19.086087542680165,0.6899897814512232,-0.029740590830728872
2089,training,0.003102377988398075,0.003014831803739071,0.016995506611844,19.126102678578295,0.688728654946919,-0.03265161906989274
2090,training,0.008491567336022854,0.06137629132717848,0.016995506611844,19.166068579244012,0.6874239074648023,-0.03273399913228883
2091,training,0.0006760583491995931,0.012430412694811821,0.016995506611844,19.20593419931792,0.6860998276723422,-0.03392668937842477
2092,training,0.0010800131130963564,0.031093284487724304,0.016995506611844,19.245890987114937,0.6847288971380773,-0.035326354416123466
2093,training,0.0008886583964340389,0.027284689247608185,0.016995506611844,19.285801558658893,0.6832697144958041,-0.0394971991834998
2094,training,0.0003985778021160513,0.02828111499547959,0.016995506611844,19.325809304067224,0.6815769150196648,-0.045116911541187174
2095,training,0.0004783019539900124,0.026709151454269886,0.02708179193168268,19.365751235631663,0.6797346173339722,-0.046823412804834534
2096,training,0.008515332825481892,0.03075829613953828,0.02708179193168268,19.40561934004531,0.677820083839263,-0.04976641875315119
2097,training,0.0005896279471926391,0.024009048007428646,0.02708179193168268,19.425620061149996,0.6768147795343459,-0.05082230164246137
2098,training,0.0012453491799533367,0.026347490027546886,0.02708179193168268,19.465534442709366,0.674800490427746,-0.049665995831379775
2099,training,0.000776939676143229,0.00011414475739002228,0.02708179193168268,19.525408678642997,0.6718186172185125,-0.05118999663304999
2100,training,0.00273088994435966,0.006978798657655719,0.02708179193168268,19.565309622292773,0.6697312462542129,-0.05385170895358977
2101,training,0.0010892035206779838,0.05699291452765465,0.02708179193168268,19.60523730253031,0.6674937901709947,-0.059627986673307994
2102,training,0.000636599026620388,0.021012348122894764,0.026404231619144333,19.625234926521212,0.6662567954475757,-0.06369045362558165
2103,training,0.003278525313362479,0.03239397006109357,0.026404231619144333,19.685134137843235,0.6621564579178829,-0.07294878659223676
2104,training,0.0006467616185545921,0.05424705520272255,0.026404231619144333,19.70502397208674,0.660667930623003,-0.07732102470516135
2105,training,0.0008334937156178057,0.028811884112656116,0.026404231619144333,19.764826092897025,0.655707089375238,-0.08699721799314895
2106,training,0.0007569368463009596,0.05786719638854265,0.026404231619144333,19.804688268350844,0.6521568006237229,-0.09086340218618719
2107,training,0.001230102265253663,0.05042679514735937,0.026404231619144333,19.84447495554679,0.648468260030065,-0.09377684360109653
2108,training,0.0015077381394803524,0.048868387937545776,0.00830808068647773,19.884284467939214,0.6447013487610459,-0.09526080073071637
2109,training,0.0010509344283491373,0.034873595461249345,0.00830808068647773,19.92407076590083,0.6408298670446815,-0.09968802167511363
2110,training,0.0019445607904344797,0.027620993554592133,0.00830808068647773,19.963780080809887,0.6368619541234771,-0.09931387516461185
2111,training,0.0012249213177710772,0.009913504123687744,0.00830808068647773,20.00362000147872,0.6329507831457732,-0.09621469552139883
2112,training,0.0009502801112830639,0.005410831421613693,0.00830808068647773,20.04333405018305,0.6291679825972695,-0.09292141347255255
2113,training,0.005205933935940266,0.024532156065106392,0.023675301341617026,20.083063337621663,0.6256072118720073,-0.08604808622120536
2114,training,0.0038561346009373665,0.04397253599017858,0.023675301341617026,20.10301275489796,0.62391760868968,-0.08362457725050439
2115,training,0.0005194914992898703,0.06788811460137367,0.023675301341617026,20.162674109739207,0.6189445588686259,-0.08359400278162989
2116,training,0.0009632987785153091,0.06565484777092934,0.023675301341617026,20.18258902475207,0.6172789882635491,-0.08397851830239582
2117,training,0.0007117526838555932,0.028206077404320237,0.023675301341617026,20.24234293155146,0.6119716962536424,-0.09353746954394453
2118,training,0.0024396369699388742,0.025020940229296684,0.023675301341617026,20.282122183197007,0.6081958465435461,-0.09567042250261248
2119,training,0.0007539711077697575,0.022171780467033386,0.023675301341617026,20.321933515244005,0.6043678455434242,-0.09614228682122641
2120,training,0.0013610890600830317,0.014255713671445843,0.04527940815305682,20.34181874107637,0.6024537116964667,-0.09597458392065422
2121,training,0.0005642857286147773,0.007927030324935917,0.04527940815305682,20.40147110438436,0.59684368230368,-0.09097794200368363
2122,training,0.0006785201258026063,0.0008579976856708527,0.04527940815305682,20.44122949162895,0.5932770373483934,-0.08849303339688361
2123,training,0.0010448141256347299,0.005890741944313056,0.04527940815305682,20.480974012668238,0.589878271063008,-0.08191287144444263
2124,training,0.0007423777133226395,0.021852916106581684,0.04527940815305682,20.500893472389247,0.588278743742955,-0.07787396146504966
2125,training,0.0014461064711213112,0.010445635765790932,0.04527940815305682,20.56058212598352,0.5840149210462562,-0.06504840904946978
2126,training,0.001616867957636714,0.015917580574750897,0.06291212276922918,20.600396307793353,0.5816267734107524,-0.05478404032339853
2127,training,0.0004682499566115439,0.015390869230031967,0.06291212276922918,20.64029142885162,0.5795795146756793,-0.05051987230263412
2128,training,0.0006994301220402122,0.033300261944532394,0.06291212276922918,20.680236183724485,0.5775771154944659,-0.05002007770284846
2129,training,0.004319197963923216,0.028365060687065125,0.06291212276922918,20.720181999633628,0.5755784207540301,-0.05087371802843838
2130,training,0.00028566436958499253,0.035383641719818115,0.06291212276922918,20.760056643350705,0.5734800397302515,-0.054272454577127455
2131,training,0.0010200646938756108,0.029609878547489647,0.06291212276922918,20.7999698137428,0.5712883690148879,-0.055566301362360924
2132,training,0.0010384697234258056,0.02742636948823929,0.023949494201770092,20.839836944445057,0.5690682655744206,-0.056784880106124785
2133,training,0.0008869515731930733,0.011238716542720795,0.023949494201770092,20.87976904493678,0.5668143040726755,-0.05583495537316692
2134,training,0.0007451130077242851,0.01314934529364109,0.023949494201770092,20.919664989251018,0.5646611813665159,-0.051833034567180816
2135,training,0.0008537002140656114,0.012791475281119354,0.023949494201770092,20.9594922686806,0.562643236305671,-0.049897837584964855
2136,training,0.0007726308540441096,0.007394496351480484,0.023949494201770092,20.979488803813293,0.5616648604463893,-0.048308372436283414
2137,training,0.0022682498674839735,0.014781787991523746,0.023949494201770092,21.03923441445021,0.5591323076938571,-0.03662605540581534
2138,training,0.0030067232437431812,0.00518308021128178,0.02070170041145719,21.05917980208561,0.5584352069974737,-0.033280147905429845
2139,training,0.000609950628131628,0.03409614320844412,0.02070170041145719,21.119071728276435,0.556718316345473,-0.02494999108544251
2140,training,0.0005340306088328362,0.03413938172161579,0.02070170041145719,21.138984558192732,0.5562464126856146,-0.024036445552396674
2141,training,0.0014816210605204105,0.03968100622296333,0.02070170041145719,21.198993817187016,0.5546892032381201,-0.02882496424891915
2142,training,0.0012724358821287751,0.044987600296735764,0.02070170041145719,21.238946952078013,0.5534758054119019,-0.03266000812138555
2143,training,0.0005807557608932257,0.05938476137816906,0.02740690116478528,21.278896427720394,0.5520577662818769,-0.03815731464726207
2144,training,0.005278771743178368,0.05321881361305714,0.02740690116478528,21.318870902991925,0.550479509392857,-0.04058937232974307
2145,training,0.0003444105386734009,0.05968484748154879,0.02740690116478528,21.35872550588197,0.548824600984452,-0.04315352395760043
2146,training,0.0012263624230399728,0.05358833819627761,0.02740690116478528,21.398709926637267,0.5470845974088406,-0.04371202550148858
2147,training,0.0016127678100019693,0.06582627817988396,0.02740690116478528,21.43864517709837,0.5453670340133058,-0.042562144731356
2148,training,0.004659298341721296,0.06564306374639273,0.02740690116478528,21.458532324673147,0.5445221922402413,-0.04339839301788218
2149,training,0.0003504676278680563,0.07966016605496407,0.02740690116478528,21.498518569804837,0.5427624167061349,-0.04482401865321389
2150,training,0.0020183196756988764,0.08066258672624828,0.03539702406245456,21.55834667398335,0.540053600340401,-0.04756277762473565
2151,training,0.00046385120367631316,0.06731024850159883,0.03539702406245456,21.578317541469804,0.5390976617715948,-0.04829302556146993
2152,training,0.001379906665533781,0.050709571689367294,0.03539702406245456,21.638230501008422,0.5362442140698075,-0.04566750819231906
2153,training,0.003303833305835724,0.043259605765342726,0.03539702406245456,21.658099274385922,0.5353543974320822,-0.04477344467774315
2154,training,0.000579757965169847,0.029771029949188232,0.038084281670708604,21.717903887911476,0.5330317460657348,-0.03090271434061709
2155,training,0.011844288557767868,0.03784677013754843,0.038084281670708604,21.737837201270445,0.5324775378966843,-0.024081102573901003
2156,training,0.0019535019528120756,0.03887783735990524,0.038084281670708604,21.797615784348128,0.5315332760609398,-0.00896774863541965
2157,training,0.000528515491168946,0.023879293352365494,0.038084281670708604,21.8375679935257,0.5313794854667206,0.001377150544725624
2158,training,0.00143100181594491,0.034257467836141586,0.038084281670708604,21.877315170683964,0.5316295131238152,0.010450689656570908
2159,training,0.005094615276902914,0.051075695082545294,0.038084281670708604,21.897300573704065,0.5318786959580479,0.014579919161958036
2160,training,0.000502553884871304,0.08815439604222776,0.038084281670708604,21.957235372119047,0.53307267865938,0.023823280794576254
2161,training,0.00015606157830916345,0.07402844354510306,0.02334189866717346,21.997173691798594,0.534042556072461,0.023614334245165798
2162,training,0.0024386439472436905,0.05283433943986893,0.02334189866717346,22.01722152676087,0.5345142556583964,0.024183653876406332
2163,training,0.002771681873127818,0.0279301255941391,0.02334189866717346,22.076965102754965,0.5362450644548767,0.03396466104168695
2164,training,0.0017976755043491721,0.057944679632782936,0.02334189866717346,22.11693485148547,0.5377486781501737,0.042231170142325365
2165,training,0.0027160421013832092,0.11594558134675027,0.02334189866717346,22.156772004266454,0.5396184238069364,0.04983975910710913
2166,training,0.0032234564423561096,0.11947596073150635,0.02334189866717346,22.176657558691943,0.5406284870549788,0.050659850445425224
2167,training,0.0008129938505589962,0.10277502425014973,0.02087451580535934,22.216673308514917,0.5425731492836542,0.04552681076429594
2168,training,0.006736890412867069,0.08315869607031344,0.02087451580535934,22.276570406248084,0.545130900522116,0.04047511969886132
2169,training,0.002430114196613431,0.0010664798319339752,0.02087451580535934,22.29651913355997,0.5459314012553765,0.0403679972686531
2170,training,0.0003951441030949354,0.009866989217698574,0.02087451580535934,22.35645087319556,0.5485206714944818,0.04737294430690712
2171,training,0.0013689163606613874,0.02789103053510189,0.02087451580535934,22.39626890376904,0.5504850024212065,0.05010189608637104
2172,training,0.0008962353458628058,0.04583429731428623,0.04044001159978467,22.436311793922908,0.552504123226045,0.049793464267747584
2173,training,0.0030514944810420275,0.044196301605552435,0.04044001159978467,22.476167308214553,0.5544732036758024,0.04711882426492902
2174,training,0.0018047693884000182,0.04130999185144901,0.04044001159978467,22.516133725910162,0.556203563400478,0.03908854987961717
2175,training,0.0013712089275941253,0.015421330928802487,0.04044001159978467,22.55614882297852,0.5576705203346787,0.03485885873600256
2176,training,0.001905775279738009,0.03729045391082764,0.04044001159978467,22.595984050795447,0.5590344266769124,0.03368816806083341
2177,training,0.0004048637638334185,0.0432826690375805,0.04044001159978467,22.636006714018922,0.5603997218739694,0.03542009488739748
2178,training,0.004234688356518745,0.05681193433701991,0.04044001159978467,22.655946879892134,0.5611249799757636,0.03752574326954132
2179,training,0.008755037561058998,0.06529365293681622,0.05741394049772315,22.715779333461768,0.5634598516519536,0.03840796584795649
2180,training,0.0008754045120440423,0.057201135903596885,0.05741394049772315,22.755800304625236,0.5649693503823191,0.036976719930032154
2181,training,0.001696841325610876,0.048524513840675354,0.05741394049772315,22.795659515568317,0.5664342509873302,0.035866451601582
2182,training,0.004535347688943148,0.034721193835139275,0.05741394049772315,22.835646068072634,0.5678630365172516,0.03546438291999779
2183,training,0.002728978404775262,0.029454665258526802,0.05741394049772315,22.8755713275236,0.5693152132789405,0.03756609374379897
2184,training,0.0017769340192899108,0.029560428112745292,0.06682415722344896,22.91541441816589,0.5708552645624688,0.039143564139692374
2185,training,0.003517095698043704,0.03264216519892216,0.06682415722344896,22.955462452448856,0.5724430767095616,0.04008821268441413
2186,training,0.0023055619094520807,0.02842200361192226,0.06682415722344896,22.995288997235345,0.5740837284700663,0.040732288115660265
2187,training,0.0007982373354025185,0.017953927628695965,0.06682415722344896,23.035229854257672,0.5756852326422088,0.03930192882818083
2188,training,0.0027249231934547424,0.016067644581198692,0.06682415722344896,23.075201453402045,0.5772555518354241,0.03971513548376709
2189,training,0.00024106372438836843,0.013069575652480124,0.06682415722344896,23.09513355118108,0.5780620658714762,0.04059690443700464
2190,training,0.0007702016737312078,0.025884337723255157,0.06682415722344896,23.15508650756752,0.580512900195966,0.0405645209546947
2191,training,0.0035017882473766804,0.02574998326599598,0.06711337584761344,23.175008376338734,0.5813213095299817,0.04037938744637807
2192,training,0.0016674563521519303,0.018435781355947256,0.06711337584761344,23.23489465764725,0.5835961340184936,0.03386348176899624
2193,training,0.0009582142229191959,0.01140311046037823,0.06711337584761344,23.27491412410638,0.584861983942928,0.03003517445483026
2194,training,0.0017722148913890123,0.01512241829186678,0.06711337584761344,23.314825394099106,0.5860087980276802,0.02709265060989293
2195,training,0.0014835812617093325,0.018468658439815044,0.06711337584761344,23.35484577310447,0.5870480401107008,0.02482977353689834
2196,training,0.0009461331646889448,0.013418233022093773,0.06711337584761344,23.37482725837284,0.5875413889394832,0.024812389984573437
2197,training,0.0007784896879456937,0.004867196083068848,0.07189501699764261,23.43466961348394,0.5890580211627078,0.025184328937680373
2198,training,0.0017696503782644868,0.013950927183032036,0.07189501699764261,23.474709091312214,0.5900784086688553,0.026029722721305482
2199,training,0.0012564028147608042,0.02049499936401844,0.07189501699764261,23.514555690844073,0.5912008991930151,0.029568206229428073
2200,training,0.0051888357847929,0.03033380676060915,0.07189501699764261,23.55449188527769,0.5924477005541867,0.03284052845940037
2201,training,0.0012946764472872019,0.042296500876545906,0.07189501699764261,23.59442725330956,0.5938515422762328,0.03818508362160976
2202,training,0.0012455919058993459,0.03336320072412491,0.07189501699764261,23.61433688383071,0.5946458461066056,0.04067303936002362
2203,training,0.00021931916126050055,0.016348788514733315,0.07134204352552707,23.67426247495137,0.5972566465211976,0.046393906788927824
2204,training,0.005160077475011349,0.019282689318060875,0.07134204352552707,23.694158401208398,0.5982035870200717,0.04867751534327771
2205,training,0.0012017705012112856,0.009567070752382278,0.07134204352552707,23.75394774941717,0.6012282930075038,0.05141403404319806
2206,training,0.0009467382333241403,0.005998518317937851,0.07134204352552707,23.793918987186768,0.6033206412719885,0.05393773763219093
2207,training,0.0015886074397712946,0.013577556237578389,0.07134204352552707,23.81383656113085,0.604419670502388,0.05559780321246658
2208,training,0.00716663571074605,0.03220349655020982,0.07134204352552707,23.873652055281305,0.6078973704265376,0.06204399291843772
2209,training,0.0061843483708798885,0.04164595529437065,0.056963063584011,23.91350603488637,0.6105212487100778,0.06963725647383132
2210,training,0.0019325213506817818,0.059332515113055706,0.056963063584011,23.953276324700912,0.613359488431612,0.07037955859307476
2211,training,0.0051872627809643745,0.05221638362854719,0.056963063584011,23.99336067970596,0.6160128714359361,0.0615964859395528
2212,training,0.0013209683820605278,0.015077395364642143,0.056963063584011,24.03320466398911,0.6183405837219056,0.05421225024655814
2213,training,0.002287026960402727,0.03469195496290922,0.056963063584011,24.073119919127606,0.6205023781680582,0.05457255785221517
2214,training,0.003078306093811989,0.0018309354782104492,0.03650282504688539,24.11303296753732,0.6227728771626315,0.06200596124643469
2215,training,0.0008239048765972257,0.01606723479926586,0.03650282504688539,24.13288892573057,0.6240636733907606,0.06647572159925498
2216,training,0.00658603897318244,0.03476572595536709,0.03650282504688539,24.17275161575283,0.6267613361746665,0.06657678238429372
2217,training,0.00262717017903924,0.026053091511130333,0.03650282504688539,24.21268766020199,0.6293380585800007,0.06155581730410083
2218,training,0.0013184137642383575,0.013949020765721798,0.03650282504688539,24.27255173562471,0.6326549766126627,0.04918251989935206
2219,training,0.0015131104737520218,0.0344818914309144,0.03650282504688539,24.312553537561076,0.6345286714812215,0.04684926793638839
2220,training,0.0023540696129202843,0.04812126699835062,0.03650282504688539,24.332473837554893,0.635473905236342,0.04761086318047384
2221,training,0.0014072327176108956,0.04680483788251877,0.020429358689510374,24.39230709062239,0.638554342730669,0.05657947782102727
2222,training,0.0009191884892061353,0.0408790186047554,0.020429358689510374,24.43215019927354,0.6409508384329753,0.06330161365375588
2223,training,0.0024791648611426353,0.035213831812143326,0.020429358689510374,24.471926478651305,0.6435637710914962,0.06730041491990517
2224,training,0.0016864805947989225,0.05080546438694,0.020429358689510374,24.511928383821957,0.646308097362977,0.06960175690469632
2225,training,0.0009319639066234231,0.08291127905249596,0.020429358689510374,24.55164207351755,0.64916534416503,0.07325628491880111
2226,training,0.0019844870548695326,0.09455834329128265,0.020429358689510374,24.59148785241391,0.6521810391938899,0.07911075146840758
2227,training,0.0006637552287429571,0.09838709607720375,0.019066164235077676,24.611481694902352,0.6538052334620309,0.08410380215877149
2228,training,0.0013808684889227152,0.1216818690299988,0.019066164235077676,24.670945201695176,0.6593275635993849,0.09973572426897724
2229,training,0.0009070421801880002,0.06182224676012993,0.019066164235077676,24.710789593555223,0.6634836636282987,0.10857421149556913
2230,training,0.021120132878422737,0.05564885772764683,0.019066164235077676,24.750411402942298,0.6679819802057929,0.11699502467505085
2231,training,0.0016385783674195409,0.075919508934021,0.019066164235077676,24.790055875477417,0.6727081323380475,0.11915316325881023
2232,training,0.0018111560493707657,0.11358615010976791,0.019066164235077676,24.829885504881865,0.6775437563601276,0.12374673196417102
2233,training,0.0028478913009166718,0.05336830019950867,0.008673422491253838,24.869310123456227,0.6826209899767179,0.13242917390982067
2234,training,0.0027762968093156815,0.04767206497490406,0.008673422491253838,24.908957348033017,0.6880566229581655,0.13931809500869977
2235,training,0.0032286252826452255,0.044007370248436935,0.008673422491253838,24.948541071805018,0.6936982582336862,0.14425728487784173
2236,training,0.0025220545940101147,0.044074712321162224,0.008673422491253838,24.988013068698308,0.699440426452989,0.14418093810472415
2237,training,0.002148495987057686,0.08209971338510513,0.008673422491253838,25.0277145042784,0.7052707792937588,0.14925776379238528
2238,training,0.0021430200431495905,0.12552214972674847,0.008673422491253838,25.04739399256608,0.7082616353058354,0.1536755116926447
2239,training,0.0015281228115782142,0.09279651939868927,0.036195788466863874,25.106219059573682,0.718218041618134,0.18321964568887422
2240,training,0.000727698439732194,0.03906995803117752,0.036195788466863874,25.14545452397433,0.7258845699881802,0.2022797381707606
2241,training,0.0015142615884542465,0.05941719003021717,0.036195788466863874,25.16479719074273,0.7299425487424498,0.21030788618215374
2242,training,0.0013480866327881813,0.045756049454212196,0.036195788466863874,25.203711145969148,0.7385551717057696,0.2252512747431676
2243,training,0.0011708438396453857,0.024282291531562805,0.036195788466863874,25.261820294153445,0.7525864008056267,0.2504434878182271
2244,training,0.0008272909326478839,0.07205744087696075,0.07714616340541519,25.300287964829703,0.7628043873475829,0.2685808090174562
2245,training,0.0005073215579614043,0.04138009808957577,0.07714616340541519,25.33872747289108,0.7737192021040076,0.2836771150701859
2246,training,0.000736794900149107,0.06342357397079468,0.07714616340541519,25.395880102198046,0.7910464410592263,0.30556054528962073
2247,training,0.0021136521827429533,0.00027324259281158447,0.07714616340541519,25.414905374346205,0.7971304745116269,0.3129145974115422
2248,training,0.002205028897151351,0.08477748930454254,0.07714616340541519,25.452779731056076,0.8096407679901402,0.32515609581977034
2249,training,0.0009996503358706832,0.07974617183208463,0.07714616340541519,25.471597085738424,0.8160642110738325,0.33232784385295483
2250,training,0.005745653063058853,0.05105543881654741,0.07714616340541519,25.50919974636923,0.8293440755963322,0.3457093153682872
2251,training,0.0010937274200841784,0.1670314818620682,0.09634302962720272,25.565388884942433,0.8500295450505423,0.35943343815208295
2252,training,0.0020816498436033726,0.14500628411769867,0.09634302962720272,25.58399703943403,0.8570805158975107,0.3650758696335764
2253,training,0.0018205977976322174,0.16446931287646296,0.09634302962720272,25.62113555687328,0.8714991343483857,0.3745783620324246
2254,training,0.0031351945362985134,0.2545768208801747,0.09634302962720272,25.658277679177715,0.8862996894519511,0.38441843659576974
2255,training,0.0035127338487654924,0.2557290643453598,0.09634302962720272,25.695107767257742,0.9014834831743983,0.39703968538713147
2256,training,0.0010637224186211824,0.3215446323156357,0.09634302962720272,25.731764307496938,0.9170678882743218,0.4065197637101652
2257,training,0.0017606929177418351,0.3309108093380928,0.07384854573681282,25.76842972284958,0.9330443224056466,0.4159340990543059
2258,training,0.000381508725695312,0.3196529373526573,0.07384854573681282,25.80476269055674,0.9493034483018529,0.42415654530053615
2259,training,0.006208658218383789,0.29575633257627487,0.07384854573681282,25.841151236009974,0.9658670064439686,0.4301554511521692
2260,training,0.0014278913149610162,0.3284403253346681,0.07384854573681282,25.877407185529176,0.9826623049289385,0.43791078250836724
2261,training,0.0012380466796457767,0.323370661586523,0.07384854573681282,25.913408175562687,0.9996664558316055,0.44383076450213754
2262,training,0.0004816199652850628,0.3278875853866339,0.031761066614558034,25.96753685932197,1.0256321300494344,0.45116469098951073
2263,training,0.0003378107794560492,0.3027165401726961,0.031761066614558034,25.985428765750733,1.034330564504779,0.4528054761122429
2264,training,0.003493590746074915,0.315169095993042,0.031761066614558034,26.02133416559055,1.0518519028424027,0.45498155230434156
2265,training,0.0005970200290903449,0.3083835616707802,0.031761066614558034,26.075112359661695,1.0783251102761444,0.4600893005506196
2266,training,0.0058984896168112755,0.29978813230991364,0.031761066614558034,26.110834650450016,1.0961236432107817,0.46438259680495386
2267,training,0.00196577119641006,0.29781451821327215,0.031761066614558034,26.128764062987067,1.1051256331526411,0.467035227544294
2268,training,0.0010830073151737452,0.304075475782156,0.031761066614558034,26.16429829337399,1.1232456710989602,0.4762772957803617
2269,training,0.005855931900441647,0.3159796781837941,0.0576453268030604,26.19962738260941,1.1416729882338827,0.4851991616314847
2270,training,0.03208865970373154,0.3342109322547912,0.0576453268030604,26.25250416868738,1.170010163924359,0.4997938417521273
2271,training,0.0031533334404230118,0.30892053991556173,0.0576453268030604,26.28737435313997,1.189245154795322,0.5078350332773253
2272,training,0.0015802676789462566,0.3331194147467613,0.0576453268030604,26.304864207166897,1.1990161397115227,0.5114989501731438
2273,training,0.0011712727136909962,0.3336450159549713,0.0576453268030604,26.356968590341403,1.2285599039433677,0.5199731504862957
2274,training,0.0012210047570988536,0.30039327591657633,0.0576453268030604,26.391624494962652,1.2484970801737494,0.5237729215642933
2275,training,0.0024927756749093533,0.30121640115976334,0.21272653723941687,26.426291267770594,1.2685669971485267,0.5261557856899494
2276,training,0.0009987503290176392,0.30158828943967814,0.21272653723941687,26.460297109529535,1.2887443327963026,0.5597713644703249
2277,training,0.0016805708874017,0.6172090880572796,0.21272653723941687,26.493116138745044,1.3107822118807086,0.6230123469887859
2278,training,0.015235534869134426,0.594844637438655,0.21272653723941687,26.508427574997206,1.3222701402169688,0.6711471874321309
2279,training,0.001840829849243164,0.9565712548792361,0.31097302586241876,26.537354933063046,1.3483449493324777,0.7965786365894055
2280,training,0.013484115712344646,0.8970487453043461,0.31097302586241876,26.562433804642783,1.3775698650433046,0.9409553595629244
2281,training,0.0011345413513481617,0.7514059916138649,0.3503019526217235,26.581918397781326,1.410399943866331,1.1289609050656697
2282,training,0.001991921104490757,0.5128084272146225,0.3503019526217235,26.599326041675717,1.4651402016454096,1.391543599290306
2283,training,0.0008693377603776753,0.25223590433597565,0.3682479313404778,26.603568353027732,1.5036990425317116,1.52737544122441
2284,training,0.005983101669698954,0.13545322418212896,0.3682479313404778,26.603049311635544,1.5428598965094817,1.63385004428155
2285,training,0.002918115584179759,0.12095910310745239,0.36165768653147057,26.601388651582283,1.5622127020210923,1.6772765737043966
2286,training,0.008260684087872505,0.0862328261137009,0.36165768653147057,26.59186357622712,1.6203832935634515,1.7804536766971646
2287,training,0.0031443145126104355,0.1500546634197235,0.36165768653147057,26.587476330129547,1.639621707203351,1.8087959264633025
2288,training,0.0014359266497194767,0.20803447067737582,0.3234660934166,26.571560858061446,1.6969530783888755,1.8755752246403843
2289,training,0.0013562769163399935,0.1633151117712259,0.3234660934166,26.565434428588336,1.715687493745102,1.8981437708818978
2290,training,0.011550752446055412,0.13702434301376343,0.3234660934166,26.55187115397827,1.7529400229109426,1.9382111312736496
2291,training,0.0006019514403305948,0.15482107549905777,0.3234660934166,26.529298439983034,1.8083520782154625,1.9724255853718475
2292,training,0.0014589802594855428,0.16881563514471054,0.3234660934166,26.513381364410076,1.844823613414425,1.9928563426240455
2293,training,0.004130921326577663,0.12503879331052303,0.3234660934166,26.49671487784887,1.8811980134334894,2.007953882995816
2294,training,0.0008134025847539306,0.16250430047512054,0.3234660934166,26.47961751830748,1.9170574256637583,2.0202439091872386
2295,training,0.0016548139974474907,0.20059213787317276,0.22256785764300666,26.462203434492217,1.9531329637600778,2.0206328254440096
2296,training,0.0017866762354969978,0.15666797384619713,0.22256785764300666,26.44477963915216,1.9890288058649148,2.0250458352490464
2297,training,0.0012066065100952983,0.08779886364936829,0.22256785764300666,26.427216765765355,2.0248340685239192,2.026143505106794
2298,training,0.0008862394606694579,0.057371027767658234,0.22256785764300666,26.40970613264574,2.060997122910746,2.0146161654452843
2299,training,0.0024541812017560005,0.03268156200647354,0.22256785764300666,26.4012007860999,2.0790601943792044,2.0071599456742244
2300,training,0.0004937771009281278,0.05570761486887932,0.22256785764300666,26.376474782673704,2.1337915127197675,1.9828207246364271
2301,training,0.005162631161510944,0.04017932340502739,0.12215314324361386,26.36847783660471,2.1522757890316355,1.9766359650360676
2302,training,0.0009347542654722929,0.04501266032457352,0.12215314324361386,26.345176759584767,2.207426264665792,1.9643086155597498
2303,training,0.02190389670431614,0.05011623352766037,0.12215314324361386,26.337519196068396,2.2259696607078197,1.9606596186764098
2304,training,0.0025905605871230364,0.03304638899862766,0.12215314324361386,26.314852360058595,2.2815323566602923,1.9557609430050746
2305,training,0.0023960056714713573,0.01597657427191735,0.12215314324361386,26.299914905813534,2.3186365476680533,1.9509561982881138
2306,training,0.002150595188140869,0.06224389560520649,0.03637375903686782,26.285118353518552,2.355992084700195,1.9451513301714614
2307,training,0.0026526786386966705,0.01676503848284483,0.03637375903686782,26.277869618411255,2.374509054051465,1.9418436249921112
2308,training,0.0033255130983889103,0.0013147522695362568,0.03637375903686782,26.25640110642532,2.4306300007006363,1.931670801233165
2309,training,0.002354397438466549,0.0028348900377750397,0.03637375903686782,26.242357744185227,2.4680680486301423,1.9289580392018884
2310,training,0.002431026427075267,0.03249768912792206,0.03637375903686782,26.22833360139051,2.5054298565137283,1.9313869048571413
2311,training,0.0032080316450446844,0.04669305495917797,0.03637375903686782,26.214142798032732,2.5429938200095457,1.9319650176069305
2312,training,0.0005126200849190354,0.002540824934840206,0.025560396559226702,26.20007557091578,2.5802510825505665,1.9313226066754257
2313,training,0.002633078955113888,0.017113070935010903,0.025560396559226702,26.18594238361837,2.617705704980807,1.9329636000049377
2314,training,0.0013242281274870038,0.04437166824936867,0.025560396559226702,26.171649256236783,2.655038385081387,1.9422675301481611
2315,training,0.0011681417236104608,0.04263259470462799,0.025560396559226702,26.156995690339823,2.692010967474915,1.9543448664208642
2316,training,0.0019781156443059444,0.09118738770484924,0.025560396559226702,26.141766789779478,2.7290690678169107,1.9680997405706688
2317,training,0.0010924565140157938,0.11791096813976765,0.025560396559226702,26.126101735020736,2.765579815130322,1.9852576495976377
2318,training,0.0012761438265442848,0.08894307911396027,0.025560396559226702,26.109669057608613,2.801832001909999,2.0076285833218415
2319,training,0.002807043259963393,0.134884275496006,0.02662013253326067,26.0924273323685,2.8378773895407328,2.025596711915278
2320,training,0.0015575129073113203,0.1292673721909523,0.02662013253326067,26.07466131347859,2.873359165914729,2.044209818243411
2321,training,0.0013396230060607195,0.09006417170166969,0.02662013253326067,26.056184028291558,2.908799881778318,2.0580516590709967
2322,training,0.0025940926279872656,0.04380740970373153,0.02662013253326067,26.037378069732874,2.9439978344552014,2.06458419744647
2323,training,0.0033800385426729918,0.12590252235531807,0.02662013253326067,26.027943702944807,2.9614584793104552,2.066840456050817
2324,training,0.004010112024843693,0.07446140423417091,0.04291681848169985,25.99926696584138,3.0141313466748167,2.0715514923368543
2325,training,0.0006618703482672572,0.08528880029916763,0.04291681848169985,25.980060915295656,3.049058993273827,2.075936410369526
2326,training,0.003114008344709873,0.11382096633315086,0.04291681848169985,25.960588547244,3.083950361766546,2.0842579980288423
2327,training,0.0016741836443543434,0.11121395975351334,0.04291681848169985,25.940852310162878,3.1186202423480522,2.092616854187221
2328,training,0.0013620180543512106,0.1428653448820114,0.04291681848169985,25.930875536030708,3.135835978207977,2.0992113043151868
2329,training,0.0024301607627421618,0.12319475412368774,0.04291681848169985,25.900168833713945,3.1871343701298067,2.1206834403157684
2330,training,0.0017945608124136925,0.09510413371026516,0.04291681848169985,25.8896904576261,3.2041153458657,2.126931687357184
2331,training,0.0018913004314526916,0.036626605316996574,0.07100494042242195,25.85775194970878,3.2546457906031074,2.139227464126231
2332,training,0.0010181674733757973,0.036495041102170944,0.07100494042242195,25.83625985789912,3.2883221888487273,2.1365676675743277
2333,training,0.0015056049451231956,0.10577305406332016,0.07100494042242195,25.814910206416382,3.3221142429006716,2.131791972738644
2334,training,0.001612420310266316,0.07182374224066736,0.07100494042242195,25.804280675644403,3.3390731149400006,2.1299451715856645
2335,training,0.04057355597615242,0.09038196131587029,0.07100494042242195,25.77249736660346,3.3898979300836403,2.1297323860017072
2336,training,0.0010134234325960279,0.11771493032574654,0.07100494042242195,25.7512672506435,3.4236491267871174,2.1361338080394736
2337,training,0.002245271345600486,0.08583454042673111,0.10371476388356869,25.729790968966665,3.457186621274253,2.144289037044877
2338,training,0.0005167784984223545,0.037394754588603966,0.10371476388356869,25.708109989100784,3.4906613645580373,2.1423162646282767
2339,training,0.0012748639564961195,0.005477424710988998,0.10371476388356869,25.68657424907641,3.5243949301159945,2.135668337619078
2340,training,0.002257869578897953,0.004631243646144867,0.10371476388356869,25.665281064388854,3.5582769714486706,2.1280891253306016
2341,training,0.002438007155433297,0.03198184072971344,0.10371476388356869,25.654750937666563,3.5752219997888615,2.125519668672166
2342,training,0.0005811291630379856,0.01808124966919422,0.11713966959693455,25.62332011884895,3.6263097169430965,2.1188124741660115
2343,training,0.0044586556032299995,0.050888621248304844,0.11713966959693455,25.602518329643615,3.6604273800928757,2.119442738229606
2344,training,0.002018273575231433,0.027594836428761482,0.11713966959693455,25.581643473986343,3.6944979325678693,2.1200266147897975
2345,training,0.00468349689617753,0.08830064535140991,0.11713966959693455,25.5608227825022,3.7284837534423327,2.122020879983266
2346,training,0.0012445664033293724,0.11369575932621956,0.11713966959693455,25.539889337829376,3.7623551935944324,2.1254927251959956
2347,training,0.0029472173191607,0.07993835397064686,0.11713966959693455,25.52935201571474,3.779349981058359,2.1257191048433093
2348,training,0.0002999688731506467,0.04618357494473457,0.11713966959693455,25.497822097605855,3.830339396414819,2.1252348300892794
2349,training,0.0015410510823130608,0.09600723907351494,0.09797611736958277,25.47665852350806,3.8641380558564027,2.1357746497068177
2350,training,0.004589242395013571,0.08753813430666924,0.09797611736958277,25.455161285456203,3.897795319925566,2.1405799485115105
2351,training,0.0017052280018106103,0.10060963220894337,0.09797611736958277,25.42260345798272,3.9480477940946703,2.152507506213702
2352,training,0.000578773207962513,0.0580085925757885,0.09797611736958277,25.41162683953293,3.9646691286932088,2.15482467353263
2353,training,0.008180190809071064,0.011080719530582428,0.09797611736958277,25.389514845485763,3.9979282640521934,2.1609344024278663
2354,training,0.00275501050055027,0.07730913907289505,0.09797611736958277,25.367054602114695,4.030971761188545,2.1771242247922977
2355,training,0.06251312792301178,0.13362408336251974,0.06944663050913381,25.34409319618957,4.063629556880819,2.1867883898234424
2356,training,0.0010201948462054133,0.06448194943368435,0.06944663050913381,25.320913383116565,4.096291825467159,2.187084929617549
2357,training,0.003976564388722181,0.017899438738822937,0.06944663050913381,25.297861723244147,4.12881254349381,2.1885301280738894
2358,training,0.002088987734168768,0.023552624508738518,0.06944663050913381,25.27468698237228,4.161268714561473,2.1944987949701362
2359,training,0.0011760148918256164,0.022447597235441208,0.06944663050913381,25.251260546405305,4.193528037880365,2.2023552032858458
2360,training,0.002590940333902836,0.0013099871575832367,0.06944663050913381,25.2277091502935,4.225662564726508,2.2026960763669403
2361,training,0.000783054914791137,0.04270883649587631,0.06944663050913381,25.204017151401402,4.257897838608942,2.208243494526254
2362,training,0.0020337868481874466,0.03596293181180954,0.048437553322407026,25.18017309631047,4.289830481630291,2.215003769215464
2363,training,0.035844508558511734,0.03437299747020006,0.048437553322407026,25.156158720938883,4.321564788559533,2.223171568007028
2364,training,0.0019242300186306238,3.465078771114696e-05,0.048437553322407026,25.13221815096858,4.352949012303211,2.224674378759991
2365,training,0.00600885646417737,0.039436936378479004,0.048437553322407026,25.10806146267919,4.384335122455831,2.2284300561779617
2366,training,0.0018872253131121397,0.030835367273539305,0.048437553322407026,25.08356462464795,4.415911976704761,2.2324701674382847
2367,training,0.0022680300753563643,0.040226049721241,0.048437553322407026,25.05889755236066,4.44742434634938,2.238410434598759
2368,training,0.0007465338567271829,0.018371036276221275,0.03024588678415232,25.03424359649776,4.478479714693745,2.2441157831844136
2369,training,0.002007515635341406,0.07812211103737356,0.03024588678415232,25.00954116418863,4.509205573028911,2.2506482996050035
2370,training,0.0013596063945442438,0.012091899290680887,0.03024588678415232,24.984444130693596,4.540249759223893,2.250116365722387
2371,training,0.002240478992462158,0.06935056298971175,0.03024588678415232,24.946870229020515,4.587140142110251,2.242153769781057
2372,training,0.001017026836052537,0.02177328802645207,0.03024588678415232,24.934401475566574,4.60287492308477,2.2393636745059107
2373,training,0.001236457610502839,0.06917031854391098,0.03024588678415232,24.909782788214166,4.634224462603122,2.232950259130709
2374,training,0.006975459400564432,0.10117829963564874,0.03024588678415232,24.88519884489729,4.66591410297841,2.2290430033891324
2375,training,0.004435869865119457,0.12967907637357712,0.018132151026147222,24.860727744215357,4.697555794249589,2.229617662009925
2376,training,0.0017614387907087803,0.12655488587915897,0.018132151026147222,24.83629390249733,4.729008879841855,2.2342559310670045
2377,training,0.0025376840494573116,0.10376725159585476,0.018132151026147222,24.81151356289845,4.760514989392667,2.240249425888281
2378,training,0.002946218941360712,0.10578891821205617,0.018132151026147222,24.786788014994663,4.791667143050157,2.2413070993308475
2379,training,0.0008418029174208641,0.058754533529281616,0.018132151026147222,24.761947386778377,4.823044492813844,2.2385049436350934
2380,training,0.0034725265577435493,0.038419708609580994,0.018132151026147222,24.737219219562274,4.854559700369032,2.2332135527348873
2381,training,0.001789874047972262,0.0582325104624033,0.018132151026147222,24.712832172937464,4.8861364105391925,2.2228235658895366
2382,training,0.0008429595036432147,0.11140983924269676,0.018132151026147222,24.68861864177716,4.9181504359877115,2.2154797820647034
2383,training,0.0036194552667438984,0.11533858627080917,0.010197487712793345,24.6646503510527,4.949977185077664,2.2172010705615177
2384,training,0.0010143149411305785,0.055244820192456245,0.010197487712793345,24.640544773686965,4.981803140226088,2.2218402284873844
2385,training,0.0014668421354144812,0.07888913713395594,0.010197487712793345,24.616212426104692,5.013558083786794,2.227029919466861
2386,training,0.010266726836562157,0.0909273289144039,0.010197487712793345,24.591869274379675,5.045140717757718,2.226076790629116
2387,training,0.001992790959775448,0.10351812839508057,0.010197487712793345,24.567480461043427,5.076928193772403,2.224786235147996
2388,training,0.0004963186220265925,0.17970817536115646,0.010197487712793345,24.543087347019764,5.108564890429498,2.231867273222311
2389,training,0.03567824512720108,0.24456224590539935,0.043216744675143096,24.51845364136162,5.139802938259019,2.246483001396309
2390,training,0.004577388986945152,0.20447421073913574,0.043216744675143096,24.505882681048057,5.155355924720534,2.255283891627142
2391,training,0.005377596244215965,0.16797691583633423,0.043216744675143096,24.45431214354717,5.215942036853401,2.2962090591595765
2392,training,0.001268050167709589,0.10563075728714466,0.043216744675143096,24.440987582072168,5.230846711927243,2.304157817831486
2393,training,0.001573258196003735,0.07571898400783536,0.043216744675143096,24.414133329538366,5.2605414988975,2.3059173633966776
2394,training,0.0013859582832083106,0.0006298348307609558,0.043216744675143096,24.387426015863173,5.290231732352841,2.2965909374363034
2395,training,0.002486294833943248,0.012836471199989333,0.043216744675143096,24.360949849775636,5.3205578885786995,2.2799265214472095
2396,training,0.0013719131238758564,0.025808075442910198,0.043216744675143096,24.335165878595436,5.351122971371677,2.263033224848786
2397,training,0.011226854287087917,0.02194320410490036,0.0774037960457492,24.30983218497358,5.3821430433527535,2.2494320380729707
2398,training,0.001607235404662788,0.006612775847315788,0.0774037960457492,24.284772031392347,5.413443007533393,2.244047182179347
2399,training,0.0028882790356874466,0.056961914524436,0.0774037960457492,24.25996794107361,5.444623454958943,2.241380807528238
2400,training,0.0010961415246129036,0.11146817728877068,0.0774037960457492,24.235033845645024,5.4759643936073745,2.2462362218245455
2401,training,0.0026980992406606674,0.06723787263035774,0.0774037960457492,24.209926122138786,5.5069767316633005,2.257132054987466
2402,training,0.002320825355127454,0.05829114839434623,0.0774037960457492,24.184487551855632,5.5375662106325105,2.272828023014603
2403,training,0.001189646078273654,0.07869865256361663,0.07249593410230125,24.15835169782466,5.567908310965883,2.292620483141397
2404,training,0.0012512741377577186,0.10413775965571404,0.07249593410230125,24.118356224409297,5.612107960154693,2.317884689835422
2405,training,0.0038280682638287544,0.043290249072015285,0.07249593410230125,24.107097201225486,5.624392830651123,2.2988707710327674
2406,training,0.0010005300864577293,0.023826484568417072,0.07249593410230125,24.082540681056802,5.652447749679452,2.287406668627826
2407,training,0.0013968348503112793,0.016937553882598884,0.07249593410230125,24.056301970010352,5.682359118155088,2.294403538674111
2408,training,0.002852482721209526,0.024649557657539845,0.07249593410230125,24.029654885869643,5.712310348765857,2.30186375801175
2409,training,0.002144383965060115,0.016110315918922417,0.07249593410230125,24.00296785886078,5.741850821809889,2.3091872661601083
2410,training,0.001984736416488886,0.012897472828626633,0.05895096639779525,23.97598101692209,5.771258547956428,2.317509132200327
2411,training,0.0012789301108568907,0.05537591129541397,0.05895096639779525,23.948659049895227,5.8005129769909,2.327932892634266
2412,training,0.0015665048267692327,0.011818233877420425,0.05895096639779525,23.92121272176934,5.829216741791376,2.338425154328583
2413,training,0.0017396865878254175,0.024720320478081703,0.05895096639779525,23.89330236057272,5.857910697628821,2.3460584340623796
2414,training,0.0011610615765675902,0.033931839279830456,0.05895096639779525,23.86533070055455,5.886391092124208,2.3469505748235333
2415,training,0.002630656585097313,0.13565592840313911,0.05895096639779525,23.837367807045396,5.914904192739415,2.3446643905886564
2416,training,0.0010357475839555264,0.11496319435536861,0.05895096639779525,23.809399399116135,5.943655342478785,2.338857653831673
2417,training,0.004800654482096434,0.0811830535531044,0.029755367284986435,23.781783849665207,5.972423865312995,2.3327937506426477
2418,training,0.0033829975873231888,0.11383723095059396,0.029755367284986435,23.754189856103768,6.001455723551791,2.3289236351661304
2419,training,0.0019910221453756094,0.12820799462497237,0.029755367284986435,23.726697357645776,6.030549351738721,2.3272175529000814
2420,training,0.0020444688852876425,0.15224247705191377,0.029755367284986435,23.699321701518897,6.059514544575705,2.3286985192890364
2421,training,0.0017416959162801504,0.13968350552022457,0.029755367284986435,23.671728865141766,6.088610803600531,2.330868440480647
2422,training,0.004155702423304319,0.12834548205137253,0.029755367284986435,23.657970080992737,6.103062917585065,2.3320403787252193
2423,training,0.0003637330955825746,0.10329893231391904,0.029755367284986435,23.60252948354685,6.160533791893423,2.344698177833165
2424,training,0.0011084163561463356,0.14056505262851715,0.022521201775437327,23.5885693353837,6.174778496406751,2.3474529309561145
2425,training,0.002623493317514658,0.11562224105000499,0.022521201775437327,23.560572985947577,6.203030001054509,2.355526334364635
2426,training,0.0008589089848101139,0.24909372813999653,0.022521201775437327,23.532185043890802,6.231252999602583,2.362469268544801
2427,training,0.0010764494072645903,0.27964493259787565,0.022521201775437327,23.51796205686419,6.245265081086437,2.3643083593621834
2428,training,0.0005453185294754803,0.29147844761610037,0.022521201775437327,23.47518296469059,6.287047630229536,2.3717457208007255
2429,training,0.0007703987066633999,0.2855919189751148,0.022521201775437327,23.446401162101395,6.314822475517432,2.375515166708356
2430,training,0.00979096069931984,0.2334139123558998,0.022521201775437327,23.417625725636746,6.342376215462337,2.380359033194645
2431,training,0.0009448997443541884,0.24639720469713217,0.022521201775437327,23.38858409425435,6.369844479698809,2.388216042393905
2432,training,0.0027038136031478643,0.25352462381124496,0.15078308530869355,23.359388480605805,6.3970079570693805,2.396486125256575
2433,training,0.0044537377543747425,0.2269087135791778,0.15078308530869355,23.329899808182056,6.42358799095908,2.4322798392102043
2434,training,0.0017744310898706317,0.2140689343214035,0.15078308530869355,23.299240145184772,6.448310279730774,2.49250176244599
2435,training,0.0009668238926678896,0.14493577182292938,0.15078308530869355,23.28333016529451,6.460022793521593,2.5214900980200525
2436,training,0.02837291546165943,0.15114054456353185,0.15078308530869355,23.233732626702928,6.4925429629926406,2.595741059790596
2437,training,0.0029610544443130493,0.12138236314058304,0.17572657838572986,23.199508720976052,6.512376760711882,2.636113259676729
2438,training,0.0019210302270948887,0.11142067238688469,0.17572657838572986,23.164250738524846,6.531046626535231,2.6715483707736163
2439,training,0.004865040071308613,0.09942024946212766,0.17572657838572986,23.12868900038747,6.548479986332213,2.699713105255208
2440,training,0.00010279043635819107,0.06993970088660714,0.17572657838572986,23.09248879634845,6.564950385957676,2.7294679684800442
2441,training,0.001963140442967415,0.07495185919106008,0.17572657838572986,23.05572370111976,6.5805294339530045,2.7496099184933533
2442,training,0.0023536011576652527,0.1293034553527832,0.17572657838572986,23.01883238606897,6.595407112749565,2.7656857108574693
2443,training,0.002677327487617731,0.10515134036540985,0.15649936323922076,22.981642686401816,6.6098078334633446,2.7773628185942765
2444,training,0.002712416462600231,0.12379909306764603,0.15649936323922076,22.944278745308633,6.623872060410657,2.7829960850658124
2445,training,0.000990207539871335,0.14262252673506737,0.15649936323922076,22.906858632123203,6.637813739643257,2.787809204460577
2446,training,0.003123331582173705,0.09674036875367165,0.15649936323922076,22.86945919912546,6.651509761280096,2.7931867872036413
2447,training,0.0005997160915285349,0.14542598696425557,0.15649936323922076,22.831959522735463,6.664999561289293,2.7966906857962943
2448,training,0.0014890192542225122,0.16679167933762074,0.15649936323922076,22.79435075769522,6.678530389400611,2.79535485202073
2449,training,0.0017425892874598503,0.14572271890938282,0.15649936323922076,22.75676699786824,6.692144764462923,2.7926599373035246
2450,training,0.0009500953601673245,0.08791434392333031,0.11965291050258892,22.719228634435897,6.705839918788231,2.7901612123902995
2451,training,0.00162346544675529,0.10711598582565784,0.11965291050258892,22.681702241730058,6.719708921994572,2.782212111803495
2452,training,0.024004722014069557,0.08912807330489159,0.11965291050258892,22.64426356981012,6.73402389705377,2.772294873855907
2453,training,0.003676637541502714,0.07171772141009569,0.11965291050258892,22.606954160445273,6.7485638947612925,2.7677350312509446
2454,training,0.0006152890273369849,0.03709550015628338,0.11965291050258892,22.569820458708605,6.763246319376233,2.7625120236633705
2455,training,0.0012775606010109186,0.07850848976522684,0.11965291050258892,22.532752389098434,6.778098229016826,2.7577777761404425
2456,training,0.0028790063224732876,0.05810180585831404,0.07794335398209401,22.47715376762261,6.800558932605679,2.758175509800444
2457,training,0.007009543012827635,0.02844596095383167,0.07794335398209401,22.4586381470294,6.808032899968028,2.757042565492351
2458,training,0.001824830425903201,0.04825257509946823,0.07794335398209401,22.421576283006868,6.82308074926882,2.753921395575584
2459,training,0.004305677488446236,0.02981256321072579,0.07794335398209401,22.384589158824234,6.838328990117742,2.7461820986909538
2460,training,0.0017561379354447126,0.04285221733152868,0.07794335398209401,22.347787675565744,6.85383777336907,2.7394043839281648
2461,training,0.0035049342550337315,0.046997100114822395,0.03995496474585799,22.31092087190762,6.8697112733230155,2.7285795936787873
2462,training,0.0022266721352934837,0.022637566784396768,0.03995496474585799,22.27458280101543,6.885807826940998,2.725971785597008
2463,training,0.0018937973072752357,0.04490555077791213,0.03995496474585799,22.238094587009186,6.901812498070292,2.7304442594312586
2464,training,0.002880967454984784,0.016030786558985717,0.03995496474585799,22.21971840355827,6.909798253828736,2.7320340688389986
2465,training,0.0015415551606565714,0.05070931278169155,0.03995496474585799,22.164895637530208,6.933772394482938,2.7262576378403023
2466,training,0.0008563609444536269,0.03797571361064911,0.03995496474585799,22.128275522046838,6.950013751238547,2.7214492742258445
2467,training,0.0046161748468875885,0.03267846256494522,0.02753268007027413,22.09182205879027,6.966463056349533,2.7133425791081405
2468,training,0.005825985223054886,0.01015993021428585,0.02753268007027413,22.055557530855197,6.98313778226057,2.708279437180559
2469,training,0.0014989905757829547,0.013324011117219925,0.02753268007027413,22.01920525778769,7.000072484010103,2.701812611997861
2470,training,0.0007458049803972244,0.016370488330721855,0.02753268007027413,21.983162337806295,7.017256715028514,2.6918000175565377
2471,training,0.03846146538853645,0.04501193389296532,0.02753268007027413,21.94717973313821,7.034807601748655,2.684507444795412
2472,training,0.0011410732986405492,0.0345034240745008,0.02753268007027413,21.911273517356502,7.0525044482023675,2.6835105944655675
2473,training,0.0006227256963029504,0.005158280953764919,0.013938359174603331,21.875527113230945,7.070038137893599,2.688505185467018
2474,training,0.00023357139434665442,0.015492115169763565,0.013938359174603331,21.857528912556017,7.078768786732787,2.690939871387902
2475,training,0.003896724432706833,0.006419124081730846,0.013938359174603331,21.80348269237426,7.10494882129115,2.686922781566377
2476,training,0.0014948544558137655,0.03215233236551285,0.013938359174603331,21.767620006704604,7.122594633803432,2.681415531852997
2477,training,0.0020202291198074818,0.03250421397387982,0.013938359174603331,21.73173856803546,7.140448129991787,2.678592499364375
2478,training,0.008277085609734058,0.03513256274163723,0.013938359174603331,21.696094261133705,7.158279045219885,2.6762546151133866
2479,training,0.0036681892815977335,0.043426249176263816,0.013938359174603331,21.66030769153741,7.176395626976761,2.6680428709420445
2480,training,0.0021272774320095778,0.05069303512573242,0.008326473714260037,21.62474479367799,7.194912041226688,2.6533235031154256
2481,training,0.001881220145151019,0.08556918799877167,0.008326473714260037,21.589576763010424,7.213961228912788,2.6368161124984795
2482,training,0.0013340719742700458,0.01952550560235977,0.008326473714260037,21.554473027595503,7.2336456942740375,2.6244138921292754
2483,training,0.0022509272675961256,0.03274830710142851,0.008326473714260037,21.51989470065192,7.25356569870607,2.6147728590008037
2484,training,0.0013095623580738902,0.005158600397408009,0.008326473714260037,21.485348703628482,7.273826291915731,2.6073617790854833
2485,training,0.0006582478526979685,0.08324288204312325,0.003947323730736951,21.450892882699918,7.294337610732978,2.6028936654582093
2486,training,0.002629766473546624,0.11371086165308952,0.003947323730736951,21.41670743880363,7.31489567254828,2.5960907035644625
2487,training,0.0015607569366693497,0.11370538547635078,0.003947323730736951,21.38245105183632,7.335956746733232,2.5836085766543295
2488,training,0.0021074400283396244,0.15549061819911003,0.003947323730736951,21.365468191920755,7.346633479848597,2.577235844645631
2489,training,0.002481477800756693,0.127547737210989,0.003947323730736951,21.315198585862777,7.379451676727994,2.5478129895470207
2490,training,0.004002101253718138,0.08184140175580978,0.003947323730736951,21.29854506865597,7.39081656763235,2.5382406482599187
2491,training,0.003357906360179186,0.06970205903053284,0.018403162439577077,21.249454051841774,7.425038886829272,2.5293406608186952
2492,training,0.003684751922264695,0.07904239743947983,0.018403162439577077,21.216658560807918,7.44799878639438,2.534592144250244
2493,training,0.00661191763356328,0.03666367381811142,0.018403162439577077,21.18378428673091,7.4704952058594785,2.5483437585938193
2494,training,0.0006684971158392727,0.018155463039875044,0.018403162439577077,21.15063657021332,7.492532836610238,2.5610954911465313
2495,training,0.0027260445058345795,0.09867757558822632,0.018403162439577077,21.1169958179917,7.5143234597298445,2.5726568190082393
2496,training,0.00235074944794178,0.09478218667209148,0.018403162439577077,21.083398584333356,7.53560832646983,2.5780835830370816
2497,training,0.00789942592382431,0.06818803586065769,0.018403162439577077,21.06651226539142,7.546278604273182,2.5776234373046023
2498,training,0.0006189374253153801,0.06535924039781094,0.018403162439577077,21.032603227770544,7.567748174312324,2.5769543604435947
2499,training,0.002134868875145912,0.06220999360084532,0.03895265096460077,20.98208283192615,7.599629857472657,2.581534379341553
2500,training,0.0018026262987405062,0.0447022132575512,0.03895265096460077,20.948052596199386,7.620831029765771,2.5882748246011715
2501,training,0.0013844294007867575,0.10644766502082348,0.03895265096460077,20.91408540965028,7.641717277254588,2.591825102691088
2502,training,0.0019440355245023966,0.14477120339870453,0.03895265096460077,20.87999941751866,7.662583379635022,2.590826231351727
2503,training,0.0006304115522652864,0.10345204547047614,0.03895265096460077,20.845827142470586,7.683669285944932,2.5868351834768233
2504,training,0.002114680828526616,0.07255441322922707,0.056872457189410884,20.81200423321581,7.70472691552333,2.5825053112478473
2505,training,0.0017656659474596381,0.10032868757843968,0.056872457189410884,20.77805180193795,7.726035777237778,2.5810586345102444
2506,training,0.022955721244215965,0.06209115684032439,0.056872457189410884,20.744207885630026,7.747156178521166,2.5873357264081283
2507,training,0.003505740547552705,0.03893749415874481,0.056872457189410884,20.71024137417462,7.768003277004056,2.595386978496508
2508,training,0.003147933166474104,0.07349298894405364,0.056872457189410884,20.675874655486794,7.788682115472338,2.6056635185000596
2509,training,0.0008974254596978426,0.051209740340709686,0.056872457189410884,20.641597134218152,7.808797830781113,2.6157119929755166
2510,training,0.0028238496743142605,0.048188708722591386,0.07204053269348844,20.606933526816768,7.828711540423761,2.6245448717347446
2511,training,0.004099370911717415,0.037088677287101746,0.07204053269348844,20.572100676853214,7.848349972859841,2.631976077106288
2512,training,0.0022838693112134933,0.04114247113466263,0.07204053269348844,20.537276676244336,7.867614646743859,2.6408178017212496
2513,training,0.0006006613257341087,0.03672723472118378,0.07204053269348844,20.502034347423056,7.886703539402741,2.650125637135297
2514,training,0.003907960839569569,0.045180121436715126,0.07204053269348844,20.466860020816224,7.905340251535015,2.6580122044951824
2515,training,0.0013494746526703238,0.060190573334693895,0.07204053269348844,20.431446458601503,7.92380077144432,2.6636466338721383
2516,training,0.0015463270246982574,0.06285405904054642,0.0802791587723669,20.395846308594,7.942147021506452,2.667581796280021
2517,training,0.006945581175386906,0.047362811863422394,0.0802791587723669,20.360381730541608,7.9602145858162885,2.6733077385046893
2518,training,0.0011497722007334232,0.046622514724731445,0.0802791587723669,20.32459025937352,7.978170027963259,2.6801231259165195
2519,training,0.0008931836928240955,0.08548478595912457,0.0802791587723669,20.27096781282854,8.004730850804028,2.681342013638648
2520,training,0.0010454547591507435,0.06469380483031273,0.0802791587723669,20.235082708427743,8.022550171030908,2.6793766384267825
2521,training,0.00028693099739030004,0.024019954726099968,0.0802791587723669,20.199386033833058,8.040348138317894,2.6794664692867727
2522,training,0.0006582596688531339,0.05370854400098324,0.08607337210583042,20.18156164210613,8.049200707663438,2.681964798244216
2523,training,0.0019405654165893793,0.08988837711513042,0.08607337210583042,20.145660995821363,8.066841859676206,2.6871669067475605
2524,training,0.0014212332898750901,0.06930099427700043,0.08607337210583042,20.10971798934127,8.08434320746556,2.6883327939977923
2525,training,0.0010156414937227964,0.1252434104681015,0.08607337210583042,20.073871470433406,8.10183575830842,2.6849537394074616
2526,training,0.002413495909422636,0.1420610174536705,0.08607337210583042,20.037881170334142,8.119733591066021,2.673773604326637
2527,training,0.004932574462145567,0.11244721710681915,0.08607337210583042,20.00233265654225,8.137980550615895,2.6620937180702566
2528,training,0.0012602793285623193,0.07880585268139839,0.0876241573470485,19.94908247034606,8.165780700165184,2.6604820129868094
2529,training,0.004284926224499941,0.09290448576211928,0.0876241573470485,19.931380654085483,8.175014334879242,2.660976042370415
2530,training,0.002635439159348607,0.13475259393453598,0.0876241573470485,19.896040445684292,8.193336831352136,2.6657670585574675
2531,training,0.0017839909996837378,0.07757553271949291,0.0876241573470485,19.860381794711596,8.211600252500943,2.6703920108109602
2532,training,0.0036776610650122166,0.10820655710995196,0.0876241573470485,19.82480399401061,8.22967086260567,2.672215870551449
2533,training,0.0021287836134433746,0.09547127969563007,0.0876241573470485,19.789184881883703,8.24772142467482,2.6720121013646176
2534,training,0.004775064066052437,0.1223877128213644,0.10177096315303605,19.753447095331314,8.26588894561966,2.6697495751263913
2535,training,0.0029194338712841272,0.1373212244361639,0.10177096315303605,19.71777956445308,8.283893343740862,2.683965611377294
2536,training,0.0007076802430674434,0.14563659392297265,0.10177096315303605,19.681825146930898,8.301009614035271,2.7106886008160958
2537,training,0.0010960896033793688,0.04193267971277237,0.10177096315303605,19.64550159752802,8.317137328235455,2.7368701265616893
2538,training,0.0020713740959763527,0.040467277169227614,0.10177096315303605,19.608848653640475,8.33234398137183,2.755280679726053
2539,training,0.000673887669108808,0.045535862445831306,0.10177096315303605,19.571836937218816,8.347138740172209,2.7674940807199166
2540,training,0.007796267978847027,0.00017749518156051636,0.10177096315303605,19.534596711088444,8.361487910740742,2.779626142079217
2541,training,0.0016239176038652658,0.04644202999770641,0.09888591353151688,19.49721351838014,8.375499541967677,2.783752863083031
2542,training,0.0008656972786411643,0.05687020532786847,0.09888591353151688,19.459880793135028,8.38944396386564,2.7853865724847084
2543,training,0.002074858406558633,0.012151319533586502,0.09888591353151688,19.422381213806837,8.40325764524302,2.7930319400049286
2544,training,0.0004496473411563784,0.0023619220592081547,0.09888591353151688,19.384868504613216,8.416815850317086,2.7930062067547516
2545,training,0.0015234715538099408,0.03997237794101239,0.09888591353151688,19.347272325878563,8.430541824951861,2.7906211603981834
2546,training,0.001672126236371696,0.02503503300249577,0.09888591353151688,19.309758179263287,8.444167571424309,2.7972690749248317
2547,training,0.043117742985486984,0.010301408357918262,0.07795927587262001,19.272235074776418,8.457538445865879,2.800169331747778
2548,training,0.0008749970002099872,0.03824455291032791,0.07795927587262001,19.234542536571183,8.470937221715522,2.7986908792335066
2549,training,0.0011782161891460419,0.024431489408016205,0.07795927587262001,19.196934695486483,8.484308552038417,2.8017005560218933
2550,training,0.001070226775482297,0.02934651356190443,0.07795927587262001,19.15927784287072,8.497594516925348,2.8020758108088404
2551,training,0.0011201282031834126,0.011564789339900013,0.07795927587262001,19.12158648003817,8.510903606736166,2.8016928871400952
2552,training,0.0006860550493001938,0.01526770927011967,0.06164209873446359,19.08399428907103,8.52425415055354,2.797638026013987
2553,training,0.001064456650055945,0.0021385359577834615,0.06164209873446359,19.02755668870791,8.544704183755792,2.7904817358725236
2554,training,0.0013426372315734625,0.028326259925961494,0.06164209873446359,19.008771064247075,8.551601605351642,2.789384367891561
2555,training,0.002367936074733734,0.013440290465950966,0.06164209873446359,18.97134507632651,8.565364567409803,2.790005213371467
2556,training,0.0016852064291015267,0.013735681772232056,0.06164209873446359,18.93384979614733,8.579046518830232,2.792417354913948
2557,training,0.0005476013757288456,0.006420146208256483,0.06164209873446359,18.896295093198294,8.592709838035347,2.7909013980209445
2558,training,0.0017950637266039848,0.026704242452979088,0.04679416189381189,18.858725629918702,8.60651382214109,2.7887936739220662
2559,training,0.001026651356369257,0.034336669370532036,0.04679416189381189,18.82123195859898,8.620279079116688,2.7911104626941095
2560,training,0.0010286775650456548,0.005034588277339935,0.04679416189381189,18.783736960336782,8.63397253744675,2.790415072250439
2561,training,0.0009197038016282022,0.02247890643775463,0.04679416189381189,18.746187713435305,8.6477818890594,2.787435638771623
2562,training,0.0015304980333894491,0.0287070944905281,0.04679416189381189,18.70871282294649,8.661696678497519,2.783744638870279
2563,training,0.0017471879255026579,0.0282345418818295,0.04679416189381189,18.671304681093527,8.675815950359487,2.7775910712846836
2564,training,0.000976624432951212,0.0037500597536563873,0.04679416189381189,18.633979855121602,8.690139164837909,2.772359906276407
2565,training,0.00135145359672606,0.00017371121793985367,0.027201156488274873,18.59676215441003,8.704628803815938,2.7678819592597206
2566,training,0.0013209141325205564,0.0234389640390873,0.027201156488274873,18.55955634405087,8.719275297302204,2.7658354279774273
2567,training,0.0009928030194714665,0.020925437100231647,0.027201156488274873,18.54097647628629,8.726600682131336,2.766292847255015
2568,training,0.0013599959202110767,0.02241186797618866,0.027201156488274873,18.48522447699066,8.748522051439279,2.7666896440285047
2569,training,0.0033357907086610794,0.07186955027282238,0.027201156488274873,18.44804886119785,8.763110570460318,2.768874914194029
2570,training,0.004524454474449158,0.08354835771024227,0.018235052351904178,18.410872951198595,8.777554264130229,2.7729723042055556
2571,training,0.0023407372646033764,0.08353862166404724,0.018235052351904178,18.3735558027601,8.791817580313593,2.7811765290603367
2572,training,0.0008138010744005442,0.06645244732499123,0.018235052351904178,18.35490335696588,8.798770463842493,2.788858475139829
2573,training,0.09985314309597015,0.12453447096049786,0.018235052351904178,18.298645060687345,8.818662668567503,2.813634985109219
2574,training,0.0014476836659014225,0.21317899227142334,0.018235052351904178,18.260738855948166,8.831193221424366,2.831939995539374
2575,training,0.0016689421609044075,0.24008310213685036,0.018235052351904178,18.222964215162985,8.842818696100961,2.855267287773304
2576,training,0.003924359567463398,0.23947910964488983,0.014958564213080536,18.184689003781276,8.85339100638311,2.890203698568323
2577,training,0.00649214256554842,0.20170622318983078,0.014958564213080536,18.145910873824533,8.86261557660814,2.92557789563175
2578,training,0.004923779517412186,0.20639128237962723,0.014958564213080536,18.107090795109503,8.870614025970598,2.9482339469262553
2579,training,0.002975672949105501,0.2579784467816353,0.014958564213080536,18.0677429288195,8.878048827291428,2.9603235192728152
2580,training,0.005254608578979969,0.25712212175130844,0.014958564213080536,18.02850509295277,8.885064307414366,2.9686569210214837
2581,training,0.005267576314508915,0.22899486869573596,0.014958564213080536,17.98917696819303,8.891783787097838,2.975928681874469
2582,training,0.0018208619439974427,0.2592860907316208,0.014958564213080536,17.949608648581837,8.898260969517562,2.983711684063294
2583,training,0.001403628382831812,0.28510134667158127,0.06085290274953463,17.910325157509288,8.904306206359234,2.9944389898872186
2584,training,0.013050702400505543,0.2699488699436188,0.06085290274953463,17.870748100379704,8.909902101797638,3.0084858805038452
2585,training,0.0028053238056600094,0.3042740151286125,0.06085290274953463,17.831123258089573,8.914958339758476,3.020134456239023
2586,training,0.002534583443775773,0.2983715385198593,0.06085290274953463,17.791574167487468,8.919557420914392,3.0309368795849503
2587,training,0.0010292752413079143,0.2909882143139839,0.06085290274953463,17.75176624760287,8.92382631940714,3.0382637316555163
2588,training,0.006238116882741451,0.3085705917328596,0.11526108993469204,17.71214582146813,8.927812717987877,3.0438852828202143
2589,training,0.00209527718834579,0.3065802529454231,0.11526108993469204,17.672152242520117,8.93195211396932,3.0173146119820555
2590,training,0.0028224592097103596,0.3511766567826271,0.11526108993469204,17.63205020229227,8.938135492517407,2.9597950746992154
2591,training,0.0012078434228897095,0.2820673026144504,0.11526108993469204,17.592585016051174,8.946698610741885,2.8933719821497315
2592,training,0.004129855427891016,0.20968033745884895,0.11526108993469204,17.55356944788447,8.95782286772767,2.834579994065851
2593,training,0.002692230511456728,0.2124364152550697,0.13745204375173095,17.515415146174035,8.97086948214804,2.7896839267339035
2594,training,0.0020938762463629246,0.11817675642669204,0.13745204375173095,17.477951783821048,8.985631814092397,2.742835132615723
2595,training,0.0002796241024043411,0.08004963397979736,0.13745204375173095,17.441205445479245,9.001948223742641,2.7078904763446188
2596,training,0.0037478399462997913,0.09018186666071415,0.13745204375173095,17.404866340682528,9.019390339903229,2.679854451729514
2597,training,0.0019427372608333826,0.012520491145551205,0.13745204375173095,17.36930727131611,9.037644745779467,2.6567695514943366
2598,training,0.0019155142363160849,0.010188513435423374,0.13745204375173095,17.333951513150563,9.056599336627286,2.6466623261602753
2599,training,0.0018374448409304023,0.0916486494243145,0.11085075511993585,17.298695988556677,9.075673614518859,2.6442093275396124
2600,training,0.0010683604050427675,0.03406704030930996,0.11085075511993585,17.26372677809579,9.094784845498834,2.636823042888695
2601,training,0.004899175837635994,0.07722322270274162,0.11085075511993585,17.22865960492191,9.114239945908743,2.6370150581562855
2602,training,0.0015084653859958053,0.061423420906066895,0.11085075511993585,17.193719927481343,9.133498726869881,2.635827323850203
2603,training,0.005843463819473982,0.013242371380329132,0.11085075511993585,17.15881977812774,9.152961372649138,2.6296861863403422
2604,training,0.0014259254094213247,0.018382500857114792,0.11085075511993585,17.123860172932098,9.172488565652271,2.6371838015874647
2605,training,0.001472189323976636,0.05666490737348795,0.10273896753194643,17.08900865463565,9.191592762191016,2.641304037681992
2606,training,0.0029791875276714563,0.06180865503847599,0.10273896753194643,17.05385457531896,9.210750654349583,2.6440095861725386
2607,training,0.0013476333115249872,0.1264018714427948,0.10273896753194643,17.018702530384573,9.229767712770075,2.647156391920373
2608,training,0.0011606799671426415,0.11482270434498787,0.10273896753194643,16.983587758014437,9.248691820445263,2.6442004468443545
2609,training,0.0004838143941015005,0.10011174931423739,0.10273896753194643,16.948345230454027,9.26797445450097,2.638588109760707
2610,training,0.0013183631235733628,0.08407598175108433,0.06998888767282065,16.91344381678525,9.28722676864315,2.6371045616044912
2611,training,0.002019614912569523,0.06273681670427322,0.06998888767282065,16.87842247251703,9.306537210671202,2.638552843388604
2612,training,0.0010871922131627798,0.06155201606452465,0.06998888767282065,16.843306479032012,9.325778112876625,2.6423523470070482
2613,training,0.0012466274201869965,0.03110354021191597,0.06998888767282065,16.808308521068227,9.344745398520184,2.6467706916536082
2614,training,0.002491139806807041,0.001770511269569383,0.06998888767282065,16.77299372016001,9.363676984966213,2.6532697284423934
2615,training,0.0015522906323894858,0.07339915446937084,0.06998888767282065,16.73769808901641,9.382263175137089,2.661656260966509
2616,training,0.0008893555495887995,0.006940932944417,0.042032979938959734,16.70227803607488,9.400644849112773,2.6605246655900507
2617,training,0.0003124710055999458,0.008408263325691223,0.042032979938959734,16.666784794666068,9.41920944420735,2.6616661666659946
2618,training,0.0010225388687103987,0.0160411074757576,0.042032979938959734,16.631416878688018,9.437448189189624,2.669015099048249
2619,training,0.0016565596451982856,0.027843793854117393,0.042032979938959734,16.59572662402618,9.455515216384189,2.677817985072632
2620,training,0.000736837915610522,0.01816052198410035,0.042032979938959734,16.559968043488666,9.47319059804184,2.6873287298958277
2621,training,0.001328020473010838,0.0436340868473053,0.042032979938959734,16.524099305708454,9.49042841951905,2.6996573600176785
2622,training,0.0020899027585983276,0.04144216328859329,0.013588907491020697,16.48789516797278,9.507298853079106,2.710863097114279
2623,training,0.0027650739066302776,0.05442289263010025,0.013588907491020697,16.469740459923905,9.51557968543273,2.7160073253679675
2624,training,0.0077926991507411,0.0945543572306633,0.013588907491020697,16.41505247754824,9.53976297023442,2.7342800412780126
2625,training,0.0007157492218539119,0.06798018328845501,0.013588907491020697,16.378417551208045,9.555473943126895,2.7376276473221073
2626,training,0.004277396015822887,0.09403114020824432,0.013588907491020697,16.341706627185445,9.571076062433091,2.7410100650435814
2627,training,0.027414962649345398,0.18853841722011566,0.013588907491020697,16.304885732178143,9.586635845526207,2.7407246761797825
2628,training,0.00220732344314456,0.2349095568060875,0.013409268435548577,16.26811853121358,9.602390712618948,2.7326818834882336
2629,training,0.0019326279871165752,0.27570169419050217,0.013409268435548577,16.23146943447243,9.618462767981544,2.7230590241998356
2630,training,0.002240616362541914,0.2907748594880104,0.013409268435548577,16.213145964318286,9.626676561801858,2.716489024707206
2631,training,0.007565860636532307,0.3249346762895584,0.013409268435548577,16.15882481036124,9.652089189079836,2.6921279074297084
2632,training,0.008012903854250908,0.2836078703403473,0.013409268435548577,16.122771251205336,9.669822339561339,2.6763894080439843
2633,training,0.00949760153889656,0.26579638570547104,0.013409268435548577,16.104875940161072,9.678880679846326,2.6695286273312817
2634,training,0.00230935076251626,0.2809003870934248,0.028174266548208614,16.0517035699094,9.706466803595767,2.6594297748666142
2635,training,0.0032742503099143505,0.21918904036283493,0.028174266548208614,16.033939938513928,9.715770814682989,2.659833655414925
2636,training,0.002434872090816498,0.1592797338962555,0.028174266548208614,15.980838695873878,9.743188907196236,2.6735372838335847
2637,training,0.0013826488284394145,0.17888803780078882,0.028174266548208614,15.945091372084592,9.760841325409276,2.6925104678900134
2638,training,0.0036640584003180265,0.20109141618013376,0.028174266548208614,15.909022519775384,9.777783922767684,2.7120978300859884
2639,training,0.006288683973252773,0.14240422099828723,0.028174266548208614,15.87272363669776,9.793950150394613,2.73282576921594
2640,training,0.006302005145698786,0.15683066099882126,0.1004887240274586,15.836020954495927,9.80944029426798,2.7501942965490325
2641,training,0.0033184997737407684,0.2115669250488281,0.1004887240274586,15.79903285879035,9.824262131407766,2.7775256255870255
2642,training,0.002430048305541277,0.20735316164791584,0.1004887240274586,15.76176720200109,9.837449442615753,2.8265081108536254
2643,training,0.0011966419406235218,0.12302410788834092,0.1004887240274586,15.723967544682983,9.848813596053875,2.871567505268507
2644,training,0.00019488472025841475,0.13432911969721317,0.1004887240274586,15.685372422053616,9.858646894799913,2.908665124097421
2645,training,0.000685072795022279,0.14611303806304932,0.1004887240274586,15.64668269982937,9.867329635328488,2.93234747374242
2646,training,0.001554028014652431,0.15527654811739922,0.16118975290743834,15.587906997856107,9.878943552546618,2.9599318268650294
2647,training,0.0005437807412818074,0.15874509140849113,0.16118975290743834,15.548701236217617,9.885875828254452,2.9718012706585615
2648,training,0.0032525567803531885,0.031077727675437927,0.16118975290743834,15.509332058616463,9.892436784422276,2.9809695585586136
2649,training,0.0015276109334081411,0.042489603161811836,0.16118975290743834,15.489564928298273,9.895627855028577,2.9798877247258884
2650,training,0.0005548242479562759,0.08325386047363281,0.16118975290743834,15.450123640788682,9.902321077830393,2.9671667937040365
2651,training,0.0018487370107322931,0.023656144738197327,0.16118975290743834,15.410747832717623,9.909520301542095,2.9537994125897558
2652,training,0.002876044251024723,0.03948894143104552,0.0443073972709971,15.371213765552724,9.917565163412295,2.9267545064639666
2653,training,0.0011785589158535004,0.07490677386522292,0.0443073972709971,15.33226278783749,9.92666693011249,2.8963078396781348
2654,training,0.0010711010545492172,0.07870616763830185,0.0443073972709971,15.29331056122204,9.937076724013888,2.864197708807414
2655,training,0.006924524903297424,0.09252307564020157,0.0443073972709971,15.2547896625777,9.948660394182244,2.8349265161560364
2656,training,0.004468593746423721,0.10369113087654114,0.0443073972709971,15.216764104529206,9.961363300823729,2.8029764703514597
2657,training,0.001869597239419818,0.10099464934319258,0.0443073972709971,15.17903111423613,9.975268072538098,2.77505401495267
2658,training,0.0020886575803160667,0.10133372060954571,0.02801587397662004,15.14171159093781,9.990116773697002,2.7507818952709098
2659,training,0.00247773714363575,0.009395713452249765,0.02801587397662004,15.104822774859118,10.00575407488911,2.732305143599377
2660,training,0.003546440042555332,0.009243581444025033,0.02801587397662004,15.06820388236913,10.021763211280668,2.7290754757030595
2661,training,0.001966516487300396,0.03147590532898903,0.02801587397662004,15.031734373411712,10.037667175896233,2.7333058895428883
2662,training,0.006546149495989084,0.023608148097991943,0.02801587397662004,14.995054555541167,10.053310631535567,2.7436702708205494
2663,training,0.0018789784517139196,0.017481382936239243,0.02801587397662004,14.958163384174078,10.06865210460808,2.749641654434157
2664,training,0.0013158335350453854,0.03488384373486042,0.02801587397662004,14.92127087642792,10.08391395605021,2.7472917257782665
2665,training,0.0030855012591928244,0.0468500554561615,0.03344197936315206,14.884448384529064,10.099352726230673,2.740776105747762
2666,training,0.0034183489624410868,0.06551626673899591,0.03344197936315206,14.847670841463382,10.115121217610378,2.7311187846481415
2667,training,0.0015487377531826496,0.11527201905846596,0.03344197936315206,14.811059641219245,10.13129479805088,2.719300611918233
2668,training,0.0021587908267974854,0.12043277802877128,0.03344197936315206,14.774598654157666,10.148040920984183,2.6996717157504424
2669,training,0.0006804532604292035,0.06456733774393797,0.03344197936315206,14.738507087650166,10.165677784842796,2.6737159837379454
2670,training,0.003127453848719597,0.025669638067483902,0.03344197936315206,14.703008987454234,10.184071499543519,2.655953931342341
2671,training,0.0032493590842932463,0.03927473723888397,0.05555065468800773,14.667588347754872,10.202905261706361,2.6517049016640684
2672,training,0.0016247660387307405,0.05942506389692426,0.05555065468800773,14.632370723891155,10.221771066440171,2.6473327474988735
2673,training,0.002835724037140608,0.09427282959222794,0.05555065468800773,14.597249358155993,10.240895875180696,2.6366984555886717
2674,training,0.0027916189283132553,0.0923632550984621,0.05555065468800773,14.562157682680079,10.260638405342235,2.6198431691890796
2675,training,0.0014438476646319032,0.01585148833692074,0.05555065468800773,14.527736717903263,10.280845129894368,2.602195985265675
2676,training,0.0030723176896572113,0.03251912770792842,0.05555065468800773,14.4934319214877,10.301662386143542,2.5911787473522065
2677,training,0.0008425419218838215,0.0195898013189435,0.08863201188690913,14.459370546588229,10.322762521487547,2.5832624292445554
2678,training,0.0037956354208290577,0.005672513274475932,0.08863201188690913,14.44249379641198,10.333310989264527,2.5831724587671974
2679,training,0.0008286336087621748,0.04142257757484913,0.08863201188690913,14.391496856528459,10.365165237584844,2.5822437785356698
2680,training,0.014525366947054863,0.0015876814723014832,0.08863201188690913,14.357779822424408,10.386386357329837,2.5752194070858527
2681,training,0.00028637878131121397,0.07861487567424774,0.08863201188690913,14.324093216093532,10.408185179130887,2.5575090161374785
2682,training,0.002885286696255207,0.11627470701932907,0.08863201188690913,14.290773190884183,10.430678819399475,2.536886865645958
2683,training,0.001330351340584457,0.05480562150478363,0.1353593431609466,14.258159865619202,10.453796815401295,2.513080207443433
2684,training,0.003328491933643818,0.0032818857580423355,0.1353593431609466,14.225846506875396,10.477562006117354,2.5063921108151996
2685,training,0.003077501431107521,0.014301758259534836,0.1353593431609466,14.193760520584844,10.501222032398385,2.5037401371755674
2686,training,0.0019173348555341363,0.0318618300370872,0.1353593431609466,14.16170229056323,10.525075919320159,2.501024014910184
2687,training,0.0016247476451098919,0.0553315132856369,0.1353593431609466,14.12959557827362,10.549018992804221,2.500753268923238
2688,training,0.001581874443218112,0.025031347759068012,0.1353593431609466,14.0977148004138,10.572776936714417,2.5018505471974706
2689,training,0.0019317017868161201,0.02175157330930233,0.11398510704992508,14.065561238613435,10.596645532390228,2.5028859902591893
2690,training,0.004442333243787289,0.03119824454188346,0.11398510704992508,14.033494278142172,10.6204707646679,2.500844480071003
2691,training,0.003249967936426401,0.02961290255188942,0.11398510704992508,14.0015784819196,10.644427609368178,2.494014105049365
2692,training,0.008763860911130905,0.0630214149132371,0.11398510704992508,13.969677553019894,10.668734532035295,2.4871143276356515
2693,training,0.005403880495578051,0.05697144940495492,0.11398510704992508,13.938086697186138,10.693024218080152,2.484371447712821
2694,training,0.00206825346685946,0.09849109873175621,0.11398510704992508,13.906459047028795,10.717610607764994,2.4757082674359423
2695,training,0.0017082253471016884,0.12534650787711143,0.11398510704992508,13.875067939162284,10.742483501674704,2.46760305128162
2696,training,0.0008822069503366947,0.09069154970347881,0.11398510704992508,13.844014959630584,10.767502045788923,2.4592529999947477
2697,training,0.0035671505611389875,0.006432481110095978,0.06478953174754103,13.812991722844487,10.792874761381317,2.453126703521401
2698,training,0.0010437911842018366,0.037660954520106316,0.06478953174754103,13.78221066527063,10.818358941370336,2.444771921868907
2699,training,0.0013190070167183876,0.009217759594321251,0.06478953174754103,13.751654247862964,10.844123523540526,2.4388836336376394
2700,training,0.026191549375653267,0.010531676933169365,0.06478953174754103,13.721173247977859,10.870033930170681,2.4349061831753356
2701,training,0.0017441699746996164,0.012508440762758255,0.06478953174754103,13.690858924246404,10.896050247065768,2.428302368808045
2702,training,0.0008064323919825256,0.030242389068007473,0.06478953174754103,13.660669624518048,10.922399931857333,2.4200009204203714
2703,training,0.002886410104110837,0.06033928506076336,0.027231673215273287,13.630724765842212,10.948889422417803,2.4148584333320477
2704,training,0.0005557043477892876,0.05450099054723978,0.027231673215273287,13.600944685053832,10.975579698365442,2.403662888780151
2705,training,0.0024607356172055006,0.09954006131738424,0.027231673215273287,13.571528160173216,11.00270471616481,2.3904930005809164
2706,training,0.0005962731665931642,0.04869564878754318,0.027231673215273287,13.542393893712472,11.030303479368857,2.3733646927168106
2707,training,0.0006145613733679056,0.066299207508564,0.027231673215273287,13.51384250541228,11.0583474488847,2.3593949252200535
2708,training,0.0019171835156157613,0.03594674915075302,0.027231673215273287,13.485585703209173,11.086570609621669,2.3561674645963198
2709,training,0.0010254735825583339,0.010994121432304396,0.027231673215273287,13.457330092946593,11.114627181222255,2.365674178984875
2710,training,0.006155856419354677,0.02861710637807846,0.027231673215273287,13.428693348115196,11.142251000006322,2.384709117023601
2711,training,0.0021212769206613302,0.012553781270980821,0.01984616110575672,13.399423958306063,11.169220949454818,2.409566143433068
2712,training,0.0006255806074477732,0.025776922702789307,0.01984616110575672,13.369547735480309,11.195468906065035,2.4317617093445762
2713,training,0.0013498354237526655,0.021596580743789673,0.01984616110575672,13.354337506141198,11.208387337408647,2.442647453129718
2714,training,0.0018375713843852282,0.027959413826465607,0.01984616110575672,13.30810136906285,11.24597986738544,2.473174791969653
2715,training,0.0004446450329851359,0.01219291239976883,0.01984616110575672,13.27653695813654,11.270482191635505,2.4895583471761706
2716,training,0.0022652768529951572,0.01627475768327713,0.01984616110575672,13.244697199394437,11.29435346023694,2.5059808765883265
2717,training,0.0036358176730573177,0.0804774686694145,0.0032151199347651947,13.2124985680056,11.317808289781926,2.516333751642425
2718,training,0.006252625025808811,0.07564511522650717,0.0032151199347651947,13.196228236264263,11.329513758240207,2.5197694655042415
2719,training,0.001870813313871622,0.03934571519494057,0.0032151199347651947,13.147427018618348,11.36407319015882,2.5306857184826543
2720,training,0.004483348689973354,0.0434141606092453,0.0032151199347651947,13.114592694563663,11.386878281937317,2.539289262480765
2721,training,0.0019961735233664513,0.0016818270087242265,0.0032151199347651947,13.081496117963242,11.40934724501458,2.5535432717891
2722,training,0.0040001580491662025,0.012655675411224365,0.0032151199347651947,13.048249893543478,11.430974440838014,2.576935445593014
2723,training,0.002454330213367939,0.02070944011211398,0.0032151199347651947,13.01423224075069,11.451893637728768,2.6046218307988105
2724,training,0.0065779672004282475,0.003376394510269165,0.014947940547523375,12.979860827645332,11.471709417254596,2.6334196404805668
2725,training,0.0016224990831688046,0.017279982566833496,0.014947940547523375,12.944866833215068,11.4905405475728,2.66170213389295
2726,training,0.0017948646564036608,0.023236878216266632,0.014947940547523375,12.909279389507818,11.50853735246943,2.684117846090505
2727,training,0.009206329472362995,0.057407960295677185,0.014947940547523375,12.87345555068787,11.525674402923494,2.7064501723725267
2728,training,0.0019334557000547647,0.05201344937086107,0.014947940547523375,12.837140874392485,11.541985872407862,2.7329085222444345
2729,training,0.0013326597400009632,0.010157637298107147,0.014947940547523375,12.800474385736432,11.557306278800928,2.7595829193310855
2730,training,0.010670451447367668,0.04148162901401519,0.014947940547523375,12.76339038507508,11.571598418800843,2.7862728158560635
2731,training,0.0020996415987610817,0.08436374366283417,0.016463681646544322,12.725953822966428,11.58505951436634,2.8049692345465607
2732,training,0.0055240243673324585,0.04451616294682026,0.016463681646544322,12.688128398716728,11.597921710220144,2.8229443545127526
2733,training,0.0023234484251588583,0.030094264075160027,0.016463681646544322,12.650281185198928,11.610063701894383,2.8369491516640686
2734,training,0.0025789772626012564,0.0515727698802948,0.016463681646544322,12.612154345078139,11.621907992273641,2.840606140305133
2735,training,0.008349994197487831,0.030843041837215427,0.016463681646544322,12.573917514355987,11.633847510834176,2.8349653210223686
2736,training,0.003281403798609972,0.03512077312916517,0.016463681646544322,12.535973268529444,11.646100358704919,2.8227331590613147
2737,training,0.0012162398779764771,0.053812066093087196,0.0031180689525611583,12.497939934815422,11.658881508890705,2.812683964155971
2738,training,0.00027082773158326745,0.06744779273867607,0.0031180689525611583,12.460122912712142,11.671916510934365,2.8070060283121676
2739,training,0.00444571441039443,0.020347563549876213,0.0031180689525611583,12.422529969792949,11.685057748995666,2.804513601994178
2740,training,0.0017165387980639935,0.001521967351436615,0.0031180689525611583,12.384753979824737,11.698252102742424,2.8075497761326664
2741,training,0.003916436340659857,0.020066637545824044,0.0031180689525611583,12.347106421847146,11.711199673932299,2.812126599192586
2742,training,0.001273858011700213,0.011367881670594215,0.0031180689525611583,12.309247416111543,11.724074069579894,2.815285961175881
2743,training,0.0036183297634124756,0.02516087144613266,0.029923938055683413,12.271379981578395,11.736806670615994,2.8188790666026406
2744,training,0.0010405532084405422,0.0003144647926092148,0.029923938055683413,12.233619973177987,11.74939621044784,2.8202187213258045
2745,training,0.0014718855964019895,0.0002061985433101654,0.029923938055683413,12.195603902086741,11.761998604111191,2.8231875751583133
2746,training,0.0013156058266758919,0.009859012439846992,0.029923938055683413,12.15776278398347,11.774363270079077,2.8270161708385038
2747,training,0.0064629619009792805,0.017037546262145042,0.029923938055683413,12.138799732021582,11.780516575870847,2.8283352211118813
2748,training,0.0003800240228883922,0.006491792853921652,0.029923938055683413,12.081654452643106,11.798905251387154,2.831617161477254
2749,training,0.0006477514398284256,0.05640136078000068,0.020577371569612632,12.043742317224124,11.811031380342836,2.831561659484901
2750,training,0.001354302279651165,0.042281633242964745,0.020577371569612632,12.005592502832267,11.823222808720965,2.834218361638573
2751,training,0.016448097303509712,0.07599804922938347,0.020577371569612632,11.967555777684813,11.835137521287615,2.8426273442747543
2752,training,0.0025759516283869743,0.04019408859312534,0.020577371569612632,11.929453764928203,11.846661628578444,2.853426947875963
2753,training,0.004132052883505821,0.08219914883375168,0.020577371569612632,11.890998411812014,11.857823950024809,2.865251702577926
2754,training,0.0034320754930377007,0.0853378064930439,0.0068212403268353775,11.852695082057966,11.868443921055812,2.8757071505018734
2755,training,0.0010120926890522242,0.10617578029632568,0.0068212403268353775,11.814079179436106,11.878771649236688,2.8849727702416583
2756,training,0.0022681206464767456,0.102822445333004,0.0068212403268353775,11.775375070060429,11.888729057694482,2.8945426701243004
2757,training,0.000975877745077014,0.12217273563146593,0.0068212403268353775,11.73674912648476,11.89829716246776,2.902608455200479
2758,training,0.0013659768737852573,0.11519386619329453,0.0068212403268353775,11.697755224248139,11.907685051243277,2.907802035121595
2759,training,0.00778561644256115,0.0705365426838398,0.0068212403268353775,11.6589824481428,11.91683779177624,2.910851806036096
2760,training,0.0025875591672956944,0.08824720792472363,0.01556874594307731,11.620061608450596,11.925934777528154,2.9125031911884856
2761,training,0.004879496991634369,0.06033879145979881,0.01556874594307731,11.580992523220695,11.93504420579253,2.9122544004205193
2762,training,0.00025711889611557126,0.07186608016490935,0.01556874594307731,11.542215200732398,11.944129435236935,2.9102650173846736
2763,training,0.0018446766771376133,0.11723884753882884,0.01556874594307731,11.503191574356867,11.953297335681539,2.9116203662676594
2764,training,0.0019405337516218424,0.0849841758608818,0.01556874594307731,11.464308320710614,11.962339488467073,2.9148254791232926
2765,training,0.0007275015814229846,0.08657844737172127,0.01556874594307731,11.425405381222355,11.971249708597176,2.9173087594217524
2766,training,0.0018210444832220674,0.07765315659344196,0.01556874594307731,11.386257290623567,11.980171145966755,2.9175150448149703
2767,training,0.003709490178152919,0.08225862495601177,0.04215752102757093,11.347423797246277,11.989036221002324,2.9163487615089827
2768,training,0.001846611499786377,0.12729468941688538,0.04215752102757093,11.308393166656058,11.99797708463411,2.916644840542717
2769,training,0.004765594843775034,0.11003212071955205,0.04215752102757093,11.269384252689825,12.006872467101873,2.9182308448178222
2770,training,0.000925885047763586,0.10300542786717415,0.04215752102757093,11.230494215440055,12.015673056033789,2.919552017781247
2771,training,0.0011663541663438082,0.0803909730166197,0.04215752102757093,11.191340485956866,12.02449228698197,2.920356478093325
2772,training,0.004429990891367197,0.027781393378973007,0.04521696878889018,11.152442281215837,12.033236981407233,2.9201243744392853
2773,training,0.0005187452770769596,0.0065067932009696995,0.04521696878889018,11.113426045323525,12.042053105385406,2.917978373159501
2774,training,0.0012609062250703573,0.006640751846134663,0.04521696878889018,11.074311661971516,12.051001426611718,2.9154254103391675
2775,training,0.00032605830347165465,0.1361539028584957,0.04521696878889018,11.03549788302277,12.05996873388792,2.9142952687865398
2776,training,0.002386649139225483,0.12129202485084534,0.04521696878889018,10.996430214412694,12.068937676392077,2.918855761751374
2777,training,0.002620432525873184,0.11386122182011604,0.04521696878889018,10.95752652077455,12.077616071988311,2.926082260579016
2778,training,0.0012601690832525492,0.08156141266226768,0.07419372799027964,10.9185443979075,12.08594407221633,2.936399808383965
2779,training,0.0010138864163309336,0.054872032254934304,0.07419372799027964,10.87924232298756,12.093937531936621,2.946085263236568
2780,training,0.0035374362487345934,0.031240306794643402,0.07419372799027964,10.840197592059265,12.101523340785667,2.9518019528730335
2781,training,0.0019036490703001618,0.03505149111151695,0.07419372799027964,10.800863027398995,12.109020858349606,2.9537031895178245
2782,training,0.0011669551022350788,0.008671657647937536,0.07419372799027964,10.76155477691425,12.11650029386638,2.9530435447585357
2783,training,0.00042272615246474743,0.015018278732895851,0.07419372799027964,10.722369213382917,12.123976862537367,2.95303866479129
2784,training,0.0027141578029841185,0.01452452503144741,0.06596708743461456,10.682942116932075,12.131488232380468,2.9537043797504894
2785,training,0.0012324374401941895,0.006572983693331479,0.06596708743461456,10.643787316034967,12.138934900420624,2.9533715614422067
2786,training,0.0015584201319143176,0.029925201088190082,0.06596708743461456,10.604490840012646,12.146418587249524,2.953210098953138
2787,training,0.002723549259826541,0.008920290973037481,0.06596708743461456,10.565117630974992,12.153922890910303,2.953284359781521
2788,training,0.0005385822150856256,0.00019770674407482147,0.06596708743461456,10.525969946418455,12.161359165364095,2.95412517888929
2789,training,0.0009208885603584349,0.018799202516674995,0.06596708743461456,10.486562666574207,12.168827593646583,2.9542419077272988
2790,training,0.0010470259003341198,0.012560453265905377,0.05238787748286856,10.447318905560245,12.176290315291942,2.952981191224662
2791,training,0.0014855690533295274,0.026498859748244286,0.05238787748286856,10.408074777192715,12.183806820545772,2.95126197326385
2792,training,0.002589964075013995,0.027499306946992874,0.05238787748286856,10.36865494544813,12.191443316775434,2.9493529376617493
2793,training,0.0006645884132012725,0.03731312416493892,0.05238787748286856,10.329553520376136,12.199081814905302,2.9479446678530126
2794,training,0.00548501405864954,0.037170758470892906,0.05238787748286856,10.309929857650861,12.20292698347252,2.948061003532098
2795,training,0.001200039521791041,0.05242088437080383,0.05238787748286856,10.250992338122934,12.214424748825122,2.950518270865886
2796,training,0.0004555645864456892,0.019540958106517792,0.05238787748286856,10.211832361032801,12.221912439299034,2.954947399851732
2797,training,0.0017944570863619447,0.02816021628677845,0.015564444422463106,10.172391413202693,12.229282070572841,2.9589575929001266
2798,training,0.0021444696467369795,0.005574892275035381,0.015564444422463106,10.133212378999492,12.23646353118406,2.9610021229882535
2799,training,0.0023541648406535387,0.004585325310472399,0.015564444422463106,10.093850562378266,12.243617853895886,2.9622853581050443
2800,training,0.0026040507946163416,0.0580492876470089,0.015564444422463106,10.074085811625379,12.2471972503196,2.962708584821717
2801,training,0.0016368371434509754,0.05070565827190876,0.015564444422463106,10.015213631398693,12.257809796012872,2.963971477037708
2802,training,0.00171217555180192,0.05440429225564003,0.015564444422463106,9.975734417072212,12.264853418902778,2.966426698558929
2803,training,0.0024034627713263035,0.02917104819789529,0.0036163452757300013,9.936454985289883,12.271750485910303,2.9693365002287697
2804,training,0.001032574218697846,0.05421173758804798,0.0036163452757300013,9.897097278721711,12.278505397048466,2.9738819679978414
2805,training,0.0032271433155983686,0.03962206840515137,0.0036163452757300013,9.837934426937332,12.288342528057463,2.9793901954427584
2806,training,0.0046999771147966385,0.043088819831609726,0.0036163452757300013,9.818277702175013,12.291534998900323,2.9815292210233593
2807,training,0.000578790670260787,0.0793478824198246,0.0036163452757300013,9.778727516593335,12.297834820452579,2.9861409092281055
2808,training,0.0011081787524744868,0.08379843458533287,0.04979279484940111,9.739265764039416,12.303918054911293,2.991000087487095
2809,training,0.0016532470472157001,0.06859666667878628,0.04979279484940111,9.699831492109094,12.309766492410985,2.9975190195028
2810,training,0.0010385641362518072,0.060868678614497185,0.04979279484940111,9.660166811997982,12.315403892146966,3.0029512374391554
2811,training,0.0007840441539883614,0.11429885029792786,0.04979279484940111,9.620711073565152,12.320793481126561,3.0090629550436403
2812,training,0.0030448841862380505,0.1472126729786396,0.04979279484940111,9.581069718994593,12.325923611326534,3.017014297089665
2813,training,0.0033718228805810213,0.07922923192381862,0.04979279484940111,9.541429062859397,12.330739333086655,3.0240784301787715
2814,training,0.0020726164802908897,0.07388706505298615,0.032352257650521375,9.501861758690733,12.335215383723689,3.0339637138807025
2815,training,0.0034314868971705437,0.0876988023519516,0.032352257650521375,9.462071922214843,12.339313366469238,3.0435705696557336
2816,training,0.0014927492011338472,0.08430718630552292,0.032352257650521375,9.422391158844842,12.343078059124391,3.0502936294140492
2817,training,0.0014430220471695065,0.0722445473074913,0.032352257650521375,9.402546210245667,12.344853216170513,3.054318346999935
2818,training,0.0007065226091071963,0.06986929103732109,0.032352257650521375,9.342845877070571,12.349726098383803,3.06531724888124
2819,training,0.0009293151670135558,0.06485325843095778,0.032352257650521375,9.303065464328093,12.352599304939421,3.073642172147271
2820,training,0.002079480094835162,0.05539931729435919,0.032352257650521375,9.26319082125537,12.355115562876055,3.0833308769543812
2821,training,0.007668467238545418,0.05013348162174225,0.05473993820272325,9.223386106806704,12.357282501149278,3.0912359052606893
2822,training,0.0018832013010978699,0.04884522408246994,0.05473993820272325,9.183538439394994,12.359085407934773,3.1016474153170064
2823,training,0.0008721658959984779,0.03820607811212538,0.05473993820272325,9.143718882310095,12.36049625447647,3.1095769463295087
2824,training,0.0052009462378919125,0.052558250725269304,0.05473993820272325,9.103772547370859,12.361612180035355,3.117797246514669
2825,training,0.0020575758535414934,0.031090162694454193,0.05473993820272325,9.063874595357339,12.3623568585007,3.1274526096546773
2826,training,0.003184549044817686,0.029649049043655396,0.05473993820272325,9.024036936638673,12.362787041782479,3.134641919814022
2827,training,0.003853956935927272,0.02828562632203102,0.060365634695088814,8.984078092622699,12.362877336049428,-3.13894963393316
2828,training,0.0010216303635388613,0.025090754032135024,0.060365634695088814,8.944281537909996,12.362584195311307,-3.1309252468629487
2829,training,0.00036728172563016415,0.03047702461481095,0.060365634695088814,8.904294619268207,12.36200831898703,-3.123350689935616
2830,training,0.0008252642583101988,0.028328824788331985,0.060365634695088814,8.8643699856447,12.36110441604185,-3.1151740783563047
2831,training,0.0005548223271034658,0.037381768226623535,0.060365634695088814,8.824506024012546,12.359948408216491,-3.1111480071803097
2832,training,0.003500338178128004,0.05205857381224632,0.060365634695088814,8.784536985998042,12.358696720548473,-3.109150793787346
2833,training,0.006252175197005272,0.04193859361112118,0.05079490383245358,8.744621874236303,12.357424137523642,-3.111528495069397
2834,training,0.004348550923168659,0.034738071262836456,0.05079490383245358,8.704605358988799,12.356291622862331,-3.1149283367188336
2835,training,0.0007100113434717059,0.00995585694909095,0.05079490383245358,8.664660949206965,12.35522170745546,-3.1136147388662705
2836,training,0.0019208109006285667,0.006690699607133865,0.05079490383245358,8.62480268440399,12.354033048088901,-3.109493590593763
2837,training,0.0015436132671311498,0.0001987740397453308,0.05079490383245358,8.58480179969911,12.352593042719281,-3.101214422530537
2838,training,0.0012749885208904743,0.0005281269550323452,0.05079490383245358,8.544984611959636,12.350789566134313,-3.0928194886217577
2839,training,0.0019308098126202822,0.015980558469891548,0.04794878800874039,8.505106139228605,12.34873428968172,-3.0875179000319934
2840,training,0.0011923862621188164,0.02390048000961542,0.04794878800874039,8.465197630757974,12.346447248026998,-3.0801148072101574
2841,training,0.0011216024868190289,0.01656758412718773,0.04794878800874039,8.425453555788707,12.343847972638955,-3.0734599827459865
2842,training,0.0049491384997963905,0.04431157000362873,0.04794878800874039,8.385510700138672,12.341021393221967,-3.068627408691006
2843,training,0.0022019653115421534,0.06798860803246498,0.04794878800874039,8.345768182452238,12.338040630030145,-3.067481720320833
2844,training,0.0021756766363978386,0.020815861178562045,0.04794878800874039,8.305892707832797,12.335241779300747,-3.0768270916682754
2845,training,0.0022712145000696182,0.004344364628195763,0.035802393224046325,8.265891552284966,12.332774413819264,-3.0813457026307893
2846,training,0.0043207197450101376,1.1556781828403473e-05,0.035802393224046325,8.226158229887462,12.330373418464175,-3.080577418380433
2847,training,0.005679432302713394,0.004859281703829765,0.035802393224046325,8.206229367041479,12.329140659530271,-3.0792438445428347
2848,training,0.002014239551499486,0.014063861686736345,0.035802393224046325,8.146332162622992,12.32535647115787,-3.0782153865995
2849,training,0.002411934547126293,0.0036532413214445114,0.035802393224046325,8.10650329561994,12.32286876089687,-3.081386462657728
2850,training,0.0010858686873689294,0.03197346813976765,0.035802393224046325,8.086488206400487,12.321683824027215,-3.0836426011496876
2851,training,0.0025961098726838827,0.07039466127753258,0.029833078677219783,8.026653759628303,12.318209655085987,-3.0812531141495265
2852,training,0.0013853292912244797,0.07936382479965687,0.029833078677219783,7.98682114303421,12.315658476428132,-3.0725928601574686
2853,training,0.0033669969998300076,0.07189705222845078,0.029833078677219783,7.946960414741899,12.312687226076418,-3.060447599386874
2854,training,0.002151862718164921,0.07195966318249702,0.029833078677219783,7.907307459515921,12.309241568028318,-3.0512989798064636
2855,training,0.004347235430032015,0.0786373894661665,0.029833078677219783,7.867417078413308,12.305547922708799,-3.047210033213562
2856,training,0.0015954765258356929,0.0783944558352232,0.029833078677219783,7.827696551657515,12.3016716528711,-3.0416088572715965
2857,training,0.001462575513869524,0.07256061211228369,0.009850850984087792,7.7880118242198195,12.297599960059307,-3.0373499836847917
2858,training,0.0008869795128703117,0.057081384584307684,0.009850850984087792,7.748111734810229,12.29340241895785,-3.0361005783523227
2859,training,0.0007556426571682096,0.04514758288860321,0.009850850984087792,7.708495034185849,12.289189414710105,-3.0369020669914533
2860,training,0.0011244838824495673,0.019137144088745117,0.009850850984087792,7.6686199704976525,12.285116612787926,-3.043882922837151
2861,training,0.00671797152608633,0.03045141696929933,0.009850850984087792,7.628770537431869,12.281374379324523,-3.0530131995740333
2862,training,0.007552438415586948,0.051091188564896584,0.009850850984087792,7.588963037679597,12.278079651544568,-3.064765801602076
2863,training,0.006313788238912821,0.07426910288631917,0.013103969654096492,7.5489186738975596,12.275172553756645,-3.0717832140297308
2864,training,0.001974470680579543,0.08423848450183868,0.013103969654096492,7.50916898663933,12.272361150433909,-3.070199742620703
2865,training,0.0010756263509392738,0.08100180886685848,0.013103969654096492,7.489268908219005,12.270928999052236,-3.069494696971379
2866,training,0.001311064581386745,0.09738500602543354,0.013103969654096492,7.429414103432291,12.266506723209195,-3.0649637591253214
2867,training,0.001308669801801443,0.0996320340782404,0.013103969654096492,7.3897143127581035,12.263363743436736,-3.0608365749915647
2868,training,0.0014471127651631832,0.09941425733268261,0.013103969654096492,7.349779547869949,12.260068417526153,-3.057699149170828
2869,training,0.0043671089224517345,0.10524113103747368,0.02053609500478148,7.310040672802001,12.25663297284174,-3.0537679823764843
2870,training,0.0044891610741615295,0.10122362338006496,0.02053609500478148,7.270274001569379,12.253087995606016,-3.0518713636705814
2871,training,0.0037907855585217476,0.09938537701964378,0.02053609500478148,7.230368272294124,12.24947829750496,-3.0504149474377997
2872,training,0.0033700778149068356,0.06274806149303913,0.02053609500478148,7.190652450845464,12.24581943403416,-3.050310747864718
2873,training,0.00037005828926339746,0.05494042858481407,0.02053609500478148,7.150759818463937,12.242199766702088,-3.052291464693991
2874,training,0.0006517687579616904,0.059968918561935425,0.02053609500478148,7.110927548092873,12.238650425517834,-3.0533270060029105
2875,training,0.0019986811093986034,0.06445199623703958,0.03950629179085557,7.071170102937022,12.235191741551686,-3.0566971173410162
2876,training,0.001105532981455326,0.07563856989145278,0.03950629179085557,7.031184553802287,12.23185320318267,-3.0594221183217067
2877,training,0.0007783769979141653,0.08156337589025496,0.03950629179085557,6.99148339142511,12.228569865423253,-3.059399240550808
2878,training,0.0013996025081723928,0.08134228363633156,0.03950629179085557,6.951625449398058,12.225284895919259,-3.059327573151777
2879,training,0.0009218527702614665,0.07517605274915695,0.03950629179085557,6.911759417492266,12.221966490661098,-3.0572468780058784
2880,training,0.0013937726616859436,0.07683497853577137,0.0568666329039584,6.872027847244956,12.218580794077614,-3.056632698890945
2881,training,0.0011654599802568555,0.06683056056499481,0.0568666329039584,6.832070352754109,12.215189652878715,-3.057870790797048
2882,training,0.0035873756278306246,0.07162044383585453,0.0568666329039584,6.79230509563161,12.21187707812653,-3.0602947899391406
2883,training,0.00324030639603734,0.06310947798192501,0.0568666329039584,6.7724176586833895,12.210281486086354,-3.0629527889493007
2884,training,0.0008536824025213718,0.10028266906738281,0.0568666329039584,6.712511774011018,12.205780839058168,-3.0691918425468403
2885,training,0.0011310447007417679,0.15273331850767136,0.0568666329039584,6.672736368467274,12.202926486941259,-3.0703272666821366
2886,training,0.004586948547512293,0.18427271395921707,0.0568666329039584,6.632843194484866,12.199955540038593,-3.061913804109007
2887,training,0.0012564541539177299,0.1861543282866478,0.0699040973387258,6.593097132085136,12.19649598262507,-3.046104466606693
2888,training,0.00513233058154583,0.18894443660974503,0.0699040973387258,6.553552645743826,12.192379897578755,-3.0299121029319642
2889,training,0.0020721000619232655,0.18957633525133133,0.0699040973387258,6.5336842310892065,12.190072532481297,-3.022142244858099
2890,training,0.0023763019125908613,0.1416788399219513,0.0699040973387258,6.474391465359261,12.182416281932245,-3.0047262688688288
2891,training,0.002502718474715948,0.1374976560473442,0.0699040973387258,6.43482284987622,12.176819587259908,-2.9975804224719846
2892,training,0.0021803195122629404,0.14076969027519226,0.08946717235861999,6.395197526752651,12.170972638583457,-2.9921075522543306
2893,training,0.01025144662708044,0.12875946797430518,0.08946717235861999,6.355815553250941,12.16498617154054,-2.9902794283332903
2894,training,0.005318908486515284,0.08172052167356014,0.08946717235861999,6.3360196596129486,12.161961842555373,-2.9901448592414206
2895,training,0.002769611543044448,0.08174959011375904,0.08946717235861999,6.296327849025484,12.155965350314549,-2.9925846205473645
2896,training,0.005625883117318153,0.0857820212841034,0.08946717235861999,6.237094639223179,12.147235736862637,-2.9983716884592044
2897,training,0.0012889833888038993,0.08591714687645434,0.08946717235861999,6.197319396564494,12.14159361604508,-3.00245950162611
2898,training,0.0018686725525185466,0.09195267222821712,0.08946717235861999,6.157835561308383,12.136136976608064,-3.0067511045262245
2899,training,0.0013024816289544106,0.04825742729008198,0.11426670502437591,6.118090862586952,12.13083283375223,-3.0112124858689864
2900,training,0.003038853406906128,0.08007391914725304,0.11426670502437591,6.078338419946475,12.125787861794668,-3.020955797479312
2901,training,0.001695857266895473,0.10831249132752419,0.11426670502437591,6.038623935003333,12.121225757142545,-3.0335564188433484
2902,training,0.0018157698214054108,0.13075098767876625,0.11426670502437591,5.998629101230619,12.11712867877753,-3.0448545116913857
2903,training,0.0042084744200110435,0.11590292677283287,0.11426670502437591,5.958877396962196,12.113458681446216,-3.0549923969119464
2904,training,0.0013126718113198876,0.0823097936809063,0.11426670502437591,5.918922085582664,12.11020305784567,-3.0653049628234283
2905,training,0.0012963687768206,0.04322275519371033,0.1223411421177776,5.878972789926669,12.107304075973676,-3.072456252227855
2906,training,0.0024013023357838392,0.061623590067029,0.1223411421177776,5.8391856168044285,12.10461524207871,-3.0748305293912686
2907,training,0.0028991985600441694,0.10053613781929016,0.1223411421177776,5.819200355139727,12.103277573504197,-3.074614015729499
2908,training,0.0010756412521004677,0.09741891693556681,0.1223411421177776,5.759445959752193,12.099168027022877,-3.072168969246791
2909,training,0.0019865739159286022,0.08309443295001984,0.1223411421177776,5.71957088864873,12.096404811207954,-3.072889528240924
2910,training,0.005464310757815838,0.09455132251605392,0.1223411421177776,5.679662864094262,12.093650396484035,-3.071965704539151
2911,training,0.0015178561443462968,0.0863175094127655,0.10891649149066321,5.639859446030264,12.090872779245743,-3.0729845018481337
2912,training,0.0020001051016151905,0.09040726535022259,0.10891649149066321,5.599883056895003,12.088146473675854,-3.0737935764721542
2913,training,0.0014185311738401651,0.04598798602819443,0.10891649149066321,5.560072622373315,12.085417380941628,-3.073592836914929
2914,training,0.0018513593822717667,0.05500694364309311,0.10891649149066321,5.520258433642277,12.082719439340314,-3.0719144068328106
2915,training,0.001971660414710641,0.09153916500508785,0.10891649149066321,5.480353114947343,12.079810857240526,-3.064930858591279
2916,training,0.002140969969332218,0.10794436745345592,0.10891649149066321,5.440650298926466,12.0766259304036,-3.059595986079224
2917,training,0.0014849248109385371,0.09814604558050632,0.05064911754588614,5.400780978027894,12.073283957107627,-3.0564702984465573
2918,training,0.0010210501495748758,0.09102084301412106,0.05064911754588614,5.36096340922686,12.069790677907235,-3.0512392795182923
2919,training,0.001750533701851964,0.09815073758363724,0.05064911754588614,5.321272455597593,12.066124243541728,-3.0483883517495154
2920,training,0.0036562003660947084,0.10949064046144485,0.05064911754588614,5.281344820460122,12.062363640792515,-3.04741643720342
2921,training,0.002506852615624666,0.15029442077502608,0.05064911754588614,5.241656169065375,12.05857027878238,-3.0462940835458414
2922,training,0.02474522404372692,0.1312021240592003,0.05064911754588614,5.2018576255868,12.054773524795582,-3.047009641124618
2923,training,0.0027517909184098244,0.13555741030722857,0.017639006954881468,5.162027398889115,12.050947640188092,-3.0428110172123004
2924,training,0.007235138677060604,0.12452585995197296,0.017639006954881468,5.122644627399,12.046772665874046,-3.0238107516390587
2925,training,0.0024077855050563812,0.13070275634527206,0.017639006954881468,5.08307769720878,12.041587639106504,-2.9989026427131793
2926,training,0.0067533282563090324,0.14011039957404137,0.017639006954881468,5.043721867806868,12.03548629181831,-2.9757475559844555
2927,training,0.003063444746658206,0.12748052179813385,0.017639006954881468,5.004546639089183,12.02857454984081,-2.9589887565012294
2928,training,0.001231084344908595,0.15246397256851196,0.017639006954881468,4.965193482571482,12.021000173808835,-2.9426777311672603
2929,training,0.0023144243750721216,0.17833852767944336,0.006647585313218514,4.9263742452784625,12.012820470714901,-2.92472080444148
2930,training,0.001310400664806366,0.18265404552221298,0.006647585313218514,4.887505590064433,12.003861274450651,-2.9051664753696493
2931,training,0.009031359106302261,0.14962628483772278,0.006647585313218514,4.848733276489954,11.994225863930716,-2.891268832125007
2932,training,0.001484951819293201,0.16446390748023987,0.006647585313218514,4.810328134932583,11.98410649808665,-2.87745600210104
2933,training,0.002434136811643839,0.1363774836063385,0.006647585313218514,4.771780412885055,11.973430190114513,-2.8657177632161646
2934,training,0.0018800001125782728,0.1417897790670395,0.006647585313218514,4.73353490799425,11.962385961268106,-2.8548129125846207
2935,training,0.0029687939677387476,0.10708688944578171,0.031768528794797704,4.695341664052619,11.950877894295617,-2.8429913129175968
2936,training,0.0009548638481646776,0.11111323721706866,0.031768528794797704,4.657197697808687,11.938941703302337,-2.834613415083021
2937,training,0.001251575886271894,0.06347763910889626,0.031768528794797704,4.619313571735302,11.926760959830961,-2.8270213515355724
2938,training,0.0032372321002185345,0.05930427648127079,0.031768528794797704,4.581317625206721,11.914293205005004,-2.823891683888201
2939,training,0.0035034525208175182,0.006169872358441353,0.031768528794797704,4.543302934308861,11.901864313524257,-2.8274608002033186
2940,training,0.029866330325603485,0.006890180018672254,0.031768528794797704,4.505359138011628,11.889545584420162,-2.8281023779762577
2941,training,0.00329396640881896,0.006090579554438591,0.08453550199683414,4.467328568258529,11.877218103199745,-2.8284132555761934
2942,training,0.0018325502751395106,0.040954094380140305,0.08453550199683414,4.429358807483713,11.864915697401731,-2.8285223402815216
2943,training,0.0010217591188848019,0.005584692116826773,0.08453550199683414,4.391282513885257,11.85260230365573,-2.8296950215786763
2944,training,0.005655163899064064,0.00831321906298399,0.08453550199683414,4.353247025466906,11.840357324573128,-2.830742619246408
2945,training,0.0035377247259020805,0.042696226388216026,0.08453550199683414,4.3343008989600795,11.834258987653824,-2.8300850411429748
2946,training,0.0023894114419817924,0.00036238133907318115,0.08453550199683414,4.296248121456021,11.821981405268852,-2.8285950464018375
2947,training,0.002405371982604265,0.02242938987910748,0.1395591329207728,4.239340633691745,11.803413185963114,-2.821709703497686
2948,training,0.0007878073374740779,0.0367308109998703,0.1395591329207728,4.220432211847214,11.797109293179009,-2.8183130493728266
2949,training,0.00045872657210566103,0.002454124391078963,0.1395591329207728,4.164287718577529,11.77774160938483,-2.796070842908602
2950,training,0.003274456597864628,0.03635299578309059,0.1395591329207728,4.145537788180987,11.770895761609205,-2.787879640787742
2951,training,0.0019238600507378578,0.025381550192832933,0.1395591329207728,4.108306208472565,11.756809526283808,-2.772634588000356
2952,training,0.0009286858839914203,0.00925253331661223,0.1395591329207728,4.052721529018716,11.734700376398006,-2.752690598212986
2953,training,0.0012676720507442951,0.008699990808963776,0.12083203860419062,4.015999386627537,11.719265105479515,-2.7337951242314427
2954,training,0.002169176237657666,0.02004918456077577,0.12083203860419062,3.997814005004282,11.711299825350778,-2.7249734302360276
2955,training,0.0004886978422291577,0.048475213348865495,0.12083203860419062,3.961457281818265,11.694906047897499,-2.7092221718280105
2956,training,0.002052839146926999,0.017356380820274353,0.12083203860419062,3.9254033261166126,11.677802520705594,-2.6861600375587313
2957,training,0.001204636413604021,0.0347113311290741,0.12083203860419062,3.8722951454018784,11.650690789667856,-2.65568551132382
2958,training,0.0035899276845157146,0.004519544541835785,0.12083203860419062,3.8370961876813596,11.631665409800458,-2.633710328296825
2959,training,0.0030531310476362705,0.022634945809841156,0.07058153443520535,3.8026161340540896,11.612057401025883,-2.6166035999389803
2960,training,0.0032071471214294434,0.030663877725601196,0.07058153443520535,3.7682195298405783,11.591723804993794,-2.597484278682613
2961,training,0.0016435716534033418,0.024523619562387473,0.07058153443520535,3.734356552998811,11.570771623463923,-2.5766808425668177
2962,training,0.0033743842504918575,0.0509520098567009,0.07058153443520535,3.7009538727736184,11.549165676346863,-2.5605155247614366
2963,training,0.003206482157111168,0.07936598360538483,0.07058153443520535,3.6675865855041803,11.527018781913023,-2.550719296755466
2964,training,0.0007556105847470462,0.05496514216065407,0.07058153443520535,3.634695036227962,11.504697356342573,-2.5395825161245726
2965,training,0.004334264434874058,0.04530597664415836,0.03424907295091512,3.6018507170585843,11.481907257059733,-2.532758373816217
2966,training,0.00690265791490674,0.031676771119236946,0.03424907295091512,3.5690646304409794,11.45901573727404,-2.531931209815579
2967,training,0.0022269831970334053,0.06340257823467255,0.03424907295091512,3.5364949424336394,11.436142157713475,-2.5255786123476947
2968,training,0.005816060118377209,0.06927675753831863,0.03424907295091512,3.50388995584496,11.41290362859984,-2.5201046121450825
2969,training,0.0041558025404810905,0.039126439020037644,0.03424907295091512,3.4876592191538287,11.401268600439776,-2.519924959057944
2970,training,0.0015090135857462883,0.028595641255378723,0.03424907295091512,3.4390419662676024,11.366363046403967,-2.517339681263552
2971,training,0.006234487518668175,0.002569776028394692,0.03424907295091512,3.4066962094542483,11.34297870028541,-2.512971424005034
2972,training,0.0009727483848109841,0.038741884753108025,0.010285091847251864,3.390645240142298,11.331248504988757,-2.5084743152748628
