step,mode,loss,angle_error(rad),distance(m),x(m),y(m),the(rad),direction
1,training,0.24893611669540405,0.18935075402259832,0.0,0.00017955577842293687,0.0005322314574152382,0.0032374332428770033
2,training,0.027373727411031723,0.2431863248348236,0.0,0.027753243560073335,0.0006696950656686216,0.011403143621821906
3,training,0.14458486437797546,0.33133256435394287,0.0,0.08515236012367046,0.0035979044966519005,0.09928833921107931
4,training,0.04463540390133858,0.008488595485687256,0.0,0.12420906740610033,0.008794735304213007,0.16253233658547214
5,training,0.028129365295171738,0.1089378744363785,0.07578520204764462,0.18230167187132565,0.020914690403405056,0.24857074882047986
6,training,0.016933821141719818,0.007822029292583466,0.07578520204764462,0.2202531738309717,0.03164166966840824,0.3004400047066541
7,training,0.04060356318950653,0.058479148894548416,0.07578520204764462,0.2578096055127006,0.043884900872804555,0.32348337548775075
8,training,0.026839274913072586,0.013932935893535614,0.07578520204764462,0.29572784101990884,0.05686846709721401,0.3378646640408237
9,training,0.03352516144514084,0.17510690167546272,0.07578520204764462,0.3331058938498983,0.07026310847919943,0.3491032328586546
10,training,0.0054329195991158485,0.066326804459095,0.07578520204764462,0.37068860988674385,0.08409392311969852,0.35552652665539275
11,training,0.006924214772880077,0.021626798436045647,0.06167658975932998,0.40795466943537045,0.09807328808260111,0.3639776432636033
12,training,0.00640613678842783,0.03131815791130066,0.06167658975932998,0.4637927560755781,0.11974800419940909,0.37471369335398397
13,training,0.01221934612840414,0.005548463203012945,0.06167658975932998,0.48246769811823514,0.12710877573589985,0.37643271803348216
14,training,0.0031208640430122614,0.047691307961940765,0.06167658975932998,0.5194211582153523,0.14176487401181098,0.3773500968879926
15,training,0.0030765635892748833,0.0006914325058460201,0.06167658975932998,0.5380039094042242,0.1491202113751555,0.37573258490171296
16,training,0.007136204279959202,0.008801668882369995,0.06167658975932998,0.5753577816088317,0.16381556759172067,0.3760046402926075
17,training,0.005253929179161787,0.05390056036412715,0.06167658975932998,0.5938852308157213,0.17114749067484425,0.3767982748214802
18,training,0.005426812916994095,0.026278246426954865,0.055972199815258895,0.630880973403315,0.18586158406089498,0.38172024165293655
19,training,0.004038628656417131,0.012220256030559533,0.055972199815258895,0.668070324542152,0.2008859997320098,0.38433683168580945
20,training,0.003085355507209897,0.021407821215689182,0.055972199815258895,0.7051180789159353,0.21577426861257684,0.3786119477614443
21,training,0.005718068219721317,0.05452034715563059,0.055972199815258895,0.7423263556097429,0.23045314630752706,0.37381828866899874
22,training,0.006256323307752609,0.04111278522759676,0.055972199815258895,0.7796776417447038,0.24508474550201167,0.3741678730418927
23,training,0.004255136474967003,0.017685045953840017,0.055972199815258895,0.8167162157305955,0.2596613235343991,0.3739427245176508
24,training,0.0017856988124549389,0.028830129653215415,0.07035999451221914,0.8727542227290631,0.2815652156980633,0.3717734107988144
25,training,0.0032265549525618553,0.007123470306396484,0.07035999451221914,0.9097743988231397,0.29583855786076146,0.3623676600775559
26,training,0.0008581882575526834,0.040293408557772636,0.07035999451221914,0.9285423440454573,0.3028821850234959,0.35517541996136676
27,training,0.0032608285546302795,0.017755471169948578,0.07035999451221914,0.9663291105898618,0.3166645564918779,0.34738078516600557
28,training,0.00330271921120584,0.02078418806195259,0.07035999451221914,1.0038048302707112,0.3301594096475477,0.3424305673460939
29,training,0.0018970583332702518,0.0053404271602630615,0.07035999451221914,1.0416353298432877,0.34346724869084877,0.3334470646484727
30,training,0.0018991235410794616,0.014444574713706977,0.05299917958431563,1.0796107269138508,0.356401937305091,0.32321301894739496
31,training,0.0007971994928084314,0.05102430284023285,0.05299917958431563,1.136664779883094,0.3750128982261957,0.3077151785426859
32,training,0.0016370541416108608,0.002672038972377777,0.05299917958431563,1.1558442003554292,0.381068754237628,0.3054834013531855
33,training,0.0007025030790828168,0.008503228425979614,0.05299917958431563,1.193849161502939,0.3930711971599097,0.30531823757817733
34,training,0.0009984382195398211,0.006579060107469559,0.05299917958431563,1.2319866480577506,0.4050900623635294,0.30635798277975723
35,training,0.0020805697422474623,0.002794470638036728,0.05299917958431563,1.2701379759954394,0.41725299861001414,0.3125513268796987
36,training,0.0015398605028167367,0.03145444765686989,0.044824875118866944,1.307991928589904,0.4296005055252701,0.316037407565431
37,training,0.0006672239978797734,0.07176783680915833,0.044824875118866944,1.346188737664336,0.44200111517278196,0.3088826664768616
38,training,0.0012785643339157104,0.03224287554621698,0.044824875118866944,1.3843439961798363,0.453926034208526,0.2959767774427014
39,training,0.0011966186575591564,0.033093059435486794,0.044824875118866944,1.4227335082947417,0.46530707784486525,0.280065952278186
40,training,0.0013702178839594126,0.0077814506366848946,0.044824875118866944,1.46137372616263,0.4761557201933988,0.26979070762624924
41,training,0.0007830492686480284,0.044470228254795074,0.044824875118866944,1.4998225890524424,0.4866851286538979,0.26552818939713463
42,training,0.00023613245866727084,0.0942009873688221,0.01569722172623088,1.5384803575659878,0.4971682608079565,0.26437285310883946
43,training,0.002197208348661661,0.09841516986489296,0.01569722172623088,1.5764855708499086,0.507464945257029,0.2608344496097123
44,training,0.0015131756663322449,0.1392519250512123,0.01569722172623088,1.634602490328743,0.5220631359824449,0.2310597965330398
45,training,0.0028800072614103556,0.12377815321087836,0.01569722172623088,1.6737361885710653,0.5309414914677302,0.21617335284928924
46,training,0.0031653118785470724,0.0761195234954357,0.01569722172623088,1.7326067670501948,0.5431726022969027,0.19296094606401262
47,training,0.0015604502987116575,0.07641391828656198,0.008603201239525385,1.7522377581726285,0.5469408598733031,0.18638590671463917
48,training,0.0027580710593611,0.193377286195755,0.008603201239525385,1.7916887813303652,0.5541151420908289,0.17284875470753686
49,training,0.001335484441369772,0.22285279631614685,0.008603201239525385,1.8312500672371754,0.5606863126178703,0.15604647710202366
50,training,0.002392725320532918,0.22808430343866348,0.008603201239525385,1.8708053662301014,0.5666121052120864,0.14150741553759272
51,training,0.0015530877280980349,0.23617559671401978,0.008603201239525385,1.9105868416744436,0.5720086457967067,0.12813564531523042
52,training,0.007996865548193455,0.2281290404498577,0.008603201239525385,1.9502802604540161,0.5768520849109329,0.11527230707640741
53,training,0.0010897821048274636,0.1957293637096882,0.008603201239525385,1.9901118094722927,0.5812336631579982,0.10380163153306994
54,training,0.0055288029834628105,0.13084068521857262,0.030137171876513626,2.0300651546730357,0.5851742486603022,0.09276560075895729
55,training,0.0033567361533641815,0.17346840724349022,0.030137171876513626,2.069786054057115,0.5886765569503032,0.08311342813688145
56,training,0.001769250025972724,0.1654556579887867,0.030137171876513626,2.1098335317870864,0.5918095393766866,0.07266561573180749
57,training,0.003056215588003397,0.1259769406169653,0.030137171876513626,2.149698076680315,0.5945171354475464,0.06378797581855924
58,training,0.001671954640187323,0.08748169848695397,0.030137171876513626,2.1895613269450003,0.5969969634873,0.06283530379638907
59,training,0.0014195952098816633,0.06705416180193424,0.039780775555777005,2.229593155314379,0.599542026467352,0.06366296221286552
60,training,0.002013112884014845,0.07550101354718208,0.039780775555777005,2.269315355705634,0.6021177041291619,0.06618402997354915
61,training,0.002238454297184944,0.07404330000281334,0.039780775555777005,2.289229760898556,0.6034781501489294,0.07048075811336134
62,training,0.0017445157282054424,0.07575210742652416,0.039780775555777005,2.3291848563714685,0.6064674949074835,0.0785370318714499
63,training,0.0028446679934859276,0.09996365755796432,0.039780775555777005,2.3688098511056266,0.6097273850558835,0.08523335999278359
64,training,0.003449077717959881,0.0211771740578115,0.039780775555777005,2.4086636157325567,0.6131940190694534,0.08712011694479399
65,training,0.00314398598857224,0.07199145341292024,0.039780775555777005,2.448561272851457,0.6166660044358458,0.08580611819765141
66,training,0.0038850377313792706,0.037279222160577774,0.03255778158788942,2.4882434703141714,0.6200912244789997,0.08590324397193429
67,training,0.002066860208287835,0.09624255076050758,0.03255778158788942,2.5282176800342153,0.623517347616115,0.08367658802434275
68,training,0.0025441087782382965,0.06532681174576283,0.03255778158788942,2.56799134333631,0.6267357094306383,0.07777577796144103
69,training,0.001183859771117568,0.04841659404337406,0.03255778158788942,2.6279160261383314,0.6311955542497283,0.07105445533130647
70,training,0.0013175563653931022,0.05763724632561207,0.03255778158788942,2.6479233026345828,0.6325925748254873,0.06793191112648123
71,training,0.0023554135113954544,0.015690909698605534,0.03255778158788942,2.687667253857052,0.6352100687482595,0.06357638379839875
72,training,0.003483415115624666,0.034232372418046,0.02373514976715149,2.727710401280388,0.6376717291340697,0.058759897944653874
73,training,0.0023093773052096367,0.07909226603806019,0.02373514976715149,2.787540943934372,0.640968613696914,0.0522458869659036
74,training,0.0008557417313568294,0.027091270312666893,0.02373514976715149,2.82758411530155,0.6429879235546976,0.04806410492405504
75,training,0.0012511233799159527,0.019028978422284123,0.02373514976715149,2.847666267704431,0.6439270896400368,0.045528711790992625
76,training,0.0018598544411361217,0.012260863557457924,0.02373514976715149,2.887461234869305,0.6456591860396793,0.04161051925958664
77,training,0.0004374929703772068,0.02987808920443058,0.02373514976715149,2.947596302774675,0.6479909983533291,0.035280272114824124
78,training,0.0007588451262563467,0.004096580669283867,0.022603462561061667,2.967555774554729,0.6486752605466427,0.03342757022496215
79,training,0.0010894290171563625,0.04900129698216915,0.022603462561061667,3.007433312352201,0.6499578550673629,0.03036516597052303
80,training,0.0013835130957886577,0.06190991960465908,0.022603462561061667,3.0675680851492215,0.6516540548750783,0.026520314997189636
81,training,0.001610297942534089,0.0578369814902544,0.022603462561061667,3.0874561422583757,0.6521720678442471,0.02518335368700341
82,training,0.0007724949391558766,0.06859428621828556,0.022603462561061667,3.127453196192857,0.6531149814867709,0.02178062398014048
83,training,0.000919193378649652,0.08284026198089123,0.018503285108574935,3.167597546670635,0.6539280238444661,0.019515700506065065
84,training,0.003304013516753912,0.09201485943049192,0.018503285108574935,3.2074150375090635,0.6546828888445472,0.017608527046692305
85,training,0.0017280775355175138,0.005975848995149134,0.018503285108574935,3.2475295284203876,0.6553408932107087,0.015447823193176655
86,training,0.0030530139338225126,0.08130167238414288,0.018503285108574935,3.2874746685306997,0.655925795201139,0.013750633038054771
87,training,0.001245471416041255,0.05608834186568856,0.018503285108574935,3.3274218324949154,0.6564261621646109,0.011009203931857846
88,training,0.0015554248820990324,0.06160071957856417,0.018503285108574935,3.3675948935554705,0.6568274509132686,0.00977308123154336
89,training,0.002825517673045397,0.021786538418382406,0.00924599586614851,3.407411382509872,0.6572118293685568,0.008651280045227002
90,training,0.002487563295289874,0.09755808301270008,0.00924599586614851,3.4675713099819774,0.6576665390156026,0.007045454924293436
91,training,0.0019101229263469577,0.03894467547070235,0.00924599586614851,3.507404916694048,0.6579346105213704,0.00582861019459835
92,training,0.0012686090776696801,0.08637736551463604,0.00924599586614851,3.5273848548415265,0.6580503340127681,0.00560512951562455
93,training,0.0045182593166828156,0.05872116796672344,0.00924599586614851,3.5675441957793432,0.6582634587026267,0.004663138994792873
94,training,0.0017381643410772085,0.012565186247229576,0.006936984508097898,3.6074147490209794,0.6584235910125031,0.0033546162293945398
95,training,0.0017835523467510939,0.019963274186011404,0.006936984508097898,3.6474278372761835,0.6585271852664497,0.0015836286352437633
96,training,0.0008993535302579403,0.01914125680923462,0.006936984508097898,3.6875293933415763,0.6585563033932247,0.0006119555743580237
97,training,0.0027848458848893642,0.018098751083016396,0.006936984508097898,3.727378541192949,0.6585867290816808,0.000692045654205849
98,training,0.0002818671055138111,0.022518115118145943,0.006936984508097898,3.767503709692371,0.6586062202164118,-0.00020719910011849008
99,training,0.0018487542401999235,0.10590887069702148,0.006936984508097898,3.8273870954954026,0.6585404058141769,-0.0020415759027457795
100,training,0.00294515211135149,0.2073761522769928,0.007254519722853064,3.847398790221921,0.6585016633823793,-0.0021559752192596036
101,training,0.001457050908356905,0.11642098426818848,0.007254519722853064,3.8875483999652625,0.6584051781983403,-0.0023243727271046507
102,training,0.0025004036724567413,0.05619470030069351,0.007254519722853064,3.9273706119546192,0.6583160209078949,-0.0024999491565659082
103,training,0.000795297441072762,0.016825567930936813,0.007254519722853064,3.967437001660996,0.6582193607316215,-0.0025591288953126963
104,training,0.0008482855628244579,0.05883081257343292,0.007254519722853064,4.027356614210652,0.6580546863955562,-0.0028713083897551604
105,training,0.0020032599568367004,0.17270293831825256,0.007254519722853064,4.047342032833154,0.6579999932446041,-0.0028952519889934034
106,training,0.0028724181465804577,0.06462429848033935,0.020497148620307916,4.087474469740188,0.657917039511139,0.0019348023559799944
107,training,0.0013559616636484861,0.10070195980370045,0.020497148620307916,4.127272661674788,0.6581315586378021,0.00630913802818671
108,training,0.0004998415242880583,0.05557608976960182,0.020497148620307916,4.167292687848548,0.658381424309996,0.005561472961999775
109,training,0.0007482644869014621,0.053517764899879694,0.020497148620307916,4.207375242484294,0.6585797617952311,0.005366007552033425
110,training,0.004124945029616356,0.08059024065732956,0.020497148620307916,4.2672668181055355,0.6588952755006979,0.004655041904344232
111,training,0.000988220446743071,0.08137426152825356,0.020497148620307916,4.307352599919088,0.6591533547782032,0.009749153978083729
112,training,0.0015899896388873458,0.06395324692130089,0.02675399499808417,4.347134117545008,0.6596956534280843,0.01722053640120725
113,training,0.0006505003548227251,0.03894861601293087,0.02675399499808417,4.367124144904076,0.6600798173685904,0.021386165118615092
114,training,0.0017634894466027617,0.044655224308371544,0.02675399499808417,4.407237108995675,0.6610834118827794,0.02892511991291233
115,training,0.0006155583541840315,0.07888903003185987,0.02675399499808417,4.446976364013144,0.6623504042890976,0.03392917892557776
116,training,0.0009415854001417756,0.0640199575573206,0.02675399499808417,4.48700981973868,0.6637812391896508,0.037262218741638604
117,training,0.0011502477573230863,0.04190545063465834,0.02675399499808417,4.526936325728424,0.6653184121122195,0.03984981035268476
118,training,0.0028332786168903112,0.023123662918806076,0.02021594058922861,4.586833263727687,0.6678202330653703,0.043069316750224636
119,training,0.0010163543047383428,0.04521645465865731,0.02021594058922861,4.606900951026348,0.6686880049554383,0.043302153873051696
120,training,0.0011335124727338552,0.051239725202322006,0.02021594058922861,4.646687642318157,0.6704191396668948,0.04342590167695648
121,training,0.0005671307444572449,0.04301443696022034,0.02021594058922861,4.686673471097748,0.672162223541234,0.043555965297703225
122,training,0.0008407300338149071,0.03210405632853508,0.02021594058922861,4.726698092171742,0.6739067889610352,0.043476927526576115
123,training,0.001076716696843505,0.04049351625144482,0.02021594058922861,4.766483026069994,0.6756853548845467,0.04660242294306546
124,training,0.0005863010883331299,0.0037208721041679382,0.014700532738490316,4.806543989174702,0.6776220624021392,0.049512394883134164
125,training,0.0005664320196956396,0.028049424290657043,0.014700532738490316,4.846346988943495,0.6796301795579727,0.05075946296650628
126,training,0.0035156405065208673,0.01778435753658414,0.014700532738490316,4.8862605135694,0.6816715561202131,0.05116855269498262
127,training,0.001466082176193595,0.05153854377567768,0.014700532738490316,4.92634585659028,0.6837140441709928,0.050187443591884706
128,training,0.003365602809935808,0.0006288383156061172,0.014700532738490316,4.966106398658385,0.685691837391187,0.04825215931813114
129,training,0.0013058201875537634,0.01799442060291767,0.014700532738490316,5.026253342782442,0.6884419623497098,0.04251053736153186
130,training,0.0005220767925493419,0.05682704038918018,0.0030718230600819724,5.066052080037956,0.6900813564618776,0.03991898279849185
131,training,0.002525651827454567,0.060128265991806984,0.0030718230600819724,5.106103089299292,0.6916340505532905,0.037053836680297415
132,training,0.00047298212302848697,0.03052985481917858,0.0030718230600819724,5.126196149214685,0.6923603035977172,0.03573376076020258
133,training,0.0010824319906532764,0.04331180267035961,0.0030718230600819724,5.1660086777575245,0.693757614305377,0.03416536700088076
134,training,0.00044392727431841195,0.052733896765857935,0.0030718230600819724,5.206038842768228,0.6950869586522412,0.0316696257322681
135,training,0.0008609751239418983,0.08427636884152889,0.0030718230600819724,5.265990274668241,0.6968852252451394,0.029020502796028955
136,training,0.0020477904472500086,0.07820430211722851,0.007415811269532166,5.3059969131784825,0.6980112495088765,0.026772158977062848
137,training,0.001062384806573391,0.020000441931188107,0.007415811269532166,5.346099548350356,0.699024526010528,0.024069922304339696
138,training,0.0011667115613818169,0.06678748317062855,0.007415811269532166,5.385938203505461,0.6999706844121542,0.02321717454135958
139,training,0.0009257105411961675,0.08457070402801037,0.007415811269532166,5.426064785713602,0.7008714927448982,0.02128527376826085
140,training,0.0005516137462109327,0.0034605874679982662,0.007415811269532166,5.446119851247106,0.7012777274681186,0.020196163773482368
141,training,0.0004037675098516047,0.041984798386693,0.012147912921770535,5.485925372055909,0.7020624947950121,0.019105236784510565
142,training,0.002389394212514162,0.06390582583844662,0.012147912921770535,5.52602991498574,0.7028082395627844,0.017564734780652434
143,training,0.0009523701155558228,0.07408349448814988,0.012147912921770535,5.565988938069631,0.7034684523231957,0.015774130368586305
144,training,0.0004866811796091497,0.03440750855952501,0.012147912921770535,5.605920703170866,0.7040801339748006,0.014906951251670828
145,training,0.0002567133924458176,0.003155304118990898,0.012147912921770535,5.665944764180084,0.7050915975311575,0.01947084210298847
146,training,0.002871003933250904,0.04175008274614811,0.011163267110101733,5.70580766649888,0.7059596243602854,0.02397353459153051
147,training,0.0005222490290179849,0.022638301830738783,0.011163267110101733,5.745934039074991,0.7069852817504934,0.027322721086211
148,training,0.0015060511650517583,0.0003583123907446844,0.011163267110101733,5.7857098171277075,0.7081134805811582,0.02845818287070604
149,training,0.0008671390824019909,0.03988662362098694,0.011163267110101733,5.82572408756723,0.7092367023837982,0.027152965980949295
150,training,0.0006180691998451948,0.01958467625081539,0.011163267110101733,5.845831504865173,0.7097668183088086,0.025324632866833487
151,training,0.0029641182627528906,0.050706395879387856,0.009491744354073737,5.885722484770429,0.7106949424824534,0.02172521399360762
152,training,0.001326472614891827,0.09661518596112728,0.009491744354073737,5.925723820041322,0.7115124675385253,0.018966640209463915
153,training,0.002720886841416359,0.12273643724620342,0.009491744354073737,5.965864613537346,0.7122005028643706,0.01561183795088832
154,training,0.0027230174746364355,0.0533523615449667,0.009491744354073737,6.005708830916927,0.7127452201103511,0.011486026586034362
155,training,0.001482358667999506,0.06532557960599661,0.009491744354073737,6.045842506007799,0.7131307893608898,0.007981267707311751
156,training,0.001273131463676691,0.13168516475707293,0.009491744354073737,6.10572976637315,0.7135429468623657,0.006388151339393532
157,training,0.004061653278768063,0.11463608080521226,0.010229446745011228,6.145830866872121,0.7137654897985389,0.004223861835608524
158,training,0.000811655365396291,0.18868470005691051,0.010229446745011228,6.185826974287007,0.7138964264679168,0.0030832276897466687
159,training,0.0035633996594697237,0.16200065333396196,0.010229446745011228,6.225754370174051,0.7139879089071375,0.0010024731806535917
160,training,0.0010753774549812078,0.20403377944603562,0.010229446745011228,6.265931507733182,0.7139745139641752,-0.0013376680914849385
161,training,0.000461040559457615,0.20798644237220287,0.010229446745011228,6.305777618558517,0.7139039736223518,-0.0022243697099580827
162,training,0.0008492234628647566,0.1965431421995163,0.010229446745011228,6.345821198869533,0.7137920542342692,-0.0037914690701030206
163,training,0.0007909028208814561,0.22627520791138522,0.013737464140377029,6.365921285853388,0.7137077465157835,-0.0042129763433623926
164,training,0.0015519048320129514,0.20538288354873657,0.013737464140377029,6.405776987060669,0.7135343984701575,-0.004543843974014745
165,training,0.00027221767231822014,0.21716677863150835,0.013737464140377029,6.445785354755863,0.7133550839199397,-0.004682045593320557
166,training,0.0004926079418510199,0.19063866138458252,0.013737464140377029,6.485868524072835,0.7131537485163725,-0.005294637466067285
167,training,0.00135464733466506,0.1953250765800476,0.013737464140377029,6.525729459253977,0.7129286985043817,-0.006015434448492534
168,training,0.0002826616691891104,0.1803620308637619,0.013737464140377029,6.585883593056384,0.7125598821409564,-0.006218507170555868
169,training,0.0015159784816205502,0.17748098075389862,0.010489166799602009,6.625702024037681,0.7123123520158213,-0.0064865253864358485
170,training,0.0005775337340310216,0.14727447926998138,0.010489166799602009,6.665797215750313,0.7120535907140536,-0.006603298513218427
171,training,0.0010730616049841046,0.14940543472766876,0.010489166799602009,6.685865454127489,0.7119151528798122,-0.0066389936239181786
172,training,0.001876660855486989,0.1265096813440323,0.010489166799602009,6.7256773464683395,0.7116499569533511,-0.006950126526793959
173,training,0.0002685629588086158,0.11567437648773193,0.010489166799602009,6.765747867679998,0.7113735379591933,-0.007069966718162766
174,training,0.0013484449591487646,0.12178059667348862,0.010489166799602009,6.8256544519271545,0.7109419245781607,-0.007413159925866598
175,training,0.0014321214985102415,0.08759098500013351,0.01243988167364008,6.865699451817169,0.7106476646575475,-0.007535058696206748
176,training,0.0008864313713274896,0.04163780435919762,0.01243988167364008,6.90572403712218,0.7103416452880914,-0.007794675247334208
177,training,0.001836259150877595,0.030659612268209464,0.01243988167364008,6.945607833397279,0.7100331951773162,-0.007935267332341399
178,training,0.0027253630105406046,0.07256317231804132,0.01243988167364008,6.985717622923829,0.7098417486252061,-0.0005389745741074369
179,training,0.0007596606737934053,0.03610460995696485,0.01243988167364008,7.025564811261963,0.7099337109613816,0.004041932565122594
180,training,0.0005792170995846391,0.026204787194728848,0.015785130181128825,7.0655555060841,0.7101147276764045,0.004236857300725075
181,training,0.0013659738469868898,0.035293266642838717,0.015785130181128825,7.105650011125589,0.7103020491703265,0.006308415449260618
182,training,0.0007064009550958872,0.04949034797027707,0.015785130181128825,7.125532381357005,0.7104439443802415,0.00708378188325688
183,training,0.0007357417489401996,0.08383116591721773,0.015785130181128825,7.185593672075686,0.7108410388123388,0.005996511967839476
184,training,0.006538841407746077,0.06502799922600389,0.015785130181128825,7.225550575117307,0.7110477294949658,0.004484623750787737
185,training,0.0028265248984098434,0.07573598111048341,0.0062711994058420395,7.2654980528463895,0.7111950447673016,0.0030436853784774464
186,training,0.0013320459984242916,0.11374328844249249,0.0062711994058420395,7.305662875815801,0.7112938165933709,0.002485854567191837
187,training,0.001385114504955709,0.09935607248917222,0.0062711994058420395,7.345493449892415,0.7113856712903804,0.0012534201370178618
188,training,0.0004525762051343918,0.13491035159677267,0.0062711994058420395,7.385555451691048,0.7114173292989602,0.0004221202934944903
189,training,0.0003344672149978578,0.09241094440221786,0.0062711994058420395,7.4255529024588185,0.7114728195068477,0.0025810097044880373
190,training,0.0007987550343386829,0.09147212002426386,0.0062711994058420395,7.445458143379943,0.7115337085508859,0.0031828945934627203
191,training,0.002925062784925103,0.08717953646555543,0.0062711994058420395,7.485497173630543,0.7116576196993257,0.002204349575627535
192,training,0.0011808074777945876,0.1416123383678496,0.007362771064436041,7.5255625210643755,0.711710880177457,0.00133781492938833
193,training,0.0008943153079599142,0.17500513792037964,0.007362771064436041,7.565436136955055,0.7117609646748754,0.000846852845939144
194,training,0.002845062641426921,0.16552040353417397,0.007362771064436041,7.605619659999489,0.7117244365343799,-0.0046730670409660235
195,training,0.0022347301710397005,0.1870567984879017,0.007362771064436041,7.645572233564197,0.7113767182920773,-0.012630877224664046
196,training,0.001995690632611513,0.14099106565117836,0.007362771064436041,7.685588837515074,0.7107124398529414,-0.020347956126625315
197,training,0.0005293650319799781,0.13073010928928852,0.007362771064436041,7.745647076123799,0.7091849196769392,-0.030637541857714553
198,training,0.002224766183644533,0.16838735528290272,0.013041909762491418,7.765586381116234,0.7085468810417067,-0.03330386313926536
199,training,0.0008160946308635175,0.18652996607124805,0.013041909762491418,7.805677003909213,0.7071241216136717,-0.03752306281647863
200,training,0.0031772307120263577,0.17449924536049366,0.013041909762491418,7.845571648338918,0.7055742170694477,-0.040512703440235706
201,training,0.003965960815548897,0.15784904593601823,0.013041909762491418,7.905523662175392,0.7030458969888078,-0.04397290937956439
202,training,0.002454576548188925,0.16163557767868042,0.013041909762491418,7.9255779909339035,0.702156936380958,-0.04441602979351124
203,training,0.0006776227965019643,0.15813950449228287,0.013041909762491418,7.9853036667175274,0.6994874212984424,-0.04529876298138085
204,training,0.0026489710435271263,0.19786646775901318,0.009274582594089868,8.005334643265186,0.6985842073733989,-0.04422828094089967
205,training,0.0040632449090480804,0.17873946065083146,0.009274582594089868,8.065171591744829,0.6960392158547053,-0.04354244974227111
206,training,0.0013204043498262763,0.16505551571026444,0.009274582594089868,8.105149601657955,0.6942727327958518,-0.044795759720729515
207,training,0.0018273791065439582,0.13447453081607819,0.009274582594089868,8.145171736992445,0.6924752600648192,-0.045234463271479466
208,training,0.0013709822669625282,0.16137249767780304,0.009274582594089868,8.184946959797067,0.690654306739996,-0.0462015678071091
209,training,0.0015477982815355062,0.15336009860038757,0.007995938428200806,8.225017692152749,0.688797820212428,-0.04644719778193307
210,training,0.0018885808531194925,0.11552845779806376,0.007995938428200806,8.264837772596023,0.6869626621013554,-0.04655166732003856
211,training,0.003195711877197027,0.12503442401066422,0.007995938428200806,8.284752760118367,0.6860399433930878,-0.04595309379902879
212,training,0.002730041276663542,0.17025147564709187,0.007995938428200806,8.3247996734824,0.6842451177766133,-0.044060843281167196
213,training,0.004628608003258705,0.1584563720971346,0.007995938428200806,8.384561151427375,0.6817098119135407,-0.04113058334132645
214,training,0.002170630730688572,0.12389489775523543,0.007995938428200806,8.404542353420712,0.6809011732067571,-0.039761122526850615
215,training,0.004563555121421814,0.06900920160114765,0.007995938428200806,8.444642870390664,0.6793588352008418,-0.0375559892582527
216,training,0.0017937981756404042,0.11383702047169209,0.013903941257451634,8.484404566876627,0.6778897548965394,-0.03657093339508453
217,training,0.003958487883210182,0.1370383477769792,0.013903941257451634,8.524422508556247,0.6764644059198689,-0.034961155513805624
218,training,0.0007354430854320526,0.11173126380890608,0.013903941257451634,8.564382445983718,0.675092493412109,-0.034296431094279094
219,training,0.003666147356852889,0.07208791142329574,0.013903941257451634,8.604237770419253,0.6737539781087742,-0.0325841451071605
220,training,0.002021302469074726,0.08586383052170277,0.013903941257451634,8.6443483211368,0.672485871844943,-0.030891469217456394
221,training,0.0030959267169237137,0.08026328426785767,0.01740665208234094,8.684152046322115,0.6712973898363755,-0.029165481332181855
222,training,0.0028343803714960814,0.05487939901649952,0.01740665208234094,8.74421103821508,0.6696045387891164,-0.02782059793663457
223,training,0.0018864504527300596,0.04483501799404621,0.01740665208234094,8.764206915587145,0.669060233818292,-0.02683044410871682
224,training,0.0005258970777504146,0.07146738283336163,0.01740665208234094,8.824015327909105,0.6675604942144732,-0.022748700586902277
225,training,0.0018109639640897512,0.05284048803150654,0.01740665208234094,8.864126809883775,0.6666821459130701,-0.02083044440193504
226,training,0.000531653524376452,0.06056431122124195,0.01740665208234094,8.90390737830722,0.665907135736668,-0.018299352186764258
227,training,0.0010521614458411932,0.029339246451854706,0.008945955498771955,8.923908157325,0.6655572567142523,-0.016829255322976338
228,training,0.0013604098930954933,0.010208241641521454,0.008945955498771955,8.964051632186086,0.6649115009154859,-0.01572024404148796
229,training,0.0010457808384671807,0.047409188002347946,0.008945955498771955,9.003861015956232,0.6642862012943186,-0.01601469498774729
230,training,0.0012441910803318024,0.08324168622493744,0.008945955498771955,9.043920231541126,0.6636463412841512,-0.016158558657980618
231,training,0.0023909457959234715,0.03840860724449158,0.008945955498771955,9.083915228565155,0.6629988055268665,-0.016340748543703244
232,training,0.0008732173591852188,0.011569029651582241,0.008945955498771955,9.123808883666383,0.66234785149796,-0.016522347073314205
233,training,0.0036858348175883293,0.0430344850756228,0.012781589554138969,9.1639463181309,0.6616915214474142,-0.01572528396302596
234,training,0.0010298385750502348,0.05066430754959583,0.012781589554138969,9.203779517520088,0.6610930697065285,-0.014526427830027062
235,training,0.003142435336485505,0.06811809539794922,0.012781589554138969,9.243777286636767,0.6605580240118477,-0.012087578925122754
236,training,0.0013798954896628857,0.009092144668102264,0.012781589554138969,9.283840548725014,0.6601034096319952,-0.01122575234986895
237,training,0.0017417510971426964,0.02537475898861885,0.012781589554138969,9.323695927781035,0.6596582204128206,-0.011372259102013768
238,training,0.0015787503216415644,0.012550192885100842,0.012781589554138969,9.363814305619425,0.6592024259467197,-0.011475215487289124
239,training,0.0016514300368726254,0.05640310939634219,0.015237615157542716,9.40369981828161,0.6587478652693087,-0.010996686018044191
240,training,0.001484264386817813,0.04375080578029156,0.015237615157542716,9.443653671668109,0.6583311846349946,-0.010467896951151197
241,training,0.0011535374214872718,0.005988184362649918,0.015237615157542716,9.483793764743183,0.6579112684428849,-0.009792465449573606
242,training,0.0013015968725085258,0.0006431019864976415,0.015237615157542716,9.523598429929804,0.6575406198460233,-0.009466198590357647
243,training,0.0018707868875935674,0.018327688798308372,0.015237615157542716,9.563667627046282,0.6571732777576398,-0.00864348022513845
244,training,0.00027552194660529494,0.04111706980620511,0.02556540443520159,9.623541976441325,0.6567590258695764,-0.004862931965094662
245,training,0.0011467434233054519,0.022258996963500977,0.02556540443520159,9.643527561340244,0.6566747398891514,-0.004252962022444451
246,training,0.000531510915607214,0.021949950605630875,0.02556540443520159,9.683679400132771,0.6565000444140573,-0.004355634983312607
247,training,0.000629386049695313,0.008997991681098938,0.02556540443520159,9.723524043033954,0.6563208467694466,-0.004676474371884757
248,training,0.0013409495586529374,0.0017216652631759644,0.02556540443520159,9.783643671661068,0.6560403503081574,-0.004787513263182223
249,training,0.0009812518255785108,0.0005443654954433441,0.02556540443520159,9.823512715906194,0.6558418585575063,-0.005119192799857369
250,training,0.0011818544007837772,0.01440666988492012,0.01641612198270509,9.84347563074931,0.6557421357733687,-0.005153847631845002
251,training,0.0018667817348614335,0.0033847466111183167,0.01641612198270509,9.883603878669458,0.6555362023324879,-0.005230015664303665
252,training,0.0004569956217892468,0.03424318507313728,0.01641612198270509,9.943451598836333,0.6552099898129766,-0.005619905373662287
253,training,0.0006862129084765911,0.01515909656882286,0.01641612198270509,9.98356008005421,0.6549863827893915,-0.005693639764479576
254,training,0.001166225178167224,0.024413272738456726,0.01641612198270509,10.023493200916041,0.6547507008475603,-0.006046933765852078
255,training,0.0004235687374603003,0.10354806203395128,0.008190933659819495,10.043429643785101,0.6546321248112984,-0.006094610772335002
256,training,0.0010021997150033712,0.017015425488352776,0.008190933659819495,10.083510864321227,0.6543953327415444,-0.005483944235824703
257,training,0.00019092982984147966,0.01070251315832138,0.008190933659819495,10.123470447846424,0.6542064527984096,-0.0035568939952624824
258,training,0.001419984851963818,0.02505785971879959,0.008190933659819495,10.18344875395457,0.6540337986814841,-0.0029875849613331656
259,training,0.0009536505676805973,0.026092082262039185,0.008190933659819495,10.223460949675934,0.6539071164663475,-0.003261214928430235
260,training,0.0005244118510745466,0.005804203450679779,0.008190933659819495,10.263357042815908,0.6537794874897865,-0.0033377686115560845
261,training,0.0012947909999638796,0.015242166817188263,0.006145880565839008,10.283409175634453,0.6537145635652627,-0.0033660153240237926
262,training,0.0001451423013349995,0.004087135195732117,0.006145880565839008,10.323456380809573,0.6535716783454781,-0.0036450590863597427
263,training,0.00023608910851180553,0.00017866119742393494,0.006145880565839008,10.36333264441019,0.6534293622782802,-0.0037326980672902988
264,training,0.0008258650195784867,0.02001701295375824,0.006145880565839008,10.403468223751863,0.6532802269367091,-0.003803872261086014
265,training,0.0006232978194020689,0.00011122319847345265,0.006145880565839008,10.443354923591972,0.6531197497695358,-0.004115438001084737
266,training,0.0008057413506321609,0.0058775395154953,0.006145880565839008,10.503419839708968,0.652910595176508,-0.0025304509785202085
267,training,0.0007551645394414663,0.019595075398683548,0.005950045781175432,10.543338885346376,0.6528145145869368,-0.0024015169374915295
268,training,0.0013122939271852374,0.010682333260774612,0.005950045781175432,10.583295554272242,0.6527229847513775,-0.0024528716817216524
269,training,0.00036393158370628953,0.010475214570760727,0.005950045781175432,10.623442469973899,0.652614024876018,-0.002633533127400133
270,training,0.000602598418481648,0.005317069590091705,0.005950045781175432,10.663263721661854,0.6525133050005701,-0.0027994227833369476
271,training,0.00031133630545809865,0.03099343553185463,0.005950045781175432,10.703334659002255,0.6524047447787953,-0.0028466515531818636
272,training,0.0002699822071008384,0.026633333414793015,0.007332280937022613,10.763248292695645,0.6522219694009109,-0.0031760381168022466
273,training,0.00041377899469807744,0.038841789588332176,0.007332280937022613,10.803293915341676,0.6520989882485763,-0.0032194735360213745
274,training,0.0008762685465626419,0.01993791526183486,0.007332280937022613,10.823384029131889,0.6520325054850816,-0.0028308708923262343
275,training,0.0004508538986556232,0.0046468861401081085,0.007332280937022613,10.883190077094364,0.6519179546305479,-0.0009420323893543324
276,training,0.0005555073148570955,0.005330973828677088,0.007332280937022613,10.923329468906779,0.6518911244886195,-0.0007246142142351055
277,training,0.0013510396238416433,0.014069277793169022,0.007332280937022613,10.963197863585979,0.651855480205143,-0.0009367968700647852
278,training,0.00011385713878553361,0.03268733620643616,0.012148532346594612,11.003191700251655,0.651821614431685,-0.0010642961170558552
279,training,0.0006737547810189426,0.022439971566200256,0.012148532346594612,11.043291272256814,0.6517681566209419,-0.0012698492507194294
280,training,0.00035857479088008404,0.0036218054592609406,0.012148532346594612,11.083134576549396,0.6517225951120046,-0.0013969063225317958
281,training,0.0013121484080329537,0.02191084623336792,0.012148532346594612,11.103153881271574,0.651697188076883,-0.0014341401690182178
282,training,0.0012585562653839588,0.030217334628105164,0.012148532346594612,11.16317768469866,0.6516016174044287,-0.001724661435246877
283,training,0.000812745769508183,0.0058709122240543365,0.012148532346594612,11.20311946548846,0.6515366080892872,-0.0017902296508569442
284,training,0.000965830753557384,0.019272319972515106,0.003366727230150084,11.243271053700264,0.6514563631392475,-0.0019400780838855383
285,training,0.0008243430638685822,0.0029947422444820404,0.003366727230150084,11.283094545300806,0.6513809891230602,-0.0021212092400742645
286,training,0.0004828452074434608,0.0053293099626898766,0.003366727230150084,11.323151032442352,0.6513000895237087,-0.0021632905933488787
287,training,0.00036690040724352,0.003080157097429037,0.003366727230150084,11.36316179826315,0.6512166169246629,-0.001573427986444195
288,training,0.0009612899739295244,0.019574809819459915,0.003366727230150084,11.403045689689458,0.6511877803185946,-9.89773568185004e-05
289,training,0.0003741064574569464,0.023605705762747675,0.003366727230150084,11.443195587175117,0.6511936082631679,0.00025311096129661845
290,training,0.0012096366845071316,0.019104991108179092,0.007976735673192747,11.483055308309817,0.6512032140277065,0.00025989421885996524
291,training,0.0009239914361387491,0.02990955114364624,0.007976735673192747,11.503022577621092,0.65121083233736,0.00026522776348799276
292,training,0.0003198946360498667,0.02616523578763008,0.007976735673192747,11.5431606887319,0.651224120565713,0.00034101736470709524
293,training,0.0009074067929759622,0.01327044889330864,0.007976735673192747,11.58305144647128,0.6512364014589069,0.00041695055107180513
294,training,0.0007557577337138355,0.042907338589429855,0.007976735673192747,11.623030399272224,0.6512597668703776,0.000508413584578611
295,training,0.0007023355574347079,0.0363282784819603,0.007976735673192747,11.643124143866372,0.6512701664784746,0.0005538401396455237
296,training,0.00011188496864633635,0.0381481759250164,0.007976735673192747,11.683050834496045,0.6512902726883335,0.0006710120801761989
297,training,0.0005305053200572729,0.030434541404247284,0.009428943568182385,11.723002265362586,0.6513241525910112,0.0007666146378328958
298,training,0.0008185980259440839,0.02566048502922058,0.009428943568182385,11.783052504907971,0.6513709519738605,0.0009641438928955167
299,training,0.00043837446719408035,0.02563895285129547,0.009428943568182385,11.822977425541968,0.6514169739392197,0.0010752666576298346
300,training,0.0007322815363295376,0.011332705616950989,0.009428943568182385,11.863139456715729,0.6514557623545217,0.001153146737721765
301,training,0.0002736039459705353,0.015968937426805496,0.009428943568182385,11.883056409429026,0.6514828993873049,0.0012926958754977903
302,training,0.000330838724039495,0.002340272068977356,0.009428943568182385,11.92295597984487,0.6515417963805901,0.0014137264445166886
303,training,0.0002629530499689281,0.0018044747412204742,0.013964572506458647,11.963112125725017,0.6515971720729382,0.0014900975708513216
304,training,0.0006791698979213834,0.0011807754635810852,0.013964572506458647,12.002964813945232,0.6516638015391737,0.0017471934779998554
305,training,0.0003887997008860111,0.006755262613296509,0.013964572506458647,12.042982423200957,0.6517400675518169,0.0018307407864559047
306,training,0.0011016486678272486,0.005884561687707901,0.013964572506458647,12.08306154256776,0.6518103680741311,0.0020617604558434838
307,training,0.0004084431566298008,0.02785944566130638,0.013964572506458647,12.122922379454481,0.6519001966904885,0.0022053620965465696
308,training,0.00024448696058243513,0.019886139780282974,0.013964572506458647,12.163049743106198,0.6519918444064356,0.0022784097891199134
309,training,0.000202175258891657,0.02936122566461563,0.022060222505735236,12.202963992277049,0.6520854206716907,0.0025967709877821087
310,training,0.0009505042107775807,0.010734617710113525,0.022060222505735236,12.242927106584322,0.6521963223570005,0.0026878355622506848
311,training,0.0006851183134131134,0.0057152509689331055,0.022060222505735236,12.28308480147005,0.6522946635884198,0.0028453815627524654
312,training,0.001062116352841258,0.020363397896289825,0.022060222505735236,12.322898640337632,0.6524260112379209,0.003130726375735946
313,training,0.0017570042982697487,0.07344908639788628,0.022060222505735236,12.36297936176451,0.6525563672086634,0.0032114941379966255
314,training,0.000888856069650501,0.05581677705049515,0.0382978690140953,12.402965104581062,0.6527027740152659,0.006557478232423946
315,training,0.0005014821072109044,0.06797763332724571,0.0382978690140953,12.44279408922988,0.6531885872304896,0.01705774631469197
316,training,0.001298035029321909,0.05281691998243332,0.0382978690140953,12.48289378970015,0.6540274036996596,0.025035446107102507
317,training,0.00041954859625548124,0.02671930007636547,0.0382978690140953,12.542590972997788,0.6558147223166557,0.03430608878307404
318,training,0.00042876967927441,0.03692454285919666,0.0382978690140953,12.582683350228164,0.6572758522562436,0.03878019483044479
319,training,0.0011703813215717673,0.019853942096233368,0.0382978690140953,12.622484788418083,0.658893126771049,0.041995472452766525
320,training,0.0005628893268294632,0.0071516260504722595,0.032934253338060826,12.642386702649542,0.6597829867766659,0.04748337534735762
321,training,0.00028040813049301505,0.0004636980593204533,0.032934253338060826,12.702332687837925,0.6631291554168807,0.06348249258890162
322,training,0.0006112079136073589,0.003931816667318344,0.032934253338060826,12.741949160534817,0.6658289394577799,0.07115191020286803
323,training,0.0015542692271992564,0.012553970678709447,0.032934253338060826,12.761903770359588,0.6672751612700887,0.07358364200729578
324,training,0.0004533262690529227,0.01509631654334953,0.032934253338060826,12.821681149575811,0.671756012288572,0.0747694006167906
325,training,0.0002535570820327848,0.044370073825120926,0.032934253338060826,12.841558537710902,0.6732511753071043,0.07507593571093325
326,training,0.0003570691042114049,0.03692570514976978,0.019150417421925598,12.881532586640356,0.6762542613735507,0.07364302518127638
327,training,0.0005519793485291302,0.014596769586205482,0.019150417421925598,12.92139236697249,0.6790995328933935,0.06874332287343589
328,training,0.0010565152624621987,0.008575618267059328,0.019150417421925598,12.961245522378418,0.6817618348256921,0.0647866924624876
329,training,0.00045258982572704554,0.013734063133597377,0.019150417421925598,13.00132749996607,0.6842969494443268,0.06140468708110582
330,training,0.000661806552670896,0.028447965160012245,0.019150417421925598,13.041083684799963,0.6866793157408364,0.05777740210871207
331,training,0.0006660898798145354,0.03003124892711638,0.013108922188942815,13.08109100434408,0.6888986797451279,0.05257141367087614
332,training,0.0006088412483222783,0.012255575507879257,0.013108922188942815,13.141137131317956,0.69160874269138,0.03547961018235312
333,training,0.0004662489518523216,0.024643186479806907,0.013108922188942815,13.161137120679511,0.6922541977177913,0.028766037193605296
334,training,0.0003851547371596098,0.03997521102428436,0.013108922188942815,13.221400998139174,0.6934092336269324,0.010552913189809934
335,training,0.0003083595656789839,0.04490039125084877,0.013108922188942815,13.241320537742729,0.6935627095146474,0.005325868923539296
336,training,0.0002981513098347932,0.04202928766608238,0.010630483401550067,13.28133519811798,0.6936355132578398,-0.00035241903100141994
337,training,0.0006371301133185625,0.10079342313110828,0.010630483401550067,13.341419410071447,0.6933578669890613,-0.009814812240962012
338,training,0.00030479999259114265,0.07580218929797411,0.010630483401550067,13.361376668063162,0.6931248533258737,-0.013249157891452258
339,training,0.000539537810254842,0.09224901907145977,0.010630483401550067,13.401504414218799,0.69248858235674,-0.018021828913384455
340,training,0.000381504709366709,0.049322679071337916,0.010630483401550067,13.44148047294419,0.6916962175341153,-0.022093958626511846
341,training,0.000681224453728646,0.07317630760371685,0.012980501643050172,13.501476922784056,0.6903059796638216,-0.023478471356266708
342,training,0.0005681460606865585,0.037950241938233376,0.012980501643050172,13.521559462055587,0.6898248614947616,-0.024268695686111275
343,training,0.0031300242990255356,0.03714546002447605,0.012980501643050172,13.581363083036312,0.6882597822056605,-0.028864750252378432
344,training,0.0013420891482383013,0.0916785467416048,0.012980501643050172,13.621510754016022,0.6870478385169289,-0.031193401777835243
345,training,0.0005336058093234897,0.08148788148537278,0.012980501643050172,13.661326088755787,0.6857718124811092,-0.03338308333689713
346,training,0.0002770491410046816,0.08667302131652832,0.01496915625206673,13.7013270869844,0.6844265847325487,-0.0336441401299737
347,training,0.0009672914748080075,0.07478367071598768,0.01496915625206673,13.741352453673723,0.6830916588180952,-0.03342719452342147
348,training,0.0005004315171390772,0.028309445828199387,0.01496915625206673,13.781178018444162,0.6817733651179303,-0.032577693882356096
349,training,0.00025026052026078105,0.10226916521787643,0.01496915625206673,13.82128137433704,0.6804878941207413,-0.03195263447481134
350,training,0.0019644643180072308,0.06930592656135559,0.01496915625206673,13.841276251758941,0.679855503963145,-0.031803620403313484
351,training,0.0008064050925895572,0.03290162666235119,0.01496915625206673,13.881065261051244,0.6786035448963985,-0.03000604557303997
352,training,0.000970593246165663,0.056709013879299164,0.01496915625206673,13.921146839756803,0.6774771790068485,-0.027402976791111484
353,training,0.00039733987068757415,0.09240429103374481,0.01808488895530236,13.961050919156097,0.6763874509723763,-0.027619220960409387
354,training,0.00032100221142172813,0.06184391304850578,0.01808488895530236,14.021048643816501,0.6747257093978635,-0.02793646359949971
355,training,0.001739746192470193,0.05045373737812042,0.01808488895530236,14.060991329628116,0.6736149664249482,-0.028041640540638537
356,training,0.00037418564897961915,0.04160898458212614,0.01808488895530236,14.10089381939441,0.6724955201024712,-0.028290867744317178
357,training,0.00016367898206226528,0.029914768412709236,0.01808488895530236,14.141023935365109,0.6713622157361028,-0.027706829428143544
358,training,0.0007877546595409513,0.06272347044432536,0.013972899427883868,14.180808407917832,0.6703041402764057,-0.025577894966790624
359,training,0.00046381945139728487,0.0416762363165617,0.013972899427883868,14.220824620611227,0.6693211103512021,-0.024475577912407686
360,training,0.0001849462860263884,0.0024653468281030655,0.013972899427883868,14.26083769038286,0.6683620481366194,-0.023324244997466086
361,training,0.001198391430079937,0.07813983969390392,0.013972899427883868,14.280735879947239,0.6679093507354896,-0.022548355164556808
362,training,0.0006144732469692826,0.01912245713174343,0.013972899427883868,14.320725376572222,0.6670513487200481,-0.020138841515482217
363,training,0.0011402954114601016,0.021753964480012655,0.013972899427883868,14.380656955847364,0.6659772119613416,-0.01564474160404641
364,training,0.0016692116623744369,0.030890027526766062,0.013972899427883868,14.400603712799057,0.6656804357288931,-0.014598655764068876
365,training,0.001446161069907248,0.03279919549822807,0.004436311067821062,14.440716936128405,0.6651167869675578,-0.013989080654845555
366,training,0.0004663283471018076,0.04504190757870674,0.004436311067821062,14.480625022435838,0.6645492275550794,-0.014423858630596845
367,training,0.0013983790995553136,0.007564913481473923,0.004436311067821062,14.520578379058408,0.663975889131989,-0.014541697806820478
368,training,0.0013920183992013335,0.0016841180622577667,0.004436311067821062,14.560723694138938,0.6633850680969313,-0.014642231701928101
369,training,0.0007505146786570549,0.015182528644800186,0.004436311067821062,14.600531167532713,0.6628009153198454,-0.014960274362997964
370,training,0.0014792252331972122,0.0023340359330177307,0.004436311067821062,14.640599275584275,0.6622037529878761,-0.015066703586394685
371,training,0.0006273527396842837,0.0041869753040373325,0.014853658399296456,14.68058246399733,0.6615967207999558,-0.015348178039436309
372,training,0.0012066350318491459,0.028280742466449738,0.014853658399296456,14.720484256224383,0.6609886849188046,-0.015266342958421105
373,training,0.0013556367484852672,0.034358590841293335,0.014853658399296456,14.760623338665829,0.6603893692146562,-0.014059285643065017
374,training,0.0006030119257047772,0.012305816635489462,0.014853658399296456,14.80043299745315,0.659872426639859,-0.011597766210819597
375,training,0.0007292953669093549,0.007183256064308807,0.014853658399296456,14.840439858312807,0.6594652410102575,-0.009353918240538743
376,training,0.0004654941149055958,0.01676114648580551,0.014853658399296456,14.88048507092397,0.6591084389950327,-0.009001405247402526
377,training,0.00017914027557708323,0.016984019428491592,0.01581338783161213,14.920353571816925,0.6587518993987735,-0.00912956457617681
378,training,0.00181570032145828,0.01293211430311203,0.01581338783161213,14.960479076983457,0.6583865519721936,-0.00920422963734428
379,training,0.001002501929178834,0.02798159420490265,0.01581338783161213,15.000377425235955,0.6580101106680313,-0.009592273420252519
380,training,0.0016062860377132893,0.005872974172234535,0.01581338783161213,15.040344119160247,0.6576307439217564,-0.009666308644429876
381,training,0.00038904804387129843,0.009742525406181812,0.01581338783161213,15.08047541975616,0.6572451962014559,-0.0089077674420542
382,training,0.0005622731405310333,0.008344203233718872,0.01581338783161213,15.120270658194338,0.6569403822964149,-0.006419980653915025
383,training,0.0010650958865880966,0.0026381053030490875,0.023058655431958796,15.160346065953128,0.6567336553947136,-0.004761466551661738
384,training,0.0017991132335737348,0.008208189159631729,0.023058655431958796,15.200323457799009,0.6565336905999254,-0.005111729351771288
385,training,0.00043781637214124203,0.009692545980215073,0.023058655431958796,15.260304038858372,0.6562312810045882,-0.005191705782780588
386,training,0.0002714713918976486,0.00794348493218422,0.023058655431958796,15.300319515473445,0.6560151229698793,-0.005543971766086128
387,training,0.0002792205777950585,0.05062367022037506,0.024305960408086982,15.340213188870456,0.6557966969415582,-0.005607692408409268
388,training,0.0004173882771283388,0.011950880289077759,0.024305960408086982,15.360263914335006,0.6556863528167303,-0.005630315640500713
389,training,0.0004391964175738394,0.01307053491473198,0.024305960408086982,15.400313279190112,0.6554521690881686,-0.00598412822398832
390,training,0.0008280896581709385,0.011876937001943588,0.024305960408086982,15.460225249919896,0.6550974001256596,-0.0060886637566708104
391,training,0.0003549558750819415,0.015712793916463852,0.024305960408086982,15.48032080451865,0.654974059841646,-0.006131031230879647
392,training,0.0005758088082075119,0.04980010399594903,0.024305960408086982,15.540163013457814,0.6545909586353296,-0.006544376098555153
393,training,0.0007069904822856188,0.011747753247618677,0.024305960408086982,15.560186666270585,0.6544639945264871,-0.006141997313616343
394,training,0.0014418773353099823,0.019477125257253647,0.02578280547993225,15.600300021848275,0.6542376616465935,-0.004942426238215944
395,training,0.0006488442304544151,0.01168876513838768,0.02578280547993225,15.640120848401907,0.6540692896716866,-0.004200566974361938
396,training,0.0007940288633108139,0.04172543063759804,0.02578280547993225,15.680213552277342,0.653904096644559,-0.0042368984638714614
397,training,0.0006955655990168452,0.017860181629657745,0.02578280547993225,15.7401026253176,0.6536358141935736,-0.004607837257620404
398,training,0.0005064294673502445,0.0023297611624002457,0.02578280547993225,15.780170874093335,0.6534552016088336,-0.0046377178064149855
399,training,0.0010940819047391415,0.011991800274699926,0.02578280547993225,15.80025215287939,0.6533576006586743,-0.004278244115978366
400,training,0.0014571333304047585,0.03165234252810478,0.0319524124623679,15.84007215712507,0.6532108883455504,-0.003135261889944152
401,training,0.0005818731151521206,0.019144609570503235,0.0319524124623679,15.900205695155828,0.6530525760956456,-0.002661034307654392
402,training,0.0007165247807279229,0.012373372912406921,0.0319524124623679,15.92014593585086,0.6529967515334248,-0.002876712998019187
403,training,0.0002280437183799222,0.023104697465896606,0.0319524124623679,15.980071170456862,0.6528284783957748,-0.002942212865182636
404,training,0.0008876009378582239,0.020726580172777176,0.0319524124623679,16.000167409385618,0.6527677513987221,-0.0029938162596090654
405,training,0.00025266705779358745,0.007298365235328674,0.0319524124623679,16.040042147215086,0.6526396153879009,-0.003289989810789749
406,training,0.0008985954336822033,0.008965490385890007,0.035640717691498264,16.080032715625467,0.6525132574289418,-0.0033071014158789903
407,training,0.0003010447253473103,0.010644340887665749,0.035640717691498264,16.12012985058191,0.6523904459297305,-0.002511608803339529
408,training,0.001322023686952889,0.018824567581759766,0.035640717691498264,16.159962798481722,0.6523284152807383,-0.0009630142911335775
409,training,0.00032118760282173753,0.01477096602320671,0.035640717691498264,16.20006560788698,0.6523109635109926,-0.0004042221806063158
410,training,0.0005310422857291996,0.003981027752161026,0.035640717691498264,16.240011442837226,0.652289108467084,-0.0005320961232964044
411,training,0.0004997979267500341,0.02286873385310173,0.03853351542808443,16.300024761880405,0.6522602049994125,-0.00067978339148261
412,training,0.00029062217799946666,0.03933268040418625,0.03853351542808443,16.320101187158272,0.6522373732411828,-0.0008170458474742066
413,training,0.0005131015786901116,0.016971886157989502,0.03853351542808443,16.359921002552536,0.6522088699705101,-0.0009419515767762939
414,training,0.00019587055430747569,0.0130191370844841,0.03853351542808443,16.399975006120172,0.652174992875246,-0.0010050633476397664
415,training,0.0005533980438485742,0.00910269096493721,0.03853351542808443,16.439987785683314,0.6521267633501611,-0.0012313457354708663
416,training,0.000497754430398345,0.03309638053178787,0.04445779901895587,16.499927923321646,0.6520564185276299,-0.0013281535864965326
417,training,0.0004918311024084687,0.05772421509027481,0.04445779901895587,16.539974299342518,0.6519949226843847,-0.0015505246707834329
418,training,0.0008171121589839458,0.011129654943943024,0.04445779901895587,16.579847686145897,0.6519355652005119,-0.001635022483316431
419,training,0.002967381849884987,0.011739958077669144,0.04445779901895587,16.619978856630905,0.651871467631939,-0.0016993786238223207
420,training,0.0004594741913024336,0.019403893500566483,0.04445779901895587,16.639964553817467,0.6518306833340979,-0.0018903931044580663
421,training,0.00012084330228390172,0.047299012541770935,0.04941243168086624,16.679819665852982,0.6517590508770462,-0.001965201105075026
422,training,0.0014296770095825195,0.02532394416630268,0.04941243168086624,16.719931965732474,0.6516829942183775,-0.0020019611844721993
423,training,0.001850070315413177,0.019917991012334824,0.04941243168086624,16.779791667429542,0.6515811548894935,-0.0007435627771529989
424,training,0.0004827166849281639,0.02062898501753807,0.04941243168086624,16.819879820449117,0.6515673278662186,-0.000446848266082253
425,training,0.00033953998354263604,0.031110472977161407,0.04941243168086624,16.859839737686233,0.6515424011277898,-0.0005945949238727866
426,training,0.0004202985146548599,0.03282570093870163,0.04941243168086624,16.879766863341587,0.6515326018424952,-0.0006471709373520484
427,training,4.953200550517067e-05,0.027809124439954758,0.0510217206212503,16.9198316109818,0.6515098209030938,-0.0007351511692668148
428,training,0.0005099934642203152,0.022048015147447586,0.0510217206212503,16.959826333582292,0.6514723227773429,-0.0009427611536237777
429,training,0.0005398317007347941,0.041494350880384445,0.0510217206212503,17.01978232015682,0.6514190280026515,-0.0010532314306425483
430,training,0.0006895274855196476,0.04016261175274849,0.0510217206212503,17.039875846379044,0.6513942020638681,-0.0011436813165053325
431,training,0.0014065545983612537,0.03472333401441574,0.0510217206212503,17.07972248983106,0.6513445976972186,-0.0013391381415544133
432,training,0.0013645889703184366,0.0027826763689517975,0.04586296228915166,17.119735790181036,0.6512960399641515,-0.0013678400409438225
433,training,0.0012502362951636314,0.041491858661174774,0.04586296228915166,17.159797523751973,0.6512333567487799,-0.001592321387533212
434,training,0.0002938833204098046,0.03927204245701432,0.04586296228915166,17.199663675717904,0.6511723980190408,-0.0016720829879574468
435,training,0.0006230879807844758,0.03340836986899376,0.04586296228915166,17.259789869514822,0.6511008125334503,-0.0003909722624148268
436,training,0.0008039147360250354,0.02733401209115982,0.04586296228915166,17.27968429463686,0.6510994245306965,-0.0002927170120472823
437,training,0.0006377833778969944,0.015645857900381088,0.03721778864594089,17.319645326877065,0.6510927584513072,-0.0003336495870218816
438,training,0.000311500218231231,0.023902419954538345,0.03721778864594089,17.359788373273638,0.6510672288324645,-0.0004910263801226352
439,training,0.0011515101650729775,0.02349366620182991,0.03721778864594089,17.399606364962356,0.6510582826616231,-0.0005352725666483157
440,training,0.0006189794512465596,0.03935648873448372,0.03721778864594089,17.43968195820503,0.6510397548000525,-0.0006269914894973022
441,training,0.000422350422013551,0.019099775701761246,0.03721778864594089,17.47966062173623,0.6510069755923147,-0.000815683827963269
442,training,0.0005549215711653233,0.03645996004343033,0.03721778864594089,17.519571971008546,0.6509775408329114,-0.000897531943197137
443,training,0.0004049311392009258,0.05158200114965439,0.024811642498017795,17.5796484991658,0.6509156298419283,-0.0011509520795020699
444,training,0.0005847027059644461,0.030429153237491846,0.024811642498017795,17.619536264511158,0.650872642356184,-0.0012246982798350685
445,training,0.0004066275432705879,0.01946215145289898,0.024811642498017795,17.659672461707576,0.650839978532123,-0.00012595921993320964
446,training,0.0006084695924073458,0.03816938027739525,0.024811642498017795,17.679630823569077,0.6508390415325167,0.0002915547258912419
447,training,0.00030319459619931877,0.03527929779374972,0.024811642498017795,17.719492966098137,0.6508786978790927,0.0011691697452154283
448,training,0.0004124444385524839,0.056004028767347336,0.024811642498017795,17.75962806891777,0.6509282435902642,0.0011932996863249419
449,training,0.0006874502869322896,0.015432149171829224,0.02567914462780558,17.799535034576355,0.6509762306008537,0.0013957108564341242
450,training,0.0004958754288963974,0.05128118768334389,0.02567914462780558,17.839507024272603,0.6510398951716293,0.0015276824383334737
451,training,0.0003801226266659796,0.03616809844970703,0.02567914462780558,17.879661574747043,0.651092457084099,0.0016389916136920557
452,training,0.00026109375176019967,0.050026748329401016,0.02567914462780558,17.91947622053061,0.6511736412904032,0.0018918432960142778
453,training,0.0006330313626676798,0.031307000666856766,0.02567914462780558,17.97965016713355,0.6512860829831094,0.0020589645714208095
454,training,0.0013802279718220234,0.04067344591021538,0.02567914462780558,17.999547046553673,0.6513346070245294,0.002259876910232578
455,training,0.0006024751346558332,0.06372535228729248,0.027214057215383034,18.03946533560459,0.6514333789696358,0.0024178597778240513
456,training,0.0003763103159144521,0.05135272815823555,0.027214057215383034,18.099553535069422,0.6515820995783971,0.0027534809489394483
457,training,0.000311118783429265,0.053321607410907745,0.027214057215383034,18.13944632310169,0.6517000836788766,0.0029253504430359245
458,training,0.0010952986776828766,0.04454180225729942,0.027214057215383034,18.15950106362394,0.6517610185248011,0.002985132602822739
459,training,0.0006830532220192254,0.05450305715203285,0.027214057215383034,18.199551983251226,0.6518775608178318,0.003324061325644409
460,training,0.0007674188818782568,0.036654993891716,0.027214057215383034,18.259468069989037,0.6520911777684985,0.003536883504341104
461,training,0.0007724327151663601,0.06467549502849579,0.03610407094816181,18.299558414486633,0.652230309896019,0.0038743482601497356
462,training,0.0002470684703439474,0.0343499630689621,0.03610407094816181,18.359434224808656,0.6524782484586059,0.004129265002200305
463,training,0.000637411663774401,0.03719956800341606,0.03610407094816181,18.39957817996204,0.6526360951339196,0.004388496545736413
464,training,0.0003169192932546139,0.02986668422818184,0.03610407094816181,18.439385720311247,0.6528282510319463,0.004699641967468641
465,training,0.0007776491111144423,0.0499969907104969,0.032513039873665425,18.45940003833069,0.6529252688215853,0.004755259191431889
466,training,0.0009697019122540951,0.07854175567626953,0.032513039873665425,18.499564708838438,0.6531069774592685,0.004935336554499735
467,training,5.3032235882710665e-05,0.07035611337050796,0.032513039873665425,18.539364800862916,0.6533248006816456,0.005350215680658571
468,training,0.0008279725443571806,0.027211841195821762,0.032513039873665425,18.579440654611197,0.6535431203035093,0.005240946042282361
469,training,0.00019102705118712038,0.035956797655671835,0.032513039873665425,18.619434888175295,0.6537449728174517,0.005374065599569118
470,training,0.0013432973064482212,0.08352948492392898,0.032513039873665425,18.65933962231343,0.6539645014814096,0.005296467288502232
471,training,0.000603234046138823,0.10949385166168213,0.032513039873665425,18.6794036845439,0.6540696379189582,0.004883721164465986
472,training,0.00023739930475130677,0.08589828526601195,0.009234418297428375,18.719443577944958,0.6542387874669976,0.004346079609859241
473,training,0.00021751625172328204,0.1139348279684782,0.009234418297428375,18.759326398533826,0.6544140368845874,0.004050846260875868
474,training,0.00029035675106570125,0.11645604483783245,0.009234418297428375,18.79948666346561,0.654553324452692,0.002504264549253391
475,training,0.0008773900335654616,0.05433705309405923,0.009234418297428375,18.83936714009954,0.6546194589110096,0.0008443530998908929
476,training,0.0005066827870905399,0.11647686176002026,0.009234418297428375,18.89946894180961,0.6546214226920803,-0.0003985424157347116
477,training,0.0006215733592398465,0.15868597850203514,0.009234418297428375,18.93937831230995,0.6545756403819392,-0.0017908172709284911
478,training,0.000287767470581457,0.13503295183181763,0.006038881047857721,18.95934105183832,0.6545202948992864,-0.004898459691849469
479,training,0.00046923087211325765,0.08488892018795013,0.006038881047857721,18.999514750127574,0.6541430467594367,-0.01331761261834909
480,training,0.00022269782493822277,0.13412168622016907,0.006038881047857721,19.05935088433709,0.6531780025846933,-0.016850910705849764
481,training,0.0005571965011768043,0.052435907535254955,0.006038881047857721,19.099466038721683,0.6524311586886643,-0.021531330358025912
482,training,0.00028824139735661447,0.06869436614215374,0.006038881047857721,19.139413872261354,0.6515410517239607,-0.021806242311901845
483,training,0.0003134798025712371,0.07523280009627342,0.007234621190338593,19.159339802120062,0.6510913469661617,-0.023600067063820406
484,training,0.001178806647658348,0.06082900054752827,0.007234621190338593,19.19938428440291,0.6501215510972004,-0.02291011807916065
485,training,0.001066175289452076,0.0006421655416488647,0.007234621190338593,19.239351137734094,0.6492876971776432,-0.018265088661842423
486,training,0.0003448798379395157,0.01631677709519863,0.007234621190338593,19.279198283451827,0.6486748906189209,-0.012456385401061799
487,training,0.0008781970827840269,0.06125117652118206,0.007234621190338593,19.319320296352295,0.6482762855896058,-0.0073486282615411866
488,training,0.0009230516152456403,0.05302429012954235,0.012073605368075174,19.37909896573481,0.6480236097944694,-0.000981636943413455
489,training,0.000991003355011344,0.056200706865638494,0.012073605368075174,19.419217752212244,0.6480491640902395,0.0021259580689803196
490,training,0.00031744089210405946,0.049398018047213554,0.012073605368075174,19.47904620239509,0.6482425706168262,0.003966430474960827
491,training,0.0006790970801375806,0.1080070436000824,0.012073605368075174,19.519150755585557,0.6484393517970767,0.0061712308547969795
492,training,0.0003494835691526532,0.11071708798408508,0.012073605368075174,19.559078464146253,0.6487074210915662,0.007149857821674564
493,training,0.00013565986591856927,0.07618705928325653,0.007591204645756241,19.599030379774867,0.6490011438039449,0.007291657600999516
494,training,0.0007000842015258968,0.03834182769060135,0.007591204645756241,19.639195993561138,0.6492853459008262,0.007463219903767116
495,training,0.0005796841578558087,0.012768601183779538,0.007591204645756241,19.659062983818128,0.6494453839630259,0.007837193645676305
496,training,0.0007936855545267463,0.09770692139863968,0.007591204645756241,19.69898816240242,0.6497665564298726,0.007980712005297473
497,training,0.00032137168454937637,0.10414180159568787,0.007591204645756241,19.739151275492784,0.6500816409395199,0.00806824423714528
498,training,0.00406107259914279,0.028408850077539682,0.007591204645756241,19.778964712342642,0.6504225094774866,0.008586330183771144
499,training,0.00020319408213254064,0.08321870630607009,0.007591204645756241,19.8190147199725,0.6507569914222678,0.007636241584820746
500,training,0.001271964400075376,0.033492952585220344,0.008676073966573853,19.85905691582016,0.6510315037104916,0.006597531201616707
501,training,0.0008599600987508893,0.08369555743411183,0.008676073966573853,19.89896868865153,0.6512120169913012,0.00030173996099146206
502,training,0.0004685921303462237,0.13946621865034103,0.008676073966573853,19.959126453787494,0.651004952007416,-0.004669759328705629
503,training,0.001033384120091796,0.13412318006157875,0.008676073966573853,19.979045287220792,0.6508872003258862,-0.007356532812903672
504,training,0.0004150237364228815,0.07951723784208298,0.008676073966573853,20.019075962864235,0.6504652222132274,-0.0142911826193644
505,training,0.0015570675022900105,0.1423743013292551,0.007381618862506439,20.059234432908298,0.6497361848400782,-0.021209600480313524
506,training,0.0009755455539561808,0.08260705973953009,0.007381618862506439,20.079154527098414,0.6492822688745838,-0.02449050268581755
507,training,0.0007316335686482489,0.05995363928377628,0.007381618862506439,20.119127156880488,0.6482000934219084,-0.029049273650513276
508,training,0.00030065199825912714,0.06849728338420391,0.007381618862506439,20.159277342445378,0.6469628482643371,-0.03273497823700639
509,training,0.0011200766311958432,0.07543695764616132,0.007381618862506439,20.199073301614927,0.6455861544943421,-0.03639506126482019
510,training,0.0003397063410375267,0.06425860524177551,0.007381618862506439,20.239133459417307,0.6440900941146663,-0.03806938352256539
511,training,0.0014949473552405834,0.01582617685198784,0.020647619179030498,20.298977196734178,0.6418027845679084,-0.038622319730334864
512,training,0.003744217799976468,0.08680866658687592,0.020647619179030498,20.31895514979997,0.6410323976747128,-0.0387547362607354
513,training,0.00024205730005633086,0.08503706753253937,0.020647619179030498,20.3590715133485,0.639475448107429,-0.038801865377837336
514,training,0.0008924923604354262,0.07226978242397308,0.020647619179030498,20.418823331705905,0.6371579095865054,-0.03921039128809108
515,training,0.0008441996178589761,0.0074775367975234985,0.020647619179030498,20.438858516018577,0.6363732108606133,-0.03932810523137626
516,training,0.0006236476474441588,0.0582486167550087,0.020647619179030498,20.478861164089665,0.6348051069039935,-0.03932276880266802
517,training,0.00048095511738210917,0.03473753109574318,0.017639602289154763,20.5186923639841,0.6332373569572821,-0.039661902665748844
518,training,0.00025729156914167106,0.01313396543264389,0.017639602289154763,20.558788709862114,0.6316437535798926,-0.03981188990063752
519,training,0.0011096055386587977,0.011511215940117836,0.017639602289154763,20.598626941872766,0.6300669800182743,-0.039960383327336715
520,training,0.0004387108492664993,0.05484875151887536,0.017639602289154763,20.638567450036547,0.6284750341906955,-0.039466051125155895
521,training,0.000821516034193337,0.009255176410079002,0.017639602289154763,20.67864695233165,0.6269229829091824,-0.037857355599449236
522,training,0.0002991987857967615,0.01388502400368452,0.017639602289154763,20.718417247035806,0.625449516729003,-0.03616368685389444
523,training,0.0004483303928282112,0.023629819974303246,0.00792517829896631,20.758474351341988,0.6240464318115182,-0.034384292222881155
524,training,0.0008129990310408175,0.03836281504482031,0.00792517829896631,20.79840415724128,0.6227135163175992,-0.03237881160090655
525,training,0.000549713964574039,0.009715719148516651,0.00792517829896631,20.83829533162127,0.6214735206773577,-0.02999121944158665
526,training,0.00031599128851667047,0.003756449092179537,0.00792517829896631,20.87841259770346,0.6203223742268422,-0.02661215496481726
527,training,0.00029642536537721753,0.023583659902215004,0.00792517829896631,20.918215787543204,0.6193076579217672,-0.02585061025396642
528,training,0.001134797465056181,0.03648727899417281,0.01262039886530484,20.958253824991434,0.6182491746497548,-0.027729218121212932
529,training,0.00011586837354116142,0.046764884144067764,0.01262039886530484,20.99827476038709,0.6170966133743134,-0.029665126919003564
530,training,0.00036334304604679346,0.027243759483098984,0.01262039886530484,21.058174526456085,0.6152936797729227,-0.03043710324745866
531,training,0.0008759137126617134,0.03068087249994278,0.01262039886530484,21.098225461487022,0.6140755572784534,-0.030505124465200734
532,training,0.0003377294633537531,0.04427947849035263,0.01262039886530484,21.13805881974449,0.6128596337011667,-0.030774842421146156
533,training,0.0006943442276678979,0.0597358662635088,0.010917006291502317,21.178180495953068,0.6116036607085026,-0.033203123017293036
534,training,0.0005565750761888921,0.008346108719706539,0.010917006291502317,21.218071862604695,0.6101861598460049,-0.0378688619596107
535,training,0.00031809869688004255,0.056499918922781944,0.010917006291502317,21.278109324096167,0.607693250516987,-0.045847322259993224
536,training,0.00017398831550963223,0.01981395296752453,0.010917006291502317,21.29814786999937,0.6067530065843386,-0.04778308727252875
537,training,0.0010416203876957297,0.012427075766026974,0.010917006291502317,21.337909401368634,0.6047844605757678,-0.05112148660023011
538,training,0.00043890957022085786,0.019197732210159302,0.010917006291502317,21.377937599932814,0.602703844992104,-0.052686345200446204
539,training,0.003689395496621728,0.015152432024478905,0.0024443065685434955,21.43771603266622,0.599542970963546,-0.0533769727413575
540,training,0.0007309819920919836,0.0016584210097789764,0.0024443065685434955,21.457663990339693,0.5984883822033974,-0.05135867133825018
541,training,0.0010590266901999712,0.016094442456960678,0.0024443065685434955,21.497726531832676,0.596587049763209,-0.04206475829346089
542,training,0.00027269445126876235,0.030179478228092194,0.0024443065685434955,21.537462245166406,0.5951311411844155,-0.0320949943843497
543,training,0.0006855229148641229,0.04488743096590042,0.0024443065685434955,21.557403092958477,0.5945350452179947,-0.028108408745689126
544,training,0.0015581812476739287,0.00435461662709713,0.0024443065685434955,21.597505699495283,0.5935397004265894,-0.020830079997383677
545,training,0.0013961929362267256,0.015397055074572563,0.0024443065685434955,21.63731355678947,0.5928488606614284,-0.01437902090577179
546,training,0.0005318074254319072,0.012126380577683445,0.013651643921015618,21.677287738645948,0.5923663263774614,-0.010137132511578427
547,training,0.0008517306414432824,0.019912743940949437,0.013651643921015618,21.71735533687042,0.592030671934856,-0.006016396935183664
548,training,0.0003952731203753501,0.03851732797920704,0.013651643921015618,21.777183512311552,0.5918860772254101,0.00020642491473674303
549,training,0.0007919614436104894,0.03629207611083984,0.013651643921015618,21.81728112601461,0.5919766231949054,0.0046138399133140145
550,training,0.0010409725364297628,0.010866427794098854,0.013651643921015618,21.85707754185535,0.592273641721032,0.010465319985952341
551,training,0.00019618689839262515,0.011384563520550726,0.013651643921015618,21.877076484372306,0.592504482475213,0.012350568062335886
552,training,0.0002156474074581638,0.04910299926996231,0.02054525918320786,21.917225390751987,0.5930434376330413,0.014752309728921534
553,training,0.0003360479313414544,0.08574564009904861,0.02054525918320786,21.956946561207022,0.5937705374903505,0.02451933154049625
554,training,0.00027658927137963474,0.0023788027465343545,0.02054525918320786,21.99692092342434,0.594996554358232,0.03560438090685474
555,training,0.0006452449597418308,0.02742714062333107,0.02054525918320786,22.03682452932235,0.5965905838254438,0.04486579214624355
556,training,0.0006357413367368281,0.008535802364349365,0.02054525918320786,22.096560660221897,0.5997838502752648,0.06212014728544372
557,training,0.0014623504830524325,0.05291897803544998,0.02054525918320786,22.116574787160147,0.6010654907019555,0.06564333530423155
558,training,0.0017897484358400106,0.026963939890265465,0.030539385184648157,22.156211508662327,0.6037857847251966,0.06997125041015219
559,training,0.0031520365737378597,0.031307315453886986,0.030539385184648157,22.216101045783795,0.6080954635842282,0.07519044322197975
560,training,0.003547621425241232,0.00981735810637474,0.030539385184648157,22.255816740752472,0.6111660378905895,0.07911228514160787
561,training,0.00319584715180099,0.011095087975263596,0.030539385184648157,22.295653824257403,0.6143751085133002,0.08005399387014965
562,training,0.00046705821296200156,0.012895921245217323,0.030539385184648157,22.335640019758237,0.6175327531879051,0.07663910589005053
563,training,0.0005761776701547205,0.040497401263564825,0.030539385184648157,22.375352036902154,0.6205327380666512,0.0739523067760824
564,training,0.0007415589643642306,0.0069118160754442215,0.016303753906924935,22.415336861529727,0.6234593008168416,0.07253539294837177
565,training,0.0008643339388072491,0.004714366048574451,0.016303753906924935,22.455158707937187,0.6263195092023259,0.07068223869993386
566,training,0.00246413704007864,0.006720578297972679,0.016303753906924935,22.515038904488893,0.6304511292910429,0.06633004942911755
567,training,0.0003895956324413419,0.04035142622888088,0.016303753906924935,22.535074828870286,0.6317583057746926,0.0636225060855708
568,training,0.0007911932771094143,0.0011573564261198044,0.016303753906924935,22.574837664660077,0.6342042083368272,0.05954143487466024
569,training,0.001271562883630395,0.00041886605322360645,0.016303753906924935,22.61483394696062,0.6365262244019402,0.056154083444816726
570,training,0.00031308186589740217,0.0754003245383501,0.004486511537887134,22.65482219956165,0.6386881559113291,0.0515487403638639
571,training,0.0007678554393351078,0.04523740615695715,0.004486511537887134,22.69466415459806,0.6406556168093424,0.04664702424495069
572,training,0.00023038708604872227,0.003728998824954033,0.004486511537887134,22.7347829117375,0.6424553737409423,0.04332626023732751
573,training,0.0009119549067690969,0.0624822061508894,0.004486511537887134,22.77462819260856,0.6441223349801568,0.04000421013841579
574,training,0.002164220903068781,0.01880115829408169,0.004486511537887134,22.814602679229328,0.6456712921157498,0.03753502600710567
575,training,0.0007322988240048289,0.07548697479069233,0.004486511537887134,22.834691019398512,0.6464118708991835,0.03605979403805693
576,training,0.002608120907098055,0.07575060613453388,0.016371094418790776,22.87459201779436,0.6477819148589602,0.03251818328373692
577,training,0.00044427852844819427,0.016821486875414852,0.016371094418790776,22.93463742113568,0.6496163846237869,0.02899871689757562
578,training,0.0006050108349882066,0.007412957027554512,0.016371094418790776,22.97459041178712,0.650722708679883,0.026251768318584574
579,training,0.0010557142086327076,0.03989565558731556,0.016371094418790776,23.014535409213725,0.6517097713189448,0.02286128281138884
580,training,0.0022406636271625757,0.035870844963938,0.016371094418790776,23.074603922760463,0.6529651162157997,0.019604837886897406
581,training,0.001072345650754869,0.09061640314757824,0.0028760038760130085,23.114515137621986,0.653737059855651,0.0190830034511024
582,training,0.0013657156378030777,0.03595695458352566,0.0028760038760130085,23.154690694254757,0.6544592266289102,0.01657209932750608
583,training,0.0014274049317464232,0.10206278972327709,0.0028760038760130085,23.194534648481614,0.655055956157929,0.012788996824741992
584,training,0.0005802890518680215,0.07409642823040485,0.0028760038760130085,23.234593003340613,0.6554809140039444,0.008226861251464313
585,training,0.0011485755676403642,0.09301458485424519,0.0028760038760130085,23.27466532524856,0.6557335744165212,0.005293704022392145
586,training,0.0003290747117716819,0.11886016093194485,0.011307875337370623,23.31455558023363,0.6558897931736065,0.0023780675756382087
587,training,0.0006388452020473778,0.08992104232311249,0.011307875337370623,23.35472865222917,0.6559018301264793,-0.0019644748533277894
588,training,0.00023163971491158009,0.08955707959830761,0.011307875337370623,23.394619245632146,0.6558091282518717,-0.002374872445585089
589,training,0.00034699816023930907,0.11379442177712917,0.011307875337370623,23.43460843938645,0.6556936253892877,-0.003975491265979438
590,training,0.000393120339140296,0.12161729484796524,0.011307875337370623,23.474754879228072,0.6554900304276485,-0.005614251385641826
591,training,0.0014717114390805364,0.0737890750169754,0.015574351533865567,23.53462889152013,0.6550118479166929,-0.012373167630744995
592,training,0.00012944619811605662,0.08708544448018074,0.015574351533865567,23.55471249569427,0.6547575465299718,-0.012783366560431787
593,training,0.0009670592262409627,0.07564885914325714,0.015574351533865567,23.594686170096278,0.6542147864790295,-0.01608664307603738
594,training,0.001664268784224987,0.09144347906112671,0.015574351533865567,23.634647468948522,0.653410923164242,-0.02404913437775998
595,training,0.001118438900448382,0.06832113675773144,0.015574351533865567,23.6748439647494,0.6522996787373608,-0.03103084448521872
596,training,0.0012052181409671903,0.06408228632062674,0.015574351533865567,23.714658857110663,0.6509389613244738,-0.03741739156858007
597,training,0.00039783079409971833,0.030514512676745653,0.02691382471599775,23.754687803604735,0.649369675755869,-0.04056513948026948
598,training,0.0005291744018904865,0.04966867156326771,0.02691382471599775,23.794666552400642,0.6477238456640115,-0.04199453900119441
599,training,0.0019122683443129063,0.06723511219024658,0.02691382471599775,23.834519029910133,0.6460086539218238,-0.044523030580476464
600,training,0.0012223185040056705,0.0842213504947722,0.02691382471599775,23.854547191723068,0.6451095461995767,-0.04521351587562884
601,training,0.0002273847203468904,0.07854611426591873,0.02691382471599775,23.89455285209437,0.6433039211949804,-0.04552700862807216
602,training,0.0017541125416755676,0.10236354172229767,0.02691382471599775,23.934342808941665,0.641469284682651,-0.04650854454118742
603,training,0.00310004991479218,0.0877546020783484,0.0255156957917329,23.974417794015636,0.6396012211829042,-0.04671232448107076
604,training,0.000732128624804318,0.08914925158023834,0.0255156957917329,23.994408286978917,0.6386771499676147,-0.04610080771642586
605,training,0.0026738974265754223,0.09828251088038087,0.0255156957917329,24.05416594410814,0.6359366919712497,-0.046130217563398745
606,training,0.000921039842069149,0.07178940065205097,0.0255156957917329,24.094238726731962,0.6340950283286242,-0.04516864978176547
607,training,0.0003853629750665277,0.10526926582679152,0.02901989335777567,24.15396458877396,0.6314811076948501,-0.041957649661602626
608,training,0.0008785774698480964,0.17355732386931777,0.02901989335777567,24.174016769533555,0.6306504575833232,-0.040971025781041434
609,training,0.00034896412398666143,0.12289908714592457,0.02901989335777567,24.233826893928978,0.6282697010464948,-0.039114001342272144
610,training,0.0012792953057214618,0.10327223129570484,0.02901989335777567,24.273845063163545,0.6267366874914021,-0.03744071097428512
611,training,0.0005186211201362312,0.10327148204669356,0.02901989335777567,24.313794916013418,0.6252986241021573,-0.03473554808440925
612,training,0.0003453445096965879,0.10220329463481903,0.02901989335777567,24.353656092417754,0.6239518136858373,-0.0334361302389722
613,training,0.0007977519417181611,0.13433779403567314,0.026357491289538126,24.393758626567504,0.6226639204049632,-0.027504679490905418
614,training,0.0005871728644706309,0.10178054496645927,0.026357491289538126,24.45345150500154,0.6215431722219786,-0.010828128119599186
615,training,0.0006209251005202532,0.07355837151408195,0.026357491289538126,24.493540952462343,0.6212845912104838,-0.0018018624032156687
616,training,0.00020844121172558516,0.11437484249472618,0.026357491289538126,24.533377343376305,0.6213721924025518,0.006504162744634161
617,training,0.0028657903894782066,0.11216313950717449,0.030064931925521093,24.573304265992878,0.6217930078227518,0.014014323150184983
618,training,0.0009017585543915629,0.060259684920310974,0.030064931925521093,24.633244514507837,0.6228972754483676,0.022686538151468916
619,training,0.0013422627234831452,0.07652789354324341,0.030064931925521093,24.673086737090046,0.6240210246169128,0.03503510501876855
620,training,0.0009955083951354027,0.13497871160507202,0.030064931925521093,24.713086159838618,0.6256765840320935,0.04813785671448997
621,training,0.0003192648582626134,0.117071233689785,0.030064931925521093,24.75275072868063,0.6278227731372081,0.058894947488753145
622,training,0.0007441468769684434,0.08905554562807083,0.020535145258654398,24.792678221612935,0.6303508822483836,0.06747674922687258
623,training,0.0013928646221756935,0.12902071699500084,0.020535145258654398,24.832429396871344,0.6332550335454353,0.07962580272493373
624,training,0.001329338178038597,0.15189284831285477,0.020535145258654398,24.89195388653536,0.6386411555450436,0.09980275636670086
625,training,0.0006351352203637362,0.09716068208217621,0.020535145258654398,24.931744937543723,0.6428103170599033,0.10776825093876773
626,training,0.0003509501984808594,0.08518777042627333,0.020535145258654398,24.971237570922483,0.6473174347664563,0.1206779272542325
627,training,0.0008418296929448843,0.10056493431329727,0.020535145258654398,25.01085885323013,0.6524212353902203,0.13492498680650022
628,training,0.003915579058229923,0.06778673082590102,0.007049689831644616,25.050319971911055,0.6579995698636713,0.14512253579360104
629,training,0.0017333137802779675,0.05333295464515686,0.007049689831644616,25.10939953714685,0.667235539370695,0.16711459378820107
630,training,0.0013542729429900646,0.03864253312349319,0.007049689831644616,25.148706563315788,0.6741556963183191,0.18062370424878346
631,training,0.0009218951454386115,0.002194724977016463,0.007049689831644616,25.168216373652523,0.6777897050465795,0.18709905033002602
632,training,0.0020652897655963898,0.004927396774291978,0.007049689831644616,25.226788030123178,0.6895406135417536,0.21057519104954095
633,training,0.0014069057069718838,0.010421894490718842,0.03233527711948487,25.2462934621639,0.6938027774588945,0.22032413039160414
634,training,0.0006034800899215043,0.04908467084169388,0.03233527711948487,25.285038130837584,0.7029200220835224,0.24134498480432534
635,training,0.001703551271930337,0.0472925528883934,0.03233527711948487,25.323486350418886,0.7128146600107492,0.26358605439275445
636,training,0.00127235590480268,0.034916311502456665,0.03233527711948487,25.36193889281713,0.7236677465365576,0.2864134653102187
637,training,0.0026559100951999426,0.1352125182747841,0.03233527711948487,25.399881596878487,0.7352827235389057,0.30592797613926265
638,training,0.0004684064188040793,0.08395830169320107,0.03233527711948487,25.43726456943466,0.7474348913397251,0.32925439063016226
639,training,0.00199032761156559,0.0945751741528511,0.03233527711948487,25.456126382645365,0.7540388113873122,0.34352617165470967
640,training,0.0032924399711191654,0.23233728483319288,0.07828578127297915,25.511660997331404,0.775268092891419,0.39337337605672396
641,training,0.0009154700092040002,0.22314317524433136,0.07828578127297915,25.547933805273573,0.7913124637480423,0.4416785708232234
642,training,0.0009663172531872988,0.16237420588731769,0.07828578127297915,25.58334238009978,0.8090974940466524,0.48870733570985286
643,training,0.0008237218135036528,0.1449999511241913,0.07828578127297915,25.600527919228654,0.818496173161392,0.5105598131562593
644,training,0.0012191057903692126,0.18015652149915695,0.07828578127297915,25.65162710663477,0.8489489577216206,0.563321066345176
645,training,0.0005152687663212419,0.1487579494714737,0.07060162500826929,25.68481037367721,0.8708088833971169,0.6033674286354118
646,training,0.0013120322255417705,0.18290433287620544,0.07060162500826929,25.71684316463624,0.8939388758273678,0.6466911996304905
647,training,0.0019974689930677414,0.2794014941900968,0.07060162500826929,25.747809303763432,0.9184831322051938,0.695382133191483
648,training,0.0005540630663745105,0.27084484696388245,0.07060162500826929,25.7776854296004,0.9447207731077816,0.74708202848858
649,training,0.0016711868811398745,0.2871192544698715,0.07060162500826929,25.8059134565372,0.9721827404597964,0.7944535674651086
650,training,0.0010298597626388073,0.32730235904455185,0.08622811198308915,25.83308712884107,1.0010869123598767,0.8378285885885072
651,training,0.0009012303780764341,0.2775959074497223,0.08622811198308915,25.85890674321385,1.031056439440984,0.8818009737373178
652,training,0.0005354249151423573,0.33405499160289764,0.08622811198308915,25.883346526645088,1.062161220624648,0.9272452427874928
653,training,0.00030257427715696394,0.34235505759716034,0.08622811198308915,25.91749141520975,1.110731239209791,0.9870363492646181
654,training,0.0010187870357185602,0.29358363151550293,0.11912358951091061,25.93874055203424,1.1443729048292242,1.0291403471322806
655,training,0.0005150261567905545,0.3334156423807144,0.11912358951091061,25.958422406039876,1.1786208158135443,1.067581251077761
656,training,0.0006602409412153065,0.27681271731853485,0.11912358951091061,25.976974177821333,1.2138080020458568,1.1031910634037874
657,training,0.0011410671286284924,0.30685439705848694,0.11912358951091061,25.99424459166986,1.2495537947355932,1.1407120594860694
658,training,0.0002499121765140444,0.19800426810979843,0.11912358951091061,26.00997557921818,1.285839035213673,1.1806482857139122
659,training,0.00020562241843435913,0.1527031622827053,0.11912358951091061,26.02450408627274,1.3228411418424173,1.2100136891346935
660,training,0.001993057783693075,0.17437291890382767,0.1286509807293268,26.038084246227363,1.3602344872748346,1.234336519176461
661,training,0.000979612348601222,0.1493256501853466,0.1286509807293268,26.050750477529736,1.3979463413208,1.2590727252992768
662,training,0.0007847526576370001,0.1483522467315197,0.1286509807293268,26.06251504732884,1.4358888303285957,1.2807960593000016
663,training,0.0006726184510625899,0.21512967348098755,0.1286509807293268,26.073489837340915,1.474206626111166,1.302592788764984
664,training,0.00823633000254631,0.15033571049571037,0.1286509807293268,26.083573315628442,1.5125260084982164,1.3241826601811695
665,training,0.00028178002685308456,0.16004637628793716,0.1286509807293268,26.092877723396104,1.5512979003526628,1.3464758680219189
666,training,0.0019210528116673231,0.0992501713335514,0.09392380422051692,26.1050214952235,1.6096842810222065,1.3857366887976785
667,training,0.0007242771098390222,0.1498686820268631,0.09392380422051692,26.112075815461917,1.648975129923021,1.3998179773578514
668,training,0.000573938712477684,0.14293759688735008,0.09392380422051692,26.118536784007926,1.688419448570882,1.4193923734757399
669,training,0.0004783231997862458,0.1284823827445507,0.09392380422051692,26.1240983984117,1.7277036811948447,1.4408485948858756
670,training,0.0005940257688052952,0.11303557641804218,0.09392380422051692,26.12887877504532,1.7674139917220355,1.461084909267258
671,training,0.000621502345893532,0.0697787292301655,0.09392380422051692,26.132905976674913,1.807022946590363,1.4778224947441112
672,training,0.00195116747636348,0.12614084593951702,0.05658083947123308,26.13630427793051,1.8467336475368024,1.492287748374894
673,training,0.0006808892358094454,0.07059412822127342,0.05658083947123308,26.13909139821765,1.886578217874191,1.5112563130089285
674,training,0.002110701985657215,0.11828713491559029,0.05658083947123308,26.141064887114318,1.9262451793890119,1.5299368843534924
675,training,0.0010812974069267511,0.03586682677268982,0.05658083947123308,26.141774351491105,1.9461485397233338,1.5412592006712325
676,training,0.001087740994989872,0.07890751957893373,0.05658083947123308,26.142467273257452,1.9859623672373543,1.5643383197529794
677,training,0.002031690441071987,0.0758165530860424,0.05658083947123308,26.14227335868916,2.0257662086377124,1.587447359011606
678,training,0.0003700866363942623,0.055797778069973006,0.05341141161560739,26.14107857950931,2.0655207919721477,1.6142504090667023
679,training,0.0010674033546820283,0.0262461155653,0.05341141161560739,26.138901255272323,2.1052076651156466,1.6367260092269043
680,training,0.0022685870062559843,0.018432065844535828,0.05341141161560739,26.135878611138956,2.1449778715294494,1.6565545054609763
681,training,0.0009783608838915825,0.009312689304351793,0.05341141161560739,26.13208778420544,2.184595358968925,1.674449629538133
682,training,0.002013470744714141,0.02938390150666237,0.05341141161560739,26.127611056586655,2.2242890549291197,1.6930012517383455
683,training,0.003551946487277746,0.014085084199905382,0.05341141161560739,26.122373001866805,2.2636868718083805,1.710142619692948
684,training,0.0023724257480353117,0.0355641171336174,0.07282532270652906,26.116592770426877,2.3030925421047996,1.7231896602984895
685,training,0.0009483045432716608,0.0033832788467407088,0.07282532270652906,26.110156070789973,2.3425769386660105,1.7441578578372958
686,training,0.0033565228804945946,0.03067306056618689,0.07282532270652906,26.102870678898807,2.381566106477951,1.765311006255129
687,training,0.0003554527647793293,0.031052052974700928,0.07282532270652906,26.094834192731152,2.4206749378810355,1.780942304094422
688,training,0.0008125439053401351,0.08286214619874954,0.07282532270652906,26.090603171495204,2.4402974239183526,1.786503386248483
689,training,0.002194856060668826,0.028923343867063515,0.07282532270652906,26.081865938466187,2.47906716499415,1.7998415801944894
690,training,0.001431373180821538,0.028850171715021133,0.0869242813739845,26.06765996800714,2.5373452994051853,1.818571308814118
691,training,0.0008171799127012491,0.036904219537973404,0.0869242813739845,26.057712403669004,2.5758966409543063,1.828055948776598
692,training,0.0025773660745471716,0.00486313924193383,0.0869242813739845,26.04731054006459,2.614389373904776,1.842302508151684
693,training,0.004469083156436682,0.021394129842519753,0.0869242813739845,26.03634334925369,2.6528951214408085,1.8537813385725412
694,training,0.002201616996899247,0.047609168745111674,0.0869242813739845,26.019244988447472,2.7101184337119424,1.8671515071604114
695,training,0.0013316625263541937,0.019692245870828635,0.0869242813739845,26.007481561390044,2.748441726422021,1.8682594390715088
696,training,0.0004607026348821819,0.006510097533464432,0.05769091771558905,26.001627648912947,2.7674880963521202,1.870471626098768
697,training,0.00019377256103325635,0.026466678828001022,0.05769091771558905,25.989682658863853,2.8055228160532395,1.8784393405100068
698,training,0.0068799941800534725,0.023518487811088562,0.05769091771558905,25.977486792529678,2.843697493220601,1.87992395311222
699,training,0.0005827697459608316,0.023934658616781228,0.05769091771558905,25.96536237250694,2.8816328022813416,1.8802623811806622
700,training,0.0019202884286642075,0.019150968641042706,0.05769091771558905,25.946921472591367,2.938745763070707,1.8885076721641298
701,training,0.0012557902373373508,0.08920084312558174,0.05769091771558905,25.93437310433163,2.9765239953255893,1.893796169215177
702,training,0.0025220271199941635,0.06293027848005295,0.029384260592024963,25.921525651952845,3.014344873157725,1.903076597422849
703,training,0.0012867026962339878,0.0446358323097229,0.029384260592024963,25.908390369733983,3.0521173594070103,1.907079024627777
704,training,0.00041867082472890615,0.046134304255247116,0.029384260592024963,25.89506378698375,3.089604553586209,1.9188410303109518
705,training,0.0007870513363741338,0.052637048065662384,0.029384260592024963,25.881233238480778,3.127108837884709,1.9280141345583268
706,training,0.000604625151026994,0.05932796746492386,0.029384260592024963,25.867131726778805,3.1643979587929936,1.9380668412275932
707,training,0.002866168972104788,0.05368121713399886,0.02351795679725493,25.852621005304908,3.201531514714273,1.9476098118271874
708,training,0.0007386119104921818,0.02697879821062088,0.02351795679725493,25.830206491330124,3.257002842630969,1.963239231360657
709,training,0.0006460330914705992,0.01141902431845665,0.02351795679725493,25.81478525710154,3.293672471540294,1.973143529460693
710,training,0.001790638081729412,0.009286202490329742,0.02351795679725493,25.79902839629884,3.3302525736768214,1.9825757689462413
711,training,0.0019495799206197262,0.045750442892313004,0.02351795679725493,25.782766091362287,3.366617748551247,2.0021322957424497
712,training,0.00194266636390239,0.07484063133597374,0.02351795679725493,25.76574923990927,3.4025804117769947,2.0197572740897023
713,training,0.0024506323970854282,0.013541642110794783,0.0362977885340636,25.748265363633852,3.438468067428327,2.0281173782572366
714,training,0.0015339571982622147,0.06647586449980736,0.0362977885340636,25.73053159237567,3.4742834438457035,2.0318625459116966
715,training,0.000689056352712214,0.044488441199064255,0.0362977885340636,25.712761029942865,3.509902361966543,2.035745098872366
716,training,0.0029528888408094645,0.004719860851764679,0.0362977885340636,25.694655731181683,3.545562525967605,2.046880011173463
717,training,0.0011645546182990074,0.01925395429134369,0.0362977885340636,25.67612697496294,3.5807621469244113,2.064152542043559
718,training,0.0003926536883227527,0.04892710968852043,0.0362977885340636,25.65699413537312,3.615670520122658,2.0791939540715645
719,training,0.0010216914815828204,0.014122005552053452,0.05217306602376172,25.637240845859058,3.6504638595379264,2.0969339080867377
720,training,0.0003434468526393175,0.02258962206542492,0.05217306602376172,25.61698110592437,3.684689901961702,2.111458912301325
721,training,0.00014984702283982188,0.04245065525174141,0.05217306602376172,25.596244354349274,3.7188799653751428,2.1189235362599375
722,training,0.0004139381053391844,0.07121116109192371,0.05217306602376172,25.57531438074974,3.7528894370290047,2.1278299357630255
723,training,0.0003360329137649387,0.09196006320416927,0.05217306602376172,25.554128605472563,3.786607882862345,2.1340079981308024
724,training,0.0006707485299557447,0.09824690036475658,0.05217306602376172,25.521903151944315,3.8372968428274326,2.141563086506421
725,training,0.0004097972996532917,0.0931813083589077,0.05104708756042515,25.50022937895883,3.870592892154094,2.154370437218518
726,training,0.0019703267607837915,0.08126627653837204,0.05104708756042515,25.489164270066183,3.887253293408728,2.1588163870807007
727,training,0.0018048918573185802,0.1261463537812233,0.05104708756042515,25.45566455645295,3.936890040921559,2.1729501358905927
728,training,0.0016435900470241904,0.12698043510317802,0.05104708756042515,25.42128155220276,3.9859510382393437,2.191719657977513
729,training,0.0018081790767610073,0.06707601621747017,0.05104708756042515,25.409555989979555,4.002268881755305,2.1960536137450015
730,training,0.0010188657324761152,0.07861092127859592,0.05104708756042515,25.374400313784882,4.050594515748471,2.202932415126191
731,training,0.000578607723582536,0.14420310780405998,0.03772801592638297,25.33878587008624,4.098848705761349,2.210801164283211
732,training,0.0003283486294094473,0.0896095335483551,0.03772801592638297,25.314869679660912,4.130725489224622,2.2181221784592906
733,training,0.0002678879245650023,0.12405652925372124,0.03772801592638297,25.290635674096414,4.162679835276569,2.2195367190697244
734,training,0.0018116632709279656,0.08441194891929626,0.03772801592638297,25.266496751710807,4.194370496948359,2.2258906426659433
735,training,0.001018701121211052,0.10942280665040016,0.03772801592638297,25.242060971529224,4.226033716257861,2.228431350602162
736,training,0.0006834996747784317,0.040824311785399914,0.03772801592638297,25.217541313234026,4.257643863584594,2.233830820128813
737,training,0.0003525739593897015,0.03712451830506325,0.028128885209676577,25.193007677285276,4.288929376626164,2.235468469588596
738,training,0.0011692293919622898,0.0212949626147747,0.028128885209676577,25.156290673161923,4.335369982767616,2.227166712818862
739,training,0.004186330363154411,0.055035173892974854,0.028128885209676577,25.132821960642058,4.365944687163865,2.222109166453699
740,training,0.0007851416012272239,0.04161054641008377,0.028128885209676577,25.108550363359218,4.397894612049413,2.2199443954308906
741,training,0.0007436571759171784,0.059757452458143234,0.028128885209676577,25.072440282601285,4.44560386412045,2.2159700711793286
742,training,0.001447606598958373,0.011728357523679733,0.028128885209676577,25.048480489612963,4.477337606059216,2.218140746792414
743,training,0.0009944651974365115,0.023133939132094383,0.028128885209676577,25.025108903963197,4.508035261574356,2.220575759861406
744,training,0.0008903963607735932,0.020287122577428818,0.012905481941904582,25.000989986733757,4.53986639983143,2.2177101169650184
745,training,0.0008045691065490246,0.0136173777282238,0.012905481941904582,24.964743053031345,4.587740311723753,2.2228017672666343
746,training,0.005367661360651255,0.009366476908326146,0.012905481941904582,24.940531973350293,4.619450933435771,2.220094163853624
747,training,0.00011257734149694443,0.04011118784546853,0.012905481941904582,24.916324278877116,4.651531685632414,2.2145503769479347
748,training,0.003864550730213523,0.07297815009951591,0.012905481941904582,24.89249196026075,4.683528288403847,2.207371579873289
749,training,0.005136142950505018,0.09574522264301777,0.012905481941904582,24.868785119245384,4.7158160797380475,2.1998362172472694
750,training,0.00342874089255929,0.08548538014292717,0.022490706717091517,24.845291455929466,4.748323599773095,2.193859133132686
751,training,0.0021641727071255445,0.022290527820587158,0.022490706717091517,24.822174186547056,4.780825771267843,2.1823219525116726
752,training,0.0006482206517830491,0.112748172134161,0.022490706717091517,24.79916358826667,4.813457308815791,2.1891508418803642
753,training,0.0015053336974233389,0.1932945568114519,0.022490706717091517,24.776098281659003,4.846051471544311,2.183736871589954
754,training,0.0010556788183748722,0.14154749317094684,0.022490706717091517,24.753187819184284,4.8788090990824,2.1783163677001154
755,training,0.0006880165310576558,0.14380277320742607,0.022490706717091517,24.73033861259036,4.9118470220724975,2.174859397387835
756,training,0.0009651141008362174,0.13781006634235382,0.022490706717091517,24.696292090400092,4.960946776034426,2.1817395024126296
757,training,0.0031697284430265427,0.21356891468167305,0.03831929900392068,24.67322222891669,4.9937944537338685,2.183278688325225
758,training,0.0033565089106559753,0.13607636094093323,0.03831929900392068,24.638943791458484,5.04281967134607,2.1756443466895616
759,training,0.0006289395387284458,0.13172883540391922,0.03831929900392068,24.616161680741953,5.075893448501182,2.17378545799815
760,training,0.0003970320103690028,0.16254087164998055,0.03831929900392068,24.593557003226138,5.108659199017365,2.1767837764836333
761,training,0.0014417290221899748,0.12717830017209053,0.03831929900392068,24.57073092887477,5.141518228678446,2.176897011030358
762,training,0.0005337227485142648,0.1827077865600586,0.03831929900392068,24.54792092518983,5.174429539152876,2.1794491350263185
763,training,0.0012696362100541592,0.1363074667751789,0.004888170976393647,24.525097192371867,5.207069025768543,2.1811781587087054
764,training,0.0005258457968011498,0.17704461514949799,0.004888170976393647,24.51360243949123,5.223445987332406,2.1850191835487642
765,training,0.0007960961665958166,0.1086871474981308,0.004888170976393647,24.490420692163006,5.25615074785897,2.1880301260277135
766,training,0.002927294699475169,0.16332411020994186,0.004888170976393647,24.46732942572315,5.288519512020362,2.195011220636494
767,training,0.0015136273577809334,0.08746467158198357,0.004888170976393647,24.443799993406024,5.320939324853436,2.2013233997078983
768,training,0.003954955842345953,0.024603847414255135,0.004888170976393647,24.420205866166583,5.353030190241001,2.209040426692821
769,training,0.007056578993797302,0.03466225787997245,0.004888170976393647,24.39629685050477,5.384903879243347,2.2200947331824206
770,training,0.0017991459462791681,0.04469135031104088,0.0161866740763562,24.359674372520473,5.432305860186263,2.2370009723713036
771,training,0.0003563776845112443,0.003631703555583947,0.0161866740763562,24.33489238206163,5.463474362254953,2.2474456177994
772,training,0.0001447272370569408,0.00828394666314125,0.0161866740763562,24.30969545355862,5.494524482243117,2.2574807060463002
773,training,0.0011858779471367598,0.034998368471860886,0.0161866740763562,24.284337360922567,5.525232828743489,2.2635893554902378
774,training,0.0009611659334041178,0.006091892719268799,0.0161866740763562,24.258689561889497,5.555844700700428,2.2739234686420193
775,training,0.000667648680973798,0.00520557165145874,0.0161866740763562,24.245722460906062,5.571061901168294,2.2780650636030253
776,training,0.002926245331764221,0.017035137861967087,0.0161866740763562,24.219728131409198,5.6012726758597235,2.2842625917507062
777,training,0.0012316628126427531,0.021221410483121872,0.020933852701718877,24.193492154701477,5.631356733247789,2.293200814767186
778,training,0.0004290675278753042,0.0615491159260273,0.020933852701718877,24.153596355977008,5.675944300187451,2.3077708150075984
779,training,0.0012686620466411114,0.02487507089972496,0.020933852701718877,24.140173332617657,5.690645970522919,2.313510843880693
780,training,0.0012196439784020185,0.01970410719513893,0.020933852701718877,24.11302470364211,5.7198647340671105,2.325370418082121
781,training,0.0023418047931045294,0.04012809321284293,0.020933852701718877,24.085520157300632,5.748804961067125,2.335356659187791
782,training,0.000852988101541996,0.02449440211057663,0.020933852701718877,24.057754876033492,5.7773705794675045,2.349248981779813
783,training,0.0022338933777064085,0.04388391226530075,0.020933852701718877,24.02961019433068,5.805537733430054,2.361487073159914
784,training,0.00183115154504776,0.02284405380487442,0.020933852701718877,24.00108682940734,5.833488132763894,2.3709012309268
785,training,0.0005867002764716744,0.03410400077700615,0.019850491114914912,23.986741389156332,5.847341415806728,2.3773262326409226
786,training,0.003028744598850608,0.04768717661499977,0.019850491114914912,23.95783971732408,5.8747116468721865,2.3864998707579748
787,training,0.0006803733995184302,0.02054011821746826,0.019850491114914912,23.928623963282938,5.902058593419528,2.3931196063141176
788,training,0.0027936005499213934,0.014181308448314667,0.019850491114914912,23.899316368721376,5.929000276455059,2.400913721044027
789,training,0.001670542755164206,0.03813033550977707,0.019850491114914912,23.86979963606718,5.955853967206761,2.407034346053443
790,training,0.00044067727867513895,0.0012670308351516724,0.019850491114914912,23.839997718794706,5.982494732432342,2.418400815858384
791,training,0.0076329344883561134,0.040852226316928864,0.019850491114914912,23.80999155883341,6.008765893373447,2.4240201648167417
792,training,0.00043288609595037997,0.06256440654397011,0.01188369605115564,23.794923324976736,6.021846177923747,2.4299832193439608
793,training,0.00047584454296156764,0.03325042501091957,0.01188369605115564,23.76446029645358,6.047781196477316,2.443118551194657
794,training,0.0041910866275429726,0.031542558223009116,0.01188369605115564,23.718431981234247,6.085873342499836,2.4552280351038918
795,training,0.0011795395985245705,0.03266299515962601,0.01188369605115564,23.6873304003159,6.111172341841389,2.4630160078976275
796,training,0.004443267825990915,0.0630445946007967,0.01188369605115564,23.65626344243017,6.135980061503443,2.4715017111809447
797,training,0.0008374825702048838,0.015068047679960728,0.01188369605115564,23.62484488322203,6.160670317474561,2.479985976529765
798,training,0.0011943373829126358,0.004806166514754295,0.01188369605115564,23.593216920988155,6.185226095405073,2.480621124754614
799,training,0.0015831391792744398,0.1652371622622013,0.07362491568835684,23.561795737771426,6.209773648141239,2.475595439349232
800,training,0.0010313147213310003,0.14386898651719096,0.07362491568835684,23.530262047287295,6.234362193311366,2.4923652113111827
801,training,0.0013501939829438925,0.12637020647525785,0.07362491568835684,23.498306929232545,6.257889871595613,2.521977684593177
802,training,0.0033348645083606243,0.14194811508059502,0.07362491568835684,23.46564868890032,6.2805133464463525,2.5493287078978164
803,training,0.0007559742080047727,0.08866161108016968,0.07362491568835684,23.432226158891968,6.302251396459266,2.5821356569633758
804,training,0.0033644000068306923,0.009569145739078536,0.07362491568835684,23.39836616454887,6.322701211263933,2.611955984963632
805,training,0.00044873906881548464,0.00020420551300048828,0.07362491568835684,23.363704923188248,6.342494230949356,2.630376098921642
806,training,0.0024443978909403086,0.010830976068973541,0.08781503366467897,23.346337410778975,6.352175362193382,2.6360783237441607
807,training,0.0011637953575700521,0.06376457773149014,0.08781503366467897,23.311365186395836,6.371206947172321,2.6501916795770892
808,training,0.0015593247953802347,0.00031975656747818687,0.08781503366467897,23.27603827750268,6.38985947720502,2.6587384699141023
809,training,0.000643447507172823,0.01581256464123726,0.08781503366467897,23.24068358055535,6.408298821423473,2.664138916670145
810,training,0.006348468363285065,0.0015703625977039372,0.08781503366467897,23.205193833493432,6.426404988069738,2.6762539973072204
811,training,0.006185726262629032,0.09887564973905683,0.08781503366467897,23.16939147943058,6.44410945538416,2.6858891811272576
812,training,0.0034974098671227694,0.09462390840053558,0.08781503366467897,23.13347345888713,6.461633837456111,2.688028185058626
813,training,0.0028278480749577284,0.010482940822839737,0.06287873444075567,23.09754266234991,6.479127782504977,2.6888016646207156
814,training,0.0016225235303863883,0.022734839469194412,0.06287873444075567,23.061666367137622,6.496598854858004,2.6874496247995943
815,training,0.000607973663136363,0.019586407928727567,0.06287873444075567,23.025832718059746,6.514122799659027,2.6845606688767663
816,training,0.0027528770733624697,0.03097141347825527,0.06287873444075567,22.990007813959732,6.531803828307182,2.682080414387105
817,training,0.0008004461415112019,0.04566119983792306,0.06287873444075567,22.95417304320136,6.54960586640901,2.6783712688265475
818,training,0.00024728712742216885,0.04105928319040686,0.048821288475952816,22.900601769140945,6.57664272945895,2.6675315377902984
819,training,0.0036393553018569946,0.028767462819814682,0.048821288475952816,22.86512430261231,6.594973173062657,2.6636700092507795
820,training,0.00012226449325680733,0.04951909929513931,0.048821288475952816,22.829672859053034,6.61334283276689,2.662562277996578
821,training,0.0011311910348013043,0.004557523876428611,0.048821288475952816,22.794230293197202,6.63180898894679,2.6587879933831022
822,training,0.00042213022243231535,0.059493206441402435,0.048821288475952816,22.758925870743635,6.650413042230692,2.6535392539869953
823,training,0.005119900219142437,0.08184684626758099,0.048821288475952816,22.72361776589844,6.669249327086845,2.6512023050017484
824,training,0.0007403302006423473,0.03667091578245163,0.04198636382490311,22.670807645778368,6.697446287702067,2.65213700043347
825,training,0.0015615819720551372,0.025632653385400772,0.04198636382490311,22.63550384135338,6.716227887098257,2.6514893798018746
826,training,0.0006636613979935646,0.08528077229857445,0.04198636382490311,22.600305293249164,6.735098754775989,2.647766829369666
827,training,0.0016316930996254086,0.1026555709540844,0.04198636382490311,22.565159547510607,6.753977572926789,2.6504533953345373
828,training,0.00021481193834915757,0.08688944205641747,0.04198636382490311,22.529879635459537,6.77271035958263,2.6566932902689544
829,training,0.0014774473384022713,0.0020323917269706795,0.034359054880305794,22.476808644594623,6.800290102349189,2.6692633854885854
830,training,0.0018317082431167364,0.004714289680123329,0.034359054880305794,22.459198889653887,6.809199297508419,2.678438384984926
831,training,0.0063013918697834015,0.015051070600748069,0.034359054880305794,22.423557903144754,6.827125721857793,2.6722842732131786
832,training,0.0020295572467148304,0.030605802312493324,0.034359054880305794,22.387959727048518,6.845278346802096,2.6674124163243946
833,training,0.002685043029487133,0.0032689464278519154,0.034359054880305794,22.35237752919277,6.863656948054078,2.6619353602234277
834,training,0.00540880486369133,0.04253323748707772,0.034359054880305794,22.31699377023667,6.882188008265771,2.6577211492358415
835,training,0.0020984173752367496,0.023355700075626373,0.034359054880305794,22.281688022109833,6.900804476482622,2.653536904339661
836,training,0.0011113728396594524,0.029916785657405853,0.030029572179716895,22.263994234137908,6.910218203723544,2.651757418432949
837,training,0.0003385721065569669,0.009827625006437302,0.030029572179716895,22.22878895135811,6.929087560030531,2.648060968364692
838,training,0.001716385711915791,0.037956371903419495,0.030029572179716895,22.1936396156331,6.947946012819968,2.6509714032016363
839,training,0.0008967093308456242,0.07205492816865444,0.030029572179716895,22.17597668257831,6.957362569499973,2.65210030121065
840,training,0.006887704133987427,0.052720244973897934,0.030029572179716895,22.1407437843236,6.97612596602528,2.6532533379165075
841,training,0.0045630792155861855,0.054845071863383055,0.030029572179716895,22.105558323371888,6.994760815299567,2.6524925094258416
842,training,0.0021438056137412786,0.024365529417991638,0.030029572179716895,22.070275589610333,7.013629853057603,2.6490344393511025
843,training,0.000482174102216959,0.057736948132514954,0.01931785269501446,22.03509958999983,7.032540542875442,2.6478992652934927
844,training,0.006927600130438805,0.03827917389571667,0.01931785269501446,21.999907675013436,7.051501015111118,2.645419502374376
845,training,0.001354918465949595,0.0636097677052021,0.01931785269501446,21.964829866546875,7.070602041015502,2.6401280905494096
846,training,0.0009052375680767,0.03727320209145546,0.01931785269501446,21.929894208535135,7.0898470275509045,2.6350559989923226
847,training,0.0015995274297893047,0.020129432436078787,0.01931785269501446,21.89490526073576,7.109343634575182,2.632860687420406
848,training,0.0008545611053705215,0.05113179516047239,0.01931785269501446,21.86004766721291,7.128820793690851,2.630717859474185
849,training,0.0013531347503885627,0.02018237765878439,0.023448180209538448,21.825229146228487,7.148286944043896,2.633416574659444
850,training,0.000580785796046257,0.011474506929516792,0.023448180209538448,21.79029485473921,7.167746033663826,2.6313040482877716
851,training,0.001546271494589746,0.0033429451286792755,0.023448180209538448,21.7380862910977,7.197118263352696,2.6271320512114777
852,training,0.0023448681458830833,0.01684895530343055,0.023448180209538448,21.720645618498253,7.206978313899745,2.627706977605781
853,training,0.000529174692928791,0.010965945199131962,0.023448180209538448,21.68585606260222,7.226538710589403,2.6321053485052075
854,training,0.002204264048486948,0.02966958563774824,0.023448180209538448,21.651002068775888,7.245837942572406,2.6362088041114102
855,training,0.0024053093511611223,0.02556231245398522,0.02329595390189171,21.616004182476264,7.265256592929187,2.633576748421909
856,training,0.004585663788020611,0.021272980142384768,0.02329595390189171,21.581144955734548,7.284657921102136,2.63599192667637
857,training,0.002501055598258972,0.03344098478555679,0.02329595390189171,21.52860272329463,7.313518923525583,2.6403338849845315
858,training,0.00036853231722489,0.004270260687917471,0.02329595390189171,21.51110024970104,7.323115139913658,2.6394881902165572
859,training,0.006986672058701515,0.01153465174138546,0.02329595390189171,21.476117933750153,7.342310357316129,2.6402091674809065
860,training,0.007733643986284733,0.010151390451937914,0.022277950476317067,21.441002198376687,7.361496959465713,2.643027600254692
861,training,0.004069415386766195,0.08638820284977555,0.022277950476317067,21.405939543384594,7.380566461930186,2.642791573037094
862,training,0.0033028172329068184,0.12431918550282717,0.022277950476317067,21.370883651979785,7.399659581305834,2.6427875204297435
863,training,0.0012813301291316748,0.10970460996031761,0.022277950476317067,21.335792879000977,7.4188077150187475,2.639950029804981
864,training,0.0012777179945260286,0.017097480013035238,0.022277950476317067,21.283372626234343,7.447780207730089,2.6320605479544326
865,training,0.005419538822025061,0.027644295245409012,0.022277950476317067,21.248467108084714,7.467293922187238,2.6310288979935805
866,training,0.0024762339890003204,0.04511587135493755,0.02316374162970845,21.213630002465457,7.486741073618726,2.6349030941734912
867,training,0.00439004460349679,0.06842671567574143,0.02316374162970845,21.178668323723613,7.506169554534806,2.633092177608426
868,training,0.003945616539567709,0.08162928326055408,0.02316374162970845,21.14381855753171,7.525654536456927,2.630290766416095
869,training,0.0020335600711405277,0.024876978248357766,0.02316374162970845,21.126426341336522,7.535402713739083,2.6309027674088337
870,training,0.0032249358482658863,0.04331891052424908,0.02316374162970845,21.091540108454975,7.554856321423997,2.6361769339304955
871,training,0.0019739398267120123,0.0017325435765087596,0.02316374162970845,21.056530885631958,7.574113175522356,2.639908017243776
872,training,0.0009714366751722991,0.052090940065681934,0.02316374162970845,21.021537838159112,7.593230983491385,2.642660411368315
873,training,0.0013747960329055786,0.051636368967592716,0.028371665541444047,20.98638792063093,7.612381293232652,2.641479121542387
874,training,0.0018945126794278622,0.0028353728921501897,0.028371665541444047,20.95137932844989,7.631577615316742,2.639925648294527
875,training,0.0015769945457577705,0.05018756724894047,0.028371665541444047,20.916358388210835,7.650719684807695,2.641895518354848
876,training,0.0002247004013042897,0.00017070025205612183,0.028371665541444047,20.88127235361583,7.669834841857912,2.6430818258678452
877,training,0.00494434405118227,0.011162916198372841,0.028371665541444047,20.846199872098005,7.688895282708485,2.6439471409935225
878,training,0.0016571098240092397,0.009239502251148224,0.020391153405644735,20.811031337560102,7.707936615918945,2.647031790979827
879,training,0.0006440366851165891,0.019920777063816786,0.020391153405644735,20.775881660399296,7.726876789081139,2.6466772226988082
880,training,0.001844947342760861,0.015158973634243011,0.020391153405644735,20.740755365209818,7.745808914847786,2.647632043895499
881,training,0.0007447219686582685,0.007745620445348322,0.020391153405644735,20.705549889303605,7.764763690769327,2.6457746127288417
882,training,0.0009584393701516092,0.005311937537044287,0.020391153405644735,20.670429745749054,7.783844797648667,2.643160399676973
883,training,0.0011891679605469108,0.04118209704756737,0.020391153405644735,20.61776401290202,7.812502265800238,2.6419536499395258
884,training,0.001247270731255412,0.03428038116544485,0.030352368712676724,20.600260195953837,7.822049885395795,2.6427847393231576
885,training,0.001526067964732647,0.08567764610052109,0.030352368712676724,20.565228769258365,7.84106820023095,2.6440672062776653
886,training,0.0031650096643716097,0.02494180016219616,0.030352368712676724,20.53006205242633,7.860136082423457,2.6462584250788037
887,training,0.0030742872040718794,0.0002789404243230785,0.030352368712676724,20.49493560364494,7.879141191709956,2.644048032085262
888,training,0.0019968468695878983,0.03564392402768135,0.030352368712676724,20.442278297294667,7.9079034402911095,2.63828532914953
889,training,0.0002458012313582003,0.07666664384305477,0.030352368712676724,20.407364929023206,7.9272096721075,2.63546195331477
890,training,0.0006608054973185062,0.05711627006530762,0.027402254372232603,20.37244583817238,7.946496061402988,2.638949766711272
891,training,0.0007157456129789352,0.013704722747206691,0.027402254372232603,20.33744231041988,7.965651061504059,2.642358402199973
892,training,0.0016542649827897549,0.01629883423447609,0.027402254372232603,20.284813599452345,7.99410341669866,2.649209298119279
893,training,0.0006031221128068864,0.012345606461167336,0.027402254372232603,20.249595295308477,8.012985918079575,2.647398982789161
894,training,0.0014174659736454487,0.03441775590181351,0.027402254372232603,20.231994296716845,8.022467155761507,2.64768345239622
895,training,0.002374640665948391,0.050647223368287086,0.027402254372232603,20.19684374434769,8.041305099121013,2.65242081737287
896,training,0.002381921513006091,0.004565651994198561,0.032607118441075375,20.161503766610515,8.060004975360412,2.6538434328881593
897,training,0.0010127425193786621,0.0054735708981752396,0.032607118441075375,20.12621713917847,8.078813227721419,2.6511394139684747
898,training,9.364458674099296e-05,0.00023164087906479836,0.032607118441075375,20.09095241480606,8.097551923194597,2.6563080392357596
899,training,0.001290834741666913,0.04007117077708244,0.032607118441075375,20.055622626241586,8.116194714584559,2.6543813325466785
900,training,0.0011071295011788607,0.03036932647228241,0.032607118441075375,20.020329987860066,8.13482330580739,2.6579375203246975
901,training,0.00034586689434945583,0.025910716503858566,0.032607118441075375,19.984907357459793,8.153333054778804,2.6611610127406675
902,training,0.0006680771475657821,0.05120112746953964,0.03187840390267906,19.949486283833743,8.171791836707085,2.6607025786684586
903,training,0.0014016403583809733,0.0617365341167897,0.03187840390267906,19.914079232447307,8.190236390201227,2.6616974204271355
904,training,0.003704671049490571,0.07771772891283035,0.03187840390267906,19.878653120261912,8.208676567967128,2.6604691229764184
905,training,0.0006874522659927607,0.030407423153519627,0.03187840390267906,19.843240876342737,8.22713642451771,2.6632041896256973
906,training,0.0010942547814920545,0.0012777484953403473,0.03187840390267906,19.789994341132374,8.254457727414978,2.670224625937824
907,training,0.006647143047302961,0.028402661439031363,0.03187840390267906,19.754393785413114,8.2726170881442,2.6685318820118704
908,training,0.0005472090560942888,0.04904147982597351,0.02657902648048375,19.7187977461988,8.29086127595562,2.667475017701331
909,training,0.00492071220651269,0.02215760014951229,0.02657902648048375,19.701189918196537,8.299891641369273,2.6681118500858263
910,training,0.0031207669526338577,0.011443965137004856,0.02657902648048375,19.647799460965047,8.327073056566702,2.668662681855751
911,training,0.0013854457065463066,0.033861268311738975,0.02657902648048375,19.61225962093477,8.345275965582166,2.6690956472041187
912,training,0.0010043991496786475,0.012131483759731054,0.02657902648048375,19.594468916765308,8.354346552253086,2.671449640357855
913,training,0.0009950697422027588,0.019098720513284206,0.02657902648048375,19.558849528961737,8.372298516437827,2.676666517928698
914,training,0.0018447224283590913,0.017533687874674797,0.028164615714927628,19.523144940543382,8.390181671813089,2.675911368349175
915,training,0.0003977972373832017,0.026029719039797786,0.028164615714927628,19.48742921919941,8.408171837500038,2.6743647185402266
916,training,0.0008994672680273652,0.0006586499512195587,0.028164615714927628,19.451785063892498,8.426187166111362,2.671630938259801
917,training,0.0035366127267479897,0.04113426059484482,0.028164615714927628,19.41619070606537,8.444308394619478,2.6697234923788336
918,training,0.0028944709338247776,0.010931959375739098,0.028164615714927628,19.380572776909357,8.462360817821295,2.6759501719365324
919,training,0.0005429709563031793,0.024918390437960625,0.028164615714927628,19.344863183278328,8.480367038693126,2.6718232304173197
920,training,0.0014208918437361717,0.029630598612129688,0.025829783154618417,19.327122107695388,8.489407626681203,2.668627664041652
921,training,0.0019431915134191513,0.09753847494721413,0.025829783154618417,19.273778613500593,8.51676195712172,2.6697908187985684
922,training,0.003825365100055933,0.06151723815128207,0.025829783154618417,19.238201083175053,8.534722507511374,2.679004330437893
923,training,0.00046910333912819624,0.05594601668417454,0.025829783154618417,19.220306614119266,8.543608806169141,2.6807101541906317
924,training,0.00034166427212767303,0.02279245387762785,0.025829783154618417,19.184531607726257,8.561358497735622,2.683005429251209
925,training,0.000772457686252892,0.02289489656686783,0.025829783154618417,19.14872059052479,8.578928176245217,2.6858231418063974
926,training,0.006175640504807234,0.017558406107127666,0.030382263731614182,19.094894830030636,8.60534735378402,2.6843340474973347
927,training,0.0008330187993124127,0.060374848544597626,0.030382263731614182,19.059079128122203,8.622928520806168,2.685770822042709
928,training,0.0011181267909705639,0.083328977227211,0.030382263731614182,19.02315640083704,8.640469666920875,2.689788752344317
929,training,0.0007411764236167073,0.053577929735183716,0.030382263731614182,19.005201326066572,8.649132760930058,2.69438353542448
930,training,0.0018938978901132941,0.05602297745645046,0.030382263731614182,18.969228088099847,8.666174748678397,2.701092052130491
931,training,0.0018520901212468743,0.050714048091322184,0.030382263731614182,18.914969134336037,8.691612863094097,2.706008930241859
932,training,0.00196833536028862,0.10856319591403008,0.021621544816238975,18.87877234865938,8.708374776833171,2.7082577687673464
933,training,0.0012071344535797834,0.06867680139839649,0.021621544816238975,18.86068777987512,8.716730771239657,2.7098118839798575
934,training,0.0033189256209880114,0.06394808553159237,0.021621544816238975,18.824319738000398,8.733368871499058,2.7141467792611333
935,training,0.0011918037198483944,0.00837397575378418,0.021621544816238975,18.787980424839525,8.749825217390518,2.718266190324195
936,training,0.0014674763660877943,0.020761745050549507,0.021621544816238975,18.75158815260102,8.766191588595444,2.71863135964361
937,training,0.0007534618489444256,0.03933328948915005,0.021621544816238975,18.715142120069814,8.782600491022706,2.7178298475316303
938,training,0.0014013705076649785,0.025609873235225677,0.017728317691411286,18.678921546722126,8.798956255945631,2.7180440533166066
939,training,0.0037150895223021507,0.0032393895089626312,0.017728317691411286,18.64241470279481,8.815339578288068,2.7198384670688993
940,training,0.0008209684165194631,0.025881696492433548,0.017728317691411286,18.6059597980329,8.831625552289784,2.7236570175861057
941,training,0.0009129311074502766,0.09407034888863564,0.017728317691411286,18.5695463368168,8.84768397148249,2.7302898954542223
942,training,0.004479845520108938,0.017594939097762108,0.017728317691411286,18.514436776241503,8.87119633681361,2.747133636926379
943,training,0.0008916816441342235,0.03116169199347496,0.017728317691411286,18.477456006255323,8.886652640246206,2.743262834602156
944,training,0.001504447078332305,0.015744611620903008,0.00779170217144484,18.44055074276373,8.902237389169107,2.7418365008771635
945,training,0.0010088196722790599,0.0025658655213192105,0.00779170217144484,18.422154856248557,8.909989854367515,2.744533048162803
946,training,0.0009450744255445898,0.03926040604710579,0.00779170217144484,18.38541429462013,8.925280306545096,2.7474862921658136
947,training,0.002602393738925457,0.056330177932977676,0.00779170217144484,18.348412916529643,8.94064892237328,2.749403771890829
948,training,0.0016648047603666782,0.035270138178020716,0.00779170217144484,18.31159371116025,8.955813221172296,2.7505102296049952
949,training,0.0019432055996730924,0.04263996332883835,0.00779170217144484,18.27465333419361,8.971044849706898,2.75051266260295
950,training,0.0008356973994523287,0.07892641425132751,0.01422072313380113,18.219242194027608,8.993845587148401,2.7512022977211616
951,training,0.0008989995694719255,0.019687902182340622,0.01422072313380113,18.18233070951902,9.009048528835908,2.7503274437036938
952,training,0.0012047585332766175,0.0028330273926258087,0.01422072313380113,18.145308493968834,9.024289117709865,2.7532328755527353
953,training,0.000598638434894383,0.05271336808800697,0.01422072313380113,18.126875091167094,9.031785135724455,2.757461914396143
954,training,0.0003835837123915553,0.03833950683474541,0.01422072313380113,18.089885242313212,9.046567220375701,2.762554333392806
955,training,0.0017389392014592886,0.01007247343659401,0.01422072313380113,18.052667958071844,9.061392086832242,2.7627493767608278
956,training,0.0004044068919029087,0.03171156905591488,0.005258119907015941,18.01573492060392,9.07606074035614,2.764391992270338
957,training,0.0004931712173856795,0.07573588844388723,0.005258119907015941,17.978519829115527,9.09071986039245,2.767913989434873
958,training,0.0004824989300686866,0.025976402685046193,0.005258119907015941,17.941278890437275,9.105249729422466,2.7699057890051795
959,training,0.0011116203386336565,0.0600848663598299,0.005258119907015941,17.904201431603386,9.119707581560295,2.7712355900990775
960,training,0.0014545094454661012,0.08218310587108135,0.005258119907015941,17.866808527317993,9.134119174674122,2.776661452403651
961,training,0.0008039986132644117,0.09550795517861843,0.005258119907015941,17.82958258044222,9.148209859403687,2.781418752175407
962,training,0.0027097887359559536,0.024144371971488,0.005258119907015941,17.792171775519776,9.162313855882557,2.7792076855104018
963,training,0.0014794711023569107,0.07732670335099101,0.011423283526769981,17.75472941670833,9.17651131501543,2.7815705407084117
964,training,0.0013345126062631607,0.10522466618567705,0.011423283526769981,17.717459769588594,9.190477320177854,2.7824841107182587
965,training,0.003740553976967931,0.12192369811236858,0.011423283526769981,17.679937631665883,9.204604273760319,2.7798672887454035
966,training,0.001827098079957068,0.11204506270587444,0.011423283526769981,17.62400961785147,9.225874744344964,2.775470056505959
967,training,0.00036844421993009746,0.04781022295355797,0.011423283526769981,17.586615023467825,9.240303590790981,2.7709857078295754
968,training,0.000940556637942791,0.06131810322403908,0.006156384457428138,17.54937371017182,9.254774336139958,2.77222924338814
969,training,0.0015730488812550902,0.07334616500884295,0.006156384457428138,17.512192726087388,9.26913440470969,2.772783780957264
970,training,0.002325533190742135,0.07397586852312088,0.006156384457428138,17.47479402158476,9.28357102685893,2.774193365156034
971,training,0.0003356571833137423,0.06712888926267624,0.006156384457428138,17.456178919682095,9.29070744172922,2.776360791757335
972,training,0.0007308547501452267,0.02948941290378572,0.006156384457428138,17.418989441253224,9.304841697620033,2.7812637082791585
973,training,0.0008174139074981213,0.11164647340774536,0.006156384457428138,17.362672162161235,9.325502939832903,2.801622578442244
974,training,0.0027829755563288927,0.04989780858159065,0.006902930104404393,17.343941977580698,9.332069128068591,2.8050566158520094
975,training,0.0008139531128108501,0.1529121994972229,0.006902930104404393,17.28725322972995,9.351913277043375,2.804618104335763
976,training,0.004351352341473103,0.05814490094780922,0.006902930104404393,17.24962594694509,9.36507326081107,2.804763837595785
977,training,0.000798408524133265,0.014217346906661987,0.006902930104404393,17.211922906431894,9.378201422707246,2.8093206942724738
978,training,0.001452733762562275,0.07516085356473923,0.006902930104404393,17.192952508772304,9.384693170056282,2.815830288328908
979,training,0.000820013927295804,0.021133519709110267,0.006902930104404393,17.15513535942964,9.397176690857506,2.828960177596581
980,training,0.0016056341119110584,0.10424720076844096,0.009913295049058824,17.117147162120773,9.40923553250502,2.8388964717758713
981,training,0.0006499133887700737,0.024378860369324684,0.009913295049058824,17.07880240923692,9.421060230632566,2.844794880838108
982,training,0.0007392585393972695,0.02657969668507576,0.009913295049058824,17.040721371520785,9.432683947831675,2.845186905214871
983,training,0.0008403790416195989,0.031210992485284805,0.009913295049058824,17.002422517939518,9.444362351110081,2.8472256466586487
984,training,0.00047205504961311817,0.03717608004808426,0.009913295049058824,16.945069796361704,9.461500437121098,2.8558828845553794
985,training,0.0015768075827509165,0.007272019982337952,0.009913295049058824,16.906676637703505,9.472571333191537,2.8661008433210338
986,training,0.0017220217268913984,0.059997405856847756,0.022740928487768902,16.868123039329674,9.483283566811275,2.8750930904585017
987,training,0.0011922717094421387,0.0126879399176687,0.022740928487768902,16.82970312290157,9.493543723952822,2.886558645539057
988,training,0.0016796565614640713,0.011823762208223336,0.022740928487768902,16.790881312298755,9.503618615557931,2.888001296969759
989,training,0.0014985036104917526,0.026227664202451706,0.022740928487768902,16.752261857341217,9.513579552908084,2.892232900145387
990,training,0.0029326246585696936,0.06342300027608871,0.022740928487768902,16.71353841751063,9.523279994021776,2.8989835604106133
991,training,0.005637601483613253,0.13102903217077255,0.022740928487768902,16.694055237537167,9.52807875363381,2.9019819035330143
992,training,0.0018870157655328512,0.02519380277954042,0.03752228753359469,16.65526060027657,9.537421834503116,2.9091169686543705
993,training,0.004944249987602234,0.005609005689620972,0.03752228753359469,16.61640099078457,9.546478044229945,2.913611273237096
994,training,0.0007699148845858872,0.04552950232755393,0.03752228753359469,16.57737147335847,9.555504635063294,2.9147433958671862
995,training,0.0006666177650913596,0.043088099802844226,0.03752228753359469,16.538538339346957,9.56444753682924,2.9150147096863623
996,training,0.00030491207144223154,0.047581218183040626,0.03752228753359469,16.499510396517998,9.573440251684936,2.9149763880837103
997,training,0.0002826898416969925,0.003062611445784569,0.03752228753359469,16.460606156492826,9.582437741952244,2.911846682112906
998,training,0.00047799377352930605,0.03129276633262634,0.011678562129797895,16.421771620283483,9.591656081428798,2.906243755290472
999,training,0.0025899240281432867,0.031836371868848794,0.011678562129797895,16.382765994755438,9.601007233531185,2.9081976596953347
1000,training,0.004520880989730358,0.036818176507949836,0.011678562129797895,16.343998510231835,9.610118192810761,2.9137536518034755
1001,training,0.0005008791340515018,0.020910151302814484,0.011678562129797895,16.3050451867594,9.618989569122107,2.9219773401495086
1002,training,0.000736277608666569,0.0014439960941672325,0.011678562129797895,16.26596544475206,9.627649752847937,2.922846358517582
1003,training,0.0015521841123700142,0.05327566899359226,0.011678562129797895,16.22704942396094,9.636273635383395,2.924549322033521
1004,training,0.006023494992405176,0.04835708439350128,0.011678562129797895,16.18790307333049,9.644840425466914,2.9283193604955144
1005,training,0.005627363920211792,0.0003688018769025785,0.019846317217276855,16.148932417852098,9.653197833271156,2.9326848032940886
1006,training,0.0011993527878075838,0.03602341376245022,0.019846317217276855,16.109850084656898,9.661406617751577,2.934144877208102
1007,training,0.0005016305367462337,0.011909442488104105,0.019846317217276855,16.07067029944952,9.669711306734017,2.9301186971430306
1008,training,0.0005228515947237611,0.0037458911538124084,0.019846317217276855,16.031680530999093,9.678140208242104,2.9277712964294795
1009,training,0.0010055259335786104,0.0002953396178781995,0.019846317217276855,15.992538550574999,9.686637284671404,2.9278062199423625
1010,training,0.0006474462570622563,0.046734971925616264,0.019846317217276855,15.953520940963207,9.695111260934619,2.92745517491858
1011,training,0.0005538136465474963,0.10116272419691086,0.004887737110067399,15.914534610918155,9.703517081318083,2.9312942075859203
1012,training,0.0010092982556670904,0.042446959763765335,0.004887737110067399,15.875366505221818,9.711764043595524,2.9369226017274532
1013,training,0.0040315184742212296,0.017645440995693207,0.004887737110067399,15.816786732414466,9.723683533695915,2.9445318268960894
1014,training,0.0005607125931419432,0.03179503232240677,0.004887737110067399,15.797137934752799,9.727590918565962,2.9449256882903834
1015,training,0.0020705843344330788,0.036299129482358694,0.004887737110067399,15.738423598602546,9.739416244501822,2.9416837990441924
1016,training,0.003462896216660738,0.04299428779631853,0.012730866835405497,15.699234984492488,9.747342361976528,2.9420752236264742
1017,training,0.001291143475100398,0.027768574655055996,0.012730866835405497,15.660041907011783,9.75524991357323,2.942619344337559
1018,training,0.0009756091749295592,0.05211330018937588,0.012730866835405497,15.640494409092042,9.759171397667984,2.944295503163232
1019,training,0.00018406256276648492,0.043327609077095985,0.012730866835405497,15.601318522667517,9.766896103092463,2.949133478789148
1020,training,0.0006952745607122779,0.00018165819346905102,0.012730866835405497,15.562064796614637,9.774476272264403,2.951779243546494
1021,training,0.00046125007793307304,0.05923876911401749,0.012730866835405497,15.522968076944673,9.7819906576979,2.949813634287101
1022,training,0.0011786294635385275,0.03764386847615241,0.012730866835405497,15.483601786926995,9.78978893341094,2.939355512456699
1023,training,0.0015044332249090075,0.0737345013767481,0.016464966652735318,15.44453221573575,9.79807681750339,2.927632589510836
1024,training,0.006578972563147545,0.15218636766076088,0.016464966652735318,15.405501199711129,9.806711709412122,2.9176558605395
1025,training,0.0005749415140599012,0.12042352557182312,0.016464966652735318,15.366302940900912,9.816047599109343,2.8959483821240624
1026,training,0.0006293198093771935,0.21480964124202728,0.016464966652735318,15.327651346894612,9.8262198843286,2.8731641937958576
1027,training,0.0006138416356407106,0.24165695905685425,0.016464966652735318,15.289000587593305,9.83735236413326,2.847972501561563
1028,training,0.0004747703205794096,0.15155726671218872,0.02618827754118899,15.250631444622071,9.849548654535761,2.818985179647905
1029,training,0.0016011410625651479,0.16302528232336044,0.02618827754118899,15.212849455272153,9.862759974324414,2.794226722706765
1030,training,0.00017991868662647903,0.02828139439225197,0.02618827754118899,15.17511549679573,9.876809923806576,2.7755691323387444
1031,training,0.000976335140876472,0.01930379867553711,0.02618827754118899,15.138065214584408,9.891377700766173,2.758994791808023
1032,training,0.0022746650502085686,0.00039712339639665084,0.02618827754118899,15.100993007882494,9.90657538342337,2.74513249337414
1033,training,0.0033231223933398724,0.029008828103542328,0.02618827754118899,15.064090566636603,9.922338900420888,2.730232259233685
1034,training,0.002080840291455388,0.04931383207440377,0.012866585717023132,15.02764951474737,9.938555255488389,2.7155970985474274
1035,training,0.00044474651804193854,0.00480266660451889,0.012866585717023132,14.99120604220538,9.955387409682976,2.7024345887183707
1036,training,0.001063551870174706,0.02121575176715851,0.012866585717023132,14.955062931981363,9.972494726362207,2.697520594267824
1037,training,0.002434611087664962,0.03398413397371769,0.012866585717023132,14.919075103120873,9.989716358833471,2.6930577849225723
1038,training,0.0014693951234221458,0.013241267297416925,0.012866585717023132,14.88305292111093,10.007126777357858,2.689194328844748
1039,training,0.0009670273284427822,0.0034057386219501426,0.012866585717023132,14.847185081170377,10.024601002393018,2.686823418676438
1040,training,0.002560354769229889,0.018294546753168113,0.004122036262444786,14.793386329267818,10.051276327257478,2.674761598119209
1041,training,0.0010110513539984822,0.07827849313616753,0.004122036262444786,14.75774542398718,10.069397464926114,2.666816448620901
1042,training,0.0013650767505168915,0.04035013448446989,0.004122036262444786,14.72221471664726,10.087911139557198,2.6545210014488796
1043,training,0.0007304971804842353,0.07548412680625916,0.004122036262444786,14.686955464613883,10.106763385627332,2.64878579904422
1044,training,0.0003583188517950475,0.05853141471743584,0.004122036262444786,14.669318183651088,10.116258426328312,2.6448092003691333
1045,training,0.0016434951685369015,0.04381197690963745,0.004122036262444786,14.616907398811929,10.145418498177703,2.623488671989469
1046,training,0.0005187337519600987,0.000613003969192491,0.006301961407949195,14.59954417261727,10.155388064897885,2.6173745211496775
1047,training,0.010815344750881195,0.004137657582759857,0.006301961407949195,14.564963172734497,10.175676362732299,2.603380006745957
1048,training,0.003424466587603092,0.0481099933385849,0.006301961407949195,14.53086008610041,10.196408478442706,2.585664604725587
1049,training,0.0018550463719293475,0.022169217467308044,0.006301961407949195,14.496975565216138,10.217878420530317,2.570779719229292
1050,training,0.0030798381194472313,0.0052929967641830306,0.006301961407949195,14.463309550349681,10.239821042157939,2.5550246608304006
1051,training,0.0032535011414438486,0.010155871510505676,0.006301961407949195,14.413731770558037,10.273707074493265,2.528860402316633
1052,training,0.0007492622244171798,0.006043732166290283,0.03188547964167431,14.380995935289656,10.296972446522588,2.5187157951843284
1053,training,0.0005752848228439689,0.012714311480522156,0.03188547964167431,14.348738832861352,10.320467405943008,2.5037597207647333
1054,training,0.0003541763289831579,0.05552670359611511,0.03188547964167431,14.316614372853223,10.344678534923153,2.4879281013671393
1055,training,0.013124167919158936,0.038122087717056274,0.03188547964167431,14.28505486404234,10.369182196546497,2.477889895675706
1056,training,0.0032506792340427637,0.05424097552895546,0.03188547964167431,14.253629252507718,10.39388596122107,2.4707392679079576
1057,training,0.0021520284935832024,0.04521795734763145,0.03188547964167431,14.206808044161217,10.431677663934027,2.4538463480642143
1058,training,0.0007774361874908209,0.052179668098688126,0.03188547964167431,14.17606716580583,10.4572163975646,2.4431553199904386
1059,training,0.0007206408772617579,0.06411236338317394,0.05232574585032446,14.160707311254173,10.470146097123509,2.4407937340033357
1060,training,0.009015624411404133,0.02840239927172661,0.05232574585032446,14.130173534854226,10.495977343662735,2.43808613454177
1061,training,0.001718752784654498,0.05245385318994523,0.05232574585032446,14.099790996283536,10.52188450265888,2.430909321125132
1062,training,0.0007145961280912161,0.03588087856769562,0.05232574585032446,14.08460118231428,10.535018064273462,2.4264857748559456
1063,training,0.0019416220020502806,0.008067440241575241,0.05232574585032446,14.03953592526716,10.574585851716432,2.4148026445010315
1064,training,0.00044629425974562764,0.01937885954976082,0.05232574585032446,14.024626365723103,10.58790637110421,2.409463055911723
1065,training,0.0017330475384369493,0.05707529000937939,0.05232574585032446,13.99489708909605,10.614921479157434,2.39960629548867
1066,training,0.0015941632445901632,0.07859476713929325,0.05232574585032446,13.965576568557523,10.641936611175534,2.393849799387924
1067,training,0.0013082592049613595,0.023800984025001526,0.03603624283294822,13.921621783552046,10.682832822488795,2.3916940602053445
1068,training,0.001286200014874339,0.008549310266971588,0.03603624283294822,13.90705953928748,10.69639751796515,2.390532171445268
1069,training,0.0006739903474226594,0.015023497864603996,0.03603624283294822,13.878001098940544,10.723680627680602,2.3841857938655195
1070,training,0.0029318747110664845,0.016269182786345482,0.03603624283294822,13.848939796080478,10.751304199392138,2.3793302033499684
1071,training,0.0019835117273032665,0.0678650550544262,0.03603624283294822,13.820114639045858,10.778899057244438,2.375517805753607
1072,training,0.0024482368025928736,0.062427207827568054,0.03603624283294822,13.777104419852206,10.820783236485362,2.3622738398421306
1073,training,0.000505344127304852,0.07928253940190189,0.010276130806934507,13.74865098264836,10.848949345438276,2.360804888034221
1074,training,0.0005308017134666443,0.08622278459370136,0.010276130806934507,13.720353685615331,10.87702985187272,2.35926818734584
1075,training,0.00475363340228796,0.04384806239977479,0.010276130806934507,13.706141080059693,10.891170264934185,2.3579756129245077
1076,training,0.0017524362774565816,0.03794046677649021,0.010276130806934507,13.67784785641653,10.919378603697519,2.357427947990208
1077,training,0.00021149877284187824,0.09016137011349201,0.010276130806934507,13.649643415892386,10.947531075596446,2.357033015360323
1078,training,0.0007231833878904581,0.11301179975271225,0.010276130806934507,13.621300925298264,10.975773794558721,2.3594097060576904
1079,training,0.003737368155270815,0.09375989250838757,0.010276130806934507,13.59301548780452,11.003873831684269,2.357328411631811
1080,training,0.0018183407373726368,0.043704867362976074,0.010276130806934507,13.564722361594074,11.03211885452373,2.357638652145004
1081,training,0.0014859375078231096,0.0946505069732666,0.010276130806934507,13.536297234606442,11.060286999799846,2.3670651841813704
1082,training,0.003634353633970022,0.21125607937574387,0.006805516776557872,13.507695961328885,11.087892123894745,2.3797654410212243
1083,training,0.0013230578042566776,0.15101560205221176,0.006805516776557872,13.478613208242791,11.115390733817913,2.38793040954798
1084,training,0.0010442659258842468,0.11168936640024185,0.006805516776557872,13.449442256093489,11.142493292400887,2.3982837210123624
1085,training,0.0003059985756408423,0.14144912362098694,0.006805516776557872,13.419943241006344,11.169268719235724,2.4112926437103694
1086,training,0.0014532117638736963,0.1524893268942833,0.006805516776557872,13.389956574314558,11.195780609475088,2.4247214439663276
1087,training,0.002014873782172799,0.10824902355670929,0.006805516776557872,13.359808300014109,11.221754990498738,2.434287469461707
1088,training,0.0017269991803914309,0.07105585932731628,0.006805516776557872,13.329304736698498,11.247591280220512,2.445496439579949
1089,training,0.000703888013958931,0.14495287463068962,0.009420568427265453,13.298474805206455,11.27290821200757,2.464652712407057
1090,training,0.0034739216789603233,0.055759675800800323,0.009420568427265453,13.267298101958852,11.297627065874769,2.475264269956013
1091,training,0.00048101728316396475,0.03388211876153946,0.009420568427265453,13.235655375318936,11.322181046607275,2.4922198085996228
1092,training,0.0004929424030706286,0.08216086030006409,0.009420568427265453,13.203781430639124,11.345839673711483,2.514401699985793
1093,training,0.0015031120274215937,0.02869788557291031,0.009420568427265453,13.171285432439701,11.368945648093938,2.529689513825474
1094,training,0.0030526984483003616,0.0665966048836708,0.009420568427265453,13.121988082744862,11.402859369079328,2.5501966604615114
1095,training,0.0009182518115267158,0.001533500850200653,0.023614787329549896,13.10543416117584,11.413891925724961,2.5561428259589443
1096,training,0.0012283914256840944,0.04315087199211122,0.023614787329549896,13.071972159913301,11.435851977448888,2.5672671813743166
1097,training,0.0009967403020709753,0.07218763232231143,0.023614787329549896,13.038418790258532,11.457230128157324,2.5820623503724716
1098,training,0.0010621541878208518,0.09135712683200836,0.023614787329549896,13.004495147917266,11.477898469423424,2.608846185965891
1099,training,0.00022623426048085093,0.01532110944390297,0.023614787329549896,12.969972654140275,11.497640802239934,2.634064253835601
1100,training,0.0009878710843622684,0.030731383711099625,0.023614787329549896,12.935000334383803,11.516712292606739,2.6482373641293413
1101,training,0.0007694860687479377,0.03257300332188606,0.023614787329549896,12.899739574002405,11.535351371424099,2.6624811209622665
1102,training,0.0018040650757029653,0.0800404641777277,0.03155981023411304,12.864284541250763,11.553468452648053,2.6766296816306707
1103,training,0.001234968425706029,0.09891564026474953,0.03155981023411304,12.828530210944603,11.571053752058685,2.6919074123240994
1104,training,0.0007724133902229369,0.1147949881851673,0.03155981023411304,12.792635325010671,11.588042583208756,2.706752892299286
1105,training,0.0011871280148625374,0.1469477228820324,0.03155981023411304,12.756271457003738,11.604498258100307,2.7277876082730694
1106,training,0.00023521356342826039,0.06440209597349165,0.03155981023411304,12.719694909742255,11.620033987170672,2.750852380204865
1107,training,0.0033648370299488306,0.10581158474087715,0.03155981023411304,12.682773561736077,11.634837650722055,2.7678586033004002
1108,training,0.0010021126363426447,0.09569668583571911,0.020722274270650386,12.645408527420052,11.649277966943545,2.7775994507185087
1109,training,0.0013548181159421802,0.1067986525595188,0.020722274270650386,12.608263545496188,11.663175577187463,2.7895190637778273
1110,training,0.0006314351921901107,0.09167834557592869,0.020722274270650386,12.570677728570141,11.676694994625446,2.803414481227853
1111,training,0.0005087073659524322,0.08866289630532265,0.020722274270650386,12.53289208657539,11.689699225519687,2.816847479412061
1112,training,0.00041174335638061166,0.10101768746972084,0.020722274270650386,12.495114109460319,11.70215834209913,2.828845909173582
1113,training,0.0007263298030011356,0.09679683297872543,0.0032426438914187317,12.456908644142333,11.714294259802221,2.8396696655291644
1114,training,0.0009011821821331978,0.19687754660844803,0.0032426438914187317,12.399754267077032,11.731698467532661,2.850710203695695
1115,training,0.004740927368402481,0.11708281561732292,0.0032426438914187317,12.36131516315922,11.743013122352208,2.8607441786822165
1116,training,0.0018579672323539853,0.14416300505399704,0.0032426438914187317,12.322965742992588,11.7538969157037,2.869364180083024
1117,training,0.0004735877737402916,0.13733317330479622,0.0032426438914187317,12.303768807568565,11.759223070246177,2.872078080958323
1118,training,0.00372741324827075,0.0878465068526566,0.0032426438914187317,12.265120222904743,11.769795688354032,2.87779438167183
1119,training,0.0020096926018595695,0.17342277709394693,0.008968641467467262,12.20727868183132,11.785335623010479,2.8782677886084604
1120,training,0.00040067516965791583,0.12609124928712845,0.008968641467467262,12.18796853216112,11.790528557482553,2.8795850682522293
1121,training,0.0005298059550113976,0.10544503293931484,0.008968641467467262,12.149227613025728,11.800826704119428,2.8852307449455914
1122,training,0.001080117654055357,0.08975382335484028,0.008968641467467262,12.110713476633109,11.810793360291914,2.890653647755032
1123,training,0.000952366623096168,0.13739650696516037,0.008968641467467262,12.071922618635863,11.820644040876429,2.8948680226524517
1124,training,0.0017770302947610617,0.2161318827420473,0.008968641467467262,12.033165136395345,11.830328677964156,2.8992593048358057
1125,training,0.0006248585996218026,0.11085587926208973,0.008968641467467262,11.994461380979269,11.8397280786033,2.9064703814221495
1126,training,0.0016526631079614162,0.11259093880653381,0.012757265886416338,11.936049737238289,11.853495184949802,2.912612004063394
1127,training,0.00041061575757339597,0.05279541015625,0.012757265886416338,11.89724391546704,11.862378228216416,2.9211862108309914
1128,training,0.0004112675378564745,0.1130082905292511,0.012757265886416338,11.858128441028216,11.871108270188481,2.921859596298566
1129,training,0.0014820183860138059,0.09756416641175747,0.012757265886416338,11.819212108200793,11.879822464456442,2.9208153213183916
1130,training,0.0007870699046179652,0.10754584334790707,0.012757265886416338,11.780216733445004,11.888552541939857,2.922112137867704
1131,training,0.00017261150060221553,0.08274010196328163,0.01677457164821512,11.741160200553395,11.897229900292166,2.9231481624548823
1132,training,0.001896197092719376,0.12171327322721481,0.01677457164821512,11.721678212400645,11.901533954208716,2.9251842796781045
1133,training,0.004164776299148798,0.17382767423987389,0.01677457164821512,11.66307370305458,11.914083039698198,2.9358276978276168
1134,training,0.0026011900044977665,0.08252876438200474,0.01677457164821512,11.643575636740222,11.918124821085016,2.9384868317031607
1135,training,0.0029252765234559774,0.15227270126342773,0.01677457164821512,11.584923347874403,11.92992468120001,2.9453705439155238
1136,training,0.0007186962175182998,0.211430374532938,0.01677457164821512,11.565271013408356,11.933813049603929,2.9480404899765786
1137,training,0.0016303632874041796,0.11908663809299469,0.00411569902971596,11.526102099095816,11.941354407099558,2.9551321373053927
1138,training,0.0015217425534501672,0.06616652815137058,0.00411569902971596,11.48690242921051,11.948548736905416,2.9633839242389515
1139,training,0.0016873176209628582,0.16246912628412247,0.00411569902971596,11.44756655232822,11.95559118217226,2.9635743478414707
1140,training,0.0017660321900621057,0.07658243179321289,0.00411569902971596,11.408253538058466,11.962649514732933,2.9651769803190646
1141,training,0.001952972961589694,0.002170674502849579,0.00411569902971596,11.368887424432742,11.969601174206016,2.9673811699151202
1142,training,0.005472627934068441,0.050304003059864044,0.00411569902971596,11.329494143525624,11.976597578970022,2.96199160839334
1143,training,0.0026016090996563435,0.05334675870835781,0.00411569902971596,11.290199010544649,11.983849256205952,2.9565747170404753
1144,training,0.00399684626609087,0.10895893722772598,0.0068224669175976,11.250831941925735,11.991287438484719,2.953051298932833
1145,training,0.005020777694880962,0.011331874877214432,0.0068224669175976,11.211621976547788,11.998942962296791,2.9438452045190675
1146,training,0.00317021319642663,0.05088754091411829,0.0068224669175976,11.172439090271872,12.0068902467997,2.9399805003670942
1147,training,0.0018421293934807181,0.0652237213216722,0.0068224669175976,11.133337656163723,12.014929518981166,2.9377509889544653
1148,training,0.001986313844099641,0.09648757427930832,0.0068224669175976,11.09426527279991,12.022969429442186,2.938552204472302
1149,training,0.005475932732224464,0.009208451956510537,0.010769801652005712,11.055047372577548,12.031033110901884,2.940320396276513
1150,training,0.0015665794489905238,0.002493607811629772,0.010769801652005712,10.99638572206203,12.04312954032105,2.933454303581364
1151,training,0.0009582501952536404,0.047591634560376406,0.010769801652005712,10.976826619714762,12.047283125812973,2.9315112027048262
1152,training,0.0026822383515536785,0.15573112436686642,0.010769801652005712,10.937678993640443,12.055672900729649,2.9289188337501284
1153,training,0.0007908943807706237,0.08780452841892838,0.010769801652005712,10.898668515627199,12.064120103560368,2.9280022674629036
1154,training,0.0007216210942715406,0.12609675526618958,0.010769801652005712,10.859566269122507,12.072592866963788,2.9279141802063138
1155,training,0.0004483720404095948,0.058517247438430786,0.042583239236799096,10.801039984097612,12.085358199295408,2.9259989185574122
1156,training,0.0005362587980926037,0.11590103805065155,0.042583239236799096,10.781550084691744,12.089615680129485,2.927382847758644
1157,training,0.0050200666300952435,0.02985068038105965,0.042583239236799096,10.7423994989741,12.098040697842224,2.9320840200327742
1158,training,0.002417429815977812,0.01090324390679598,0.042583239236799096,10.703385219491135,12.106323553455088,2.9307173753771076
1159,training,0.0009793718345463276,0.0028144315583631396,0.042583239236799096,10.664304183196009,12.114746010016077,2.9280430115168863
1160,training,0.000711396336555481,0.04063422791659832,0.042583239236799096,10.625191730630918,12.123263344712061,2.9259543647335877
1161,training,0.0003731396282091737,0.0023607308976352215,0.042583239236799096,10.586236924257252,12.131740703007814,2.9305183988384247
1162,training,0.0014018937945365906,0.057273799553513534,0.0075245456544061,10.547076075235337,12.140048693897711,2.93308282312757
1163,training,0.0009837994584813714,0.025896109640598304,0.0075245456544061,10.508117655234749,12.148218077734093,2.937997583251719
1164,training,0.0009013073286041617,0.014636939391493797,0.0075245456544061,10.469025166921968,12.156143319770857,2.9410432156600024
1165,training,0.00042836423381231725,0.014200856909155846,0.0075245456544061,10.429823313052001,12.16422158018751,2.9352825933141533
1166,training,0.0008744281949475408,0.14470960944890976,0.0075245456544061,10.390748043519702,12.172484597025294,2.931225742109659
1167,training,0.0014128579059615731,0.11354527622461319,0.0075245456544061,10.35162698842028,12.180851795396121,2.933508350271514
1168,training,0.000976154871750623,0.08442405238747597,0.01846149448437934,10.312603860503232,12.18890798143729,2.943354637497906
1169,training,0.0010415061842650175,0.004824547097086906,0.01846149448437934,10.27351850819956,12.196516803974419,2.9544880774551014
1170,training,0.0015013214433565736,0.0644445619545877,0.01846149448437934,10.21458080124345,12.207466743859591,2.9572690847255334
1171,training,0.0010327845811843872,0.0432538278400898,0.01846149448437934,10.175342520284454,12.214750705069052,2.958880508873184
1172,training,0.0008004130213521421,0.07882381603121758,0.01846149448437934,10.135988085298239,12.221991857940111,2.959357273474407
1173,training,0.0016560473013669252,0.03694678284227848,0.030213839526224823,10.09671112009939,12.229336908921749,2.9533508844871323
1174,training,0.0015059292782098055,0.045295198913663626,0.030213839526224823,10.05745928937838,12.236877190830649,2.950559542670989
1175,training,0.0022218620870262384,0.016101008281111717,0.030213839526224823,10.01821876771041,12.244505126421183,2.948195415390828
1176,training,0.0004070113936904818,0.06857355125248432,0.030213839526224823,9.998591766076926,12.248358491454756,2.946455107233667
1177,training,0.0005235503194853663,0.07041793595999479,0.030213839526224823,9.95941056379521,12.256163420745272,2.9435267790881716
1178,training,0.004638317506760359,0.044831424951553345,0.030213839526224823,9.92021559578787,12.264044436831375,2.9431822379513224
1179,training,0.0005554861854761839,0.003536272794008255,0.030213839526224823,9.881140414970197,12.27189985614799,2.941309177760712
1180,training,0.0035099650267511606,0.0119743044488132,0.004459716955929823,9.84191922832079,12.279925179295915,2.9384980879535423
1181,training,0.001148223178461194,0.04677867516875267,0.004459716955929823,9.802820040152742,12.288032617237496,2.9357418394162558
1182,training,0.0031007016077637672,0.07459715940058231,0.004459716955929823,9.763764389923491,12.296151619952651,2.9382299008876225
1183,training,0.0012634126469492912,0.03766526514664292,0.004459716955929823,9.705010956620997,12.3081329787273,2.941232729556691
1184,training,0.0008949452312663198,0.0135236568748951,0.004459716955929823,9.68547265266621,12.31208796263661,2.9416992470685197
1185,training,0.00035727914655581117,0.05712605640292168,0.02969365008473013,9.626656739316505,12.3240283343421,2.938342823288982
1186,training,0.003045409917831421,0.004618139937520027,0.02969365008473013,9.587675697318472,12.332042689712981,2.9403698354692294
1187,training,0.0005447920993901789,0.0005881078541278839,0.02969365008473013,9.54852292980058,12.33997397988173,2.942081779526318
1188,training,0.0011305846273899078,0.2610301077365875,0.02969365008473013,9.50928987259131,12.347939192276272,2.938673362591213
1189,training,0.0005327786784619093,0.2460161093622446,0.02969365008473013,9.470104811340901,12.35596940148675,2.951407392843227
1190,training,0.0016260688425973058,0.22631749510765076,0.02969365008473013,9.43107723985565,12.362556986070851,2.9982141936099533
1191,training,0.0022145844995975494,0.19602634757757187,0.062275130013519885,9.411510661126899,12.365154330476233,3.020211097670589
1192,training,0.0007006388623267412,0.20905409008264542,0.062275130013519885,9.371939155755365,12.369159904877625,3.059760764701178
1193,training,0.0017602713778614998,0.21360386162996292,0.062275130013519885,9.332438221970127,12.371691195836823,3.093184239944968
1194,training,0.006176387425512075,0.22447539865970612,0.062275130013519885,9.292696005555207,12.373089741578461,3.118483660658916
1195,training,0.00011134709347970784,0.1945577785372734,0.062275130013519885,9.232878328891616,12.373479234910652,-3.1332034055220515
1196,training,0.0011151633225381374,0.14607778936624527,0.062275130013519885,9.19306948750036,12.372804829135903,-3.1167844787241052
1197,training,0.002396537223830819,0.1876312978565693,0.07043665043952266,9.152996765254654,12.37155170250091,-3.1040647240324377
1198,training,0.0009828787297010422,0.16838612779974937,0.07043665043952266,9.113289273566384,12.369860103121496,-3.094508186075649
1199,training,0.0003828938351944089,0.11925457790493965,0.07043665043952266,9.09334979870841,12.36887350135789,-3.0900105093021346
1200,training,0.0008039410458877683,0.08380000852048397,0.07043665043952266,9.053288214755193,12.366651595090483,-3.0817723745640055
1201,training,0.0004291883669793606,0.11048420704901218,0.07043665043952266,8.993683654872514,12.362754526126707,-3.071723646405878
1202,training,0.002412807662039995,0.16438304586336017,0.07043665043952266,8.973695017188428,12.361331362331745,-3.0691328760194554
1203,training,0.002909083152189851,0.05774546414613724,0.06264846372658862,8.933759133880645,12.358361919025736,-3.0661400677862627
1204,training,0.0017858088249340653,0.10417433083057404,0.06264846372658862,8.874040416107373,12.353796266151008,-3.065076318055072
1205,training,0.001961772097274661,0.051457601599395275,0.06264846372658862,8.814244799589908,12.349207860679217,-3.0648903535120002
1206,training,0.004818624351173639,0.07618463039398193,0.06264846372658862,8.79435097904601,12.347676756805814,-3.065113688520873
1207,training,0.0008057611994445324,0.1859995424747467,0.06264846372658862,8.754362926384914,12.344611428592769,-3.0633518275498077
1208,training,0.00045214855344966054,0.12011751718819141,0.06264846372658862,8.71463864792819,12.341380645944781,-3.056885362252383
1209,training,0.0016395743004977703,0.10770387598313391,0.04848762635298308,8.694798238597347,12.339661925398428,-3.0541467431450755
1210,training,0.001267555053345859,0.1664311159402132,0.04848762635298308,8.654873660538012,12.336115879920767,-3.052940844952466
1211,training,0.00017513337661512196,0.03120003081858158,0.04848762635298308,8.615066260150371,12.33260427136205,-3.054564504046505
1212,training,0.0016295942477881908,0.03319706954061985,0.04848762635298308,8.575283864114368,12.329162046649973,-3.0564143507815147
1213,training,0.0008976820390671492,0.011466609314084053,0.04848762635298308,8.535246209250452,12.325797279328576,-3.059321189380809
1214,training,0.0009261233499273658,0.019446777179837223,0.04848762635298308,8.495555887733131,12.322590441460013,-3.0632506062197367
1215,training,0.00027613475685939193,0.03792416490614414,0.04848762635298308,8.455602482281666,12.31953957239145,-3.067686438181129
1216,training,0.0018707101698964834,0.06519338861107826,0.02593615463581797,8.415629293431822,12.316691336525562,-3.0732598603118446
1217,training,0.0012763155391439795,0.08141681365668774,0.02593615463581797,8.355773373400584,12.312863528275091,-3.0824092885531407
1218,training,0.001081561204046011,0.021401057019829754,0.02593615463581797,8.315730072366334,12.31058726290362,-3.0866564828724714
1219,training,0.004104161635041237,0.14439153857529163,0.02593615463581797,8.29584835024475,12.309517146175855,-3.0891947976692427
1220,training,0.0014491725014522672,0.03340109996497631,0.02593615463581797,8.255875526148197,12.30753193135107,-3.0949079436861138
1221,training,0.002722329692915082,0.14112433604896069,0.014868531169450635,8.215755280466276,12.305770653360646,-3.0991970088993113
1222,training,0.003153980476781726,0.1376615483313799,0.014868531169450635,8.155934088700512,12.303372762322331,-3.1034960939503913
1223,training,0.0018021280411630869,0.23270526714622974,0.014868531169450635,8.11578715537212,12.301919503451073,-3.106568762990605
1224,training,0.0006227358244359493,0.10687670670449734,0.014868531169450635,8.07596985495679,12.300579201885537,-3.109985802053557
1225,training,0.0008389652939513326,0.1755975317209959,0.014868531169450635,8.035888565576663,12.299369127541965,-3.1128441624761156
1226,training,0.0013053289148956537,0.18351166136562824,0.014868531169450635,8.015811060458384,12.298812434134597,-3.1137379443233035
1227,training,0.0017957836389541626,0.1807237882167101,0.014868531169450635,7.975981203006325,12.297730010271824,-3.116117918192292
1228,training,0.0012369361938908696,0.14013714855536819,0.018144862912873226,7.915823238590567,12.296340108644758,-3.120451063608163
1229,training,0.0017782533541321754,0.11942570144310594,0.018144862912873226,7.895889877598304,12.295919385221833,-3.120712116521769
1230,training,0.0022959676571190357,0.06438988633453846,0.018144862912873226,7.856000230004481,12.295104871508897,-3.121817884178653
1231,training,0.004235879518091679,0.05415051942691207,0.018144862912873226,7.81584592921147,12.294345101731086,-3.1238146969446494
1232,training,0.0003903066099155694,0.03687516041100025,0.016482173300816545,7.775980732544842,12.293653102140048,-3.1246323288815856
1233,training,0.0011925374856218696,0.06101353233680129,0.016482173300816545,7.735971557096455,12.292997153836097,-3.126406486677504
1234,training,0.0017623438034206629,0.1807176494039595,0.016482173300816545,7.695889632705068,12.292429368451325,-3.1272010087129263
1235,training,0.0036506755277514458,0.03130909334868193,0.016482173300816545,7.656026330396132,12.291866949008357,-3.1282903196960126
1236,training,0.002583118388429284,0.05011377250775695,0.016482173300816545,7.595892346515152,12.291184120380885,-3.131702486462415
1237,training,0.0007938556373119354,0.04920444171875715,0.017193197570244755,7.57597337371197,12.290986651826525,-3.1323938191234326
1238,training,0.0026152702048420906,0.10883514303714037,0.017193197570244755,7.515921073828712,12.290527195272816,-3.1361143505416114
1239,training,0.0009459434077143669,0.16502015059813857,0.017193197570244755,7.49588057189544,12.29043248791947,-3.13661368421374
1240,training,0.001115510007366538,0.10720213130116463,0.017193197570244755,7.456022510481158,12.290239204952474,-3.1373663981891875
1241,training,0.0016213790513575077,0.08997353538870811,0.017193197570244755,7.415973831162908,12.290028473955655,-3.133285988370783
1242,training,0.0015096456045284867,0.09458855167031288,0.017193197570244755,7.376036785066404,12.289543733614412,-3.1253456150313026
1243,training,0.0014309214893728495,0.12611366249620914,0.013568565294570067,7.3161703025153795,12.288215766514414,-3.1136698114068553
1244,training,0.0012990582035854459,0.10513460077345371,0.013568565294570067,7.296092147374847,12.287634223318141,-3.1105008912444774
1245,training,0.0022842171601951122,0.15037132985889912,0.013568565294570067,7.256314662443274,12.286264765584775,-3.1039809110405665
1246,training,0.0006020262371748686,0.10204713232815266,0.013568565294570067,7.216361058031938,12.284653947907541,-3.0989801304574467
1247,training,0.0008669013623148203,0.07017645239830017,0.013568565294570067,7.1763507104816435,12.28288374088878,-3.095021091926542
1248,training,0.002830462297424674,0.06862810999155045,0.013568565294570067,7.136547135510079,12.280987724002099,-3.093890717306939
1249,training,0.0009118375601246953,0.15155560011044145,0.015555899774205297,7.096466814941229,12.279071304331946,-3.0938236694866528
1250,training,0.004120752681046724,0.1388717070221901,0.015555899774205297,7.056613513969388,12.277165381045247,-3.0938693246465867
1251,training,0.0023661511950194836,0.09344697184860706,0.015555899774205297,7.016703865746762,12.27525096036605,-3.0924094176983474
1252,training,0.0027246875688433647,0.10442572832107544,0.015555899774205297,6.976609799921247,12.273234895351273,-3.089638046387134
1253,training,0.0015809166943654418,0.11497276509180665,0.015555899774205297,6.936877147772346,12.27111934007306,-3.0883194422903704
1254,training,0.0029234299436211586,0.13418863713741302,0.015555899774205297,6.896848023650046,12.268990771520519,-3.089171242023789
1255,training,0.0011255227727815509,0.07834762334823608,0.005064692245006235,6.856932402020989,12.266914988016866,-3.0892368905727694
1256,training,0.003519572550430894,0.08621439151465893,0.005064692245006235,6.817068001630427,12.264847752506428,-3.0914255104356942
1257,training,0.0010308533674106002,0.115230618044734,0.005064692245006235,6.776936912411873,12.262896282799105,-3.093980002948329
1258,training,0.004301679786294699,0.1180169153958559,0.005064692245006235,6.737133336213439,12.261023516243021,-3.0953743987725666
1259,training,0.0028788005001842976,0.05635814554989338,0.005064692245006235,6.6971304110422105,12.25921852982264,-3.098253797850017
1260,training,0.001250377157703042,0.08680101670324802,0.005064692245006235,6.657079257588064,12.257555778931025,-3.101125152360678
1261,training,0.0006704089464619756,0.12126020900905132,0.007819032113680319,6.617222004368863,12.2560087548039,-3.1046400190729107
1262,training,0.0037470634561032057,0.1733383983373642,0.007819032113680319,6.577096674700666,12.254582463729713,-3.107172948002953
1263,training,0.0013480258639901876,0.1945246048271656,0.007819032113680319,6.537254798120843,12.253154309511466,-3.1020885163525103
1264,training,0.0016098013147711754,0.132349768653512,0.007819032113680319,6.497365254523246,12.251431918462204,-3.095232191936528
1265,training,0.0012488142820075154,0.09508861787617207,0.007819032113680319,6.457291025765898,12.249472883967897,-3.0887392421921613
1266,training,0.0010836072033271194,0.1366157252341509,0.007819032113680319,6.417598189589588,12.247240833892711,-3.0832062684359105
1267,training,0.006765040569007397,0.18399988487362862,0.007819032113680319,6.377601202939459,12.244817947756735,-3.0792059693409093
1268,training,0.001658438821323216,0.1379290297627449,0.00677987440343328,6.337827967997797,12.242229510161463,-3.071504185225743
1269,training,0.0010880259796977043,0.18592413142323494,0.00677987440343328,6.298095908566277,12.239233182058253,-3.0621535666252417
1270,training,0.0009138049208559096,0.20900020189583302,0.00677987440343328,6.258112312671315,12.235912022520447,-3.0550361084767896
1271,training,0.004912294447422028,0.13006325252354145,0.00677987440343328,6.2185147038412305,12.23235354792137,-3.0494547873303697
1272,training,0.0010518399067223072,0.15878494828939438,0.00677987440343328,6.158700896807052,12.226633733574731,-3.0436038684198774
1273,training,0.0017955272924154997,0.17088600620627403,0.0037586015747993104,6.138861209252815,12.224658845503331,-3.04014586383231
1274,training,0.00374011043459177,0.1710132397711277,0.0037586015747993104,6.09931235930624,12.220393363661719,-3.0286965964586323
1275,training,0.008846092969179153,0.15454982966184616,0.0037586015747993104,6.0595249738818575,12.215688888743824,-3.0190537075465653
1276,training,0.0015094946138560772,0.13110598362982273,0.0037586015747993104,6.0200226137531505,12.210690578221302,-3.0128162163837806
1277,training,0.0017468113219365478,0.14313466288149357,0.0037586015747993104,5.980437249648279,12.205436953419598,-3.0064835922087556
1278,training,0.005426018498837948,0.1324414536356926,0.0037586015747993104,5.940768825165058,12.199940658850025,-3.0019276592411126
1279,training,0.0012554619461297989,0.14180627092719078,0.0037586015747993104,5.901398065353579,12.19427027289135,-2.994626071677218
1280,training,0.0008526818128302693,0.12594542279839516,0.025855141224211328,5.861834147788878,12.188251166086367,-2.986901499735566
1281,training,0.001212723203934729,0.10996313579380512,0.025855141224211328,5.822431739760541,12.181985653037726,-2.9807612912062034
1282,training,0.002510813530534506,0.09771630819886923,0.025855141224211328,5.783112636351106,12.175459516187775,-2.974291254369991
1283,training,0.0016602000687271357,0.11208644742146134,0.025855141224211328,5.743653248645889,12.168717883260413,-2.971496732862819
1284,training,0.0034290277399122715,0.11141058709472418,0.025855141224211328,5.704412663557341,12.161932095123605,-2.9696660134229167
1285,training,0.0009678680216893554,0.15183012932538986,0.028763467723996645,5.664981037958211,12.155077101026498,-2.9700285412802123
1286,training,0.0007806779467500746,0.17781301215291023,0.028763467723996645,5.625575493345215,12.148265996108476,-2.969888269793194
1287,training,0.001965668285265565,0.15130501613020897,0.028763467723996645,5.586393728446642,12.141321057181907,-2.961208850554993
1288,training,0.0040358006954193115,0.11374511430040002,0.028763467723996645,5.547097053124475,12.133966531681981,-2.9529351357908125
1289,training,0.0011282915947958827,0.12323862500488758,0.028763467723996645,5.507970974100185,12.126386166428262,-2.949232457753836
1290,training,0.001061377115547657,0.12497175484895706,0.028763467723996645,5.468723866930797,12.118746753546462,-2.950110772175096
1291,training,0.0007396948058158159,0.09685233794152737,0.028763467723996645,5.429395984839321,12.11119036442655,-2.954653472057197
1292,training,0.001444122870452702,0.06714940816164017,0.009313331545732644,5.390192928864718,12.103855324461497,-2.9584782265019802
1293,training,0.0011934689246118069,0.1550627425312996,0.009313331545732644,5.350742311948398,12.096647977914117,-2.9646689974011498
1294,training,0.0018020446877926588,0.1493733450770378,0.009313331545732644,5.291891348033513,12.086054299809769,-2.95736351762499
1295,training,0.010262170806527138,0.11206428799778223,0.009313331545732644,5.272266521299719,12.082358392362291,-2.9536816037950344
1296,training,0.0033405465073883533,0.1040012426674366,0.009313331545732644,5.232968259754358,12.074805165881275,-2.9522971837296965
1297,training,0.001798406708985567,0.06946605443954468,0.01797817293107863,5.174125117811689,12.06363557607824,-2.955485401182616
1298,training,0.0009129283716902137,0.029811033979058266,0.01797817293107863,5.1544175917004775,12.05994355723996,-2.9575346109495864
1299,training,0.0007535659824497998,0.10129530541598797,0.01797817293107863,5.115035887687651,12.052735848512686,-2.9640489997475803
1300,training,0.007883921265602112,0.07840507477521896,0.01797817293107863,5.075761591459017,12.045772337099926,-2.968476267070765
1301,training,0.0011996687389910221,0.08454465493559837,0.01797817293107863,5.0362299615954615,12.038983913879157,-2.9757062127143508
1302,training,0.002042164793238044,0.06995439156889915,0.01797817293107863,4.996831009254107,12.032541395534926,-2.9825698646660945
1303,training,0.0009364642901346087,0.10185555694624782,0.020694489580889708,4.957276960692343,12.026323678064175,-2.9891325678250498
1304,training,0.0007142273825593293,0.1366571318358183,0.020694489580889708,4.898014135183941,12.017424130836204,-2.9927123276333645
1305,training,0.00238954764790833,0.10761628299951553,0.020694489580889708,4.87829726208466,12.014452402793532,-2.99141265982841
1306,training,0.0006322762928903103,0.07468295330181718,0.020694489580889708,4.8386925158705365,12.008410555250252,-2.989871485126833
1307,training,0.0004154578782618046,0.11981349438428879,0.020694489580889708,4.779529720520522,11.999413612027151,-2.9914172391342615
1308,training,0.0011819587089121342,0.12847238592803478,0.020694489580889708,4.739949911373507,11.993356433162338,-2.9879041530359705
1309,training,0.0007093982421793044,0.18943709135055542,0.02025373686180249,4.720195620207762,11.990278072257727,-2.986216056803314
1310,training,0.011159905232489109,0.13223518058657646,0.02025373686180249,4.680904940819067,11.983976729616018,-2.9769954232384386
1311,training,0.0012854025699198246,0.11939309723675251,0.02025373686180249,4.621918719221545,11.973570290749358,-2.9580045318928314
1312,training,0.0011886581778526306,0.10742006078362465,0.02025373686180249,4.602321857966796,11.969852262183391,-2.950108812279742
1313,training,0.010529433377087116,0.09847000241279602,0.02025373686180249,4.5633697728595575,11.96192346496904,-2.932450632156079
1314,training,0.0010044340742751956,0.07484521344304086,0.02025373686180249,4.504913633285754,11.948907685131106,-2.914674220531366
1315,training,0.0013240568805485964,0.17491453140974045,0.008704998815955699,4.466129005077818,11.939647407206465,-2.8983814905607557
1316,training,0.0012635323219001293,0.13075275719165802,0.008704998815955699,4.4276529592446465,11.929687978565301,-2.8775445944253257
1317,training,0.005540000274777412,0.15334272384643555,0.008704998815955699,4.408469621704087,11.924381341429449,-2.8653889009571087
1318,training,0.0025608460418879986,0.11641636490821838,0.008704998815955699,4.37029039352757,11.913029658862751,-2.8398601383414865
1319,training,0.004112306050956249,0.06953677162528038,0.008704998815955699,4.332459640168678,11.900810529110508,-2.820507382717923
1320,training,0.0017517858650535345,0.12128433771431449,0.008704998815955699,4.275861724632581,11.881121621798028,-2.7908202914460287
1321,training,0.0025763188023120165,0.13778819888830185,0.008704998815955699,4.257310141499669,11.874200351174196,-2.7781508813314355
1322,training,0.0017160901334136724,0.1212362926453352,0.05640034185776074,4.220395719604692,11.859643766685442,-2.755102461104034
1323,training,0.00023189230705611408,0.10875958204269409,0.05640034185776074,4.1653263710108615,11.836130903436517,-2.7181992581046712
1324,training,0.000966938678175211,0.09132925234735012,0.05640034185776074,4.147338113498625,11.827928185141085,-2.7108234175616084
1325,training,0.0013236193917691708,0.11995264887809755,0.05640034185776074,4.111190742843801,11.811039339823338,-2.6977437977254493
1326,training,0.0008588163764216006,0.049252934753894806,0.05640034185776074,4.075204275201256,11.793569793157296,-2.6799090703779145
1327,training,0.000764457683544606,0.063744455575943,0.07845402995493568,4.022160365421812,11.766365635858355,-2.6573122401888156
1328,training,0.002199409529566765,0.11183031648397446,0.07845402995493568,4.004456477016237,11.756983638192771,-2.65082010241391
1329,training,0.0007958571659401059,0.10927049815654756,0.07845402995493568,3.9694885945716853,11.737993989381868,-2.6355054550322987
1330,training,0.0017792326398193836,0.10717884637415409,0.07845402995493568,3.934851518764794,11.718386090251943,-2.6185193397683495
1331,training,0.0013249380281195045,0.0706703457981348,0.07845402995493568,3.883353501169358,11.68788088339107,-2.5951260568517545
1332,training,0.0016467890236526728,0.016406267881393433,0.07845402995493568,3.866486669674752,11.677519256887681,-2.5877457170830773
1333,training,0.00616513192653656,0.04045733809471131,0.05402371408893873,3.8326973132717272,11.656307155328664,-2.572506526389229
1334,training,0.00399764534085989,0.04333184659481047,0.05402371408893873,3.7992590852556587,11.634585110891116,-2.5610579689869835
1335,training,0.0019147726707160473,0.07078757882118224,0.05402371408893873,3.7496255110648584,11.601297073261744,-2.5378146800296033
1336,training,0.005217587109655142,0.06692350283265114,0.05402371408893873,3.7333125023249694,11.589947037012088,-2.5299785088724858
1337,training,0.0008547151810489595,0.08005804568529129,0.05402371408893873,3.700746355831886,11.566800192873743,-2.519354820877834
1338,training,0.0074380310252308846,0.00589726772159338,0.05402371408893873,3.66846767873749,11.543410763841822,-2.5103822555115327
1339,training,0.0036703813821077347,0.017022857442498207,0.05402371408893873,3.6362604525923827,11.519844510742994,-2.511270921147849
1340,training,0.0028358239214867353,0.08812542632222176,0.032989179967177346,3.604007705312239,11.49629604036343,-2.508377698295105
1341,training,0.0015782172558829188,0.017422255128622055,0.032989179967177346,3.556049721808347,11.460710996478557,-2.497325108297525
1342,training,0.0035490321461111307,0.085064847022295,0.032989179967177346,3.5400564655698643,11.448661171453274,-2.4958764115721785
1343,training,0.008533146232366562,0.013616589829325676,0.032989179967177346,3.5082026866478926,11.424604241872036,-2.490905125785229
1344,training,0.007119230926036835,0.007733456790447239,0.032989179967177346,3.476579341431446,11.400367948682979,-2.4875031933825893
1345,training,0.0006872019730508327,0.0228878241032362,0.032989179967177346,3.4448320146241262,11.375978916199433,-2.484352889413143
1346,training,0.0021511963568627834,0.021505642682313923,0.032989179967177346,3.413353245887,11.351545979870204,-2.480289625692109
1347,training,0.005809600464999676,0.028645364567637444,0.032989179967177346,3.381835817102671,11.326966905099637,-2.4781333940033448
1348,training,0.005441930145025253,0.05988537706434727,0.013367629959848283,3.35039862887767,11.302320968776684,-2.475698972237655
1349,training,0.0016469217371195555,0.0638314951211214,0.013367629959848283,3.319092377813726,11.27769885686084,-2.4742339212068885
1350,training,0.0014319841284304857,0.00217505544424057,0.013367629959848283,3.287688664749257,11.252846583609859,-2.469591795886289
1351,training,0.0028840689919888973,0.021682629361748702,0.013367629959848283,3.256683710561784,11.227883906636249,-2.4573393383207307
1352,training,0.00512090977281332,0.184194952249527,0.013367629959848283,3.2259411352733145,11.20251366363634,-2.446879683963995
1353,training,0.0026780664920806885,0.23034855723381045,0.013367629959848283,3.194977765836183,11.176975005604165,-2.4642194559452264
1354,training,0.0027285274118185043,0.20529304072260857,0.013367629959848283,3.1632835643154755,11.152347090335438,-2.5004196960735303
1355,training,0.0002734848530963063,0.14786617830395699,0.027673333131840734,3.1139292340008704,11.117570196360228,-2.5538160366950096
1356,training,0.0013040148187428713,0.21883241087198257,0.027673333131840734,3.0971663437577406,11.106512773932089,-2.562515510501765
1357,training,0.001979706110432744,0.17221420258283615,0.027673333131840734,3.04629560828902,11.0743295000501,-2.593844483654038
1358,training,0.0064562587067484856,0.13696446642279625,0.027673333131840734,3.0291948466023584,11.063996654827076,-2.602308590121594
1359,training,0.001669131452217698,0.13632569648325443,0.027673333131840734,2.9945595156198412,11.043647279452646,-2.6182289878086875
1360,training,0.0070520504377782345,0.15270180255174637,0.04985874173874117,2.9596563676698975,11.023941435447878,-2.638374995484136
1361,training,0.009099125862121582,0.1428128108382225,0.04985874173874117,2.924394072795853,11.004990422384887,-2.6586238871209877
1362,training,0.0014112037606537342,0.15123020112514496,0.04985874173874117,2.8706727474085634,10.977750957607839,-2.6844470470587156
1363,training,0.0009812929201871157,0.1150630796328187,0.04985874173874117,2.8527440618215376,10.969010041577192,-2.6913396771134623
1364,training,0.004765070974826813,0.12398159131407738,0.04985874173874117,2.816594942235274,10.951736843358457,-2.698091440663425
1365,training,0.0015559678431600332,0.11808647960424423,0.04985874173874117,2.780374661493001,10.934614581408304,-2.7024293468910634
1366,training,0.0007828896050341427,0.09269116818904877,0.03943330465698114,2.7442091761460303,10.917768146310584,-2.7094138147984865
1367,training,0.005681967828422785,0.04074760898947715,0.03943330465698114,2.7077112365749327,10.901035841931574,-2.7123518454794326
1368,training,0.002218114212155342,0.08102913573384285,0.03943330465698114,2.6714934933420005,10.884396992204072,-2.706775857118537
1369,training,0.006018360145390034,0.02267647534608841,0.03943330465698114,2.635414512820544,10.867390430205438,-2.6952675057539355
1370,training,0.0011639141011983156,0.016650572419166565,0.03943330465698114,2.599421948796999,10.849862744572548,-2.679938505594124
1371,training,0.0015371735207736492,0.057612860575318336,0.03943330465698114,2.564033931421392,10.831888920863129,-2.664614953647059
1372,training,0.003158368170261383,0.09029848873615265,0.03943330465698114,2.5286105627593543,10.813303333438153,-2.653992238510227
1373,training,0.0012137321755290031,0.03747141361236572,0.006326439045636944,2.493591713977586,10.794473402744213,-2.635408945346202
1374,training,0.0017164122546091676,0.04632074385881421,0.006326439045636944,2.4592299734950527,10.77469796526683,-2.6055887538738087
1375,training,0.004825594834983349,0.06733490526676178,0.006326439045636944,2.4252824248854883,10.753927957515952,-2.579509753144531
1376,training,0.001920289476402104,0.07640799880027774,0.006326439045636944,2.3920144199991595,10.732267615016399,-2.547849291261088
1377,training,0.001701484201475978,0.14321455359458923,0.006326439045636944,2.35956693377615,10.70949870954269,-2.510833406350775
1378,training,0.00172074930742383,0.10867252945899963,0.006326439045636944,2.3280616261754763,10.685531202133307,-2.4686558221312653
1379,training,0.0018233747687190771,0.07044148445129392,0.006326439045636944,2.2976337184640685,10.660052218755656,-2.419696164144443
1380,training,0.003225696971639991,0.03364923596382141,0.060411814208167026,2.2685947422632764,10.633315058167156,-2.377056149614431
1381,training,0.000813066610135138,0.09066187590360641,0.060411814208167026,2.240491029185391,10.605232575232087,-2.3357223244104666
1382,training,0.001469555078074336,0.05233834683895114,0.060411814208167026,2.213293632392903,10.575999558044733,-2.3082629645331605
1383,training,0.0029408945702016354,0.059275999665260315,0.060411814208167026,2.187075229294979,10.546276609357513,-2.277217782067386
1384,training,0.0032597295939922333,0.024264097213745117,0.060411814208167026,2.16179907814589,10.515605192207815,-2.243141510534569
1385,training,0.002543357666581869,0.055897176265716525,0.11448738987233825,2.1377506223863447,10.484138346750889,-2.2012902620100503
1386,training,0.0019254963845014572,0.013444364070892334,0.11448738987233825,2.1150849969639873,10.451646535586049,-2.160860925647694
1387,training,0.0013910105917602777,0.05496096611022949,0.11448738987233825,2.0936306452219076,10.418361317194437,-2.125195215698267
1388,training,0.014996464364230633,0.052547335624694824,0.11448738987233825,2.0732421672542904,10.384143506606975,-2.091543936486817
1389,training,0.002070637186989188,0.004009127616882352,0.11448738987233825,2.0540645631161762,10.349488199759126,-2.06184137181449
1390,training,0.00422159768640995,0.014538705348968534,0.11448738987233825,2.035806653420055,10.314104442590008,-2.0322143052961943
1391,training,0.0023599606938660145,0.03300352394580841,0.11448738987233825,2.0185834534934624,10.278175684619043,-2.0024622673552175
1392,training,0.0028361764270812273,0.020414680242538452,0.09510854810508043,2.002510327193172,10.241944386743734,-1.9744631528175023
1393,training,0.002053458709269762,0.07198309153318404,0.09510854810508043,1.9873157446849175,10.205007476651263,-1.947608950601077
1394,training,0.0010133740724995732,0.11932799220085143,0.09510854810508043,1.973159665727465,10.167928432062501,-1.9231917268610748
1395,training,0.0009319182718172669,0.10911492258310318,0.09510854810508043,1.9598148027289788,10.130393526132483,-1.9041859063443005
1396,training,0.0007206673035398126,0.08411955833435059,0.09510854810508043,1.9470013806362005,10.09260327974009,-1.8918767806707213
1397,training,0.00251099094748497,0.055858105421066284,0.09510854810508043,1.93468985048278,10.054748840430507,-1.87886435075531
1398,training,0.009940242394804955,0.03724561631679535,0.05915507717849929,1.9228583562233719,10.016627553779532,-1.8649757972882675
1399,training,0.0006477831630036235,0.012833118438720703,0.05915507717849929,1.911547324353201,9.978409013752769,-1.8518503168113516
1400,training,0.0003611942520365119,0.03697619587182996,0.05915507717849929,1.9008105584819586,9.940056151511873,-1.835525108974516
1401,training,0.0029440331272780895,0.06618644483387469,0.05915507717849929,1.885784164501353,9.882196684442478,-1.8150526166280807
1402,training,0.004736487753689289,0.02055448479950428,0.05915507717849929,1.8764437950095805,9.843434763992331,-1.7992113669543888
1403,training,0.0010258739348500967,0.016230382025241855,0.014043212929249886,1.867637427953396,9.804573498145254,-1.7917959317449144
1404,training,0.005028842017054558,0.04264799878001213,0.014043212929249886,1.8589193498589394,9.765499532249507,-1.7885826924774824
1405,training,0.0005561213474720716,0.05442760698497295,0.014043212929249886,1.850414861044856,9.726547250103275,-1.7838834821191754
1406,training,0.0017879458609968424,0.006504327058792114,0.014043212929249886,1.8420739792370084,9.687564449165942,-1.777764961040865
1407,training,0.0017694265116006136,0.03499501943588257,0.014043212929249886,1.834018688815321,9.648377308699894,-1.769600884907689
1408,training,0.0013675284571945667,0.06928406842052935,0.014043212929249886,1.8263071707964138,9.609363141339001,-1.7634323458967243
1409,training,0.0023494488559663296,0.03501536138355732,0.01572700565109609,1.8188340351129826,9.570081044358975,-1.7529075785205839
1410,training,0.005113252904266119,0.015825331211090095,0.01572700565109609,1.8118617353134407,9.530822587173729,-1.740950797056713
1411,training,0.0006470251828432083,0.05202615261077881,0.01572700565109609,1.8053238419747715,9.491578101545464,-1.730687419827994
1412,training,0.003475627163425088,0.05528962425887585,0.01572700565109609,1.8021747734088756,9.471794751237296,-1.7269109036697075
1413,training,0.0006024768226779997,0.06403174810111523,0.01572700565109609,1.7960522940516916,9.432293199859094,-1.7247281257054237
1414,training,0.005571413319557905,0.010127285961061716,0.01572700565109609,1.789868194825771,9.39292529368449,-1.7279966405758205
1415,training,0.0014262569602578878,0.015085980296134949,0.02244535431470315,1.7804122799881934,9.333582266766136,-1.7290190755127133
1416,training,0.0011736080050468445,0.018678822554647923,0.02244535431470315,1.774123117816318,9.294278144353756,-1.7300231586613541
1417,training,0.00037598732160404325,0.049207814037799835,0.02244535431470315,1.7709500609961621,9.274502695254734,-1.7296602798477179
1418,training,0.0047287531197071075,0.02683385089039802,0.02244535431470315,1.7646641057335326,9.234928687156932,-1.7261331884455025
1419,training,0.00124581647105515,0.029746308922767646,0.02244535431470315,1.7586018569732809,9.195630161801539,-1.7214214888573767
1420,training,0.004769054241478443,0.036615556105971336,0.02244535431470315,1.7527157075336046,9.156006501197519,-1.7144388242604103
1421,training,0.006909722462296486,0.036524698138237,0.02244535431470315,1.7471609107213484,9.116540717342229,-1.7079449714875357
1422,training,0.003781643696129322,0.0789818037301302,0.019267897432577695,1.7417437560592026,9.076981942398481,-1.7083324903732864
1423,training,0.00461907684803009,0.1283565405756235,0.019267897432577695,1.7361505762562524,9.037212020566445,-1.7130084462728787
1424,training,0.0019039169419556856,0.055348047986626625,0.019267897432577695,1.7304111592143947,8.997811791627553,-1.718013096605095
1425,training,0.0018022892763838172,0.023180510848760605,0.019267897432577695,1.7214545475682177,8.938346274516713,-1.7221652559047607
1426,training,0.0008644390618428588,0.00962916947901249,0.019267897432577695,1.7184532776662025,8.918647163203499,-1.722446531380197
1427,training,0.0009121920447796583,0.014715982601046562,0.019267897432577695,1.7124361798834726,8.87925227491485,-1.7216112502567762
1428,training,0.002285497495904565,0.012692984193563461,0.02384041546438376,1.7036662225973882,8.819861064349793,-1.7114479072037951
1429,training,0.004725753329694271,0.0005520163103938103,0.02384041546438376,1.698251074279115,8.780460481726232,-1.7032387810684038
1430,training,0.00111582747194916,0.02977453544735909,0.02384041546438376,1.6930795852029399,8.740695773850334,-1.6981496359300743
1431,training,0.0009921819437295198,0.009830737486481667,0.02384041546438376,1.688101001309823,8.701160345367414,-1.694620042688415
1432,training,0.001104232156649232,0.022398468106985092,0.02384041546438376,1.6856601903347084,8.681375159084178,-1.6925899278577914
1433,training,0.0035544398706406355,0.0456126444041729,0.02384041546438376,1.6808422541993298,8.641551512948105,-1.6920975793395645
1434,training,0.004143611993640661,0.05670098774135113,0.017212470402201047,1.6759357961739592,8.601921878941415,-1.6961438319940225
1435,training,0.0030141975730657578,0.0718542318791151,0.017212470402201047,1.6708757257232036,8.562287854001429,-1.6994847870152394
1436,training,0.0007091911975294352,0.01097515597939492,0.017212470402201047,1.6630707599507986,8.502770945440199,-1.7031196516183824
1437,training,0.003144416492432356,0.026892345398664474,0.017212470402201047,1.6604468537899644,8.483035028724233,-1.7021333507497478
1438,training,0.0006371900672093034,0.04402502067387104,0.017212470402201047,1.6553150060218567,8.443333860989144,-1.6965289228152078
1439,training,0.002012456301599741,0.029795391485095024,0.01718266635661786,1.6480313760855394,8.383933035975645,-1.6902166027528964
1440,training,0.0017396013718098402,0.043501390144228935,0.01718266635661786,1.6433415177040447,8.344192742661424,-1.6860683918389658
1441,training,0.0017232622485607862,0.038308119401335716,0.01718266635661786,1.6388150480318875,8.304434312713331,-1.682668849672541
1442,training,0.0038565529976040125,0.07030662521719933,0.01718266635661786,1.636610487755094,8.2846593247394,-1.6813325446012106
1443,training,0.003045501187443733,0.07345221564173698,0.01718266635661786,1.6322232601475846,8.244883842994495,-1.6823696070740324
1444,training,0.0016531479777768254,0.09580217488110065,0.01718266635661786,1.6276481994397538,8.205024133507584,-1.6878542347168575
1445,training,0.0007136162603273988,0.08654325734823942,0.01718266635661786,1.6228899217532742,8.165448000308261,-1.6927865990705184
1446,training,0.0012225741520524025,0.03558797296136618,0.013794324661460697,1.6179278930073275,8.125617098297756,-1.6964766234530617
1447,training,0.0003108571982011199,0.01798463612794876,0.013794324661460697,1.612890289863735,8.086047908404783,-1.6986757767798117
1448,training,0.00019922906358260661,0.032246168702840805,0.013794324661460697,1.6077730921777662,8.046419740892555,-1.6996889487969717
1449,training,0.0016577846836298704,0.05400891974568367,0.013794324661460697,1.602630343621353,8.006630879502987,-1.697527524978217
1450,training,0.0011404604883864522,0.060409199446439736,0.013794324661460697,1.5977082477540199,7.967177563118569,-1.6924468986507692
1451,training,0.0009457687847316265,0.048024860210716724,0.013794324661460697,1.5929819201349533,7.927420836751646,-1.6852658406156928
1452,training,0.0008855760097503662,0.003008875995874403,0.01978114810182371,1.5885456539970333,7.8877855514159005,-1.680828789659579
1453,training,0.00541781447827816,0.06647331640124321,0.01978114810182371,1.5842151819203298,7.848130794831156,-1.6786391147951272
1454,training,0.004851525649428368,0.10162023082375526,0.01978114810182371,1.5798686264927149,7.808187228706311,-1.6815243264423831
1455,training,0.005308729596436024,0.08828476723283529,0.01978114810182371,1.5753321633214514,7.768566093103215,-1.6886757923967883
1456,training,0.0006107456283643842,0.03944681957364082,0.01978114810182371,1.570489550229984,7.728807945264986,-1.6944374479817983
1457,training,0.0018353424966335297,0.03008968662470579,0.013680766465370505,1.5630835462487191,7.669264169051795,-1.6921841345435418
1458,training,0.0015162990894168615,0.0447301110252738,0.013680766465370505,1.5582584179418182,7.6295642290687,-1.692785770595345
1459,training,0.0009313075570389628,0.03953148517757654,0.013680766465370505,1.5533798908054244,7.58977121305683,-1.6916280086598872
1460,training,0.0003423861344344914,0.025493482127785683,0.013680766465370505,1.5486336942148475,7.550249297702158,-1.68919363001896
1461,training,0.003208660054951906,0.025782937183976173,0.013680766465370505,1.5439536697648366,7.510432104237075,-1.6859017381659054
1462,training,0.0016791013767942786,0.0507695060223341,0.013680766465370505,1.5394275683155936,7.470751203508051,-1.6839383412918338
1463,training,0.0013287003384903073,0.05257810838520527,0.016000176188244033,1.534951913108701,7.431069190573205,-1.6820007734691746
1464,training,0.002881178166717291,0.036123717203736305,0.016000176188244033,1.5327371179216864,7.411123602232732,-1.6803052646391174
1465,training,0.0010127557907253504,0.05169359780848027,0.016000176188244033,1.5284512310410374,7.371414596540738,-1.6762028548226962
1466,training,0.0012733740732073784,0.06369289942085743,0.016000176188244033,1.522046794795243,7.311741140268323,-1.682735592167101
1467,training,0.00343951303511858,0.0553802028298378,0.016000176188244033,1.5174010250394345,7.271947286281725,-1.6915786509630617
1468,training,0.004077959340065718,0.09665663912892342,0.016000176188244033,1.5124427227430068,7.232330716970937,-1.6990883393526535
1469,training,0.0018997604493051767,0.023799385875463493,0.016000176188244033,1.509840072008795,7.2124232298384285,-1.7026767303622823
1470,training,0.0007490144344046712,0.019815973937511444,0.024884486942982564,1.50447655700648,7.172630128276466,-1.7033970945558072
1471,training,0.0031867995858192444,0.030115354806184776,0.024884486942982564,1.4994225354823107,7.133170737691138,-1.693219819163412
1472,training,0.000494481879286468,0.007230896502733224,0.024884486942982564,1.494732307304582,7.093363390705025,-1.6819537080440423
1473,training,0.0007745746988803148,0.022502135485410697,0.024884486942982564,1.4905386175463131,7.053777159551859,-1.671178900301004
1474,training,0.0016288056503981352,0.028754156082868576,0.024884486942982564,1.4867209298757698,7.014038886553381,-1.6624421067970991
1475,training,0.002488053170964122,0.00793968141078949,0.024884486942982564,1.4831965797921338,6.974115836667143,-1.654774526932456
1476,training,0.001086011528968811,0.02794940397143364,0.008881786411322961,1.4800460397922484,6.934478105445466,-1.6454096165206222
1477,training,0.007594472728669643,0.03952093794941902,0.008881786411322961,1.4772294353454472,6.89452937657176,-1.6368732600427645
1478,training,0.002181372605264187,0.048972656950354576,0.008881786411322961,1.4747248633764558,6.85469497224665,-1.6305584861594955
1479,training,0.0024331698659807444,0.0648405160754919,0.008881786411322961,1.4714336916604127,6.794850052417971,-1.6210978382609993
1480,training,0.002624585758894682,0.0414301622658968,0.008881786411322961,1.470447095681441,6.774836929913977,-1.619232569246665
1481,training,0.0008913545170798898,0.00985698588192463,0.008881786411322961,1.4686095421792988,6.735061972287034,-1.6145507149342504
1482,training,0.001061464543454349,0.020639510825276375,0.03177553094399738,1.4669721618546832,6.695086645321651,-1.608953453628225
1483,training,0.0023642259184271097,0.07435734756290913,0.03177553094399738,1.4655208692629358,6.655122682545301,-1.606051393794981
1484,training,0.0014554131776094437,0.07117628119885921,0.03177553094399738,1.464211751084219,6.615289008119699,-1.6013314583825744
1485,training,0.0010559872025623918,0.043304624035954475,0.03177553094399738,1.4625519848902504,6.555280679812397,-1.5968224197293686
1486,training,0.0015874388627707958,0.03922216407954693,0.03177553094399738,1.4620548303960068,6.53537637131793,-1.594696839625745
1487,training,0.002216935157775879,7.21123069524765e-05,0.03177553094399738,1.4611985998220447,6.49542412390931,-1.5905599398971395
1488,training,0.0034857471473515034,0.007471170276403424,0.0389456045385909,1.4604595625649397,6.45542379646696,-1.5881775277153336
1489,training,0.0021765062119811773,0.042539735324680805,0.0389456045385909,1.4598537911471983,6.415568266570273,-1.584034066071928
1490,training,0.0025642693508416414,0.059555646032094955,0.0389456045385909,1.459216626932072,6.355562739448555,-1.5801385798259593
1491,training,0.0009634565212763846,0.04362833872437477,0.0389456045385909,1.4590436532894973,6.335633641832854,-1.5796627845954774
1492,training,0.0024155410937964916,0.025839850306510925,0.0389456045385909,1.4587052662754614,6.295694289378378,-1.579126744131363
1493,training,0.0043843514285981655,0.009553681593388319,0.0389456045385909,1.4583754155274395,6.255647181617051,-1.5797558789965231
1494,training,0.0005567193729802966,0.014824219048023224,0.038341889933186935,1.458012625941463,6.215738423320109,-1.5801542898025112
1495,training,0.0021486058831214905,0.022349104285240173,0.038341889933186935,1.457650840720546,6.175702877626779,-1.5797447690860025
1496,training,0.004663812927901745,0.020102715585380793,0.038341889933186935,1.4572810082646883,6.135711158991188,-1.5809935395973995
1497,training,0.002891949377954006,0.008240516297519207,0.038341889933186935,1.4568881369667233,6.095807544030564,-1.58036239712399
1498,training,0.0008078948012553155,0.006453806534409523,0.038341889933186935,1.4565412145011745,6.055759991737421,-1.5789419927784394
1499,training,0.0011183468159288168,0.015690065920352936,0.035883383816378844,1.4562412315037792,6.0158714137811415,-1.577473364351237
1500,training,0.0008093922515399754,0.0276765339076519,0.035883383816378844,1.4559378678592483,5.9558471409436216,-1.5756597815940063
1501,training,0.0010011739796027541,0.0009329225867986679,0.035883383816378844,1.4558374243227783,5.935861239826032,-1.576410094962219
1502,training,0.0007267247419804335,0.04212045297026634,0.035883383816378844,1.455618927289651,5.895955808988865,-1.576245059552049
1503,training,0.0010782517492771149,0.03919157758355141,0.035883383816378844,1.4554134895920197,5.855886377878423,-1.5759817263781581
1504,training,0.0005692285485565662,0.0016386434435844421,0.035883383816378844,1.4550699268976246,5.795991844742979,-1.5767487454801206
1505,training,0.0002435294009046629,0.008201164193451405,0.038028062111975604,1.4548449156677226,5.75593356499035,-1.5763657032846974
1506,training,0.001225388958118856,0.04851405834779143,0.038028062111975604,1.4546062054452777,5.715959217715105,-1.5775636184147495
1507,training,0.0011198909487575293,0.06329412572085857,0.038028062111975604,1.4543569855162135,5.676036522056571,-1.5766539394948242
1508,training,0.0013534961035475135,0.010895910207182169,0.038028062111975604,1.4541631612492711,5.63603578446314,-1.5751472798789132
1509,training,0.001671532285399735,0.00194809545064345,0.038028062111975604,1.4540800719893447,5.616066256035112,-1.5756749659970364
1510,training,0.0011804616078734398,0.038459512405097485,0.0309488255235628,1.4538070281878104,5.55612739558178,-1.5752390281905444
1511,training,0.0007001940975897014,0.02032709092600271,0.0309488255235628,1.453689549174934,5.536047264852882,-1.5788333412459072
1512,training,0.0016068691620603204,0.000395316630601876,0.0309488255235628,1.4532496531411079,5.496053710110262,-1.5827582996382359
1513,training,0.0025433844421058893,0.015772482380270958,0.0309488255235628,1.4527564475549428,5.456025532052103,-1.585439679293438
1514,training,0.0008547657052986324,0.01607543043792248,0.0309488255235628,1.4520675109142318,5.416060377710757,-1.5898926878910566
1515,training,0.0007642674027010798,0.02931395173072815,0.0309488255235628,1.451246203384323,5.376169371686031,-1.5939386647805946
1516,training,0.0022551650181412697,0.028306678868830204,0.0309488255235628,1.4502254260064844,5.336062386442709,-1.5983487988491236
1517,training,0.0004284082679077983,0.011847085319459438,0.02435263959124931,1.4490302362998977,5.296167185284422,-1.6034952738835473
1518,training,0.0005026363069191575,0.009906804189085959,0.02435263959124931,1.447697820967046,5.25623485738123,-1.6029160087943155
1519,training,0.002749794162809849,0.0014378824271261683,0.02435263959124931,1.4464285343636443,5.216196793695511,-1.604204800288218
1520,training,0.0015098305884748697,0.022196970880031586,0.02435263959124931,1.4450596878961877,5.176318482169223,-1.6059525121322968
1521,training,0.0008202283643186092,0.021166000980883837,0.02435263959124931,1.4436226497136067,5.136269088193743,-1.6078721077230846
1522,training,0.001127369119785726,0.02508368343114853,0.02435263959124931,1.4420892912890186,5.096334559106598,-1.6104286948886213
1523,training,0.0012649418786168098,0.027073351200670004,0.020440816421424986,1.440514114455484,5.056451438531192,-1.6102390571799015
1524,training,0.002366852480918169,0.01106542203342542,0.020440816421424986,1.4389335817976823,5.016382614868767,-1.6111092903535595
1525,training,0.0016659426037222147,0.00530964694917202,0.020440816421424986,1.437297127447167,4.9765309938649125,-1.6122708338243223
1526,training,0.0016562540549784899,0.012708861380815506,0.020440816421424986,1.4356484110016605,4.9365467592231225,-1.6119722633794569
1527,training,0.004378697369247675,0.030913054943084717,0.020440816421424986,1.4339951133873994,4.896555113436532,-1.613066225433423
1528,training,0.001231673057191074,0.02641226164996624,0.020440816421424986,1.4323179408704616,4.856708206861315,-1.612785899429259
1529,training,0.0009058192372322083,0.016857726499438286,0.017690858961944292,1.4306482851648374,4.816644446170145,-1.6117663787219
1530,training,0.0011012897593900561,0.004852034151554108,0.017690858961944292,1.4290501248876013,4.776797243433782,-1.6096824612150478
1531,training,0.0012329580495133996,0.007374703884124754,0.017690858961944292,1.4275811898635238,4.736876892254335,-1.6055784718097248
1532,training,0.0009392705978825688,0.001682095229625702,0.017690858961944292,1.426241912103823,4.696870111700503,-1.6037785826064466
1533,training,0.0006240133079700172,0.02472096588462591,0.017690858961944292,1.4249778456854152,4.657025282027647,-1.6014892467698072
1534,training,0.0013678721152245998,0.009993024170398714,0.017690858961944292,1.4237708402125135,4.61697320304387,-1.6016721258109456
1535,training,0.0013541787629947066,0.0030233925208449364,0.01644177059198017,1.4224741272255566,4.577034227551515,-1.6051717589834409
1536,training,0.0008338429615832865,0.01867222972214222,0.01644177059198017,1.421071503469331,4.53712640139426,-1.6068505315837807
1537,training,0.0002613744291011244,0.022849470376968384,0.01644177059198017,1.4196074317564662,4.497074396542757,-1.6081120642868472
1538,training,0.0011535573285073042,0.045244840905070305,0.01644177059198017,1.4181126372250963,4.457217460529178,-1.6085037718491708
1539,training,0.000851586926728487,0.023820466129109263,0.01644177059198017,1.4166227812654402,4.4172213093251225,-1.6072318004835626
1540,training,0.0007208929746411741,0.062329725828021765,0.014972839963240137,1.4151878597958265,4.377234679099519,-1.6070813946474547
1541,training,0.00047986768186092377,0.06676090136170387,0.014972839963240137,1.413080577793605,4.317357500661585,-1.6047385990086154
1542,training,0.004893625155091286,0.049561403691768646,0.014972839963240137,1.4116539108356414,4.277312635132786,-1.6102766873543106
1543,training,0.0032812906429171562,0.07000149833038449,0.014972839963240137,1.409976310914928,4.237445918970234,-1.6147922243219284
1544,training,0.0012492045061662793,0.03570646978914738,0.014972839963240137,1.4090853338080163,4.217435715310524,-1.6157127880276927
1545,training,0.0010990749578922987,0.012959218584001066,0.014972839963240137,1.4073043127561882,4.177442574595562,-1.6140536375096408
1546,training,0.0007990096928551793,0.031182148028165102,0.014972839963240137,1.4055912243115656,4.137617050935072,-1.6151100584866709
1547,training,0.001563575118780136,0.007978996261954308,0.006851982765476838,1.4037950565964175,4.097571133930987,-1.6159959072708905
1548,training,0.001829710672609508,0.015623875893652439,0.006851982765476838,1.4019446714696338,4.057644722996217,-1.6187160945259778
1549,training,0.0013727170880883932,0.02624152833595872,0.006851982765476838,1.400011272013694,4.017755087560236,-1.6194632852941089
1550,training,0.0007046769605949521,0.009876395342871547,0.006851982765476838,1.3980586549263527,3.9777122378425838,-1.6205647993296723
1551,training,0.013048910535871983,0.004927097819745541,0.006851982765476838,1.3960554900558435,3.937874513596629,-1.6214686767094384
1552,training,0.0005160834407433867,0.0016305278986692429,0.006851982765476838,1.3940326828510765,3.897885293483982,-1.62137711848657
1553,training,0.004274443257600069,0.10999075323343277,0.007332840894662749,1.3919995650994335,3.857924831912803,-1.622481263568108
1554,training,0.0003245894331485033,0.06358024664223194,0.007332840894662749,1.3899526207559094,3.818091576133395,-1.6221219161224285
1555,training,0.0010601484682410955,0.02847714815288782,0.007332840894662749,1.3879137845252403,3.7780345303827056,-1.6209554214206356
1556,training,0.000355110561940819,0.012505115941166881,0.007332840894662749,1.3848840356225298,3.7182741617476993,-1.6234034805971522
1557,training,0.003979097120463848,0.01626035571098328,0.007332840894662749,1.383810575957955,3.6982573894356827,-1.6257679764049484
1558,training,0.0011666014324873686,0.06971538439393044,0.007332840894662749,1.381560658272196,3.658243002483098,-1.6266533008608217
1559,training,0.001570034073665738,0.02321416325867176,0.03223454695999859,1.3794033435298165,3.6184530399677204,-1.6235249122829547
1560,training,0.000250427721766755,0.003672621212899685,0.03223454695999859,1.3764041740599788,3.5584767592963407,-1.6178816397481262
1561,training,0.0021062351297587156,0.005899491719901562,0.03223454695999859,1.374615290160469,3.5186701136995184,-1.614060214640109
1562,training,0.0017542657442390919,0.02897782903164625,0.03223454695999859,1.3729517426628703,3.4786503801414095,-1.610876916660436
1563,training,0.0009762421832419932,0.13339755684137344,0.03223454695999859,1.3713825645682902,3.4387388252863254,-1.6097328730446905
1564,training,0.0016487151151522994,0.08529893774539232,0.020950209717157137,1.3700130071528624,3.398921654623106,-1.5989508435041173
1565,training,0.0005834862822666764,0.09711531549692154,0.020950209717157137,1.3695165208084323,3.378914252532515,-1.5917712052392763
1566,training,0.0016832571709528565,0.09966180846095085,0.020950209717157137,1.3689073069727427,3.338993387831711,-1.581811560219629
1567,training,0.0015319683589041233,0.12767576798796654,0.020950209717157137,1.3687016561688656,3.2791439009234202,-1.5665495078904823
1568,training,0.0015371781773865223,0.12402744963765144,0.020950209717157137,1.3688321288133565,3.2591964058095924,-1.5627102621041613
1569,training,0.0005515669472515583,0.12057449854910374,0.020950209717157137,1.3693095457121525,3.219308939443284,-1.5553532251005349
1570,training,0.0017615180695429444,0.0924244374036789,0.020950209717157137,1.3700744301175625,3.1793714556110033,-1.5483279976926598
1571,training,0.005382755305618048,0.03087432123720646,0.015810546353773026,1.371586171647321,3.119456443307683,-1.543249761566484
1572,training,0.0025211728643625975,0.0979570671916008,0.015810546353773026,1.3727760884841518,3.0795436174240702,-1.5387633406580805
1573,training,0.0002164687030017376,0.13031522557139397,0.015810546353773026,1.3734601449563597,3.059579602687688,-1.5346234551859206
1574,training,0.0020614436361938715,0.10756529308855534,0.015810546353773026,1.3759801837098011,2.999840840311985,-1.522424419937531
1575,training,0.0007968389545567334,0.17298055812716484,0.015810546353773026,1.3780596270351637,2.9599253490675435,-1.5160113901222934
1576,training,0.0008746087551116943,0.13611411675810814,0.019105564560337455,1.380339720080396,2.9200402382977146,-1.5108893845897935
1577,training,0.0002724743389990181,0.061715323477983475,0.019105564560337455,1.382899290538518,2.880284144004278,-1.5020612052631057
1578,training,0.002313819946721196,0.15888910740613937,0.019105564560337455,1.3843166822665758,2.8603540649111907,-1.498777619339713
1579,training,0.0008881345856934786,0.049074212554842234,0.019105564560337455,1.3872579820969946,2.8205041733620044,-1.4959027848126965
1580,training,0.001216275617480278,0.12184717506170273,0.019105564560337455,1.390317346399957,2.780763300188957,-1.492810847763326
1581,training,0.0048515344969928265,0.03862687200307846,0.019105564560337455,1.3934573459718054,2.7409102137651162,-1.4926103954900392
1582,training,0.004841753281652927,0.07198694348335266,0.019105564560337455,1.3965667208843877,2.7010588374292817,-1.492826631753308
1583,training,0.0006982635241001844,0.11373741435818374,0.008000189061203429,1.3997122258510324,2.661237466656419,-1.4915699827470903
1584,training,0.0007310626679100096,0.11947490647435188,0.008000189061203429,1.4028680414591457,2.6213835660838365,-1.4926761071383305
1585,training,0.0018209766130894423,0.10122825298458338,0.008000189061203429,1.4076724548703548,2.5616857563150415,-1.4854756507475868
1586,training,0.0004665757587645203,0.08192592114210129,0.008000189061203429,1.4094074449867877,2.541795513361756,-1.4834147119073928
1587,training,0.002643924206495285,0.1338320253416896,0.008000189061203429,1.4129248877491853,2.5019465026973,-1.4826901582654743
1588,training,0.0015195573214441538,0.07173591200262308,0.008000189061203429,1.4164602334459102,2.462194993549976,-1.4825799311921735
1589,training,0.002240679692476988,0.07341156620532274,0.005268396493955041,1.4199452716187386,2.422371040920165,-1.4850292894731407
1590,training,0.0009117102017626166,0.0743926614522934,0.005268396493955041,1.423337671263549,2.38256793931195,-1.485918851023383
1591,training,0.001524952007457614,0.0333928968757391,0.005268396493955041,1.4283756638828735,2.3228012480744695,-1.4895059639388166
1592,training,0.002289210446178913,0.02519202791154385,0.005268396493955041,1.4315227213123516,2.2829621698591636,-1.4938832441208076
1593,training,0.0007348601939156651,0.015527576208114631,0.005268396493955041,1.434530460057069,2.2430433981997973,-1.49780391179305
1594,training,0.001013807486742735,0.11524603515863419,0.005268396493955041,1.4359587563054599,2.223093125255237,-1.5016395837880485
1595,training,0.0010433507850393653,0.05522259324789047,0.015200332794353443,1.4386015047295777,2.18321809245437,-1.504882814984787
1596,training,0.005338272545486689,0.08613871829584241,0.015200332794353443,1.4412276533385662,2.143299877363935,-1.5066049346246817
1597,training,0.0005809628637507558,0.07647830247879028,0.015200332794353443,1.4437668717678325,2.1033971492246484,-1.5074484707746463
1598,training,0.0005003074184060097,0.1285345647484064,0.015200332794353443,1.4463522984106472,2.0635812930449293,-1.5038974905401852
1599,training,0.0007005514926277101,0.01017710193991661,0.015200332794353443,1.4505192144566148,2.0037652195483884,-1.499758860395414
1600,training,0.0029192871879786253,0.07823249924695119,0.021276198826559168,1.4533838881394585,1.9639598076442213,-1.4984325134477494
1601,training,0.0034983730874955654,0.05569949233904481,0.021276198826559168,1.4562987295438512,1.9240759138892747,-1.4980252795073414
1602,training,0.00293137738481164,0.10342400893568993,0.021276198826559168,1.4606042305476314,1.8643149253790299,-1.4995866949968475
1603,training,0.0007660119445063174,0.11760232597589494,0.021276198826559168,1.4620611407517954,1.844405371970025,-1.4949880948000562
1604,training,0.0011865095002576709,0.09479033946990968,0.021276198826559168,1.4652913376037777,1.804656987673197,-1.4836813876283537
1605,training,0.0025328933261334896,0.07152033224701881,0.021276198826559168,1.4690559659528077,1.7649726474582579,-1.4680453107234894
1606,training,0.0006777945091016591,0.13356086611747742,0.021340435138461282,1.4734487370996439,1.725364282565157,-1.453877668450014
1607,training,0.0011957334354519844,0.208956778049469,0.021340435138461282,1.4758395729674756,1.7056051106545829,-1.446334209192606
1608,training,0.00040443820762448013,0.23560141772031784,0.021340435138461282,1.481204735983176,1.6660511917667007,-1.4236713250259412
1609,training,0.0030356773640960455,0.259721115231514,0.021340435138461282,1.4875760976943522,1.6268838079064722,-1.396100872982173
1610,training,0.0022238134406507015,0.25232331454753876,0.021340435138461282,1.4950134351386755,1.5878797819644734,-1.3664868330853501
1611,training,0.0019612296018749475,0.20995112508535382,0.021340435138461282,1.5037350225066501,1.5488963494920351,-1.3344514909131675
1612,training,0.0014204607577994466,0.22858437150716782,0.04253464711384841,1.5135478990260378,1.5105320522001047,-1.3078032914785716
1613,training,0.002826745854690671,0.2469262331724167,0.04253464711384841,1.5244104395237572,1.4721835855945966,-1.280524940270348
1614,training,0.008521676063537598,0.2109183594584465,0.04253464711384841,1.5363548530006716,1.4342292359189945,-1.2501678984354387
1615,training,0.002809022320434451,0.32408852875232697,0.04253464711384841,1.5494308274976132,1.3968091703284917,-1.22081911321424
1616,training,0.0034146830439567566,0.2616450563073158,0.04253464711384841,1.5635621400821882,1.3597106290918837,-1.189719781477956
1617,training,0.0005743997171521187,0.2634943872690201,0.04253464711384841,1.5789192658625655,1.323200660994488,-1.159075016933142
1618,training,0.005826136097311974,0.2819170579314232,0.04253464711384841,1.5953238038409423,1.2869831673695282,-1.1313849372645788
1619,training,0.003045117948204279,0.2761191613972187,0.04086233390194744,1.6127595329899362,1.2514383097542017,-1.0961209919097472
1620,training,0.0017875249031931162,0.21828430891036985,0.04086233390194744,1.631610428382387,1.2165544803086572,-1.0531230587311218
1621,training,0.002933375770226121,0.3176758587360382,0.04086233390194744,1.651734755970696,1.182516373032463,-1.022098915403541
1622,training,0.002084172796458006,0.39627404510974884,0.04086233390194744,1.6730505717822695,1.1490268691534062,-0.9815615939390133
1623,training,0.0020804672967642546,0.3787709474563599,0.04086233390194744,1.6958520926848804,1.1165747072258008,-0.9321836492536351
1624,training,0.0008476335788145661,0.4303823411464691,0.12515591564924974,1.720162979187634,1.0855567683006053,-0.8799428178428746
1625,training,0.0017998358234763145,0.2815232044085861,0.12515591564924974,1.7461859964381168,1.0556993455729917,-0.82768329353176
1626,training,0.0011133921798318624,0.31381794810295105,0.12515591564924974,1.773675560059878,1.0273137415625049,-0.774367634499517
1627,training,0.00046786945313215256,0.2373943589627743,0.11728582986591463,1.8026245689860372,1.000461939973565,-0.7236874892622019
1628,training,0.02691507712006569,0.26322677358984947,0.11728582986591463,1.8328116701599244,0.9749184729008671,-0.6835405900589836
1629,training,0.0012623367365449667,0.178423672914505,0.11728582986591463,1.8641566668686627,0.9503138561157182,-0.6453135884658094
1630,training,0.001585386460646987,0.07906654477119443,0.11728582986591463,1.8961881598535892,0.9272788107737555,-0.6015629741732232
1631,training,0.0006034696707502007,0.00647597014904025,0.11728582986591463,1.9293709245249113,0.9055480065527617,-0.5585062096618283
1632,training,0.0004692678921855986,0.021082326769828796,0.11728582986591463,1.9636066209689729,0.8850215386797227,-0.5253544650205065
1633,training,0.00047262239968404174,0.031069234013557406,0.11728582986591463,1.9981599761155384,0.8656221632290523,-0.49797025657590716
1634,training,0.002722417935729027,0.004789635539054871,0.11206621518454571,2.0333912106990604,0.8471986714966044,-0.46469884828462293
1635,training,0.00229311129078269,0.036538973450660706,0.11206621518454571,2.0691905906588297,0.8299336283100237,-0.4358556382181851
1636,training,0.0032105206046253443,0.02335323393344879,0.11206621518454571,2.1054188693969444,0.8137071954557685,-0.4047315679610217
1637,training,0.014672892168164253,0.03664755821228027,0.11206621518454571,2.160693409669076,0.7916043546487775,-0.3563555043623024
1638,training,0.00029084796551615,0.03206172585487363,0.11206621518454571,2.179389104372551,0.7848201527828047,-0.340268033956277
1639,training,0.0013122942764312029,0.05097736418247223,0.11206621518454571,2.2169334467093926,0.7721659354947946,-0.31131035262669376
1640,training,0.009611111134290695,0.012937575578689575,0.08663202072311,2.25495683603944,0.7605245612119738,-0.2812620177914608
1641,training,0.00492556206882,0.01788649708032608,0.08663202072311,2.2934550077076654,0.7499875227563514,-0.253599294889884
1642,training,0.014417899772524834,0.0056923553347587585,0.08663202072311,2.331946575851654,0.7404972882033471,-0.23054540962120257
1643,training,0.00017878046492114663,0.024271614849567413,0.08663202072311,2.3709624243243343,0.731765295404121,-0.20981397868564175
1644,training,0.0006281493115238845,0.04431634396314621,0.08663202072311,2.4099469728556575,0.723858883658102,-0.18972533269000566
1645,training,0.006227854639291763,0.026736609637737274,0.05705237854953542,2.4687998655640224,0.7136435814229469,-0.15345144951075146
1646,training,0.004428595304489136,0.023774340748786926,0.05705237854953542,2.4885127226336246,0.7107005664783655,-0.1433728351041339
1647,training,0.001423808396793902,0.008528023958206177,0.05705237854953542,2.527917572631842,0.7053850593628505,-0.126404744112413
1648,training,0.00012449325004126877,0.023978270590305335,0.05705237854953542,2.567588000303384,0.7006241141679573,-0.11285972789837731
1649,training,0.0019385663326829672,0.02699102833867073,0.05705237854953542,2.607212525708979,0.6963448992679748,-0.10269615609140717
1650,training,0.0017790617421269417,0.0014201439917087624,0.05705237854953542,2.646881939917572,0.6924864291485618,-0.09194510229200291
1651,training,0.001896680099889636,0.0224812813103199,0.05705237854953542,2.6866270364104934,0.6889862881556862,-0.08487708301044791
1652,training,0.007369357161223888,0.06741949170827866,0.037982692867528006,2.7264165207560938,0.6857731079405252,-0.0757340555723631
1653,training,0.0010262872092425823,0.023355992510914806,0.037982692867528006,2.7662485520351026,0.6829449963292585,-0.06745392027369912
1654,training,0.008139681071043015,0.0047337170690298115,0.037982692867528006,2.806035199417782,0.6803290451456203,-0.06428112335614294
1655,training,0.0014140850398689508,0.014772235415875908,0.037982692867528006,2.845905593862172,0.6778586716282592,-0.05927287936211433
1656,training,0.000863232184201479,0.037749502807855606,0.037982692867528006,2.8857180176708286,0.6756054339734655,-0.05521810144678099
1657,training,0.0020976702217012644,0.023934300988912582,0.037982692867528006,2.925652281666749,0.6734634121160393,-0.052172098598192156
1658,training,0.003853965550661087,0.005032213404774666,0.014824065025636065,2.9655420299441344,0.6714818475740847,-0.04686901198425797
1659,training,0.001660450012423098,0.0065676886588335,0.014824065025636065,3.005356303194374,0.6696868783871652,-0.04403842493432951
1660,training,0.0017458475194871426,0.009485420770943167,0.014824065025636065,3.0453180472788524,0.6680027274485149,-0.03992884382277479
1661,training,0.0006741738761775196,0.021491268649697307,0.014824065025636065,3.0851612251102853,0.6665213811644893,-0.03593972408492455
1662,training,0.00551109854131937,0.0501436498016119,0.014824065025636065,3.1250941741600893,0.6651338768965555,-0.033163090527666514
1663,training,0.001489138463512063,0.03732786234468222,0.014824065025636065,3.1650410384692242,0.6639143628902316,-0.027496211336456307
1664,training,0.00939159095287323,0.018911655992269516,0.009894078700952035,3.2048527861908407,0.6629212036561223,-0.02345826691851827
1665,training,0.002852708101272583,0.009297294542193413,0.009894078700952035,3.244878565130539,0.662056984857956,-0.020310283232005188
1666,training,0.0010723916348069906,0.009180213324725628,0.009894078700952035,3.284778180482197,0.6613361704564977,-0.016294896525553045
1667,training,0.0012331148609519005,0.0064114476554095745,0.009894078700952035,3.324654345541203,0.660723678517407,-0.014530639035998447
1668,training,0.0011465710122138262,0.012652141973376274,0.009894078700952035,3.364669349458609,0.6601908921762754,-0.012394420749607447
1669,training,0.0026830825954675674,0.02082119882106781,0.025224224655341704,3.4244838233992394,0.6595000154279188,-0.01168209878431698
1670,training,0.001759266247972846,0.018331746105104685,0.025224224655341704,3.4445281907004413,0.6592648573075036,-0.011916693225130453
1671,training,0.0036225682124495506,0.012192226015031336,0.025224224655341704,3.504363665728619,0.6586086132268951,-0.011028327376960701
1672,training,0.0014705806970596313,0.021524732117541134,0.025224224655341704,3.5443758345363148,0.6581820073513517,-0.009959846624118217
1673,training,0.0010079486528411508,0.010791073989821598,0.025224224655341704,3.604260437261275,0.6576944856377297,-0.008082152332090751
1674,training,0.0020034732297062874,0.0018051881343126297,0.028882581625407192,3.6242281774396794,0.6575321901405056,-0.008550606676278391
1675,training,0.0030229492112994194,0.0011998843401670456,0.028882581625407192,3.6642968213933664,0.6571820649327719,-0.008929729109427366
1676,training,0.005111086182296276,0.008413959294557571,0.028882581625407192,3.704177070726635,0.6568526123000197,-0.008651734964555204
1677,training,0.0005104268784634769,0.006365189794450998,0.028882581625407192,3.744164032557602,0.6564960274921601,-0.009497991710676293
1678,training,0.0015097904251888394,0.009049974847584963,0.028882581625407192,3.76420480032654,0.6563092665063052,-0.009354425776943115
1679,training,0.0007717047119513154,0.027442180027719587,0.028882581625407192,3.8040831998744475,0.6559828834348596,-0.00791485915007966
1680,training,0.0006115302676334977,0.036462810821831226,0.028882581625407192,3.84401931439364,0.655668557469072,-0.008335415724656398
1681,training,0.001572221633978188,0.02398018236272037,0.028449458972650426,3.9040015220739646,0.6552117580770724,-0.006835760787256754
1682,training,0.0033985543996095657,0.02629876881837845,0.028449458972650426,3.923904619890426,0.6550772301900311,-0.00707339061116653
1683,training,0.002897885162383318,0.019842143170535564,0.028449458972650426,3.9639483600677816,0.6547998008536174,-0.006439884366801889
1684,training,0.0005722985370084643,0.000654132105410099,0.028449458972650426,4.003902459383915,0.6546177268983295,-0.0028501875925319026
1685,training,0.0010360111482441425,0.010731736198067665,0.028449458972650426,4.04375820440336,0.654506740869734,-0.0033446759048743123
1686,training,0.000921641243621707,0.018580792471766472,0.028449458972650426,4.083823442189653,0.6543703324502228,-0.003414621649556241
1687,training,0.0020591116044670343,0.0031886030919849873,0.02806596411644083,4.14368422861689,0.6541883857878442,-0.0037069472803888887
1688,training,0.0021791234612464905,0.014385758899152279,0.02806596411644083,4.183758632718739,0.6540314477384697,-0.00420295466404897
1689,training,0.0013788503129035234,0.028487835079431534,0.02806596411644083,4.2236489965919635,0.6538858852126257,-0.00400446350428103
1690,training,0.002027111127972603,0.01707009458914399,0.02806596411644083,4.263643498233505,0.6537121183778337,-0.004923757494300301
1691,training,0.0003952244878746569,0.0052705961279571065,0.02806596411644083,4.303672028165712,0.6535296125563832,-0.0038966822614905725
1692,training,0.0005096510285511613,0.014148307964205742,0.030831114473884057,4.343506493738858,0.6533970211953039,-0.003406852289944945
1693,training,0.0011755088344216347,0.012875284999608994,0.030831114473884057,4.363523834013285,0.6533318669746748,-0.003512774687467908
1694,training,0.001753791468217969,0.006704073894070461,0.030831114473884057,4.403565291852607,0.6531970059634703,-0.003107453402596252
1695,training,0.0008337598410435021,0.016086386516690254,0.030831114473884057,4.443437984315956,0.6530811412538889,-0.003492948101588841
1696,training,0.0019109316635876894,0.0008037937805056563,0.030831114473884057,4.483497315531654,0.6529296311552026,-0.004187685292065099
1697,training,0.0003350545885041356,0.0156546114012599,0.030831114473884057,4.523449382543933,0.6527972476649442,-0.0028168065426369495
1698,training,0.0006769448518753052,0.028772767633199692,0.030831114473884057,4.563334195694385,0.6527083610313197,-0.0015711932470100908
1699,training,0.002742156619206071,0.00983835943043232,0.03256831239848194,4.603397718813086,0.6526770252276181,-0.0005432106628896604
1700,training,0.0036680130288004875,0.01926061511039734,0.03256831239848194,4.643289290142762,0.6526747302047506,-0.0003704081962310342
1701,training,0.0003754824574571103,0.01107303611934185,0.03256831239848194,4.683314179138925,0.6526494045855058,-0.0010365384559663932
1702,training,0.0011028216686099768,0.007161728106439114,0.03256831239848194,4.723326136333514,0.6526228589493566,-0.00030869015298967087
1703,training,0.001275345217436552,0.0058722104877233505,0.03256831239848194,4.763214325207317,0.6526088471039575,-0.0009239159347695155
1704,training,0.0005129306809976697,0.026823289692401886,0.022581045801355254,4.803298651834383,0.6525668399127258,-0.001264535053937022
1705,training,0.003978211432695389,0.006289479788392782,0.022581045801355254,4.843201443482966,0.652542494526284,-0.0007561305250703492
1706,training,0.0011878623627126217,0.013552602380514145,0.022581045801355254,4.883186303216396,0.652501098502293,-0.001659647178792365
1707,training,0.0009716028580442071,0.005131593905389309,0.022581045801355254,4.923231219571335,0.6524385965524949,-0.0013130287797140075
1708,training,0.000726894591934979,0.0352809764444828,0.022581045801355254,4.9631073192204465,0.6523930339623458,-0.00166325354910189
1709,training,0.0013285368913784623,0.0413445420563221,0.022581045801355254,5.003173945552724,0.6523180345881723,-0.002211443267369829
1710,training,0.0010393818374723196,0.01992935687303543,0.022108444006365205,5.043118583598827,0.6522551136722069,-0.0014908120374766182
1711,training,0.00018361338879913092,0.012974021956324577,0.022108444006365205,5.0830484395723055,0.6521876733585141,-0.002237010279387417
1712,training,0.002383724320679903,0.03659798204898834,0.022108444006365205,5.1231122089197765,0.6520995313534553,-0.0021223789923201122
1713,training,0.0005737601895816624,0.04667926952242851,0.022108444006365205,5.162991993787872,0.6520316860071728,-0.0021041120654052507
1714,training,0.005965608172118664,0.04006994003430009,0.022108444006365205,5.223049098863467,0.6518877548064302,-0.002555541461472776
1715,training,0.0013797804713249207,0.03337312862277031,0.019542510440762457,5.262918194657137,0.6518195141036348,-0.0017128757311703222
1716,training,0.0018420749111101031,0.004879934713244438,0.019542510440762457,5.282890096579753,0.6517838570517884,-0.0020478750207846667
1717,training,0.001834111288189888,0.031030302867293358,0.019542510440762457,5.322970978069534,0.6516984112666089,-0.0023123817564039847
1718,training,0.0009407551842741668,0.044819846749305725,0.019542510440762457,5.382824012465748,0.6515932296087502,-0.0022820607139540047
1719,training,0.0014846035046502948,0.07111786538735032,0.019542510440762457,5.422905008208597,0.6514975467439362,-0.00270503451415972
1720,training,0.0026195591781288385,0.07777901738882065,0.012204697502371182,5.46278884067422,0.6514329339254505,-0.001385397237751041
1721,training,0.0023694413248449564,0.055372454226017,0.012204697502371182,5.502759725328382,0.6513766051489582,-0.0018800815356247197
1722,training,0.0017930663889274001,0.014024989679455757,0.012204697502371182,5.5428080259930335,0.6513076291981308,-0.0014902039895520283
1723,training,0.01088697835803032,0.023612309247255325,0.012204697502371182,5.582659020965028,0.6512692472333687,-0.0004933799464051125
1724,training,0.002098171040415764,0.030822576954960823,0.012204697502371182,5.622707774297916,0.6512753154329136,0.0001239802149804728
1725,training,0.001489215181209147,0.03775514289736748,0.012204697502371182,5.66267223659456,0.6513067727173343,0.0009764823028341308
1726,training,0.0004653796786442399,0.020518582314252853,0.0033817743452862347,5.702591116953792,0.6513391806046048,0.00028279860782695957
1727,training,0.0036315475590527058,0.00345693901181221,0.0033817743452862347,5.742658077194143,0.6513505104227957,0.00035882639137478243
1728,training,0.0012706846464425325,0.02567994361743331,0.0033817743452862347,5.782551453963826,0.6513856185059509,0.0005945509304157343
1729,training,0.0014930597972124815,0.047722071409225464,0.0033817743452862347,5.822575004836425,0.6513968365478195,-0.00025984443755032726
1730,training,0.0006461582379415631,0.010259839706122875,0.0033817743452862347,5.842608848904861,0.6513961240254184,-0.0001534577592695132
1731,training,0.0014951617922633886,0.02807023376226425,0.012476537006076368,5.902470282823362,0.6514197257009546,-9.267029000396372e-05
1732,training,0.0012959821615368128,0.0057226140052080154,0.012476537006076368,5.942556324745054,0.6514116689155965,-0.00043647154450109326
1733,training,0.0013243439607322216,0.003394952043890953,0.012476537006076368,5.9625369664372005,0.65141116948243,0.00020628017327771174
1734,training,0.0035283502656966448,0.03398500755429268,0.012476537006076368,6.022441242082821,0.651417300324137,-0.0005499428343079073
1735,training,0.002448537154123187,0.03649388626217842,0.012476537006076368,6.042495893946512,0.6514086433259438,-0.0006695496646761173
1736,training,0.0014189446810632944,0.0267061535269022,0.012476537006076368,6.0824183419734,0.6514062356730409,-7.586970304126815e-05
1737,training,0.0008320171036757529,0.03304842859506607,0.023774962504676093,6.122379458969556,0.6513977649235834,-0.0007126590904490294
1738,training,0.0005897851078771055,0.042786888778209686,0.023774962504676093,6.162442288531899,0.65137277208151,-0.0004577351037274108
1739,training,0.001272129244171083,0.03996152803301811,0.023774962504676093,6.202321278771631,0.6513677004218815,-0.0005370153520284291
1740,training,0.0007510755094699562,0.09587445110082626,0.023774962504676093,6.262391614285215,0.6513205265151787,-0.0008197913993781961
1741,training,0.0010038662003353238,0.08089073747396469,0.023774962504676093,6.30227548667056,0.6513055187079977,-0.0007175304205275798
1742,training,0.0026343215722590685,0.028680309653282166,0.027371932705078768,6.342305514747408,0.6512669179448566,-0.00135691036755424
1743,training,0.0016015155706554651,0.08222631365060806,0.027371932705078768,6.38231422949193,0.6512285525060153,-0.0006234187471378526
1744,training,0.0004879423067905009,0.05979694426059723,0.027371932705078768,6.402229115116356,0.6512190116032717,-0.0009096722992383527
1745,training,0.0006868151249364018,0.10194423794746399,0.027371932705078768,6.462284550525006,0.6511443128715523,-0.0015629388347954932
1746,training,0.0009629422565922141,0.045830562710762024,0.027371932705078768,6.50218070645795,0.6511080850176483,-0.001108222622060003
1747,training,0.0007455348968505859,0.0671539157629013,0.027371932705078768,6.522139012302435,0.6510853337063455,-0.0014710987503184006
1748,training,0.001257878146134317,0.0562236406840384,0.03515736242720363,6.582207415330442,0.6509914870461947,-0.0012766344492409732
1749,training,0.0007221372798085213,0.047522980719804764,0.03515736242720363,6.622044766725321,0.650957134252395,-0.0009851374881129518
1750,training,0.001496681827120483,0.04793694615364075,0.03515736242720363,6.642059935804004,0.6509361882583137,-0.0012636248748139757
1751,training,0.0010405007051303983,0.05348113179206848,0.03515736242720363,6.682116102833489,0.6508910401397648,-0.0009211411060194396
1752,training,0.0009139206958934665,0.021370157599449158,0.03515736242720363,6.721990188153773,0.6508649473725248,-0.001107686609577132
1753,training,0.0005244838539510965,0.01703594485297799,0.03515736242720363,6.7620478270744755,0.6508119419211039,-0.0016875158148724361
1754,training,0.0033979506697505713,0.0018130280077457428,0.04101159707277012,6.821915892107492,0.6507767321225428,-0.0002382429632370908
1755,training,0.0010780512820929289,0.03116597607731819,0.04101159707277012,6.861951788949616,0.6507631478393124,-0.0006516643222358635
1756,training,0.0006384444423019886,0.03317646682262421,0.04101159707277012,6.881981549352928,0.6507561880014245,-0.00042521703226705386
1757,training,0.0012889173813164234,0.001155083067715168,0.04101159707277012,6.921870005744916,0.6507591934897787,-0.0001984035023602039
1758,training,0.0032338101882487535,0.02167784795165062,0.04101159707277012,6.961888549621018,0.6507415151175024,-0.0008491932074367681
1759,training,0.0008836672641336918,0.022111250087618828,0.045655804447873725,7.001910891294535,0.6507205064616869,-0.00017099948202930657
1760,training,0.0003851064248010516,0.042289141565561295,0.045655804447873725,7.04179120006118,0.6507133246338513,-0.0007335399826107359
1761,training,0.003272992791607976,0.007996323052793741,0.045655804447873725,7.081878857831609,0.6506801326224415,-0.0011086277173668077
1762,training,0.00036496444954536855,0.023164227604866028,0.045655804447873725,7.121763693156959,0.650667060970091,-9.425785293241425e-05
1763,training,0.001041144598275423,0.019219007343053818,0.045655804447873725,7.181790042826711,0.6506668035373385,-0.0003933527290637244
1764,training,0.002008135197684169,0.010031528276158497,0.045655804447873725,7.221715980353563,0.6506759351244821,0.0002111597407637181
1765,training,0.002104424638673663,0.03231247514486313,0.03691550384032707,7.26167248418909,0.6506779836696679,-0.00047548627335519694
1766,training,0.00039939716225489974,0.013443930074572563,0.03691550384032707,7.301741498987837,0.6506609046724923,-0.0002873081831456382
1767,training,0.009397956542670727,0.03981902450323105,0.03691550384032707,7.341618258471071,0.650663308494133,-0.00033003893416467075
1768,training,0.000248415773967281,0.010402319952845573,0.03691550384032707,7.361613668215429,0.6506556627700234,-0.0006738631475886005
1769,training,0.001315140980295837,0.00921496469527483,0.03691550384032707,7.40169140487249,0.650628466445666,-0.0006371947101949901
1770,training,0.0009791459888219833,0.010614914819598198,0.03691550384032707,7.441574033367039,0.6506212776937852,-0.0005040927935808819
1771,training,0.00022341133444570005,0.004439645912498236,0.03691550384032707,7.481600966794153,0.6505914429282299,-0.001134331863698281
1772,training,0.0057046301662921906,0.009961370378732681,0.029123572817142326,7.521621936251225,0.6505703269535165,0.0002954686075431089
1773,training,0.00030517324921675026,0.0037103965878486633,0.029123572817142326,7.581522977426336,0.6505918341693995,-0.0002299365997053012
1774,training,0.00029292289400473237,0.018183715641498566,0.029123572817142326,7.601575404670757,0.6505910825243947,-0.0002271773556273234
1775,training,0.0001868652179837227,0.027858225628733635,0.029123572817142326,7.641475693887137,0.6506082412875793,0.00030565219276293165
1776,training,0.0017161219147965312,0.0338951051235199,0.029123572817142326,7.681458498524029,0.6506118553455009,-0.00035751863412466746
1777,training,0.0014293825952336192,0.00993156110689597,0.02158383095504161,7.721508139737832,0.650605348802595,0.00011753963590528362
1778,training,0.0010055413004010916,0.01893044263124466,0.02158383095504161,7.7613824063861605,0.6506169209636273,-0.0001849705656571715
1779,training,0.0002514722291380167,2.0868144929409027e-05,0.02158383095504161,7.801453263616623,0.6506014848155971,-0.0006765406467539065
1780,training,0.0013304604217410088,0.005697222426533699,0.02158383095504161,7.86133547641915,0.6505986566127555,-0.00034633326351267505
1781,training,0.0005927131278440356,0.018803197890520096,0.02158383095504161,7.881336511608291,0.6505907957904317,-0.0006818781961464391
1782,training,0.0016222984995692968,0.0007571112364530563,0.02158383095504161,7.921412558811226,0.6505643885130167,-0.0005755367532214807
1783,training,0.0015637045726180077,0.015247238799929619,0.026791192941704983,7.9612904091917525,0.6505578670917916,-0.0005202978278701438
1784,training,0.0007447627140209079,0.008788416627794504,0.026791192941704983,8.001326212449586,0.6505276462725642,-0.0011249978449623178
1785,training,0.0036045329179614782,0.02673007920384407,0.026791192941704983,8.04132968125004,0.6505041995918983,5.746429496777283e-05
1786,training,0.003141990629956126,0.0358056016266346,0.026791192941704983,8.081198581577993,0.6505101705705841,-0.00033707484564051327
1787,training,0.0008611648809164762,0.016654647886753082,0.026791192941704983,8.121290965954364,0.6504932536960126,-0.0005955253389635439
1788,training,0.0009871002985164523,0.02003476396203041,0.026791192941704983,8.1611838071116,0.6504952050771631,-0.0001516822152546716
1789,training,0.0003231025184504688,0.0028996802866458893,0.04075940611037836,8.201176024703114,0.6504799381454839,-0.000808932551891176
1790,training,0.006552885752171278,0.006567003671079874,0.04075940611037836,8.241221634726685,0.6504563078803138,-0.00028485127778139
1791,training,0.0016322553856298327,0.012042182497680187,0.04075940611037836,8.28106266334305,0.6504633300071294,0.0001966969067964757
1792,training,0.002280412707477808,0.02837858349084854,0.04075940611037836,8.32113483874035,0.6504793108030712,0.00028657619466234394
1793,training,0.005048173479735851,0.03900400549173355,0.04075940611037836,8.361062289289338,0.6505181772757276,0.000953040955933239
1794,training,0.000924406573176384,0.012841030955314636,0.04251955053187448,8.42106881252685,0.6505567323710558,0.00017738747825658515
1795,training,0.0016150278970599174,0.01073601096868515,0.04251955053187448,8.461032688188869,0.6505882293809567,0.0009494482471012499
1796,training,0.00076839211396873,0.008760224096477032,0.04251955053187448,8.48095843200334,0.6506083464275472,0.000626247193154753
1797,training,0.007877789437770844,0.038269806653261185,0.04251955053187448,8.521003102368457,0.6506242079579151,5.8710692621825553e-05
1798,training,0.001509286230430007,0.03182530403137207,0.04251955053187448,8.560994949695548,0.6506473658289517,0.0008388813803538928
1799,training,0.0006102307233959436,0.04160172864794731,0.04251955053187448,8.60089284320806,0.6506758301326961,0.0002166725514377532
1800,training,0.0014252507826313376,0.0020411210134625435,0.04251955053187448,8.640982405232709,0.65068187067801,5.834282880889569e-05
1801,training,0.00480106845498085,0.016971414908766747,0.041673392561766893,8.680870853319375,0.6507089622790638,0.00045963532170736844
1802,training,0.001415338832885027,0.029939357191324234,0.041673392561766893,8.720873028216028,0.6507182571318124,-0.00018113045499774705
1803,training,0.0007997774519026279,0.015611718408763409,0.041673392561766893,8.760910579229817,0.6507218339301364,0.00042251512022610304
1804,training,0.0008846487035043538,0.010789066553115845,0.041673392561766893,8.820809739573031,0.650740739857052,-0.00031387904745208434
1805,training,0.0009541636100038886,0.005037352006183937,0.03538679757410915,8.86086564909497,0.6507350132635732,0.00012044859563824625
1806,training,0.0010528494603931904,0.0007563354447484016,0.03538679757410915,8.900737898847499,0.6507470159404403,-0.0001769640972390709
1807,training,0.0028978886548429728,0.003618239425122738,0.03538679757410915,8.92074996773013,0.6507424047516742,-0.0005053320467507088
1808,training,0.0014778042677789927,0.0032527875155210495,0.03538679757410915,8.96082049866536,0.6507255659133936,-0.00025352743226553644
1809,training,0.0008638740982860327,0.005294105038046837,0.03538679757410915,9.000691690728551,0.6507277037725464,-0.00035035234884876374
1810,training,0.0005239298334345222,0.03949328884482384,0.03538679757410915,9.040744176462495,0.6507052406119672,-0.0008993212164084264
1811,training,0.004253029357641935,0.02387462928891182,0.03538679757410915,9.08072998519301,0.6506882608362206,-0.0001921454616650419
1812,training,0.005931360647082329,0.011543438769876957,0.023332853113259052,9.120631428987435,0.6506743039938008,-0.0008661262937164135
1813,training,0.0007415621657855809,0.01637294329702854,0.023332853113259052,9.160719807855598,0.6506377707281432,-0.0009755158655345168
1814,training,0.00042474892688915133,0.010210055857896805,0.023332853113259052,9.200571827060266,0.6506408031200416,0.00042067720338770425
1815,training,0.0015101933386176825,0.006107722409069538,0.023332853113259052,9.24057713555248,0.6506672583884733,0.00038981953188605784
1816,training,0.0011433103354647756,0.020778261125087738,0.023332853113259052,9.30052172191387,0.6507247602049941,0.0009819977523618723
1817,training,0.0005076078814454377,0.005713919177651405,0.023332853113259052,9.320480600289413,0.6507433571330896,0.0006480409418059799
1818,training,0.0012424924643710256,0.0033006155863404274,0.016865978670572362,9.360566806211178,0.6507646022846697,0.00030337481631260115
1819,training,0.001093490980565548,0.006211732514202595,0.016865978670572362,9.420427655530418,0.6508215507988407,0.0006010617368809408
1820,training,0.001621324336156249,0.028104115277528763,0.016865978670572362,9.440445183424783,0.6508326599805355,0.00029226963184049654
1821,training,0.0021790405735373497,0.015457016415894032,0.016865978670572362,9.480505736789272,0.6508503424894995,0.0006735866137066243
1822,training,0.0017346548847854137,0.012006886303424835,0.016865978670572362,9.540382560248032,0.6508984125273689,0.00022300674436679836
1823,training,0.00042140460573136806,0.03997303266078234,0.016865978670572362,9.560438144321779,0.6509012381672316,3.595434133550058e-05
1824,training,0.0010155582567676902,0.03069230541586876,0.029246899921519277,9.60043494716485,0.6508663204111083,-0.003991181249963088
1825,training,0.00037326145684346557,0.03478127811104059,0.029246899921519277,9.64041160172711,0.6505378423957778,-0.0125666473046045
1826,training,0.0022761437576264143,0.015975002199411392,0.029246899921519277,9.680478150481498,0.6498843157779178,-0.019435928179806543
1827,training,0.001250560744665563,0.022505817003548145,0.029246899921519277,9.72037335707538,0.6490332725389877,-0.023718759529815392
1828,training,0.0008612126694060862,0.03888040222227574,0.029246899921519277,9.760366621063943,0.648066008703872,-0.02227177043090427
1829,training,0.0026362610515207052,0.0067507838830351795,0.029246899921519277,9.80033066220417,0.6473165209086212,-0.014786601212278079
1830,training,0.00030754684121347964,0.023915561847388748,0.018794212057609522,9.84011555048992,0.6468398140254905,-0.010530423628412685
1831,training,0.0007836840813979506,0.030256598256528378,0.018794212057609522,9.880176185471425,0.6464160325846091,-0.012600310730024952
1832,training,0.00012132278789067641,0.013556783087551596,0.018794212057609522,9.919995329554347,0.645956042252609,-0.010233657484248272
1833,training,0.0017007229616865516,0.007277726195752624,0.018794212057609522,9.959945130606034,0.6456062018513616,-0.007920601891544117
1834,training,0.0013690930791199207,0.011533207260072235,0.018794212057609522,9.999986021100701,0.6453441437953816,-0.004611718839465423
1835,training,0.0034257075749337673,0.0379019808024168,0.012153868008220776,10.039771411468767,0.6452248421624456,-0.002277890689020714
1836,training,0.0013143675168976188,0.0030459556728601456,0.012153868008220776,10.09983654983387,0.6451810506401279,0.0009578849838603038
1837,training,0.0014035571366548538,0.005170280113816263,0.012153868008220776,10.139641749970771,0.6452877414818806,0.003519270145609646
1838,training,0.0053995102643966675,0.013770542573183775,0.012153868008220776,10.17968002704997,0.645468802477643,0.005415585197320023
1839,training,0.0007967471610754728,0.016745041124522686,0.012153868008220776,10.199691850382347,0.6455913539069391,0.006516968540071618
1840,training,0.0023515699431300163,0.026105228811502457,0.012153868008220776,10.239582685358016,0.6458871063206697,0.007644715566074736
1841,training,0.000587138463743031,0.0016474071890115738,0.009365884537594188,10.279603091654606,0.6462214114275817,0.009542698804621247
1842,training,0.0009161084890365601,0.014641234651207924,0.009365884537594188,10.319564631528088,0.6466558777123002,0.011578733593997786
1843,training,0.0010839176829904318,0.009806926362216473,0.009365884537594188,10.359462042058322,0.6471197275473671,0.011208925219919778
1844,training,0.0014475688803941011,0.0153365358710289,0.009365884537594188,10.39954668806708,0.6475636849995047,0.011110498476685318
1845,training,0.0005226973444223404,0.0027171541005373,0.010895263434617141,10.439428433606832,0.6480471213649907,0.012117289601369815
1846,training,0.0005678076413460076,0.0076501090079545975,0.010895263434617141,10.479411084972853,0.6485244278918821,0.011563820285211869
1847,training,0.0037047010846436024,0.033236704766750336,0.010895263434617141,10.519419920217889,0.648998035450843,0.012520023664892998
1848,training,0.0004825350479222834,0.023745833430439234,0.010895263434617141,10.559304914924219,0.6495125522239239,0.01247566512720317
1849,training,0.002192168729379773,0.032917171716690063,0.010895263434617141,10.599383936577459,0.6499939334170551,0.011393665671041971
1850,training,0.0011286555090919137,0.03276408463716507,0.010895263434617141,10.639298542399537,0.6504809047001371,0.012460957967405654
1851,training,0.00105216761585325,0.016623545438051224,0.010895263434617141,10.679237212669443,0.6509747241337531,0.01194575762115038
1852,training,0.0008874097838997841,0.0248934137634933,0.006454964716256504,10.719267876012333,0.6514529575355367,0.012554246046526272
1853,training,0.000993573572486639,0.018267984502017498,0.006454964716256504,10.759161537860203,0.6519775425842842,0.012690900124606455
1854,training,0.0038383854553103447,0.011784171219915152,0.006454964716256504,10.819204750857143,0.6526724820548735,0.010376025300496946
1855,training,0.0007693691877648234,0.0357213094830513,0.006454964716256504,10.839169155662468,0.652884112937856,0.010266724101314887
1856,training,0.0006518963491544127,0.020876843482255936,0.006454964716256504,10.879076351277847,0.6532727455435787,0.009123776859804186
1857,training,0.0027205857913941145,0.006458777468651533,0.006771132218926915,10.91914755456652,0.6536347979418772,0.009155023616556018
1858,training,0.004609435331076384,0.01664783852174878,0.006771132218926915,10.959041815277038,0.6540230647390156,0.009052753264352228
1859,training,0.0012280449736863375,0.046440914273262024,0.006771132218926915,11.019091539978252,0.6545105939379564,0.0076889772606182315
1860,training,0.0004896975005976856,0.009288233210099861,0.006771132218926915,11.039046693328693,0.6546755990807777,0.008540776629913262
1861,training,0.000383113045245409,0.0003422936424612999,0.006771132218926915,11.0789376044313,0.655028764036856,0.00837874827036885
1862,training,0.0010006672237068415,0.012371047399938107,0.006771132218926915,11.119016356695061,0.6553553914187198,0.008006839535325891
1863,training,0.0013185522984713316,0.005334055051207542,0.00979081100089683,11.178873261530672,0.6558622123881528,0.0070211975354203945
1864,training,0.0013747314224019647,0.0010195611976087093,0.00979081100089683,11.218941527857773,0.6561193009625402,0.006124982733614538
1865,training,0.00035021838266402483,0.0063042567344382405,0.00979081100089683,11.258877247784348,0.656385127628744,0.006589101884775321
1866,training,0.004422507248818874,0.004056422971189022,0.00979081100089683,11.298806880342141,0.6566326779735575,0.005543213269385724
1867,training,0.0006466102786362171,0.012994903605431318,0.007434532551846107,11.338852740477186,0.656850471590621,0.005760542895177376
1868,training,0.0012071739183738828,0.013028182613197714,0.007434532551846107,11.378758302381527,0.6570983470274668,0.005658574010748911
1869,training,6.511836545541883e-05,0.002404642291367054,0.007434532551846107,11.418787656250585,0.6573084535645807,0.004783762074613318
1870,training,0.0004955473123118281,0.011145540978759527,0.007434532551846107,11.45877086176392,0.6575203738026371,0.005854090294514809
1871,training,0.0007803455227985978,0.00293832688475959,0.007434532551846107,11.478721218901722,0.6576394680431903,0.0052449904472251264
1872,training,0.0003069524245802313,0.015551985241472721,0.007434532551846107,11.518730533115503,0.6578217815065984,0.004022261613572872
1873,training,0.0003161400672979653,0.00254262238740921,0.007434532551846107,11.55873292794179,0.6579986167564037,0.004909472117261899
1874,training,0.0011394398752599955,0.002909236121922731,0.012197455567373196,11.618671316267138,0.6582569784504909,0.0025298413215344203
1875,training,0.0011806270340457559,0.007685582619160414,0.012197455567373196,11.638727838211556,0.6582987075735928,0.0019395993914222078
1876,training,0.0010100197978317738,0.005139877554029226,0.012197455567373196,11.678637993818754,0.658401740425813,0.002404965441416929
1877,training,0.0003016259288415313,0.022877933457493782,0.012197455567373196,11.738663675277374,0.658495946420248,0.0004648561878818494
1878,training,0.0010833588894456625,0.029148626257665455,0.012197455567373196,11.758658057967942,0.658516540541437,0.0009826624347603378
1879,training,0.002523271134123206,0.02845728537067771,0.012197455567373196,11.798536693839214,0.6585681152225124,0.0007693858505539221
1880,training,0.005702154710888863,0.02565278485417366,0.012520511201358313,11.838593897559758,0.658579679222861,-0.0003853732138443007
1881,training,0.0010601937538012862,0.011987994890660048,0.012520511201358313,11.878546732011307,0.6585848835681573,0.00029334646057063317
1882,training,0.0013286140747368336,0.004475514404475689,0.012520511201358313,11.918453429107979,0.6585874713251216,-0.0006349726503887741
1883,training,0.0005776190664619207,0.0013413084670901299,0.012520511201358313,11.95854088757319,0.65855656375648,-0.0008299194888345269
1884,training,0.00025998189812526107,0.038260526955127716,0.012520511201358313,11.998425028157941,0.6585443713620592,-0.0005709986010029879
1885,training,0.0020788959227502346,0.0188839603215456,0.017401169922341572,12.058488270131877,0.6584910764109365,-0.0011940691599778967
1886,training,0.0005787821137346327,0.005488571245223284,0.017401169922341572,12.078465963457345,0.6584754461067477,-0.0005698905039449427
1887,training,0.004090802278369665,0.007998918183147907,0.017401169922341572,12.138371303187729,0.6584237359576882,-0.0017249106693335498
1888,training,0.0009762574918568134,0.010846604185644537,0.017401169922341572,12.178416267023795,0.6583608439754257,-0.0012684154029965864
1889,training,0.0006534553831443191,0.007470258511602879,0.017401169922341572,12.218283979299994,0.6583129720529242,-0.0017974094067081186
1890,training,0.0013241416309028864,0.012362928129732609,0.017401169922341572,12.258359535485699,0.6582324490891174,-0.002326838512884718
1891,training,0.0020151312928646803,0.0049987551756203175,0.017401169922341572,12.278359892829421,0.6581941907974634,-0.001809640046145533
1892,training,0.0009223338565789163,0.01202870812267065,0.023690808535249106,12.318225387796556,0.6581302402451292,-0.002187890454228898
1893,training,0.003998578526079655,0.0019725877791643143,0.023690808535249106,12.37830140066597,0.6579805738884104,-0.0024805510120813378
1894,training,0.002154984977096319,0.030103990342468023,0.023690808535249106,12.39824884636434,0.6579382061114656,-0.002182932915145667
1895,training,0.0016613572370260954,0.025910016149282455,0.023690808535249106,12.458211469236593,0.6577724868805669,-0.0037577981929682045
1896,training,0.007433748804032803,0.001062887255102396,0.023690808535249106,12.498209272643138,0.6576398682773275,-0.0030616846662585026
1897,training,0.0007886477396823466,0.014961074106395245,0.02600586735407463,12.538091180388697,0.6575042199757628,-0.00409236671702959
1898,training,0.0007604394340887666,0.012873288244009018,0.02600586735407463,12.578178952948425,0.6573339275959307,-0.004406075432927609
1899,training,0.0006016986444592476,0.013167373021133244,0.02600586735407463,12.618052599919174,0.6571834766003068,-0.004171615878334135
1900,training,0.0006266070995479822,0.03664011508226395,0.02600586735407463,12.658052060911839,0.6570013536793368,-0.005197738251408895
1901,training,0.0017056962242349982,0.03671083599328995,0.02600586735407463,12.698086361091237,0.656801124420378,-0.004658862796579562
1902,training,0.0014666796196252108,0.0296945720911026,0.02600586735407463,12.737940533993966,0.6566161175060431,-0.005350373530035249
1903,training,0.0007340286392718554,0.0025977902114391327,0.023207164902853496,12.778020031706161,0.6563934048871287,-0.005878123040409719
1904,training,0.0032370630651712418,0.009092265303479508,0.023207164902853496,12.817919639334185,0.6561835071689454,-0.005438577857663313
1905,training,0.0012648722622543573,0.021071452647447586,0.023207164902853496,12.837865401511623,0.6560779155530206,-0.005826416073015478
1906,training,0.0011446777498349547,0.04768788069486618,0.023207164902853496,12.877931481873393,0.6558327081920104,-0.0064489585731076
1907,training,0.0007796938298270106,0.056409403681755066,0.023207164902853496,12.917870504984707,0.6555999647508356,-0.005846519725303565
1908,training,0.001392752630636096,0.0439700223505497,0.023207164902853496,12.957785852766861,0.6553581982134596,-0.006694130966327713
1909,training,0.0005141395376995206,0.02291353978216648,0.023207164902853496,12.997858355591475,0.6550890441509769,-0.0066453831612365835
1910,training,0.0009625431848689914,0.048968436662107706,0.03571491422904589,13.037651720303343,0.6548505163051302,-0.005988050040698704
1911,training,0.0007304510800167918,0.023129921406507492,0.03571491422904589,13.07767173255737,0.6546308249213013,-0.005346627801806461
1912,training,0.0010081292130053043,0.03548154607415199,0.03571491422904589,13.117667464889605,0.6544444599039836,-0.004305879393355834
1913,training,0.0012286859564483166,0.03428833931684494,0.03571491422904589,13.157531752049918,0.6542653851014137,-0.005193462581799673
1914,training,0.0013562915846705437,0.04461916396394372,0.03571491422904589,13.19762223398968,0.6540508386783945,-0.005546206606842366
1915,training,0.0028107003308832645,0.05077375844120979,0.03571491422904589,13.237463294170826,0.6538736291288946,-0.00421814137375384
1916,training,0.0006171460263431072,0.03093828447163105,0.04460818362299253,13.297500828568381,0.6536275198022853,-0.004544833368535746
1917,training,0.0008064053254202008,0.039639972150325775,0.04460818362299253,13.317490979186907,0.6535437659146348,-0.0039562406393093275
1918,training,0.0016782651655375957,0.020119143649935722,0.04460818362299253,13.35734437844546,0.6533902538883587,-0.0045298550285864155
1919,training,0.0010516332695260644,0.003071677405387163,0.04460818362299253,13.397418270528428,0.6531975182670781,-0.005122494351173849
1920,training,0.0008248628582805395,0.0656594168394804,0.04460818362299253,13.437329846413558,0.6530236490928675,-0.004157825322364446
1921,training,0.0004826989315915853,0.013972309418022634,0.04460818362299253,13.477249059589907,0.6528804620596468,-0.002936511621219125
1922,training,0.0007499743951484561,0.027388494461774826,0.04614860071689769,13.517317822449135,0.6528078009579467,-0.0007292457973552769
1923,training,0.0004152305773459375,0.0054023899137973785,0.04614860071689769,13.557187483328674,0.6528171962918394,-2.205347816194306e-05
1924,training,0.0008422394166700542,0.026450231671333313,0.04614860071689769,13.597226841517218,0.6528077328499828,-0.0005885844323336276
1925,training,0.0006914091063663363,0.008080773521214724,0.04614860071689769,13.637233188610718,0.6528017537388355,9.572122082412293e-05
1926,training,0.0008920867694541812,0.06071854755282402,0.04614860071689769,13.677122285976425,0.6527962669812616,-0.0007779097628195519
1927,training,0.0004221750423312187,0.06411273777484894,0.04558626251568057,13.737193611129388,0.6527425838099815,-0.0005334513236366378
1928,training,0.0020162947475910187,0.027054619044065475,0.04558626251568057,13.757102375372462,0.6527359020346943,-0.0007663856983935303
1929,training,0.0023255543783307076,0.023599717766046524,0.04558626251568057,13.797097255849785,0.6526969624025893,-0.0013909121624497843
1930,training,0.003545633051544428,0.052953449194319546,0.04558626251568057,13.837142332515612,0.6526502490645106,-0.0008466577016413235
1931,training,0.001748973852954805,0.041712045669555664,0.04558626251568057,13.877006905455318,0.6526174595899584,-0.00141968409680813
1932,training,0.0001417605089955032,0.031806156039237976,0.04558626251568057,13.917088514613507,0.6525517964450285,-0.001934347210974282
1933,training,0.00031088688410818577,0.032853562384843826,0.038136771724894915,13.95700210993559,0.6524989406194965,-0.0014316908412359134
1934,training,0.00138016976416111,0.037325069308280945,0.038136771724894915,13.99695648407321,0.6524379927818332,-0.0020147614458325266
1935,training,0.0008311042911373079,0.028605522587895393,0.038136771724894915,14.056965448432162,0.6523309370344329,-0.001605062086876188
1936,training,0.001491745002567768,0.008458154276013374,0.038136771724894915,14.096885564713444,0.6522607784714678,-0.002257370912513919
1937,training,0.0019599650986492634,0.01680764928460121,0.038136771724894915,14.136968809502282,0.6521702677997424,-0.0022383875280382196
1938,training,0.0031583390664309263,0.009288951754570007,0.027429145958107828,14.176836127912308,0.6520980954297179,-0.0021992190619822428
1939,training,0.0037598679773509502,0.00020417571067810059,0.027429145958107828,14.216863378184648,0.6520028126923172,-0.0028370050311427347
1940,training,0.001084276707842946,0.013925042003393173,0.027429145958107828,14.2568790332679,0.6519039452169816,-0.00214037210671526
1941,training,0.0012925181072205305,0.0018615471199154854,0.027429145958107828,14.296732612049489,0.6518344601754015,-0.0010936933753762771
1942,training,0.0002056947269011289,0.014901123009622097,0.027429145958107828,14.336824581520634,0.6518099714998687,-0.0007611118296161228
1943,training,0.0017480425303801894,0.0023652072995901108,0.014184246230292142,14.376719161459926,0.6518033494588362,-0.0003014692660530186
1944,training,0.0012804187135770917,0.0011839456856250763,0.014184246230292142,14.396673592508025,0.6517967823639083,-0.0006283056215894033
1945,training,0.0009594645816832781,0.023615548387169838,0.014184246230292142,14.45675929082173,0.6517531857777378,-0.0004827138306919384
1946,training,0.0010598490480333567,0.01392851211130619,0.014184246230292142,14.496621437509347,0.6517397900787014,-0.0008086668853246645
1947,training,0.00288004195317626,0.0092003820464015,0.014184246230292142,14.536696059499148,0.6516999903361873,-0.0012849119096891063
1948,training,0.0012717593926936388,0.008201166987419128,0.014184246230292142,14.576632258740785,0.6516724071724974,-0.0007214206206183283
1949,training,0.00047279702266678214,0.008862684480845928,0.02070195832220527,14.616569297741234,0.6516392435635207,-0.0013029152416459745
1950,training,0.0004787802172359079,0.0027830139733850956,0.02070195832220527,14.656651611319438,0.6515877673658145,-0.0011961330407554529
1951,training,0.007976367138326168,0.010018346831202507,0.02070195832220527,14.676601319990402,0.6515710638599062,-0.0008515018153280667
1952,training,0.0012817652896046638,0.007953392341732979,0.02070195832220527,14.73655437036352,0.6515004388500991,-0.0017582449121025954
1953,training,0.00020948669407516718,0.014433990232646465,0.02070195832220527,14.756595572530493,0.6514694985493863,-0.001588505091090027
1954,training,0.0021037193946540356,0.008306880481541157,0.02070195832220527,14.796466806011162,0.6514265016984084,-0.001394724332225283
1955,training,0.005709067452698946,0.009444116614758968,0.01989983648219968,14.836480760374092,0.6513626678067995,-0.0019966429131412435
1956,training,0.0016711086500436068,0.025590555742383003,0.01989983648219968,14.876515597868316,0.6513012007509773,-0.000750006834431467
1957,training,0.0009506497299298644,0.0018092673271894455,0.01989983648219968,14.916355043655127,0.6512924299744952,-0.00013298258622633115
1958,training,0.005674552638083696,0.00973077118396759,0.01989983648219968,14.956444238390421,0.6513011862031904,0.00011701266057746833
1959,training,0.001683990005403757,0.017041947692632675,0.01989983648219968,14.996352745515924,0.6513298718669029,0.0006565886922650297
1960,training,0.005192802753299475,0.008217711001634598,0.01989983648219968,15.036320864082537,0.6513498935833797,6.255695989557595e-05
1961,training,0.0016987069975584745,0.01298612728714943,0.02005967027047937,15.096312297570924,0.6513714551800347,0.0004763587386564237
1962,training,0.0012832293286919594,0.007449042983353138,0.02005967027047937,15.116256497813234,0.6513832046856033,0.00022913803151915422
1963,training,0.004941269755363464,0.00834188237786293,0.02005967027047937,15.176347772816648,0.6513863397174072,9.458121492095306e-05
1964,training,0.0006290756282396615,0.016239330172538757,0.02005967027047937,15.196289001500263,0.6513954298499045,0.00037549396476202343
1965,training,0.0003972168196924031,0.01679830811917782,0.02005967027047937,15.256260621933029,0.6513996411130337,-0.0004441789627912574
1966,training,0.001074673724360764,0.02905084937810898,0.02005967027047937,15.276302366986501,0.6513958215149405,-0.0002401888561732966
1967,training,0.0006344751454889774,0.0031644105911254883,0.035408701814900835,15.316174587210387,0.6514048293499262,-7.230212869318847e-05
1968,training,0.004549724981188774,0.011612228117883205,0.035408701814900835,15.356198753365463,0.6513937386245747,-0.0006454023403812513
1969,training,0.0006644951063208282,0.0029555000364780426,0.035408701814900835,15.396226646239837,0.6513814688066614,-9.735466355354386e-06
1970,training,0.00020287638471927494,0.0094958720728755,0.035408701814900835,15.436099501795873,0.6513783413438522,-0.0005646020603678468
1971,training,0.0027351563330739737,0.006036425940692425,0.035408701814900835,15.476197465043079,0.6513530296404104,-0.0008810485594551563
1972,training,0.0005038667004555464,0.0025678174570202827,0.025333640057234486,15.536046549035737,0.6513317781103842,-0.0007437732455585083
1973,training,0.003874537767842412,0.007032038643956184,0.025333640057234486,15.556070603753582,0.6513162997163073,-0.001027806155862208
1974,training,0.0031787054613232613,0.0005980208516120911,0.025333640057234486,15.616046924739509,0.6512737168326747,-0.0006534282590897466
1975,training,0.0003409765486139804,0.030429236590862274,0.025333640057234486,15.656004787650673,0.6512436745890503,-0.001217249963746695
1976,training,0.0006001333240419626,0.02270645648241043,0.025333640057234486,15.676066531374552,0.6512186205064256,-0.0014031748648337997
1977,training,0.0010492849396541715,0.008831517770886421,0.025333640057234486,15.716006438155446,0.651185540828784,-0.0008380379168678524
1978,training,0.0009300133679062128,0.0024215392768383026,0.025548687011468445,15.755938170559629,0.65114782348983,-0.001409428318876795
1979,training,0.0009285808191634715,0.007270514033734798,0.025548687011468445,15.796024153331185,0.651091674036165,-0.0013335729534091263
1980,training,0.0001137645886046812,0.00930448155850172,0.025548687011468445,15.855872377562871,0.6510278010718135,-0.0016170537830726937
1981,training,0.0014748040121048689,0.003433273173868656,0.025548687011468445,15.875922064525358,0.6509949424024126,-0.0018697971070712556
1982,training,0.0014160716673359275,0.00126053555868566,0.025548687011468445,15.915931943557876,0.6509408738485302,-0.0007163922396403413
1983,training,0.0011395830661058426,0.003474305383861065,0.019665878044966226,15.975825148070559,0.6509094222201018,-0.0006933462079877285
1984,training,0.0007022166973911226,0.024747606366872787,0.019665878044966226,16.015864883960987,0.6508929142202096,-6.20160356993696e-05
1985,training,0.004252446815371513,0.00980224460363388,0.019665878044966226,16.055730338573987,0.6508908404296642,-0.0005552379977502258
1986,training,0.0010176579235121608,0.026899665594100952,0.019665878044966226,16.09582389319545,0.650863943858579,-0.0009179136823140457
1987,training,0.001259246957488358,0.0034748483449220657,0.019665878044966226,16.11581947702428,0.6508526779351519,-0.00037138890717509254
1988,training,0.000717837072443217,0.010539581067860126,0.023035700150234595,16.155678700343966,0.6508425186568285,-0.0007328467195929023
1989,training,0.00016781223530415446,0.013185779098421335,0.023035700150234595,16.215769868353625,0.6507909648613837,-0.0007122960852659723
1990,training,0.00019307073671370745,0.010487353429198265,0.023035700150234595,16.235658070615145,0.6507844383452746,-0.0005055321035259343
1991,training,0.0014366788091138005,0.002523968927562237,0.023035700150234595,16.275594286800338,0.6507791108822376,-0.0004384282624703971
1992,training,0.00039986829506233335,0.0019600139930844307,0.023035700150234595,16.315683265527728,0.6507632003908637,-0.00030403132851864704
1993,training,0.0012467438355088234,0.00882943905889988,0.023035700150234595,16.35554702631267,0.6507654421911765,-0.0003062159686682465
1994,training,0.001681523397564888,0.004173733294010162,0.022648432414714193,16.395589926658097,0.6507455531286873,-0.0008311812441654771
1995,training,0.0001919548085425049,0.005506811663508415,0.022648432414714193,16.455504323990567,0.6507263831323793,-0.0004766154397747195
1996,training,0.0020664760377258062,0.02124689146876335,0.022648432414714193,16.47548012710231,0.65071621345402,-0.0007854750507462688
1997,training,0.0010824855417013168,0.030446003656834364,0.022648432414714193,16.515582002258792,0.6506816733534515,-0.0009948364577162408
1998,training,0.0011164303869009018,0.006689750589430332,0.022648432414714193,16.575401091760977,0.6506853544425122,0.0004443928600399525
1999,training,0.0006062088068574667,0.0004235561937093735,0.026908876342646652,16.615496150766692,0.650709471412886,0.00045649809322669704
2000,training,0.002469062339514494,0.0026763277128338814,0.026908876342646652,16.65539875180541,0.6507525178313782,0.000979278879155219
2001,training,0.000610233866609633,0.010139930993318558,0.026908876342646652,16.695371499182713,0.6507847493457686,0.00040665054426568937
2002,training,0.0006671666051261127,0.023897768929600716,0.026908876342646652,16.71543495553321,0.6507923240177503,0.0003136577039638172
2003,training,0.0008046973962336779,0.020350676495581865,0.026908876342646652,16.755358688051405,0.650828391720481,0.0008522805134897326
2004,training,0.0012619569897651672,0.0036391811445355415,0.026908876342646652,16.795317240775972,0.650849178003045,-0.0004903054260258725
2005,training,0.0023450718726962805,0.018453378230333328,0.02605422939249275,16.85533606635979,0.6507657196381009,-0.0023782672119599516
2006,training,0.0006502024480141699,0.01986035704612732,0.02605422939249275,16.875271837824222,0.6507130500043453,-0.003144317995249326
2007,training,0.0006086858920753002,0.002127380110323429,0.02605422939249275,16.91532598077908,0.6505764232539104,-0.0038343323638225678
2008,training,0.0008981721475720406,0.010033680824562907,0.02605422939249275,16.9553085717688,0.6504427586395706,-0.003189170361817745
2009,training,0.0003366403398104012,0.009969275444746017,0.02605422939249275,16.995196025099347,0.6503033431622554,-0.004164114308007592
2010,training,0.0010132028255611658,0.02222793735563755,0.02605422939249275,17.035290006930143,0.6501473419911127,-0.0031984685538299896
2011,training,0.002888183109462261,0.019755525514483452,0.028509524322268782,17.07509181137238,0.6500900053777301,-0.0003458561262143409
2012,training,0.0004454522277228534,0.007576901465654373,0.028509524322268782,17.11507978839396,0.6501319148011896,0.0021157686623636865
2013,training,0.001178680220618844,0.005550174508243799,0.028509524322268782,17.155091674899683,0.6502647709994803,0.0039243236116869125
2014,training,0.00024054397363215685,0.012638725340366364,0.028509524322268782,17.215006383723683,0.6504947228864918,0.003056992299348171
2015,training,0.0007663432043045759,0.009151238948106766,0.028509524322268782,17.255047360125893,0.6506247361090466,0.0036280161662094372
2016,training,0.00021903110609855503,0.0019070524722337723,0.024718024090549073,17.294925875790852,0.6507810656332468,0.003521619618406811
2017,training,0.0009634135058149695,0.009968172758817673,0.024718024090549073,17.33500340980417,0.6509146621962228,0.0031399682249404616
2018,training,0.0019794870167970657,0.007021672558039427,0.024718024090549073,17.374936174576735,0.6510729527294977,0.00408577741646013
2019,training,0.0005814672913402319,0.0047651613131165504,0.024718024090549073,17.414877394256358,0.6512289744071759,0.00334173803982093
2020,training,0.002118501113727689,0.006576654501259327,0.024718024090549073,17.434937343923206,0.651293422106149,0.003083929426566722
2021,training,0.00028964169905520976,0.0027977158315479755,0.024718024090549073,17.474902584842965,0.651444819467474,0.004109619471189169
2022,training,0.001104964641854167,0.004356092773377895,0.024718024090549073,17.514817881161093,0.651599230465248,0.003189974188443646
2023,training,0.0004524101095739752,0.013231453485786915,0.010401494019103502,17.574861981028327,0.6517967730587212,0.0038078351887821642
2024,training,0.0005964662414044142,0.015232705511152744,0.010401494019103502,17.61475869718935,0.6519481423646964,0.003354557876293572
2025,training,0.006164844613522291,0.0003547500818967819,0.010401494019103502,17.654848622271285,0.6520806405293412,0.0032910615933193217
2026,training,0.00042461961857043207,0.01112027745693922,0.010401494019103502,17.714700397001504,0.6523208663269083,0.003673973259502786
2027,training,0.001946932403370738,0.0007453905418515205,0.004366337682352451,17.734732737699233,0.6523938618382443,0.0034146346623201056
2028,training,0.0025184457190334797,0.015419325791299343,0.004366337682352451,17.774760548155108,0.6525435973687532,0.004168611905260113
2029,training,0.0006471025990322232,0.010141925420612097,0.004366337682352451,17.81464487347011,0.6527209621285497,0.004031175015978074
2030,training,0.0003349391627125442,0.028402283787727356,0.004366337682352451,17.854731911379176,0.6528670690822063,0.0030538971642602767
2031,training,0.001008600927889347,0.01994588680099696,0.004366337682352451,17.894641257692555,0.6530123738660492,0.003664897848405514
2032,training,0.0033779048826545477,0.019928235560655594,0.004366337682352451,17.934593041904705,0.6531522330220999,0.002952370503061002
2033,training,0.0021184091456234455,0.015481649432331324,0.009761345240593943,17.97465646113548,0.6532711275600647,0.0032509955245123255
2034,training,0.0005780264036729932,0.026159026194363832,0.009761345240593943,18.014540564020027,0.6534151092198893,0.0030421618260734963
2035,training,0.0005542504950426519,0.006453555077314377,0.009761345240593943,18.054594347900153,0.6535171011122907,0.0019088707989036921
2036,training,0.0014033110346645117,0.009277834556996822,0.009761345240593943,18.07461549766296,0.6535595013355683,0.002180877106901046
2037,training,0.0005749345291405916,0.004508756101131439,0.009761345240593943,18.11449630265249,0.653667750630852,0.002437294825848145
2038,training,0.0003175570454914123,0.009818382561206818,0.009761345240593943,18.154523971727006,0.6537577306226788,0.0019001719102932785
2039,training,0.0005525165470317006,0.003928598947823048,0.01695586157544908,18.194532039986303,0.6538530701800425,0.002728070715865167
2040,training,0.0030872924253344536,0.0018127486109733582,0.01695586157544908,18.254455021041892,0.6540076768325972,0.0020418088962184016
2041,training,0.0005359570495784283,0.0058440957218408585,0.01695586157544908,18.274511634705938,0.6540508777738219,0.0021161782743729872
2042,training,0.0005792212905362248,0.004768424667418003,0.01695586157544908,18.314407352296758,0.6541652440370392,0.0027698660872839385
2043,training,0.0003634286404121667,0.017957095056772232,0.01695586157544908,18.35438697939308,0.6542687795700649,0.002208840570382476
2044,training,0.0020011344458907843,0.02966667339205742,0.019296680077654376,18.414361654255647,0.6544296466857135,0.0029341803773294305
2045,training,0.0016387678915634751,0.012803016230463982,0.019296680077654376,18.43430752342547,0.6544894264036072,0.002669215343535056
2046,training,0.0002471002226229757,0.013095991685986519,0.019296680077654376,18.494381493703905,0.6546447807672101,0.002836552385873691
2047,training,0.0014248965308070183,0.001141335815191269,0.019296680077654376,18.534255717414418,0.6547732360862715,0.0028836655982896232
2048,training,0.0010197709780186415,0.005210603587329388,0.019296680077654376,18.574313261078736,0.6548814809336693,0.0024103637044994275
2049,training,0.00034027802757918835,0.0034821485169231887,0.019296680077654376,18.614284028713683,0.65500403141407,0.003373391754065859
2050,training,0.000976944575086236,0.0070195915177464485,0.009613818856665172,18.65419434421879,0.655131630592692,0.0025536172379803466
2051,training,0.0006710677407681942,0.009017359465360641,0.009613818856665172,18.694278563871528,0.6552291495385892,0.0025197430590311568
2052,training,0.0002808230055961758,0.010182986501604319,0.009613818856665172,18.714242219942815,0.655289535660086,0.003104834053420886
2053,training,0.001617645611986518,0.012199928052723408,0.009613818856665172,18.754136448153588,0.6554107411646675,0.0024693527833860042
2054,training,0.0008915431681089103,0.0002119196578860283,0.009613818856665172,18.794230620925617,0.6555036400877953,0.0022232066814218635
2055,training,0.0006524917553178966,0.0037250397726893425,0.009613818856665172,18.854079776497578,0.6556766909216728,0.00253404933248499
2056,training,0.0007237751851789653,0.010025763884186745,0.009613818856665172,18.874110098548634,0.6557268074265126,0.002268201687893462
2057,training,0.0004508051788434386,0.022550787776708603,0.005138943336877876,18.914147984068624,0.6558289308983621,0.002935469895218143
2058,training,0.0008824523538351059,0.011597823351621628,0.005138943336877876,18.954024288222477,0.6559552360944738,0.0027388475736279993
2059,training,0.00037447226350195706,0.009395534172654152,0.005138943336877876,18.99410424988298,0.6560569374055905,0.002374555737370563
2060,training,0.0009591298876330256,0.010203585028648376,0.005138943336877876,19.034029394504646,0.6561835266800314,0.0032050619506362983
2061,training,0.0010222720447927713,0.005865364335477352,0.005138943336877876,19.073979359809456,0.6563021269451507,0.002199809973244646
2062,training,0.0006372880889102817,0.0014659804292023182,0.008198107443247282,19.11405299284993,0.6563826408658325,0.0021945539698220978
2063,training,0.0004326094058342278,0.026304513216018677,0.008198107443247282,19.153935611057573,0.6564815122556971,0.0017849250215973241
2064,training,0.0014151311479508877,0.003791789524257183,0.008198107443247282,19.193982961730942,0.6565384269041179,0.001076929073901424
2065,training,0.0025843577459454536,0.0003287451108917594,0.008198107443247282,19.233976300213026,0.6566019395756052,0.0018789332619513577
2066,training,0.0007160503882914782,0.008223862387239933,0.008198107443247282,19.293919189234916,0.6566900298131055,0.0006569681483728725
2067,training,0.0013772917445749044,0.013418353162705898,0.008198107443247282,19.313974540534478,0.6567054314609043,0.0006726735107295985
2068,training,0.0003250018344260752,0.002870124764740467,0.01192183251635462,19.353855675259183,0.6567574427412705,0.0010981431192308006
2069,training,0.0005344292148947716,0.0012015029788017273,0.01192183251635462,19.413917133586178,0.6568072170143346,0.0005178818579341328
2070,training,0.0005114438245072961,0.007702901843003929,0.01192183251635462,19.453817945563408,0.6568529374905675,0.0010438010062598906
2071,training,0.00016931576828937978,0.002217097207903862,0.01192183251635462,19.473769586014775,0.6568731133309814,0.0007312396521068352
2072,training,0.00115706876385957,0.011806018650531769,0.01192183251635462,19.5138558752051,0.6568956010803253,0.0003584345918096953
2073,training,0.0006224624812602997,0.013936004135757685,0.01192183251635462,19.573722730913488,0.6569541133813044,0.0006477628494895419
2074,training,0.00042829581070691347,0.025735707487910986,0.0015949408208287951,19.5937363060485,0.6569614511129492,-0.0002273812898307426
2075,training,0.0008819503127597272,0.002632442454341799,0.0015949408208287951,19.633821183609953,0.6569337932644621,-0.0008056919678340173
2076,training,0.004005168564617634,0.02268832176923752,0.0015949408208287951,19.673681882193662,0.6569103288404835,-0.0010746420512651623
2077,training,0.0005427964497357607,0.032527752220630646,0.0015949408208287951,19.71373590610264,0.6568588301328093,-0.0016575538875120356
2078,training,0.0014769185800105333,0.0370942079462111,0.0015949408208287951,19.75371896011845,0.6568102938554653,-0.0010116151690254857
2079,training,0.0018157216254621744,0.0046377032995224,0.010051602040868503,19.813666031495554,0.6567193081534177,-0.0023853395504366665
2080,training,0.0005271603586152196,0.03950387425720692,0.010051602040868503,19.853565885359206,0.6565565259352831,-0.007556906880451994
2081,training,0.0010902023641392589,0.022002913057804108,0.010051602040868503,19.893529780909336,0.656067843412248,-0.017375653344693875
2082,training,0.0003357520909048617,0.0010321233421564102,0.010051602040868503,19.93363070215709,0.6552857088070787,-0.01991387355479771
2083,training,0.0027889616321772337,0.006595144048333168,0.010051602040868503,19.973545514129654,0.6544207718478623,-0.024511191759372997
2084,training,0.0014268180821090937,0.0321065429598093,0.010051602040868503,20.0135573034561,0.653314796033561,-0.031033255392272918
2085,training,0.00033415292273275554,0.00011829845607281078,0.010051602040868503,20.03361513065232,0.6526740442099309,-0.03197322506871111
2086,training,0.0010618423111736774,0.020401527173817158,0.012662586712428002,20.07349718008143,0.6514345914064779,-0.03245309180244571
2087,training,0.0005209076916798949,0.029054397251456976,0.012662586712428002,20.133477147534773,0.6493008769977371,-0.03815363859527648
2088,training,0.00021227469551376998,0.0068497993052005785,0.012662586712428002,20.173403566472224,0.6477679667810895,-0.03902393231366938
2089,training,0.0003793492796830833,0.04223515931516886,0.012662586712428002,20.213266747239793,0.6461490617914785,-0.04252171494024036
2090,training,0.000583781860768795,0.03868245705962181,0.012662586712428002,20.253279577780305,0.6443990356253058,-0.0446445277189232
2091,training,0.00025332477525807917,0.03750837966799736,0.012662586712428002,20.293097182668905,0.6426190102138754,-0.04547960466180906
2092,training,0.0003327862941659987,0.02927165850996971,0.023372272223148298,20.333084934818313,0.6407838279164957,-0.046316308852010955
2093,training,0.0007697981200180948,0.026433794293552637,0.023372272223148298,20.373027503757594,0.6389539359166194,-0.045418348663919576
2094,training,0.0017748589161783457,0.058696997817605734,0.023372272223148298,20.412833135202185,0.6371291782813903,-0.04683378052151368
2095,training,0.0012049140641465783,0.07472787611186504,0.023372272223148298,20.45283927841582,0.6352472463250491,-0.046950421279906396
2096,training,0.0007873807335272431,0.06067474000155926,0.023372272223148298,20.4926512425963,0.633420714395249,-0.04559703160970936
2097,training,0.0009432433289475739,0.040233492851257324,0.026662908877344446,20.532582265883228,0.6316378378336382,-0.04352207932629211
2098,training,0.0007668340695090592,0.02452467242255807,0.026662908877344446,20.55259379200911,0.6307827562162022,-0.04220175121640467
2099,training,0.0009262437233701348,0.050111593678593636,0.026662908877344446,20.59242547918357,0.6291759161705837,-0.040011145704630505
2100,training,0.0007362148026004434,0.06761915422976017,0.026662908877344446,20.652367097655183,0.6268131984573333,-0.03811918810183498
2101,training,0.0007076029432937503,0.058405471965670586,0.026662908877344446,20.67232843059889,0.6260713258547844,-0.035924556865369335
2102,training,0.0003597960458137095,0.06000920641236007,0.026662908877344446,20.712116031649426,0.6247127761752358,-0.033586920623374476
2103,training,0.0011030654422938824,0.054040225222706795,0.026662908877344446,20.75214226274729,0.6233914674469079,-0.03294189137392388
2104,training,0.0012985895154997706,0.04190580826252699,0.004910008661958141,20.792070078781375,0.622126922892938,-0.03077948879595896
2105,training,0.000959564873483032,0.016880068462342024,0.004910008661958141,20.83190247270687,0.6209003815341569,-0.030936569114880495
2106,training,0.00023233823594637215,0.05334406532347202,0.004910008661958141,20.891900898073654,0.6190973780589292,-0.02887705507887476
2107,training,0.0009747820440679789,0.03895468031987548,0.004910008661958141,20.9316745899617,0.6179748842029467,-0.027521600035722352
2108,training,0.000780917820520699,0.06631816737353802,0.004910008661958141,20.97172877797093,0.6169041336008798,-0.026219686607089118
2109,training,0.0017176182009279728,0.05579245835542679,0.004910008661958141,20.991688240112527,0.6164045265760708,-0.02381989096710322
2110,training,0.0005760157364420593,0.025418076664209366,0.008402450284381987,21.0314895163205,0.6154898276652055,-0.023496926799530464
2111,training,0.0002018506929744035,0.033719372004270554,0.008402450284381987,21.071565508397704,0.6145417732005223,-0.02386365220839779
2112,training,0.0009868873748928308,0.026477878913283348,0.008402450284381987,21.131337536850943,0.6131417262339323,-0.02423094536309831
2113,training,0.00031261815456673503,0.02360500395298004,0.008402450284381987,21.17140558584918,0.612164207401096,-0.024719618759425792
2114,training,0.0006017524865455925,0.021332507021725178,0.008402450284381987,21.211263776074283,0.6112046786947821,-0.02446311422258298
2115,training,0.000686432933434844,0.01589871058240533,0.013348857612353366,21.25117916957803,0.610237135605811,-0.023419715352070526
2116,training,0.0013937914045527577,0.019959203898906715,0.013348857612353366,21.291232737428647,0.6093448272085696,-0.021543278459036985
2117,training,0.0007240980048663914,0.02362491749227047,0.013348857612353366,21.3511459195353,0.6079170301172112,-0.029006635342176797
2118,training,0.00047414505388587713,0.011962996795773503,0.013348857612353366,21.37121259716302,0.6073044526040158,-0.03207317331401982
2119,training,0.0004712315567303449,0.051909465342760086,0.013348857612353366,21.411201133963857,0.605940465188776,-0.036224779922559486
2120,training,0.0005618041614070535,0.05495142191648483,0.013348857612353366,21.450939760166317,0.6044852400332176,-0.03528757616320881
2121,training,0.0004950318834744394,0.05013773776590824,0.013348857612353366,21.470957531902545,0.6038025961176103,-0.032452487424936324
2122,training,0.0010910157579928637,0.031417631078511477,0.0074397833754761625,21.530730933709915,0.6022042587012665,-0.022803526045325002
2123,training,0.00017214611580129713,0.03932805918157101,0.0074397833754761625,21.57070156784003,0.6013850729207838,-0.01808473950711409
2124,training,0.0006795809022150934,0.028583070263266563,0.0074397833754761625,21.610690025252318,0.6007659975518032,-0.013239607372477253
2125,training,0.0006622610962949693,0.03263911232352257,0.0074397833754761625,21.63051660518592,0.600521679253569,-0.012247661596130815
2126,training,0.0007352943066507578,0.036721112206578255,0.0074397833754761625,21.67048557405235,0.6000888451089439,-0.010042151580596308
2127,training,0.0005205256165936589,0.03991331346333027,0.0074397833754761625,21.710534307779394,0.5997332533668629,-0.007141579204579964
2128,training,0.003153029130771756,0.026553713716566563,0.010237554266782795,21.770322794448894,0.599404064510739,-0.0042587824136258254
2129,training,0.0011417645728215575,0.03935559652745724,0.010237554266782795,21.81038929993912,0.5992975377174354,-0.000491303101450147
2130,training,0.0006993113784119487,0.024597899988293648,0.010237554266782795,21.85016792691214,0.5993575319679967,0.00275465587488458
2131,training,0.00018710311269387603,0.010751534253358841,0.010237554266782795,21.890224562601475,0.5995168932810011,0.00497940481140573
2132,training,0.003254530020058155,0.021360691636800766,0.010237554266782795,21.93018650135603,0.5997593350253375,0.006514303269797564
2133,training,0.000832923105917871,0.07904048636555672,0.010237554266782795,21.950114315685866,0.5998906150041619,0.006316542805316882
2134,training,0.0005703314091078937,0.004222926450893283,0.03449628840522642,21.99013874413007,0.6002528889763717,0.017394988220626136
2135,training,0.00036686862586066127,0.013347103027626872,0.03449628840522642,22.02991061210107,0.6011580178123641,0.025004487627400686
2136,training,0.0009064904879778624,0.03917493857443333,0.03449628840522642,22.069789513096254,0.6021462567188363,0.024216170542456648
2137,training,0.004473193548619747,0.014110493939369917,0.03449628840522642,22.10991356301778,0.6030817880138041,0.022291327239315546
2138,training,0.00022564391838386655,0.011218607425689697,0.03449628840522642,22.149800549049345,0.6039547187439797,0.02006821540028934
2139,training,0.0004085991531610489,0.00355762941762805,0.03449628840522642,22.189810927475886,0.6046830076984336,0.016495681899766006
2140,training,0.000659116602037102,0.01357408706098795,0.02339227437972555,22.22983685671148,0.6053183167647641,0.015942260831748385
2141,training,0.0027689142152667046,0.01287881564348936,0.02339227437972555,22.28975459239529,0.6062004272123188,0.012541975690954084
2142,training,0.0002892643096856773,0.01042659068480134,0.02339227437972555,22.32979389723231,0.6066746017873159,0.011974537727334552
2143,training,0.0003380957350600511,0.04101712629199028,0.02339227437972555,22.36968082212628,0.607148060828805,0.010966238756201953
2144,training,0.0008154957322403789,0.027140144258737557,0.02339227437972555,22.40973377734093,0.6076600332915534,0.016397475243325747
2145,training,0.0007738579879514873,0.024421848822385076,0.01565384498172358,22.449615498031513,0.6084730011389985,0.023735558498602396
2146,training,0.0006385726155713201,0.04048136621713638,0.01565384498172358,22.50953010983531,0.6101477762710718,0.03173387841549257
2147,training,0.00027801087708212435,0.05950800562277437,0.01565384498172358,22.549459153824653,0.6115524428721332,0.03886958979953988
2148,training,0.00026434106985107064,0.0776691883802414,0.01565384498172358,22.589245711287024,0.613274961626254,0.04814479478826038
2149,training,0.00048888596938923,0.02435380034148693,0.01565384498172358,22.62929097332802,0.6153975121259007,0.05892346198018093
2150,training,0.0004070150898769498,0.002372219692915678,0.01565384498172358,22.668993849027725,0.6179634707940994,0.06852436769916506
2151,training,0.0014050219906494021,0.009049990214407444,0.025376597895335164,22.728926014535944,0.6222430744408717,0.07188345088906735
2152,training,0.002080594189465046,0.0247901757247746,0.025376597895335164,22.748856684598938,0.6236712443059812,0.0724184086217589
2153,training,0.00046436773845925927,0.01834886707365513,0.025376597895335164,22.788615890881484,0.6265321177091786,0.07117880252328693
2154,training,0.00018858129624277353,0.010070430114865303,0.025376597895335164,22.82864942257742,0.6293621637439212,0.06948545280715335
2155,training,0.00046468887012451887,0.01183542609214783,0.025376597895335164,22.868491806187837,0.6320943432739724,0.06717395107040099
2156,training,0.002837208565324545,0.009377563372254372,0.015679388461030803,22.92845751243791,0.6359217646881251,0.05984196111736448
2157,training,0.0011075366055592895,0.0051569752395153115,0.015679388461030803,22.96836712470049,0.6382438603643787,0.05681012930135804
2158,training,0.0016120495274662971,0.025938694830983874,0.015679388461030803,23.00826883852188,0.6404218413948973,0.0514204702708542
2159,training,0.0009106922661885619,0.011136355344206093,0.015679388461030803,23.06830597177307,0.6432671245014526,0.044115310981350145
2160,training,0.000918803212698549,0.014127898029983047,0.01730265033500146,23.108196818321925,0.644947624163962,0.04042041447377037
2161,training,0.002501970622688532,0.004735929891467094,0.01730265033500146,23.16826122804156,0.6472277864510537,0.0353335493826597
2162,training,0.0017112605273723602,0.0051391590386629105,0.01730265033500146,23.208133180553574,0.6485804105372682,0.032356633237429495
2163,training,0.0008533208165317774,0.02059066761285067,0.01730265033500146,23.22818473277806,0.6492096845453506,0.030077494587628734
2164,training,0.0005122761940583587,0.035478176549077034,0.01730265033500146,23.26822309628229,0.6503456430737495,0.026745867584796235
2165,training,0.0010949724819511175,0.01271651778370142,0.009548865951925238,23.328145356461405,0.651788578368916,0.021600405253591064
2166,training,0.00022915800218470395,0.030410483479499817,0.009548865951925238,23.368173734264072,0.652633614453012,0.021092814539089243
2167,training,0.0004912943113595247,0.017318520229309797,0.009548865951925238,23.388122667836118,0.6530505114823558,0.01985345969350001
2168,training,0.0019237734377384186,0.02715421561151743,0.009548865951925238,23.428098384402347,0.6537842578826136,0.017201482806083575
2169,training,0.0003301313554402441,0.016383148729801178,0.009548865951925238,23.4681366180766,0.654442079276388,0.01581560174519604
2170,training,0.0002748945844359696,0.01381956459954381,0.009548865951925238,23.528045705110877,0.6552937161645488,0.0120756208036291
2171,training,0.0005339737399481237,0.01205936586484313,0.013647781746092276,23.56808668444555,0.6557494763216696,0.0115687016471234
2172,training,0.0003824720624834299,0.012940621469169855,0.013647781746092276,23.607974794914114,0.6562121438112688,0.010787651247928012
2173,training,0.0003996053710579872,0.00885866954922676,0.013647781746092276,23.648036925588716,0.6566136632522378,0.00903182156271122
2174,training,0.000732706394046545,0.011089124716818333,0.013647781746092276,23.668044280730427,0.6567983151849781,0.009527719452836637
2175,training,0.0005828812718391418,0.0013448325917124748,0.013647781746092276,23.70793160389199,0.6571990872054448,0.009521834237682224
2176,training,0.0010468729306012392,0.007352346554398537,0.013647781746092276,23.76801581526791,0.6576812761243019,0.006243137356545361
2177,training,0.0012542265467345715,0.0010684262961149216,0.011327257218876084,23.807905380424913,0.6578868246398231,0.002681992318044893
2178,training,0.0008442066609859467,0.01041954755783081,0.011327257218876084,23.847939107517266,0.6578976252921299,-0.001984253378425396
2179,training,0.0003461155283730477,0.01571557088755071,0.011327257218876084,23.887958244180407,0.6577626243523091,-0.004540204353272746
2180,training,0.0011815085308626294,0.012622153386473656,0.011327257218876084,23.92786716073933,0.6575283764532072,-0.007225303220069287
2181,training,0.00041011435678228736,0.024851348251104355,0.011327257218876084,23.96796103739243,0.6572183586451078,-0.008094999070297095
2182,training,0.0010265992023050785,0.040353868156671524,0.00843451523783253,24.007840374488037,0.656920086812233,-0.007823207625255018
2183,training,0.0007508650305680931,0.0006470363587141037,0.00843451523783253,24.047797953233566,0.6566010334223139,-0.00849797462317373
2184,training,0.0007264980231411755,0.001464545726776123,0.00843451523783253,24.08787057028887,0.65626336022719,-0.008237533848374716
2185,training,0.0012747161090373993,0.01046179048717022,0.00843451523783253,24.14767545787089,0.6558069237889155,-0.006843840159697223
2186,training,0.0006889484357088804,0.017375163733959198,0.00843451523783253,24.187748253201097,0.6555864551402416,-0.0036589671339413276
2187,training,0.0004681400314439088,0.0262177474796772,0.0072668095046917874,24.24755605788092,0.6554650554605193,-0.0023244150631866966
2188,training,0.001076299580745399,0.006029970943927765,0.0072668095046917874,24.2676086135141,0.6554187325983653,-0.0025984848397512528
2189,training,0.0005957219400443137,0.014429992530494928,0.0072668095046917874,24.32751725501629,0.6552918550263087,-0.002321085675688787
2190,training,0.005707242526113987,0.03027476742863655,0.0072668095046917874,24.36753496954594,0.6551851628682624,-0.003230768763127588
2191,training,0.0006045721820555627,0.00014384184032678604,0.0072668095046917874,24.407571596889355,0.6550643853412261,-0.0027179836933870914
2192,training,0.0014165162574499846,0.03890634700655937,0.004194329646996578,24.46745725900405,0.6548828063971022,-0.0037823564682940426
2193,training,0.0004894888843409717,0.025858573615550995,0.004194329646996578,24.50751469154666,0.6547373182987543,-0.0033138957887004755
2194,training,0.0011823703534901142,0.0662800595164299,0.004194329646996578,24.527412412957606,0.6546776043146415,-0.003518793459064593
2195,training,0.0006474679103121161,0.03315597027540207,0.004194329646996578,24.567379214730792,0.6545276786284356,-0.004278249372101527
2196,training,0.00279130507260561,0.021536003798246377,0.004194329646996578,24.6074536915468,0.6543595468995138,-0.003969007647060724
2197,training,0.0008663710905238986,0.014578480273485184,0.004194329646996578,24.647230843862413,0.6542507764233351,0.0007897552871712609
2198,training,0.00021730762091465294,0.037707474082708366,0.014921576359065998,24.687235590240373,0.6545016143790556,0.011492366338833052
2199,training,9.645968384575099e-05,0.03753672167658806,0.014921576359065998,24.72710874571889,0.6551667780269501,0.020794975279644353
2200,training,0.00042097223922610283,0.0021157711744308333,0.014921576359065998,24.766959109798496,0.6561386552833591,0.02765181228021986
2201,training,0.0007784382905811071,0.01728266477584839,0.014921576359065998,24.807043256077087,0.6574030829915509,0.03792066263988781
2202,training,0.001433769823051989,0.047057732939720154,0.014921576359065998,24.84662343667821,0.6592448566837211,0.05610738800031582
2203,training,0.0004706579493358731,0.03650323301553726,0.014921576359065998,24.886440724457778,0.6618659186683984,0.07335610855958376
2204,training,0.0008897868683561683,0.07213661819696425,0.003284931286085626,24.92631459647944,0.6650471224766573,0.0885184334037096
2205,training,0.0010180312674492598,0.041445739567279816,0.003284931286085626,24.985722604611926,0.6710658424889249,0.11230234410624595
2206,training,0.0006941923638805747,0.04920380562543869,0.003284931286085626,25.025448610083345,0.6758785685142552,0.13062684122687693
2207,training,0.00013473571743816137,0.01963455975055696,0.003284931286085626,25.064706416013042,0.6814144915974696,0.14849843378668437
2208,training,0.0006228529382497072,0.04573419690132141,0.003284931286085626,25.08442082472738,0.6844585936099833,0.15852545904119794
2209,training,0.0007159712258726358,0.031843483448028564,0.003284931286085626,25.123841704425537,0.6911850417505372,0.17859748371445566
2210,training,0.0007047577528283,0.027780383825302124,0.028451752421125114,25.162813462207158,0.6985893278329443,0.19598760618696773
2211,training,0.000881281157489866,0.0007824301719665527,0.028451752421125114,25.201941604744448,0.7066748374256412,0.21039313926208908
2212,training,0.003974721767008305,0.01651014387607573,0.028451752421125114,25.240906282371657,0.7152264817406685,0.2230061859652902
2213,training,0.0007815405260771513,0.03521566092967987,0.028451752421125114,25.27955838404602,0.724396842867843,0.2434047716640319
2214,training,0.0010656302329152822,0.0018256604671478271,0.028451752421125114,25.31804566540668,0.7344137004022088,0.26731474135737143
2215,training,0.00164715142454952,0.030966080725193024,0.028451752421125114,25.35625421987487,0.7454660568175936,0.2962728970946821
2216,training,0.0020000648219138384,0.0038288310170173506,0.019424265243437187,25.39407618733732,0.7576107080510223,0.323204807401056
2217,training,0.0005500586703419685,0.07106560468673706,0.019424265243437187,25.431652424612963,0.7706718601322627,0.34561349932099805
2218,training,0.0005791022558696568,0.0040051043033599715,0.019424265243437187,25.469111651654877,0.784681300685717,0.37415511151551034
2219,training,0.0001865148078650236,0.08424529433250424,0.019424265243437187,25.505872109166024,0.7997591872466716,0.39849829883473264
2220,training,0.0023714846465736628,0.12119536474347115,0.019424265243437187,25.560702707085028,0.8238923045784201,0.4366770044227452
2221,training,0.0006531757535412908,0.21619759500026703,0.019424265243437187,25.596272829546677,0.8411964789071487,0.4690075257454092
2222,training,0.0009642879595048726,0.1463128328323364,0.05683333385632685,25.63134691451638,0.8597730343196658,0.5095939723748049
2223,training,0.00036734773311764,0.20427230931818485,0.05683333385632685,25.665531868606713,0.8799498005509073,0.5537344411233135
2224,training,0.00028100848430767655,0.17031847685575488,0.05683333385632685,25.69867615410828,0.9014148541882242,0.5971135393054314
2225,training,0.003877919167280197,0.14397592470049855,0.05683333385632685,25.73087678274011,0.9244258087886587,0.644173058586066
2226,training,0.0014919907553121448,0.18318969942629337,0.05683333385632685,25.7621034932456,0.9489519064546577,0.6850284126686161
2227,training,0.0011115483939647675,0.13594279438257215,0.0724323313978093,25.806856962122946,0.9878629772922504,0.7465963434782628
2228,training,0.001118068816140294,0.1294356808066368,0.0724323313978093,25.835421221487028,1.0154285101374947,0.7894192713189093
2229,training,0.0016297916881740093,0.11142742633819577,0.0724323313978093,25.849342071583678,1.0297273187377836,0.8092196028953271
2230,training,0.0004934413591399789,0.05070528388023379,0.0724323313978093,25.876049022203162,1.0588601534667677,0.8495764743625305
2231,training,0.000604602275416255,0.09340044856071472,0.10684228729584809,25.914008460045725,1.1047611354957825,0.9091074145217648
2232,training,0.000652037444524467,0.0903281718492508,0.10684228729584809,25.937640900501425,1.1364652357192497,0.9533611745550101
2233,training,0.0006253286264836788,0.13705421984195712,0.10684228729584809,25.95987026728101,1.1692492048072876,0.9950956119861587
2234,training,0.0008672324474900961,0.10705304890871048,0.10684228729584809,25.980849234954967,1.2028820144163268,1.0305316908906623
2235,training,0.0006377261597663164,0.10001897066831586,0.10684228729584809,25.990922376361663,1.2200353644080801,1.049658535345641
2236,training,0.00048108131159096956,0.09080786630511284,0.10684228729584809,26.009990450942453,1.2548184527429544,1.0874560903511326
2237,training,0.0015495263505727053,0.08423539996147159,0.10684228729584809,26.02784118729074,1.290174526668093,1.1181129760881092
2238,training,0.0011394544271752238,0.09447165951132774,0.12493004825661184,26.052692094086325,1.3445199385106246,1.1678187009053727
2239,training,0.0008032739860936999,0.08331282809376714,0.12493004825661184,26.060305042082152,1.3627637743041818,1.1827175039128952
2240,training,0.000613488897215575,0.007865965366363525,0.12493004825661184,26.074820090214164,1.3997932501759878,1.211177943937557
2241,training,0.00044383108615875244,0.08719683811068533,0.12493004825661184,26.088394887399833,1.4373668963551565,1.2357507942522021
2242,training,0.0005776272155344486,0.010859452188014998,0.12493004825661184,26.101012967827604,1.4749790397653662,1.2583977724572615
2243,training,0.00036036601522937417,0.01608752459287642,0.12493004825661184,26.11285272965011,1.5130944268128028,1.280301692810875
2244,training,0.0002884544082917273,0.011375062167644515,0.08389464873276915,26.12389556876382,1.5513179164514588,1.2987152472968408
2245,training,0.00021905364701524377,0.03611094504594803,0.08389464873276915,26.134190639399815,1.589746056342482,1.3193489309557171
2246,training,0.0007041490753181279,0.026945389807224288,0.08389464873276915,26.143722807399616,1.6283820226987762,1.3376335911636883
2247,training,0.0014791024150326848,0.02734585851430893,0.08389464873276915,26.152573159343152,1.6672498690000057,1.356428257783269
2248,training,0.001114114886149764,0.014847673475742354,0.08389464873276915,26.160639998242086,1.7062011062496307,1.3756125404765025
2249,training,0.00024303165264427662,0.0013723671436309814,0.08389464873276915,26.167998770556448,1.7453177463195702,1.395518880641607
2250,training,0.00013940704229753464,0.04186769574880603,0.04820988950317111,26.17734606463078,1.8042378374785504,1.431228941044408
2251,training,0.0008269225945696235,0.02447728067636487,0.04820988950317111,26.182344927228172,1.8436571488061866,1.4590269417162913
2252,training,0.0006144717335700989,0.04989144206047055,0.04820988950317111,26.186253160048157,1.8834271062226313,1.4871560124075933
2253,training,0.00041272546513937414,0.011351540684700012,0.04820988950317111,26.189860822234575,1.9427394735156316,1.5338337235707948
2254,training,0.00021901479340158403,0.008715435862541199,0.04820988950317111,26.190807343960202,1.982709746479263,1.5610157222408345
2255,training,0.0007895958260633051,0.03753180801868439,0.041966299692184496,26.19060996246307,2.022327708104004,1.5914230558074443
2256,training,0.0006453926325775683,0.07340049743652344,0.041966299692184496,26.189171700767215,2.0620980870212327,1.6214309299006804
2257,training,0.00010940189531538635,0.003565654158592252,0.041966299692184496,26.186608697540528,2.1017729269022083,1.649998861632452
2258,training,0.0023267860524356365,0.04936862736940387,0.041966299692184496,26.182856115078547,2.1412951761868957,1.6795432349815316
2259,training,0.0008778871851973236,0.019061893224716187,0.041966299692184496,26.17796441264697,2.1807519543947786,1.709548176998281
2260,training,0.0002384673134656623,0.02977249771356584,0.041966299692184496,26.171886194119207,2.2199067393061753,1.7381735623736583
2261,training,0.0001188301102956757,0.0857245475053787,0.06206284963325184,26.16107654542726,2.2784384243853486,1.7677462034909766
2262,training,0.00015530228847637773,0.07400910742580889,0.06206284963325184,26.157081878351562,2.297938507107816,1.7788134479623237
2263,training,0.004122643265873194,0.056107381358742714,0.06206284963325184,26.14837184364858,2.3368590090606234,1.802464363816181
2264,training,0.0033806809224188328,0.10545718669891356,0.06206284963325184,26.13885355220871,2.3754788591867926,1.8202478428317952
2265,training,0.000729422434233129,0.05897391401231289,0.06206284963325184,26.12866656791582,2.414035858281063,1.839992903295781
2266,training,0.0008615015540271997,0.08606501482427119,0.06206284963325184,26.111915105648812,2.4712531783582,1.8685535968956382
2267,training,0.0010594313498586416,0.0332370838150382,0.10839374356354842,26.099902487457147,2.5092777319640307,1.8853797133541186
2268,training,0.0013970074942335486,0.10691692307591438,0.10839374356354842,26.08727768084159,2.547259098237503,1.896670699004354
2269,training,0.0016545928083360195,0.14091982692480087,0.10839374356354842,26.074388571937845,2.5848773719514573,1.9053291530889067
2270,training,0.0005777355981990695,0.10756703466176987,0.10839374356354842,26.054218909827416,2.6414522474951374,1.9235606508568857
2271,training,0.002072799950838089,0.06230827234685421,0.10839374356354842,26.040277574754143,2.6786105745303015,1.9345251763581228
2272,training,0.0014773362781852484,0.0519966259598732,0.06812716925201948,26.02591545468966,2.7160029862772963,1.9395899938046113
2273,training,0.002403838559985161,0.0543559491634369,0.06812716925201948,26.011445020411763,2.7532233460842828,1.9448365046055822
2274,training,0.0006754491478204727,0.01272653043270111,0.06812716925201948,25.989226966847905,2.8088594074069504,1.9560355949124473
2275,training,0.0007682264549657702,0.07229645550251007,0.06812716925201948,25.974139748578782,2.845879933764258,1.9588653292562466
2276,training,0.0012041352456435561,0.05475228279829025,0.06812716925201948,25.958922641368286,2.882689983054635,1.9668158509881803
2277,training,0.0006939803133718669,0.008025659248232841,0.06812716925201948,25.943367002213016,2.9196240097296164,1.9709919528823012
2278,training,0.00030432501807808876,0.061052506789565086,0.030576535878370895,25.927799267742806,2.9562615968936092,1.9742504974106165
2279,training,0.0012931795790791512,0.04528823867440224,0.030576535878370895,25.912069447158874,2.9930436444305966,1.9735435243108455
2280,training,0.0006291911704465747,0.03954202122986317,0.030576535878370895,25.896437794572176,3.0298880204137797,1.9709389909585635
2281,training,0.0027300692163407803,0.0843434501439333,0.030576535878370895,25.8808836421819,3.066520070278278,1.9741807022500806
2282,training,0.0008434995543211699,0.07586961053311825,0.030576535878370895,25.86508141579622,3.1033416715301407,1.9778342555475825
2283,training,0.000532317440956831,0.05892800912261009,0.014012976420944581,25.849217884210034,3.1399626992573175,1.9834378515141318
2284,training,0.0016605696873739362,0.07948245480656624,0.014012976420944581,25.833022093154515,3.1764146885696043,1.9929623338662348
2285,training,0.0002310843556188047,0.04045518860220909,0.014012976420944581,25.816511284076118,3.2128683554413713,1.999476015492081
2286,training,0.0012287672143429518,0.005883218720555309,0.014012976420944581,25.799827768649877,3.2489826447465906,2.0073923953717445
2287,training,0.0012070800876244903,0.07401614636182785,0.014012976420944581,25.782783248056163,3.2851661008846738,2.014130730651538
2288,training,0.0005047476734034717,0.04463564231991768,0.014012976420944581,25.75683980626164,3.339010416801123,2.027588815932807
2289,training,0.0007236676756292582,0.06796319223940372,0.029016933166399902,25.73904593953826,3.374787111763764,2.035375233393404
2290,training,0.0008452555630356073,0.042832281440496445,0.029016933166399902,25.721062842348054,3.410427007720445,2.0420189110931157
2291,training,0.00417855242267251,0.041899917647242546,0.029016933166399902,25.69352500232108,3.463500516453059,2.055671558714442
2292,training,0.000353626994183287,0.03739505913108587,0.029016933166399902,25.674800954925164,3.4987168514798426,2.063665253720343
2293,training,0.004483431577682495,0.011342503130435944,0.029016933166399902,25.655793285244712,3.533718815718787,2.072292109694707
2294,training,0.0010990535374730825,0.034431181848049164,0.029016933166399902,25.636473410807877,3.5686328611504092,2.078957778865147
2295,training,0.0023308689706027508,0.04025908000767231,0.05102456805490039,25.62672831967109,3.586034690395086,2.084403112649805
2296,training,0.00015103805344551802,0.029191261157393456,0.05102456805490039,25.607034315801503,3.6204805618760942,2.09287597851173
2297,training,0.0015412416541948915,0.01650312915444374,0.05102456805490039,25.577189810541455,3.6723362580783365,2.0946763633596435
2298,training,0.002325636800378561,0.01848289370536805,0.05102456805490039,25.5571000001286,3.70682768513435,2.1037538784850063
2299,training,0.0011447558645159006,0.02428603544831276,0.05102456805490039,25.526260447374344,3.7580143381430227,2.121060760115518
2300,training,0.0003923429176211357,0.05024828389286995,0.06339501262774054,25.505190214709394,3.791976403021487,2.13120160305212
2301,training,0.0030573061667382717,0.012507554143667221,0.06339501262774054,25.47309308272834,3.84250156210185,2.137577147335751
2302,training,0.00033269941923208535,0.0008672606199979782,0.06339501262774054,25.451450535825295,3.8761578657104656,2.1480353773633025
2303,training,0.0006187400431372225,0.01544296182692051,0.06339501262774054,25.429599391387733,3.909377187398957,2.154443160550134
2304,training,0.0034447975922375917,0.026571186259388924,0.06339501262774054,25.407533959547923,3.9426511184600166,2.158915432260785
2305,training,0.0006600869819521904,0.06792034395039082,0.05293659880601486,25.385237596568654,3.9758477061050255,2.1666022584493874
2306,training,0.00035379809560254216,0.033667758107185364,0.05293659880601486,25.362778895879565,4.008640025292961,2.1758811009862344
2307,training,0.0012374985963106155,0.048887545242905624,0.05293659880601486,25.328381665492728,4.057813309293453,2.1841431911804925
2308,training,0.0008119125850498676,0.04887731745839119,0.05293659880601486,25.305368554366666,4.090262024835583,2.1905027890637903
2309,training,0.0014378154883161187,0.029383950401097536,0.05293659880601486,25.282048683632585,4.122770460918783,2.1952437848325417
2310,training,0.0010540481889620423,0.033182450104504824,0.05293659880601486,25.25869526591059,4.155084593282135,2.195396475937289
2311,training,0.00041535060154274106,0.09099023789167404,0.05293659880601486,25.235437551053494,4.187475942070193,2.1925711282701594
2312,training,0.0015175058506429195,0.05109704425558448,0.035951469359567,25.21203660171703,4.2200364478870975,2.1969357173501103
2313,training,0.000282198452623561,0.04912017565220593,0.035951469359567,25.188641394929956,4.252215963676414,2.199732252704132
2314,training,0.0017695105634629726,0.01872125919908285,0.035951469359567,25.16505374711094,4.284428991571311,2.2076809128901287
2315,training,0.0005871103494428098,0.013529320247471333,0.035951469359567,25.14115161717173,4.316552331155853,2.2122697093649597
2316,training,0.00030394847271963954,0.019007268245331943,0.035951469359567,25.11802089496996,4.347536512805509,2.2062541263650064
2317,training,0.0027291295118629932,0.057554639875888824,0.035951469359567,25.09418257418436,4.379815821776585,2.2066076181669914
2318,training,0.0008688489906489849,0.026781773660331964,0.035951469359567,25.058611386102537,4.427851729841955,2.210925759061805
2319,training,0.0017424406250938773,0.024518384598195553,0.021025600275569444,25.034642686639692,4.459960297023603,2.212752505379044
2320,training,0.0005976833053864539,0.006413010880351067,0.021025600275569444,25.011626396188078,4.48866481877228,2.2357565940560833
2321,training,0.00398819288238883,0.015935178846120838,0.021025600275569444,24.974841775463716,4.5355900488209215,2.234976107225986
2322,training,0.0036535763647407293,0.04060331732034683,0.021025600275569444,24.950211642967574,4.567154579531178,2.231155047980782
2323,training,0.0011454923078417778,0.03156865946948528,0.021025600275569444,24.925781301522214,4.598727217685754,2.228075740132534
2324,training,0.0012826338643208146,0.041132308542728424,0.021025600275569444,24.90126806596656,4.630574972570977,2.225035510780351
2325,training,0.00042405008571222425,0.016071978956460953,0.010051139154209276,24.877117132796702,4.662310314420825,2.2152837466896353
2326,training,0.0009759609820321202,0.06912192516028881,0.010051139154209276,24.85319102969081,4.694458420888954,2.2068275377136053
2327,training,0.0018959176959469914,0.02796408161520958,0.010051139154209276,24.817905537591745,4.743039774650877,2.1880531499402425
2328,training,0.002584185916930437,0.041165221482515335,0.010051139154209276,24.794919112079235,4.775815959690911,2.1781330421077443
2329,training,0.0007703129085712135,0.019833874248433858,0.010051139154209276,24.77221851855101,4.808746343447558,2.1696862167167037
2330,training,0.00018564028141554445,0.040542375296354294,0.010051139154209276,24.74991303267829,4.841795654312417,2.161706880490115
2331,training,0.0008814865141175687,0.07416157051920891,0.015584905342918258,24.716595841078696,4.8917498020392065,2.1539485366657742
2332,training,0.0007935338653624058,0.07198873814195395,0.015584905342918258,24.705610143043742,4.908455057751984,2.151321310918932
2333,training,0.0019526033429428935,0.08467080444097519,0.015584905342918258,24.683778030843563,4.9419044189943016,2.1469765859811853
2334,training,0.00020018174836877733,0.07890713959932327,0.015584905342918258,24.662019620083225,4.975443007937524,2.146600536120033
2335,training,0.00047438169713132083,0.09085239470005035,0.015584905342918258,24.629402436138548,5.025642913776281,2.146254275158114
2336,training,0.0012452838709577918,0.15102565102279186,0.015584905342918258,24.607643440215742,5.059187373645238,2.1466648656993166
2337,training,0.0022603296674788,0.06483788415789604,0.019044824503260956,24.58591248244015,5.09266016077253,2.1451130869743404
2338,training,0.0009631162974983454,0.04421307146549225,0.019044824503260956,24.564175373400513,5.126216625614444,2.1473343699343976
2339,training,0.0012415575329214334,0.11101487278938293,0.019044824503260956,24.542241634037886,5.159627852241201,2.158059574509973
2340,training,0.001447903225198388,0.05091395229101181,0.019044824503260956,24.520040985231958,5.19271017010075,2.16202710448591
2341,training,0.0018388245953246951,0.0722041204571724,0.019044824503260956,24.49766166840632,5.2259116859761505,2.1673539939780047
2342,training,0.00043233513133600354,0.045547129586339,0.019044824503260956,24.47516121917869,5.258754103539767,2.173649887901586
2343,training,0.001042754272930324,0.035469993948936455,0.019044824503260956,24.452450589355834,5.291597210477307,2.1782480530141957
2344,training,0.0006410661735571921,0.10592108592391014,0.006892006650056325,24.429496636261046,5.32432404190815,2.1882494491205997
2345,training,0.0003708580043166876,0.037747204303741455,0.006892006650056325,24.40629510598619,5.356615097122053,2.1987131293402187
2346,training,0.001575616654008627,0.06839853408746421,0.006892006650056325,24.382621668103262,5.388847675276416,2.210486434981915
2347,training,0.0009850977221503854,0.007728096097707748,0.006892006650056325,24.358706223088042,5.4206361855265905,2.217691775856596
2348,training,0.0012988352682441473,0.03429704159498215,0.006892006650056325,24.334615345129883,5.452384181967873,2.2244157683208683
2349,training,0.0022605666890740395,0.01742531731724739,0.006892006650056325,24.31005277950226,5.4840391777826,2.2384711707829865
2350,training,0.0013347864151000977,0.027184564620256424,0.006892006650056325,24.285318405388082,5.515052177963906,2.248488900467835
2351,training,0.0014421232044696808,0.08143756166100502,0.01967548032563585,24.260109101049746,5.546041481210061,2.259385757478387
2352,training,0.0010300781577825546,0.028762962669134147,0.01967548032563585,24.247319774608894,5.561516551942243,2.2640338020960615
2353,training,0.0005651700193993747,0.010366030037403107,0.01967548032563585,24.20886126440188,5.60719082445788,2.277859895154884
2354,training,0.0008014781633391976,0.055031873285770416,0.01967548032563585,24.182695824514298,5.6375571972216685,2.2864164105063915
2355,training,0.0023483121767640114,0.0019238553941249917,0.01967548032563585,24.169540823586566,5.652578203404485,2.2957166097928603
2356,training,0.00025966178509406745,0.011192508041858673,0.01967548032563585,24.14294255555898,5.682008329047714,2.312873222751364
2357,training,0.0016875576693564653,0.05446835979819298,0.01967548032563585,24.11571680675652,5.7113521833744265,2.325593085195027
2358,training,0.0004265480674803257,0.01210719719529152,0.017846103719132676,24.088312165096735,5.7401479798662844,2.335774926654393
2359,training,0.0009212135337293148,0.03958231210708618,0.017846103719132676,24.0605876397048,5.768794748261515,2.3448422866065766
2360,training,0.0005316460155881941,0.013852421194314964,0.017846103719132676,24.03248534982673,5.797353624430113,2.3484323801653253
2361,training,0.0013574959011748433,0.004195529967546463,0.017846103719132676,24.004511511649394,5.825677502035393,2.3530226221454433
2362,training,0.0018718078499659896,0.035682547837495804,0.017846103719132676,23.976204352590237,5.8539267292787684,2.3621044784795373
2363,training,0.0008337784092873335,0.05231383815407753,0.017846103719132676,23.947689280942097,5.881825356105877,2.3739215261344033
2364,training,0.001256473595276475,0.02421075478196144,0.017846103719132676,23.918870328660958,5.909211599570079,2.38676863505289
2365,training,0.0005820414517074823,0.016998521983623505,0.017846103719132676,23.88963198426675,5.936464474422624,2.3959267346988105
2366,training,0.00037828716449439526,0.02564559876918793,0.020678721944396645,23.860242961068852,5.9634426116990955,2.3994626908848855
2367,training,0.0005215523997321725,0.003333982080221183,0.020678721944396645,23.830748617920882,5.990410874975094,2.4036498846316348
2368,training,0.0005706165684387088,0.03315185382962227,0.020678721944396645,23.801169955710435,6.017137969589149,2.410900077397144
2369,training,0.0002773097075987607,0.017799794673919678,0.020678721944396645,23.771412465688197,6.0435426837895205,2.419013456968587
2370,training,0.0009244423708878458,0.0028107687830924988,0.020678721944396645,23.741356344552234,6.069877075182989,2.425153597388076
2371,training,0.0004632495401892811,0.017306268215179443,0.020678721944396645,23.71116709825517,6.095954149358394,2.434326920323156
2372,training,0.000931300746742636,0.026297338306903832,0.020678721944396645,23.680716667479103,6.121640764264897,2.4470765942229553
2373,training,0.002603828674182296,0.017611116170883172,0.013270116793297978,23.649954959880812,6.146986426540675,2.457088492977767
2374,training,0.000367236410966143,0.019250929355621338,0.013270116793297978,23.618916537084413,6.172066964703469,2.4662372632052563
2375,training,0.002316894941031933,0.009601306170225143,0.013270116793297978,23.58767018478639,6.196851307669586,2.4750183072037566
2376,training,0.0005915613146498799,0.08751621283590794,0.013270116793297978,23.556236337449562,6.22142792041996,2.48100364765055
2377,training,0.001099808607250452,0.13874538242816928,0.013270116793297978,23.524655828938226,6.245818484903089,2.4836829138425607
2378,training,0.0038906156551092863,0.0851973369717598,0.013270116793297978,23.47767663980236,6.281466188327583,2.5141794005719404
2379,training,0.0011349825654178858,0.023595020174980177,0.013270116793297978,23.445079598806096,6.304358447284059,2.543384158195129
2380,training,0.0016831217799335718,0.00605136901140213,0.08213394293473288,23.41201627523663,6.326277159186676,2.5658004592626575
2381,training,0.0001071294245775789,0.01763327047228813,0.08213394293473288,23.378324032090557,6.3477833490163365,2.580928190681086
2382,training,0.0022710561752319336,0.008792392909526825,0.08213394293473288,23.344452465386347,6.36873676126947,2.59255851673197
2383,training,0.0008505649748258293,0.013530768454074867,0.08213394293473288,23.31037798537463,6.3893678856909615,2.601841335321004
2384,training,0.0009589365217834711,0.03116520494222641,0.08213394293473288,23.27588329164428,6.409836880760335,2.610604577632197
2385,training,0.004883378278464079,0.012003049254417412,0.08213394293473288,23.241507823677722,6.429852461616893,2.6167966643650233
2386,training,0.0015621769707649946,0.026203531771898284,0.07701307479655842,23.20684336776441,6.449774730627695,2.6237430201250804
2387,training,0.00045368605060502887,0.018649138510227203,0.07701307479655842,23.17199017962417,6.469364294735714,2.6379568551979764
2388,training,0.004550290759652853,0.044525319710373885,0.07701307479655842,23.137046564731346,6.488223547057074,2.655946108969764
2389,training,0.0010448037646710873,0.027590526267886165,0.07701307479655842,23.10149317781918,6.506636618105768,2.6700876146134336
2390,training,0.0006004928727634251,0.03456858545541763,0.07701307479655842,23.065876858667103,6.524733394092792,2.6699991579860582
2391,training,0.002291695214807987,0.04258229769766331,0.07701307479655842,23.03027720231915,6.5428512395802425,2.6730367518375298
2392,training,0.0004364606866147369,0.03429804043844342,0.05722178889883094,22.994492838733258,6.560880933437136,2.6762214714404116
2393,training,0.0012321367394179106,0.0497264489531517,0.05722178889883094,22.958882468502164,6.578703586082549,2.6778190442048033
2394,training,0.0012718699872493744,0.06487973034381866,0.05722178889883094,22.923032748996267,6.596644990129981,2.676020601521523
2395,training,0.000151506406837143,0.022016298957169056,0.05722178889883094,22.887352424428602,6.614608426508986,2.6746217126876917
2396,training,0.001024945522658527,0.001097649335861206,0.05722178889883094,22.851724975875552,6.632638687698508,2.6702880862721834
2397,training,0.004486988298594952,0.06250957399606705,0.05722178889883094,22.81598190974195,6.650935291135506,2.6678412579189232
2398,training,0.0004216955858282745,0.004465464502573013,0.05170860270869321,22.780546380448364,6.6691025355079745,2.6677201701470756
2399,training,0.0017546620219945908,0.0011648223735392094,0.05170860270869321,22.74492929588731,6.687381451113721,2.6665378351970594
2400,training,0.0005158947897143662,0.005036037415266037,0.05170860270869321,22.709344557096806,6.705722844882705,2.6646116289304835
2401,training,0.002501470036804676,0.02499342942610383,0.05170860270869321,22.673922696457026,6.724034665521321,2.664267251130016
2402,training,0.0004790255625266582,0.03186761075630784,0.05170860270869321,22.63827655674929,6.742424745297311,2.66715889389372
2403,training,0.0010363887995481491,0.022489797789603472,0.05170860270869321,22.60285940780696,6.760576087251551,2.6661462136125054
2404,training,0.0014961061533540487,0.051019635051488876,0.03922139371071316,22.567348344209766,6.778966778211784,2.6626343344891072
2405,training,0.002619470003992319,0.09090001881122589,0.03922139371071316,22.53177170174316,6.797463762899704,2.661684861958245
2406,training,0.0019680096302181482,0.07247446430847049,0.03922139371071316,22.478666584668474,6.824996456287638,2.6660409837891907
2407,training,0.00038248373311944306,0.03503700904548168,0.03922139371071316,22.46081658621645,6.83418461599145,2.6661332105643427
2408,training,0.0008298923494294286,0.033009568229317665,0.03922139371071316,22.407618386779035,6.861632375555636,2.663934700925522
2409,training,0.0011571504874154925,0.01573142036795616,0.03922139371071316,22.389859575985486,6.87080694953366,2.6657434940376232
2410,training,0.002571677090600133,0.020420443266630173,0.036554266645835866,22.354138533191623,6.889185868589529,2.6634530967544934
2411,training,0.0007467285031452775,0.04919761326164007,0.036554266645835866,22.318833659436738,6.907686468233206,2.656269424288376
2412,training,0.0013929572887718678,0.048893626779317856,0.036554266645835866,22.283425298451963,6.9263749658846665,2.6567672394980146
2413,training,0.002409920794889331,0.011482201516628265,0.036554266645835866,22.248005674793745,6.944945053658204,2.6619020074763013
2414,training,0.0021412023343145847,0.007642126642167568,0.036554266645835866,22.23034996213733,6.9540977515694165,2.6636624233121173
2415,training,0.0010355903068557382,0.01572437072172761,0.036554266645835866,22.194816384068993,6.972484591562877,2.6650173637353367
2416,training,0.0009672943269833922,0.0050979834049940075,0.028439385450301967,22.15919004064358,6.990838975296809,2.6656214598852754
2417,training,0.001419845037162304,0.05173796974122524,0.028439385450301967,22.12376864668689,7.009130711001951,2.6634332639628293
2418,training,0.0037323213182389736,0.01833750307559967,0.028439385450301967,22.088162704761682,7.027595979824261,2.6649689647346446
2419,training,0.0007751177181489766,0.035609038546681404,0.028439385450301967,22.052794892632885,7.045806636409007,2.6639855082402395
2420,training,0.002112036105245352,0.020965971052646633,0.028439385450301967,22.017350759711007,7.064342725601002,2.6565326989710734
2421,training,0.0010215200018137693,0.010521119460463524,0.028439385450301967,21.96430430854535,7.092392465558129,2.6567623453537275
2422,training,0.002117459662258625,0.021043603308498856,0.026747629112713295,21.94667422911053,7.10165401934265,2.658903655360468
2423,training,0.0044292970560491085,0.02953328937292099,0.026747629112713295,21.91114652575019,7.12020342733263,2.659615012908425
2424,training,0.00040236220229417086,0.015766622498631477,0.026747629112713295,21.858108846950596,7.148116851163166,2.65634937399466
2425,training,0.002396578900516033,0.014125639572739601,0.026747629112713295,21.82267868505439,7.166790944372792,2.656466830737368
2426,training,0.0007277692784555256,0.03029586933553219,0.026747629112713295,21.787292901152234,7.185427627215622,2.6574946517862092
2427,training,0.00038839210174046457,0.017913769464939833,0.026747629112713295,21.7696685955969,7.194689161704277,2.657448239487819
2428,training,0.0023180118296295404,0.003951073624193668,0.025836938994384332,21.734251151318443,7.213327736434879,2.658136968515347
2429,training,0.00019707226601894945,0.013943329453468323,0.025836938994384332,21.698757717273395,7.231905972241086,2.659885631879572
2430,training,0.0005753400037065148,0.01919791055843234,0.025836938994384332,21.663425285230023,7.250396143667527,2.657370909155357
2431,training,0.000978212570771575,0.02203714055940509,0.025836938994384332,21.610280502337893,7.278552179239611,2.6528831308394336
2432,training,0.0006155687151476741,0.00047261267900467266,0.025836938994384332,21.592712919415614,7.287886076687225,2.653243527490042
2433,training,0.00029745095525868237,0.006945484317839146,0.025836938994384332,21.5396722832204,7.3161113803714,2.649914205249733
2434,training,0.0008078489918261766,0.010928397066891192,0.028179480078636153,21.504512103982293,7.335016436257798,2.646993870456869
2435,training,0.0011293732095509768,0.01292711216956377,0.028179480078636153,21.48696332873899,7.34449388948873,2.6456968305909996
2436,training,0.00635839207097888,0.027879638597369194,0.028179480078636153,21.434082461033896,7.373145885587308,2.6462007666412846
2437,training,0.001349656144157052,0.001809841021895412,0.028179480078636153,21.399051883357153,7.392047485077978,2.6466850336947876
2438,training,0.001064456650055945,0.04081761837005615,0.028179480078636153,21.363799985844064,7.411129961377194,2.6431146425718373
2439,training,0.0010837421286851168,0.03350104484707117,0.028179480078636153,21.328742214126454,7.430262002491605,2.643146050741619
2440,training,0.0009070332162082195,0.014605483505874872,0.024819205904977007,21.293686208869723,7.449238766676732,2.6477605554283055
2441,training,0.0007910540443845093,0.05144282057881355,0.024819205904977007,21.276026024401023,7.4587248125527426,2.6494036175959987
2442,training,0.0005521172424778342,0.030910565983504057,0.024819205904977007,21.240803742313858,7.477559719180633,2.6527933804814054
2443,training,0.00030945916660130024,0.001765743829309942,0.024819205904977007,21.187906147518557,7.505724227765783,2.6477069997153437
2444,training,0.00033514562528580427,0.032243897672742605,0.024819205904977007,21.152646969587437,7.524773944282291,2.645174901054079
2445,training,0.0002768556005321443,0.019370266702026132,0.024819205904977007,21.117592941437405,7.543639381726283,2.650825058122805
2446,training,0.0009963506599888206,0.0077113620936870644,0.024696460450559572,21.08219451255744,7.562565129834623,2.648265042177263
2447,training,0.0016571767628192902,0.004354711621999741,0.024696460450559572,21.04707401949656,7.581515091233317,2.6482000142545714
2448,training,0.0008377135964110494,0.01056627370417118,0.024696460450559572,21.01186130414499,7.600350541671439,2.6518064855886916
2449,training,0.0035827343817800283,0.045427241013385355,0.024696460450559572,20.994142236155806,7.609776711974071,2.6540999425903213
2450,training,0.002284663263708353,0.05369214480742812,0.024696460450559572,20.958872298510865,7.628394812172325,2.656683743651858
2451,training,0.00036751708830706775,0.016741514205932614,0.024696460450559572,20.923541074431395,7.647004820933991,2.656529963806264
2452,training,0.0012372154742479324,0.03822834976017475,0.022816779891095162,20.870410563489617,7.674897355173537,2.661149993221549
2453,training,0.0006909783114679158,0.029498772695660588,0.022816779891095162,20.852754021227124,7.684108181278631,2.6598528179646714
2454,training,0.005803337320685387,0.002220320515334606,0.022816779891095162,20.817277503981792,7.70274668899055,2.6552460155063
2455,training,0.000936535419896245,0.0018653031438589096,0.022816779891095162,20.7819123889506,7.721526113367757,2.652820212808414
2456,training,0.001000600983388722,0.03786737285554409,0.022816779891095162,20.74669431407718,7.7402485431951975,2.652804801058437
2457,training,0.0006476511480286717,0.003019594238139689,0.022816779891095162,20.71125117541507,7.759144888790265,2.64951347420267
2458,training,0.0002767193072941154,0.011935199610888958,0.029478357781708077,20.676145785295738,7.778047538852889,2.6470168825589147
2459,training,0.0036957035772502422,0.01588854193687439,0.029478357781708077,20.640941156290733,7.797024082583879,2.6476313281080563
2460,training,0.001368674566037953,0.03048831596970558,0.029478357781708077,20.605647906841433,7.816016570521305,2.6478698920469674
2461,training,0.0018328257137909532,0.044510550796985626,0.029478357781708077,20.552926044124963,7.8443711118726025,2.648069617143422
2462,training,0.00028492556884884834,0.035826205275952816,0.029478357781708077,20.51759705184149,7.863449531050196,2.6440672111462855
2463,training,0.002853375393897295,0.0033491905778646504,0.029478357781708077,20.482617999372025,7.882398120692465,2.647946860767157
2464,training,0.0008987793698906898,0.008490912616252901,0.034634738359079396,20.429589891747852,7.9108000320222915,2.6482084811466735
2465,training,0.0009012144873850048,0.01890916982665658,0.034634738359079396,20.39452839840347,7.929707269436851,2.6459837238991875
2466,training,0.000655057723633945,0.02959449030458927,0.034634738359079396,20.376938866823515,7.939204815645166,2.6470304709077666
2467,training,8.610743680037558e-05,0.0013686330057680607,0.034634738359079396,20.341593341802046,7.958204911189286,2.650462402580214
2468,training,0.0004244352749083191,0.042113376781344414,0.034634738359079396,20.306467910939713,7.976930840619847,2.6520064419912126
2469,training,0.0008791690925136209,0.04026576690375805,0.034634738359079396,20.271130916219903,7.9957169839042095,2.6551266639641815
2470,training,0.0009281341335736215,0.0015438580885529518,0.0406896804383508,20.235738969216257,8.014375183738414,2.657224731041073
2471,training,0.0004927624831907451,0.004730706103146076,0.0406896804383508,20.200464529712423,8.032993639287465,2.6542686830641378
2472,training,0.0005741019849665463,0.004870990291237831,0.0406896804383508,20.165018194441213,8.051809106835734,2.6540478622032504
2473,training,0.0009261856903322041,0.022813264280557632,0.0406896804383508,20.129793488187527,8.070447469905154,2.6562499866909457
2474,training,0.0009848750196397305,0.022535215597599745,0.0406896804383508,20.09441470852258,8.08898272345087,2.662854337872563
2475,training,0.0001987970608752221,0.04126914218068123,0.0406896804383508,20.058811934043995,8.107351250390582,2.6669611781258844
2476,training,0.0014809668064117432,0.006247856654226782,0.04504098856006199,20.04111819034753,8.11641131273818,2.6688621755655824
2477,training,0.0007946194964461029,0.03384812269359828,0.04504098856006199,20.005531870587422,8.134525614161694,2.672159828284592
2478,training,0.0011041234247386456,0.0511278952471912,0.04504098856006199,19.96977312792158,8.152597898924746,2.6762584770721993
2479,training,0.003083240706473589,0.00709228846244514,0.04504098856006199,19.916211947263633,8.1790107714908,2.6917990836693915
2480,training,0.00022768911730963737,0.01599241979420185,0.04504098856006199,19.898140594175814,8.187688627755703,2.694715112795681
2481,training,0.0003702465910464525,0.036335891112685204,0.04504098856006199,19.86211189278339,8.204955464070522,2.6941619332296765
2482,training,0.00025110444403253496,0.002439325675368309,0.04225261720403325,19.826132423977885,8.222256424801165,2.6909952148367755
2483,training,0.0007650494808331132,0.04367975424975157,0.04225261720403325,19.77212226402024,8.2485680710941,2.6866658901732285
2484,training,8.042486297199503e-05,0.01634012162685394,0.04225261720403325,19.754248443658046,8.257294546790469,2.6887732898959906
2485,training,0.0019858446903526783,0.015887820161879063,0.04225261720403325,19.71824253138905,8.274651475520896,2.695419599747687
2486,training,0.001140959095209837,0.019989037420600653,0.04225261720403325,19.682056116293776,8.291921960588589,2.695029628824015
2487,training,0.000522263755556196,0.06517408043146133,0.04225261720403325,19.64611156547791,8.309151609677933,2.694910575529463
2488,training,0.00017174980894196779,0.018711512093432248,0.03819929150801456,19.609929118528367,8.326516613971185,2.6912721878269137
2489,training,0.0010678161634132266,0.03171154484152794,0.03819929150801456,19.556107717859536,8.352735752196644,2.6874846983839307
2490,training,0.0004743488971143961,0.04923393949866295,0.03819929150801456,19.520071481315668,8.370267570381307,2.6910119758362456
2491,training,0.0008234360138885677,0.012100803200155497,0.03819929150801456,19.50207282839407,8.37895597452224,2.6927350131146968
2492,training,0.0006967211375012994,0.017714861314743757,0.03819929150801456,19.46615636959419,8.39615778757038,2.6960810739971888
2493,training,0.0008826873963698745,0.005766791757196188,0.03819929150801456,19.429987380298147,8.413360765081286,2.6997350964113056
2494,training,0.0005170569638721645,0.030710970982909203,0.03859478626402618,19.393870309626998,8.430388973879818,2.7010947949335518
2495,training,0.0004966902197338641,0.0020056627690792084,0.03859478626402618,19.357760319773924,8.447437742864038,2.6984874951093
2496,training,0.00037337452522479,0.03210606146603823,0.03859478626402618,19.321559263686034,8.464653339739929,2.698480193585746
2497,training,0.0005708138342015445,0.027006603777408603,0.03859478626402618,19.285582792796404,8.481687434367085,2.698947875931606
2498,training,0.001971890451386571,0.03750558383762837,0.03859478626402618,19.231281269850363,8.507343064060477,2.702618659432363
2499,training,0.00025291566271334887,0.0009240414947271347,0.03859478626402618,19.195207639529965,8.52414611169209,2.7098275569757626
2500,training,0.0003749090828932822,0.03272892441600561,0.030687655932274835,19.177084383979373,8.532449905714993,2.713364409749831
2501,training,0.0005319453775882721,0.00034296978265047247,0.030687655932274835,19.140596383670427,8.549025720910679,2.7150707166152754
2502,training,0.0009575713193044066,0.02506643533706665,0.030687655932274835,19.10433439064803,8.565522815447219,2.71548024616836
2503,training,0.000500817783176899,0.04155992530286312,0.030687655932274835,19.067928844436835,8.58206855457666,2.7111077962541104
2504,training,0.0006116006406955421,0.01968839392066002,0.030687655932274835,19.013513803156716,8.607431008088305,2.7010074303772225
2505,training,0.0029009159188717604,0.023322911933064454,0.030687655932274835,18.995481906564663,8.615933480624442,2.701023991528046
2506,training,0.002245123265311122,0.018471524585038424,0.019165895939179257,18.941127777610482,8.6413864924268,2.708721803220273
2507,training,0.0010362163884565234,0.011013347655534744,0.019165895939179257,18.905055320590595,8.657970510312257,2.709989817844721
2508,training,0.0007846271619200706,0.005099637317471206,0.019165895939179257,18.868682517196735,8.67477533076741,2.707068068416996
2509,training,0.0006790601764805615,0.053555067628622055,0.019165895939179257,18.832487964339283,8.691644818316913,2.70426899270495
2510,training,0.0005641501629725099,0.0456677982583642,0.019165895939179257,18.79633759712646,8.708530876094573,2.7046978777062884
2511,training,0.0011224988847970963,0.022258907556533813,0.019165895939179257,18.760016854887517,8.725509315827335,2.7032134922531963
2512,training,0.0006948963273316622,0.021426495164632794,0.011580260047798845,18.723942803215465,8.742436034351293,2.70268120742579
2513,training,0.0009115863358601928,0.017491196282207966,0.011580260047798845,18.687727286234654,8.759454588314513,2.7011834902019745
2514,training,0.0003955989668611437,0.010423431172966957,0.011580260047798845,18.651579425822465,8.776532876953015,2.699690053864326
2515,training,0.001024625264108181,0.04544463520869613,0.011580260047798845,18.61553927424452,8.793529772484321,2.701231318948585
2516,training,0.001195361721329391,0.01375659927725792,0.011580260047798845,18.56120337553437,8.819145892259257,2.69948607652553
2517,training,0.0002224270283477381,0.024821246042847633,0.011580260047798845,18.543205143685885,8.827655979638404,2.7003794474061222
2518,training,0.0006101852050051093,0.005930156446993351,0.007342348503482085,18.507065833719913,8.844605657994615,2.7066044256629476
2519,training,0.00022736168466508389,0.009755872189998627,0.007342348503482085,18.47067841321961,8.861363575048923,2.7119806629400465
2520,training,0.0007032794528640807,0.013430720195174217,0.007342348503482085,18.434439989714512,8.877912108845411,2.7135276859932924
2521,training,0.0005622220342047513,0.025611989200115204,0.007342348503482085,18.4162479742188,8.886199571049094,2.7153517604243773
2522,training,0.0016312627121806145,0.05084825260564685,0.007342348503482085,18.379789968234345,8.90262657265197,2.7214621003861352
2523,training,0.006232365965843201,0.028733293525874618,0.007342348503482085,18.34339642799815,8.918728547537324,2.726168258075586
2524,training,0.0032146568410098553,0.05338079342618585,0.010255742660444057,18.306766662185996,8.934848044748566,2.7291808736162433
2525,training,0.0008528922917321324,0.03334452770650386,0.010255742660444057,18.270221323456713,8.950699972867316,2.7360122576672783
2526,training,0.0004775849520228803,0.024348449893295765,0.010255742660444057,18.23355359394989,8.966207843281698,2.7467831149243445
2527,training,0.000609127338975668,0.0012345938012003899,0.010255742660444057,18.178137464179468,8.989174171425269,2.7454667540852924
2528,training,0.0012202456127852201,0.042165837716311216,0.010255742660444057,18.141329397040234,9.004586616139457,2.745122541429064
2529,training,0.0006271668244153261,0.04438106529414654,0.010255742660444057,18.10440629212555,9.019968126873303,2.75004565641505
2530,training,0.002492789179086685,0.05064243357628584,0.0060305491253232636,18.067511476871523,9.035044341211542,2.7576377826222296
2531,training,0.00070311373565346,0.019869100768119097,0.0060305491253232636,18.04902391451594,9.042461162691282,2.7623318998762527
2532,training,0.0015587228117510676,0.02430756762623787,0.0060305491253232636,17.99326379987275,9.064393051404865,2.767517418981781
2533,training,0.00025767291663214564,0.01202939078211785,0.0060305491253232636,17.974663789384408,9.071667966785618,2.7700122075388522
2534,training,0.0006811717757955194,0.010402962565422058,0.0060305491253232636,17.91875309366773,9.09308824107372,2.7810437989736534
2535,training,0.0003281214740127325,0.07903371937572956,0.0060305491253232636,17.88139754402953,9.107071208307842,2.7858181501884713
2536,training,0.0007471381686627865,0.07709052041172981,0.013441305450193047,17.843963075739868,9.120698200068475,2.800900663137592
2537,training,0.0016674265498295426,0.04230046831071376,0.013441305450193047,17.806346631495416,9.133692756509708,2.8160560200248796
2538,training,0.0007719381828792393,0.01846497878432274,0.013441305450193047,17.768426823100693,9.14622915144175,2.827175009770735
2539,training,0.0006786731537431479,0.05032683536410332,0.013441305450193047,17.730461911719395,9.158298394083197,2.8413997856600846
2540,training,0.0014843451790511608,0.052801708690822124,0.013441305450193047,17.711427162045965,9.164162624250855,2.842916767096809
2541,training,0.001695043407380581,0.03479322977364063,0.013441305450193047,17.654064807512295,9.181714109108192,2.847305200193515
2542,training,0.0005487354355864227,0.020677834749221795,0.011132646248402949,17.615935657839152,9.193173437441889,2.850848159959041
2543,training,0.002398636657744646,0.018888045102357857,0.011132646248402949,17.577586847739422,9.204506437765993,2.8587685450971105
2544,training,0.0004568742879200727,0.013278115540742874,0.011132646248402949,17.539214160627274,9.215435125675947,2.868700803793923
2545,training,0.0010664616711437702,0.052811405970714986,0.011132646248402949,17.500871208534377,9.22600877346239,2.877170330287522
2546,training,0.00021766503050457686,0.020040865987539295,0.011132646248402949,17.481529000520947,9.231209945990704,2.8794135613302005
2547,training,0.0009689945145510137,0.0027525690384209156,0.011132646248402949,17.42373333964646,9.2465711645286,2.8846833008690465
2548,training,0.00020682574540842324,0.11294219642877579,0.008063675946671917,17.385034847100638,9.256706309098007,2.8851382122783606
2549,training,0.003159827319905162,0.0539431544020772,0.008063675946671917,17.346313952606383,9.266930319214252,2.8804192642787076
2550,training,0.003692774334922433,0.05890186131000519,0.008063675946671917,17.307930498796228,9.277291252651283,2.876095858154086
2551,training,0.002198150847107172,0.016793537884950634,0.008063675946671917,17.269258604921077,9.287825693230934,2.8753554351206088
2552,training,0.0005161801818758249,0.018758460879325867,0.008063675946671917,17.23083099931636,9.298229923777944,2.879164179146106
2553,training,0.0006820879643782973,0.0573986042290926,0.008063675946671917,17.19223711600416,9.308533413258154,2.8806276069998775
2554,training,8.190825610654429e-05,0.05349215865135193,0.0165731179399223,17.153518483292796,9.318911254112217,2.8775718066449762
2555,training,0.002723442856222391,0.03296367218717933,0.0165731179399223,17.115316580765636,9.329228109899779,2.8797276202235498
2556,training,0.0007783070323057473,0.010760804638266563,0.0165731179399223,17.076621497093488,9.339568071501224,2.8795897856791086
2557,training,0.0007538518402725458,0.03862540144473314,0.0165731179399223,17.018852081665003,9.355052126466035,2.8790000282404176
2558,training,0.001547774882055819,0.030339772813022137,0.0165731179399223,16.999557819348915,9.36023233003635,2.8802481997445915
2559,training,0.0010713093215599656,0.0184955564327538,0.0165731179399223,16.960824531529536,9.370516259042471,2.8812017775166474
2560,training,0.0022509691771119833,0.03411980718374252,0.01930888374921867,16.922406600754233,9.380840945061363,2.8769081631251967
2561,training,0.0004149856395088136,0.03828424774110317,0.01930888374921867,16.883788073862345,9.391323268504973,2.8771976990455803
2562,training,0.0008822756935842335,0.024164514616131783,0.01930888374921867,16.8451709120395,9.401682970037713,2.8821555165673463
2563,training,0.002727522747591138,0.019624319393187765,0.01930888374921867,16.80667431703558,9.411851862034396,2.883733060135316
2564,training,0.0009580206824466586,0.022051187232136726,0.01930888374921867,16.787297402158813,9.416974965735616,2.8820135818015626
2565,training,0.0009887439664453268,0.007463751360774044,0.01930888374921867,16.748602492037655,9.427304669369263,2.8797325053496956
2566,training,0.0015517036663368344,0.06218010187149047,0.026687606269951553,16.690879632916317,9.442773662587838,2.8814403354912987
2567,training,0.0005001503159292042,0.08283128961920738,0.026687606269951553,16.671498902269185,9.447899816359186,2.885009242700698
2568,training,0.00010095372999785468,0.0382920540869236,0.026687606269951553,16.613639527327702,9.462652081363194,2.898115251831854
2569,training,0.0001697121188044548,0.021298068808391694,0.026687606269951553,16.5747476918927,9.47223356549942,2.9019010173718476
2570,training,0.0015130368992686272,0.014817937510088086,0.026687606269951553,16.535993562871102,9.481591891524879,2.906824561774958
2571,training,0.0001698303094599396,0.08484308049082756,0.026687606269951553,16.49716479932742,9.490812056136326,2.907861669588136
2572,training,0.0005933782085776329,0.019117223098874092,0.025491989693820646,16.438775311333366,9.50484879241731,2.9029544214559975
2573,training,0.0019318974809721112,0.038544302340596914,0.025491989693820646,16.419456982767016,9.509562745042796,2.9014256601995174
2574,training,0.000724523386452347,0.007258273661136627,0.025491989693820646,16.380576940170357,9.519116424934435,2.9000118249400666
2575,training,0.00033693708246573806,0.0153247881680727,0.025491989693820646,16.34169932059219,9.528771134753406,2.8948595477140073
2576,training,0.0005437053623609245,0.024620087817311287,0.025491989693820646,16.322471694539892,9.533648997581047,2.8919373422389354
2577,training,0.0004130994202569127,0.035430860705673695,0.025491989693820646,16.28371244605563,9.543560072323826,2.8914539195361946
2578,training,0.0009945291094481945,0.005485706264153123,0.01697404435765651,16.244887194629946,9.553395203817646,2.8970175533332982
2579,training,0.0006655860925093293,0.021219444926828146,0.01697404435765651,16.206261187930334,9.562953395377523,2.8991564495687774
2580,training,0.0032099615782499313,0.020292374771088365,0.01697404435765651,16.1479281638516,9.57733556122189,2.901295431907284
2581,training,0.000626717577688396,0.02929174341261387,0.01697404435765651,16.12860452096218,9.582064997589313,2.9004402544257744
2582,training,0.0008917642990127206,0.020978970918804407,0.01697404435765651,16.089808277500065,9.591681621818665,2.8969948122065237
2583,training,0.00025776063557714224,0.007095887325704098,0.01697404435765651,16.05092270301956,9.601415269153316,2.896104958028606
2584,training,0.0019239385146647692,0.046356141567230225,0.009904524395896452,16.012326831562717,9.611094194057104,2.89516599371685
2585,training,0.0013499932829290628,0.0609261654317379,0.009904524395896452,15.973477821291574,9.620825580364174,2.897988728176873
2586,training,0.0003670596925076097,0.03587137162685394,0.009904524395896452,15.934743500126338,9.630326241352277,2.9046162374034648
2587,training,0.0005928900209255517,0.05966099351644516,0.009904524395896452,15.895971918827636,9.639553564984784,2.9100897046584118
2588,training,0.0005213425029069185,0.012334081344306469,0.009904524395896452,15.856919759467795,9.64864719379609,2.917159405144135
2589,training,0.0009573179995641112,0.0028550657443702212,0.009904524395896452,15.798567814123604,9.661806749458234,2.9181118533492842
2590,training,0.00032984610879793763,0.027195578441023827,0.010750890192376485,15.77901813889187,9.666260016158933,2.9170148351720084
2591,training,0.00045105675235390663,0.06409027427434921,0.010750890192376485,15.739975202527965,9.675186327036677,2.916773512818141
2592,training,0.00022146197443362325,0.042171912267804146,0.010750890192376485,15.701155833919211,9.684074611281194,2.916085565755389
2593,training,0.0009016626281663775,0.018352337181568146,0.010750890192376485,15.662054338438304,9.693066375374222,2.914536809689731
2594,training,0.0012186261592432857,0.050232622772455215,0.010750890192376485,15.623205194371842,9.7020456807783,2.9139016347706397
2595,training,0.0005983271403238177,0.03182375803589821,0.010750890192376485,15.584285606457188,9.71102419926324,2.9172656378038546
2596,training,0.0003896410344168544,0.017106879502534866,0.018969221291607097,15.545190903300428,9.719892682523692,2.9190062240705146
2597,training,0.0037630766164511442,0.03785111475735903,0.018969221291607097,15.506357667520692,9.728710875723992,2.9151905647095067
2598,training,0.0004747062048409134,0.005203455686569214,0.018969221291607097,15.467300060137608,9.737832597699686,2.910024873416437
2599,training,0.000835218233987689,0.003372661769390106,0.018969221291607097,15.428475382810653,9.747064260033778,2.903363309891768
2600,training,0.0008029656601138413,0.060386423021554954,0.018969221291607097,15.350819984695793,9.767144485496619,2.8719994162142037
2601,training,0.0003867271589115262,0.006547018885612488,0.018969221291607097,15.331555529570402,9.772538331293383,2.8661496640871706
2602,training,0.0011001817183569074,0.02775033563375473,0.057817540347549955,15.293176859525051,9.783639977100671,2.8509506878140543
2603,training,0.0002509386104065925,0.005078978836536394,0.057817540347549955,15.254777229077304,9.79559851428431,2.8271563398991257
2604,training,0.0007960465736687183,0.0281943678855896,0.057817540347549955,15.216823091886257,9.808392042640028,2.8068791622929528
2605,training,0.00042283080983906984,0.052077773958444595,0.057817540347549955,15.179062259691452,9.821861459692263,2.7918485078449473
2606,training,0.0005164992180652916,0.07216353714466094,0.057817540347549955,15.141533407874176,9.835800911798708,2.780167808859096
2607,training,0.0011897844960913062,0.09788541868329048,0.057817540347549955,15.085551519507897,9.857588368979505,2.759894115333952
2608,training,0.0009467494674026966,0.02422882616519928,0.030279138074898813,15.0669833908738,9.865085895809667,2.7557510317099316
2609,training,0.00023988285101950169,0.036881688982248306,0.030279138074898813,15.029909446550633,9.88030955312503,2.7466209341654584
2610,training,0.0012529946397989988,0.009197384119033813,0.030279138074898813,14.993117771730374,9.895926530071602,2.73469915804553
2611,training,0.0009090773528441787,0.05253315530717373,0.030279138074898813,14.95652011059151,9.911917985442352,2.723633036657437
2612,training,0.0005652168765664101,0.05835062265396118,0.030279138074898813,14.919938761004353,9.928332816557095,2.7164233721732916
2613,training,0.000910178292542696,0.0012791231274604797,0.030279138074898813,14.901765982580251,9.936592788376174,2.7141571189786062
2614,training,0.0004967100685462356,0.02242610231041908,0.011581106677932202,14.865477866755635,9.953153985359316,2.7096791041575656
2615,training,0.00038169993786141276,0.011971667408943176,0.011581106677932202,14.829105173106827,9.970133571138069,2.701011531223196
2616,training,0.0003336656664032489,0.0313570648431778,0.011581106677932202,14.793068858063354,9.987322473902694,2.691200410065048
2617,training,0.0008330573327839375,0.013279758393764496,0.011581106677932202,14.757130736266193,10.00492270828655,2.680653986631559
2618,training,0.0006637495243921876,0.014026421122252941,0.011581106677932202,14.703534972573143,10.03217283896738,2.660959322244272
2619,training,0.003036318114027381,0.03504550643265248,0.011581106677932202,14.668171103938912,10.050755759096894,2.656154360550847
2620,training,0.0003419787681195885,0.060689039528369904,0.010023628414516976,14.650407768691245,10.060174322378517,2.6513243871089505
2621,training,0.0003237347991671413,0.018887039273977294,0.010023628414516976,14.615106473683955,10.079353839835555,2.6337015832592403
2622,training,0.000986355822533369,0.01855381578207016,0.010023628414516976,14.580333247068658,10.099122551745147,2.6175469094401738
2623,training,0.0010977871716022491,0.05131453089416027,0.010023628414516976,14.545610806742467,10.119540837397778,2.601833453877431
2624,training,0.0009244048269465566,0.015833400189876556,0.010023628414516976,14.51155275722047,10.140240546645035,2.591783219432673
2625,training,0.0013577258214354515,0.00301254540681839,0.010023628414516976,14.47745726365511,10.161324206441858,2.5815411909730392
2626,training,0.0019038775935769081,0.07120053470134736,0.026350780775673363,14.443581943028697,10.182884637943253,2.5675183990034482
2627,training,0.0021630525588989258,0.022590108215808882,0.026350780775673363,14.410227095292669,10.204913334086994,2.5470818399638513
2628,training,0.0003407796612009406,0.0402631051838398,0.026350780775673363,14.360751029349936,10.23929766615022,2.5241461991710348
2629,training,0.0006373283686116338,0.014600604772567749,0.026350780775673363,14.344576338124782,10.250858275488365,2.5175050684443208
2630,training,0.000386176398023963,0.03986574709415437,0.026350780775673363,14.312220947147395,10.274483681377802,2.503252227725265
2631,training,0.0009377867099829018,0.07419962156563996,0.026350780775673363,14.280185616084262,10.298709000701185,2.4843494868293865
2632,training,0.0005898770177736878,0.05541066452860832,0.026350780775673363,14.233147318585464,10.336060388112752,2.4565798615837395
2633,training,0.0006200208445079625,0.021684158593416214,0.06018657075818705,14.202337089595755,10.361682947601649,2.438944551813667
2634,training,0.00028174096951261163,0.028116118162870407,0.06018657075818705,14.18728007053896,10.37450138076562,2.4383267021800363
2635,training,0.0006371020572260022,0.023738136515021324,0.06018657075818705,14.156788943178716,10.400450855304177,2.42973196143171
2636,training,0.0021833181381225586,0.02284068614244461,0.06018657075818705,14.126651021228785,10.426824946727704,2.418235331964163
2637,training,0.0063147274777293205,0.008357036858797073,0.06018657075818705,14.096745914651217,10.453488440558482,2.404526472704917
2638,training,0.0004721605218946934,0.015671819448471083,0.06018657075818705,14.067306043748765,10.480655993086083,2.391186169041929
2639,training,0.00038554577622562647,0.012303262948989861,0.06018657075818705,14.023665185546081,10.521937715687724,2.374552018329415
2640,training,0.0007557462085969746,0.01611935533583164,0.039970825829119046,13.995057938058661,10.549833704229153,2.3643007005714827
2641,training,0.0010080089559778571,0.0028581414371728897,0.039970825829119046,13.980873392723849,10.563822373395695,2.361867313061044
2642,training,0.004880061373114586,0.02513091079890728,0.039970825829119046,13.952439911622381,10.592047073088827,2.357467998517288
2643,training,0.001368094002828002,0.013926766812801368,0.039970825829119046,13.910209940033859,10.634492354857892,2.3509169230272837
2644,training,0.004483336582779884,0.024641329422593113,0.039970825829119046,13.89616259109451,10.648716102611823,2.3480456262287093
2645,training,0.00039132055826485157,0.002050609327852726,0.039970825829119046,13.868153079535517,10.6774035901466,2.3408673721926885
2646,training,0.0005345913814380765,0.0016857292503118498,0.039970825829119046,13.840434721005755,10.706103285937942,2.3371663975438968
2647,training,0.0005319414776749909,0.024365631863474846,0.039970825829119046,13.79884644630219,10.749437765048294,2.3333957353419637
2648,training,0.0008474164642393589,0.0005166339688003055,0.010717821503707562,13.771334725060587,10.778207587186088,2.3349487212436966
2649,training,0.000961636716965586,0.0188602264970541,0.010717821503707562,13.757525723318798,10.792597526154664,2.335543152037768
2650,training,0.00012907091877423227,0.013776153791695833,0.010717821503707562,13.729783021202534,10.821521969660314,2.3351096480131615
2651,training,0.0009237943449988961,0.007729166653007268,0.010717821503707562,13.702208391730546,10.850325832301722,2.3334885354497534
2652,training,0.00102838478051126,0.00031612720340490515,0.010717821503707562,13.674611659755003,10.879216516079659,2.3329612655096974
2653,training,0.0053697023540735245,0.010086607187986374,0.010717821503707562,13.646977655850334,10.908213492559645,2.3302048138430833
2654,training,0.0012607153039425611,0.03818086255341768,0.010717821503707562,13.619593677978937,10.937142565935021,2.326502059297232
2655,training,0.0005697443848475814,0.027133192867040634,0.024783837445542668,13.578321738422508,10.980611916080498,2.3372640219530103
2656,training,0.0011132867075502872,0.07046400848776102,0.024783837445542668,13.56446257495608,10.994940835124208,2.3411352518956465
2657,training,0.001349623897112906,0.025625847280025475,0.024783837445542668,13.536613981461652,11.023434404299906,2.346554030024711
2658,training,0.001492791110649705,0.0083768144249916,0.024783837445542668,13.508545284386402,11.051925752273432,2.3517249040817667
2659,training,0.0011533992365002632,0.09942842647433281,0.024783837445542668,13.480372838070041,11.080119807378502,2.360934214479065
2660,training,0.000684080645442009,0.15195569954812527,0.024783837445542668,13.451856257432699,11.108078872499124,2.369501610030608
2661,training,0.0016622897237539291,0.06859110295772552,0.024783837445542668,13.423190633268774,11.135979755251096,2.3669037871715397
2662,training,0.001374772284179926,0.025721289217472076,0.024783837445542668,13.394708641194732,11.163869252024748,2.371752193963629
2663,training,0.0008331770077347755,0.06636689603328705,0.021736830893764734,13.365836581544281,11.191354763047993,2.390019667969227
2664,training,0.000239871209487319,0.04735197126865387,0.021736830893764734,13.336476980726266,11.218326268573268,2.406447377584482
2665,training,0.001064564217813313,0.137396901845932,0.021736830893764734,13.306714289037249,11.24472946481718,2.425990650610283
2666,training,0.0008624119800515473,0.07501081377267838,0.021736830893764734,13.276445786076124,11.27072963011144,2.43235200103175
2667,training,0.0004973229952156544,0.02646633237600325,0.021736830893764734,13.230763979456967,11.309404211703354,2.449685254311707
2668,training,0.0007723434246145189,0.03928222507238387,0.021736830893764734,13.200010187180252,11.334458364861616,2.4665287241841343
2669,training,0.0005648059886880219,0.042234115302562714,0.021736830893764734,13.168610963493862,11.359151983675732,2.4830342530666885
2670,training,0.0003257694188505411,0.05773109942674637,0.03142101454584817,13.136963812734125,11.383089139769448,2.507656174023753
2671,training,0.00040559141780249774,0.017228543758392362,0.03142101454584817,13.120905994623062,11.394711960283185,2.5225481864157264
2672,training,0.0017407132545486093,0.03551209717988968,0.03142101454584817,13.088082880836165,11.417390288882578,2.5507176662167357
2673,training,0.00016077887266874313,0.012961447238922133,0.03142101454584817,13.038003254677653,11.449726700027096,2.5827918270151815
2674,training,0.0009852617513388395,0.00567354261875154,0.03142101454584817,13.021044062595012,11.460224628483902,2.5915231324702055
2675,training,0.0004887614632025361,0.028230249881744385,0.03142101454584817,12.986720529283268,11.480896159780633,2.6096523131115474
2676,training,0.000625664193648845,0.04288642853498459,0.03142101454584817,12.952370503448384,11.500541667712662,2.6359153631431527
2677,training,0.0006642958032898605,0.038776613771915436,0.040832443413641596,12.917274345438821,11.519614414715065,2.6498390383664154
2678,training,0.0004944477695971727,0.04395634680986406,0.040832443413641596,12.864337009201892,11.547337307654566,2.6693718983706094
2679,training,0.0007529311114922166,0.01576805859804155,0.040832443413641596,12.846560666864235,11.556333116991857,2.676671480268843
2680,training,0.0005791209987364709,0.005027830600738525,0.040832443413641596,12.810700145940714,11.573985356561113,2.6928372963650298
2681,training,0.0031685105059295893,0.011324286460876451,0.040832443413641596,12.774718903093667,11.590919281535875,2.7104172854195085
2682,training,0.0016874363645911217,0.046728618443012224,0.040832443413641596,12.738360453129305,11.607243835339778,2.728577316639305
2683,training,0.0006545314099639654,0.014154992997646332,0.0277473688457366,12.701828972027224,11.622837177009746,2.748488463055462
2684,training,0.0017182240262627602,0.036653948947787285,0.0277473688457366,12.646414182759523,11.64498088449782,2.770558602756374
2685,training,0.0012777147348970175,0.0300423577427864,0.0277473688457366,12.609205303240135,11.659272416810285,2.778442822512944
2686,training,0.00031983572989702225,0.018193908035755157,0.0277473688457366,12.571830473391142,11.67325560787817,2.789156420325534
2687,training,0.0020134656224399805,0.021376971155405045,0.0277473688457366,12.534375101842162,11.686769720492794,2.8003710765223344
2688,training,0.0007497714250348508,0.052163746207952486,0.012374740443780508,12.496686533734623,11.699922017321812,2.8121104213414827
2689,training,0.0012150310212746263,0.0709099774248898,0.012374740443780508,12.458852557724601,11.712538729938332,2.827636373331596
2690,training,0.003721340326592326,0.08281555213034153,0.012374740443780508,12.420970619125923,11.72454019538788,2.8411308301926357
2691,training,0.0008696786826476455,0.05950190499424935,0.012374740443780508,12.363546028769646,11.741728936593171,2.860455149689716
2692,training,0.0004688121844083071,0.02886974392458797,0.012374740443780508,12.325287319888613,11.752557622975392,2.8698957476708884
2693,training,0.0012965119676664472,0.055529870092868805,0.012374740443780508,12.28667161137233,11.763161208615447,2.8768251467833093
2694,training,0.00020518814562819898,0.07759636454284191,0.005906877014704576,12.26737228098982,11.768356328596392,2.88074843432243
2695,training,0.0010394788114354014,0.043663784861564636,0.005906877014704576,12.228937861691533,11.778443620432084,2.8895846456770236
2696,training,0.0014636475825682282,0.042177207767963416,0.005906877014704576,12.190134170894916,11.788242536621697,2.8978485480435343
2697,training,0.0005852627800777555,0.05139168817549944,0.005906877014704576,12.151387315152704,11.797726138937591,2.904792620863576
2698,training,0.0008343515219166875,0.05423185648396611,0.005906877014704576,12.112619209012754,11.806885249645724,2.915025620557921
2699,training,0.0010212755296379328,0.03057543188333512,0.005906877014704576,12.073501238673872,11.815688362159008,2.9260982995480123
2700,training,0.0008682056795805693,0.03488887380808592,0.012294317099386857,12.054083945015545,11.819882046669065,2.9311100924585913
2701,training,0.0017269904492422938,0.020648181438446045,0.012294317099386857,12.01510405008445,11.828019988366627,2.9399126276953593
2702,training,0.0004109312139917165,0.027019675821065903,0.012294317099386857,11.975768113033856,11.835958777946841,2.943188230225482
2703,training,0.0020008268766105175,0.00030355155467987234,0.012294317099386857,11.936707565427183,11.843790124278746,2.9452659958851477
2704,training,0.00042577137355692685,0.020299085415899754,0.012294317099386857,11.877763374011028,11.855355349286379,2.9501416093713346
2705,training,0.002578814048320055,0.021135141607373953,0.012294317099386857,11.858153618331862,11.859149750083247,2.9507941092169307
2706,training,0.0014665869530290365,0.042638513259589665,0.012294317099386857,11.81902059949043,11.86673012477371,2.950271042374942
2707,training,0.0005466239526867867,0.04804244125261902,0.006433976119221478,11.779603062464037,11.874422628115978,2.9445607223179198
2708,training,0.00018977845320478082,0.0043838415294885635,0.006433976119221478,11.72092526631389,11.886573987777941,2.9307364373812637
2709,training,0.000858964049257338,0.02107834443449974,0.006433976119221478,11.681717552189756,11.89505056755274,2.926630515339958
2710,training,0.00046010385267436504,0.012384098023176193,0.006433976119221478,11.642653946004668,11.903617752812528,2.9252251640875024
2711,training,0.0008988187182694674,0.05752258328720927,0.006433976119221478,11.603671132130343,11.912160524464895,2.927188113886025
2712,training,0.0011482087429612875,0.05654706433415413,0.016353338899311932,11.584061531205785,11.916421191803613,2.927490793605145
2713,training,0.00034863839391618967,0.042535610031336546,0.016353338899311932,11.544979424980562,11.924953425163423,2.9247754888658086
2714,training,0.0015078485012054443,0.058100730180740356,0.016353338899311932,11.486429280399177,11.938195073533574,2.912019469323485
2715,training,0.00029646127950400114,0.042169511783868074,0.016353338899311932,11.46685656275833,11.94280961726346,2.908676436548306
2716,training,0.0006087770452722907,0.02888702228665352,0.016353338899311932,11.428140297625623,11.95206495300218,2.905194855097374
2717,training,0.003041667863726616,0.00730154104530811,0.016353338899311932,11.389247474754711,11.961453069982761,2.9043303183677134
2718,training,0.0008284504292532802,0.036701079457998276,0.016353338899311932,11.3503354483064,11.970814643400043,2.9076904758200297
2719,training,0.0012297115754336119,0.07394838146865368,0.03706028100250126,11.292109332983022,11.9844917354953,2.914181160037809
2720,training,0.0005047796294093132,0.019020693376660347,0.03706028100250126,11.272547631535591,11.988997928588155,2.916906466999968
2721,training,0.0007967733545228839,0.026709431782364845,0.03706028100250126,11.233682229442172,11.99774180721373,2.9231606026747405
2722,training,0.00025728027685545385,0.04751988500356674,0.03706028100250126,11.194688378087037,12.006270128296716,2.9295480141314676
2723,training,0.0010924070375040174,0.02338080434128642,0.03706028100250126,11.155439544712802,12.014651505688231,2.9311322598067666
2724,training,0.0003015827969647944,0.026634390465915203,0.03706028100250126,11.116509214662948,12.023000822617922,2.92927643424219
2725,training,0.001790466601960361,0.06400879053398967,0.02436104071390482,11.077344956216994,12.031365055642947,2.9349866748989824
2726,training,0.0025038104504346848,0.0812809206545353,0.02436104071390482,11.038183666152591,12.039384865365875,2.945658605676183
2727,training,0.004422411788254976,0.005899876356124871,0.02436104071390482,10.999079000862864,12.046911116363066,2.956374536818058
2728,training,0.0007754822727292776,0.06745865195989609,0.02436104071390482,10.959624812636774,12.05411852476777,2.9666417623965824
2729,training,0.0007331407978199422,0.05589325353503227,0.02436104071390482,10.920413514729859,12.060877213022922,2.972534099233007
2730,training,0.000995528418570757,0.03589642234146595,0.02436104071390482,10.880961664632084,12.067604077238897,2.972614198433718
2731,training,0.0009715762571431696,0.053272586315870285,0.01604117383531001,10.841475716882764,12.074334230471651,2.973137218430779
2732,training,0.0008276058943010867,0.07788828574120998,0.01604117383531001,10.802174029662787,12.081027485516566,2.9710149047629137
2733,training,0.0017905703280121088,0.05041565699502826,0.01604117383531001,10.762606222518016,12.087945883166839,2.965395723642116
2734,training,0.0007213784847408533,0.06314528733491898,0.01604117383531001,10.703699686965784,12.09863063916456,2.960664474568514
2735,training,0.001450822688639164,0.04867009073495865,0.01604117383531001,10.684005705596059,12.102231640587219,2.9605999003065864
2736,training,0.001031898777000606,0.029261352960020304,0.00979806726144855,10.624971673649235,12.113046012525457,2.9602029284358737
2737,training,0.0008842648239806294,0.02865398116409779,0.00979806726144855,10.585683891110454,12.120229620632472,2.9612942049414515
2738,training,0.000991283217445016,0.016637118998914957,0.00979806726144855,10.54616631062732,12.127490798241865,2.9576446625540673
2739,training,0.0007657026872038841,0.007412945851683617,0.00979806726144855,10.526598961096678,12.131153237918584,2.9552931951158774
2740,training,0.0005418169894255698,0.06140910880640149,0.00979806726144855,10.487376784389136,12.138588770162476,2.954846519102602
2741,training,0.0011258312733843923,0.002075526863336563,0.00979806726144855,10.447915642917746,12.146020023728257,2.955188635834797
2742,training,0.0003351030754856765,0.06051749177277089,0.00979806726144855,10.408806398912594,12.153372338452355,2.9582571235680217
2743,training,0.0036505325697362423,0.009790545329451561,0.02458780942749156,10.349687030422231,12.164001169402141,2.970038459020704
2744,training,0.0018674691673368216,0.04639318585395813,0.02458780942749156,10.31034560386741,12.17086478625275,2.965975712168094
2745,training,0.0009083539480343461,0.05622021667659283,0.02458780942749156,10.270940211985785,12.17798792291251,2.9591748391886106
2746,training,0.0007808565860614181,0.015760997310280793,0.02458780942749156,10.231527588151751,12.185372864860069,2.9563949587514555
2747,training,0.00044863077346235514,0.04359787609428167,0.02458780942749156,10.192386969182943,12.192572618323274,2.963807716598473
2748,training,0.0021754722110927105,0.010962821543216705,0.03359544949422436,10.17269395588239,12.196064950935684,2.96845250766173
2749,training,0.0008116988465189934,0.03869054652750492,0.03359544949422436,10.13320687732641,12.202839460135511,2.9721194469584606
2750,training,0.0014822533121332526,0.024538433644920588,0.03359544949422436,10.093928137493114,12.209596686568538,2.970178040299067
2751,training,0.0004922743537463248,0.021277230698615313,0.03359544949422436,10.05442323288363,12.216455713772397,2.9693550734731398
2752,training,0.0008739001350477338,0.029711475595831868,0.03359544949422436,10.01506887205476,12.223308140852167,2.9694598854028817
2753,training,0.0011984390439465642,0.01924419403076172,0.03359544949422436,9.975735364583915,12.230097958992806,2.972062665016872
2754,training,0.0011692976113408804,0.014303758740425117,0.03359544949422436,9.936177140334632,12.236791097926096,2.9770733598909356
2755,training,0.0016341374721378088,0.07425795495510101,0.01438779365936991,9.89691868828636,12.243170611360215,2.9842984638877357
2756,training,0.0009442941518500447,0.06114695779979229,0.01438779365936991,9.837508062790938,12.252538187618837,2.9820008536335196
2757,training,0.00031714997021481395,0.07068105321377516,0.01438779365936991,9.79815202922022,12.258962712170918,2.9779191200735817
2758,training,0.00027658947510644794,0.0426681824028492,0.01438779365936991,9.758666352051081,12.26551910597252,2.9759360677195517
2759,training,0.00097205291967839,0.05382386827841401,0.01438779365936991,9.738853466865196,12.268833638499435,2.977087104634406
2760,training,0.0011541950516402721,0.0953345075249672,0.01438779365936991,9.699538317523494,12.275268445314769,2.9800209426673843
2761,training,0.0004462081706151366,0.09493689239025116,0.008705750952450284,9.66005524643376,12.281741496959226,2.976709368571255
2762,training,0.0006260998779907823,0.11722689121961594,0.008705750952450284,9.62047969244572,12.288438026858458,2.9708640875042054
2763,training,0.0007028472609817982,0.11574641428887844,0.008705750952450284,9.58118894339453,12.295336085631547,2.9632705494500615
2764,training,0.000433825800428167,0.1778218001127243,0.008705750952450284,9.52189797344712,12.30679713645378,2.9347159988888385
2765,training,0.0005317070754244924,0.10154119879007337,0.008705750952450284,9.502442990144276,12.310983680643398,2.924821307716231
2766,training,0.0005938545800745487,0.11025955528020856,0.008705750952450284,9.46360250955274,12.319586313146432,2.935355620836317
2767,training,0.0026617601979523897,0.08453413099050519,0.03007264234929922,9.424406885489653,12.327083066758314,2.97187370643477
2768,training,0.0015932131791487336,0.047555774450302124,0.03007264234929922,9.385317665735787,12.333078153293615,3.0060536816110863
2769,training,0.0019701002165675163,0.1243910863995552,0.03007264234929922,9.345801066702103,12.337827149973958,3.0367279330544967
2770,training,0.00034882393083535135,0.06367147713899612,0.03007264234929922,9.30616078936279,12.341471421681765,3.0624614392191565
2771,training,0.0007323567988350987,0.04976440221071242,0.03007264234929922,9.246608493605041,12.345098904722198,3.0982533386792936
2772,training,0.0007245529559440911,0.11948656290769577,0.05967820437913941,9.206783097924562,12.346470338806148,3.11559577937581
2773,training,0.00027083989698439837,0.046191925182938576,0.05967820437913941,9.18682640106369,12.346905374730365,3.123054300381443
2774,training,0.0007227383903227746,0.05707624461501837,0.05967820437913941,9.146959651056703,12.347335499972417,3.137848548093886
2775,training,0.0005209369701333344,0.06988304108381271,0.05967820437913941,9.107148838699642,12.347265536092722,-3.1344587317118298
2776,training,0.0008892640471458435,0.047140715178102255,0.05967820437913941,9.067176827595745,12.346760829437311,-3.1241420962251
2777,training,0.0007129599689505994,0.01796783693134784,0.05967820437913941,9.007408487015962,12.345302271980845,-3.1116775286506093
2778,training,0.0006434982060454786,0.0323486328125,0.054849807616755036,8.967451852392015,12.343963485286952,-3.104041098376442
2779,training,0.00039425212889909744,0.07764254324138165,0.054849807616755036,8.947512921188443,12.343169347093882,-3.100229695540744
2780,training,0.0006505338242277503,0.038014691323041916,0.054849807616755036,8.907678319834554,12.341413521728166,-3.09422247081252
2781,training,0.00155400182120502,0.07176123932003975,0.054849807616755036,8.867730145586128,12.339345763337667,-3.087166999614902
2782,training,0.004301821812987328,0.028777431463822722,0.054849807616755036,8.82796250697072,12.337051274203588,-3.080650756159263
2783,training,0.0017627852503210306,0.007254665717482567,0.054849807616755036,8.78809871862927,12.334497768377679,-3.0749136849482537
2784,training,0.002709245076403022,0.010437342803925276,0.04145772341004943,8.748239857517577,12.331725511432746,-3.069339989320546
2785,training,0.0013168227160349488,0.033169329166412354,0.04145772341004943,8.708469396236936,12.328794173066761,-3.0686169225798157
2786,training,0.0012175007723271847,0.028135525062680244,0.04145772341004943,8.66849474094936,12.325891618985493,-3.0693626375943768
2787,training,0.00250113382935524,0.001389327459037304,0.04145772341004943,8.628714048494745,12.32298375543344,-3.069208895429301
2788,training,0.000677212723530829,0.00494557619094849,0.04145772341004943,8.588858356509213,12.320143292146396,-3.0721320876719407
2789,training,0.0008327817777171731,0.016788655892014503,0.04145772341004943,8.54891690426117,12.317432678652606,-3.0751922832759018
2790,training,0.00029285470372997224,0.010221835225820541,0.028652140589580058,8.509070642423044,12.31484780667723,-3.0794211763005355
2791,training,0.0004992942558601499,0.0023446418344974518,0.028652140589580058,8.449118765968237,12.311380213080419,-3.0880337476368505
2792,training,0.00027237492031417787,0.007681557908654213,0.028652140589580058,8.429147149712858,12.310332278766959,-3.090361923331294
2793,training,0.0007217702222988009,0.018895664252340794,0.028652140589580058,8.389248222146675,12.308388266481618,-3.095399005859967
2794,training,0.0010128109715878963,0.03244948200881481,0.028652140589580058,8.3492640985784,12.306604330619864,-3.0978433954442575
2795,training,0.003540222067385912,0.002115974202752117,0.028652140589580058,8.289389533296896,12.304058875903424,-3.1019487333290123
2796,training,0.000831227283924818,0.026404530741274357,0.012554961084914872,8.269355883051913,12.303287275134677,-3.1044428841767666
2797,training,0.00042577082058414817,0.021905912086367607,0.012554961084914872,8.20943591501453,12.301169807391759,-3.1079083626453277
2798,training,0.00010999651567544788,0.004641619510948658,0.012554961084914872,8.169454488624165,12.299892010613432,-3.111680265011102
2799,training,0.0007636442314833403,0.025419934652745724,0.012554961084914872,8.129500416166046,12.298732859226378,-3.1129879596126
2800,training,0.002296973718330264,0.0022431518882513046,0.012554961084914872,8.089564400778364,12.297610065803795,-3.1149294572444908
2801,training,0.0008337430190294981,0.009041282813996075,0.012554961084914872,8.049514405566834,12.296617190627726,-3.1189744575920915
2802,training,0.0010223162826150656,0.0025033270940184593,0.012451014808019092,8.029591525884662,12.296167087254364,-3.1193322435042377
2803,training,0.0009993691928684711,0.03873172402381897,0.012451014808019092,7.989630974134933,12.295288235503984,-3.1211093396040837
2804,training,0.0020858587231487036,0.05457557551562786,0.012451014808019092,7.949589417016593,12.294540208022186,-3.124367674302821
2805,training,0.00149122579023242,0.05204627104103565,0.012451014808019092,7.90967656457772,12.293856208231942,-3.125043077247341
2806,training,0.0005673557752743363,0.007348447572439911,0.012451014808019092,7.8697072337662615,12.293238346990645,-3.12797578683424
2807,training,0.002048379508778453,0.033160990104079247,0.012451014808019092,7.829747697764559,12.292738192156063,-3.1295511972352372
2808,training,0.0006048328941687942,0.026179475709795952,0.00724565369571914,7.769788556291176,12.29205102905586,-3.131850899576721
2809,training,0.00025617293431423604,0.059863867703825235,0.00724565369571914,7.7298256145874005,12.291715193641783,-3.1341554913636225
2810,training,0.004934316501021385,0.056244106497615576,0.00724565369571914,7.6898398914034924,12.291412793441157,-3.134010534821807
2811,training,0.000405232363846153,0.015358327655121684,0.00724565369571914,7.649845342283614,12.291135004005778,-3.1357423730054546
2812,training,0.0005823009996674955,0.008350461255759,0.00724565369571914,7.609909312083144,12.29089878068288,-3.1354645532006273
2813,training,0.003261574311181903,0.0036018220707774162,0.00724565369571914,7.569934550158808,12.290647276379502,-3.1360633727181066
2814,training,0.004641017876565456,0.05767255503451452,0.015523316303297235,7.549916482004346,12.290546008899035,-3.137081786135558
2815,training,0.0008778729243203998,0.05162784573622048,0.015523316303297235,7.509969504102341,12.290370782248209,-3.1370309180403577
2816,training,0.00041134573984891176,0.06744232028722763,0.015523316303297235,7.4699918321521155,12.29017061255345,-3.1370243675512484
2817,training,0.0033057143446058035,0.009110861457884313,0.015523316303297235,7.429974050903408,12.29000845499225,-3.137838660472197
2818,training,0.0006899623549543321,0.002546604722738266,0.015523316303297235,7.390023194153269,12.289842564105648,-3.1378793211580756
2819,training,0.0009337153169326484,0.03608494624495507,0.015523316303297235,7.330100377995993,12.289513994663153,-3.132069864944136
2820,training,0.0004886349197477102,0.056135496124625206,0.01822626111845891,7.290174016858688,12.288967653730131,-3.1235273567138298
2821,training,0.0011295413132756948,0.024184832349419594,0.01822626111845891,7.25031130730496,12.288120620283761,-3.1180045434356956
2822,training,0.0002538601402193308,0.05713059566915035,0.01822626111845891,7.210355764992489,12.287080640206375,-3.1128195494672686
2823,training,0.0007105131517164409,0.02329910732805729,0.01822626111845891,7.190401252021458,12.286475955388617,-3.1100123817422642
2824,training,0.0022498161997646093,0.008273665793240069,0.01822626111845891,7.150520063520596,12.285131532142005,-3.1062986082252304
2825,training,0.0009917737916111946,0.01661660149693489,0.01822626111845891,7.11054362596222,12.283652501336267,-3.103166144621907
2826,training,0.0016694448422640562,0.05034374073147774,0.01219577710187899,7.070712620186393,12.28199554783234,-3.096636082734408
2827,training,0.0018238680204376578,0.018307022284716368,0.01219577710187899,7.010839304744812,12.278990298874932,-3.085682241145641
2828,training,0.00021768812439404428,0.039190259762108326,0.01219577710187899,6.971042396086622,12.276617123959541,-3.0813781210075906
2829,training,0.002007429488003254,0.007819402497261763,0.01219577710187899,6.911133245110209,12.27308294026806,-3.0842178726370975
2830,training,0.0005038769450038671,0.028102016483899206,0.01219577710187899,6.87128184699605,12.270769766326868,-3.083475617453374
2831,training,0.0009307852596975863,0.04461803566664457,0.009618926654859767,6.851381152189027,12.26961162147003,-3.083864037003983
2832,training,0.0010639993706718087,0.05142432637512684,0.009618926654859767,6.811398888125786,12.267321460452509,-3.0854035874849597
2833,training,0.000379809585865587,0.04342258907854557,0.009618926654859767,6.771536191322655,12.265094748230213,-3.0870355168421018
2834,training,0.0014645110350102186,0.0015515666455030441,0.009618926654859767,6.731643838168907,12.263001529122532,-3.091791606047898
2835,training,0.0009092613472603261,0.010959329083561897,0.009618926654859767,6.691671457701697,12.261094888589058,-3.09525052773514
2836,training,0.0021343857515603304,0.019540345296263698,0.009618926654859767,6.651753360502393,12.259285050263948,-3.098335903046084
2837,training,0.0006246739067137241,0.006433730944991112,0.01038699194321808,6.6117596312409335,12.257640933916957,-3.102676237713254
2838,training,0.0008049962343648076,0.013196397107094526,0.01038699194321808,6.571838338280827,12.256127459906809,-3.1046665473332866
2839,training,0.0026700738817453384,0.03188352053985,0.01038699194321808,6.55187392317192,12.255391174452276,-3.1052896074010556
2840,training,0.0008138872217386961,0.0044363550841808284,0.01038699194321808,6.511928633062348,12.253948564346082,-3.103642631139592
2841,training,0.0011493600904941559,0.02213473431766033,0.01038699194321808,6.472061657100269,12.252284125835818,-3.0961080381302284
2842,training,0.00035143643617630005,0.006231681443750858,0.01038699194321808,6.432231486473365,12.250349511213718,-3.0908881783207933
2843,training,0.00042212518746964633,0.01730289147235453,0.002049580545954732,6.392251975013915,12.248245532784214,-3.087490668793141
2844,training,0.0009065546910278499,0.030621488578617573,0.002049580545954732,6.352445310317134,12.245978103646081,-3.0823501373378916
2845,training,0.0004684776358772069,0.011534389108419418,0.002049580545954732,6.292593548775754,12.242324446622172,-3.0796777469010173
2846,training,0.0010251377243548632,0.026301920413970947,0.002049580545954732,6.272657449476852,12.241066137876654,-3.0761073598035202
2847,training,0.0009302221005782485,0.0367761394008994,0.002049580545954732,6.232919355357954,12.238248660267194,-3.0668312397664894
2848,training,0.0008494198555126786,0.06655591120943427,0.002049580545954732,6.1930496850868115,12.235128459263045,-3.0603850084559974
2849,training,0.0004596889193635434,0.031249117106199265,0.010908792655116888,6.153288628487283,12.231710136322642,-3.0493093500054806
2850,training,0.004363199230283499,0.014194512739777572,0.010908792655116888,6.11370858348382,12.227768925180083,-3.035665920866562
2851,training,0.0010780289303511381,0.031154101714491844,0.010908792655116888,6.073896209878615,12.22331215117446,-3.025121265901849
2852,training,0.0004973854520358145,0.038298261584714055,0.010908792655116888,6.034370826423896,12.218486909741012,-3.0164730618393216
2853,training,0.0003317558148410171,0.015849238261580467,0.010908792655116888,5.974863658514684,12.210708018234568,-3.0062643125086277
2854,training,0.00047271247603930533,0.029165364801883698,0.010908792655116888,5.935448612620385,12.205227340511986,-3.002066108301371
2855,training,0.00043307157466188073,0.038135440088808537,0.017996163058688338,5.895886081575887,12.19964680347913,-3.001545880174348
2856,training,0.00011135355453006923,0.04114965908229351,0.017996163058688338,5.876012591535674,12.196835787626442,-2.9989415543128204
2857,training,0.0005955748492851853,0.0794964674860239,0.017996163058688338,5.8365681086531,12.190952778945828,-2.987345663806578
2858,training,0.0014780587516725063,0.03618693724274635,0.017996163058688338,5.777478403702595,12.18124137260479,-2.9697654951912944
2859,training,0.0021523209288716316,0.0004091411828994751,0.017996163058688338,5.738126801363248,12.174321066942174,-2.9650341125964266
2860,training,0.0008635569829493761,0.0014848196879029274,0.017996163058688338,5.698860974006592,12.16727265160646,-2.964299392961261
2861,training,0.0008079668623395264,0.07380291260778904,0.024553051938723598,5.6396826923553816,12.156749082679037,-2.9669699495434836
2862,training,0.00046378825209103525,0.06661627162247896,0.024553051938723598,5.600506525200803,12.149715286290244,-2.958402066134099
2863,training,0.0016706911846995354,0.04455374926328659,0.024553051938723598,5.561133908756379,12.142191429748005,-2.9463913579624257
2864,training,0.0005460747634060681,0.016232658177614212,0.024553051938723598,5.522201540236819,12.134295809909364,-2.938445642253963
2865,training,0.0009393543004989624,0.028393721207976338,0.024553051938723598,5.46334446708617,12.122129788795858,-2.9401950275544095
2866,training,0.0010368295479565859,0.005238315090537071,0.008867674309836631,5.4436920112681815,12.118146265135696,-2.942807109545406
2867,training,0.0007116684573702514,0.025653075426816933,0.008867674309836631,5.404601232321269,12.11037865432301,-2.948374969918985
2868,training,0.0009681114461272955,0.025629306212067604,0.008867674309836631,5.365165107152307,12.102790796436526,-2.9551898510101693
2869,training,0.0005460118991322815,0.024649057537317276,0.008867674309836631,5.32585129671469,12.095526280298435,-2.962208837090615
2870,training,0.00022599112708121538,0.04546385910362005,0.008867674309836631,5.286477595580269,12.088546323879024,-2.9706026203735116
2871,training,0.0009851418435573578,0.04072589334100485,0.008867674309836631,5.2272758409893445,12.078448680461147,-2.9708080730617326
2872,training,0.0009479371947236359,0.026401946786791086,0.017260739794090867,5.207650449710712,12.075055143212353,-2.970222373327389
2873,training,0.001128209289163351,0.005630753934383392,0.017260739794090867,5.168180685590006,12.068207406866707,-2.969970845177385
2874,training,0.00021929768263362348,0.005005303770303726,0.017260739794090867,5.128729038828047,12.06142019266174,-2.9725190221355335
2875,training,0.0005999926361255348,0.015990484738722444,0.017260739794090867,5.089383934585763,12.054759030813019,-2.9750701067904077
2876,training,0.0007911839056760073,0.02441667625680566,0.017260739794090867,5.069596318991286,12.05144443481618,-2.976630111150216
2877,training,0.001774340053088963,0.006521794945001602,0.017260739794090867,5.030052043308448,12.044934138382686,-2.979710820012831
2878,training,0.0009616638999432325,0.014869960024952888,0.017260739794090867,4.990664315723986,12.038586457187957,-2.9845886268353596
2879,training,0.000835843849927187,0.03033433994278312,0.02173084867691026,4.97084729024364,12.035477509504812,-2.9875229369595635
2880,training,0.0007971511222422123,0.015019412152469158,0.02173084867691026,4.931191815504648,12.02942633499462,-2.991889842411157
2881,training,0.0006403812440112233,0.027285246178507805,0.02173084867691026,4.8719723715128005,12.02053595174995,-2.991745187526858
2882,training,0.0008255279390141368,0.04937419667840004,0.02173084867691026,4.8521188371472554,12.017529847553385,-2.990437037196724
2883,training,0.00041423208313062787,0.026438124477863312,0.02173084867691026,4.812685469645831,12.011451508384557,-2.9877012073129956
2884,training,0.0005267474334686995,0.04245788883417845,0.02173084867691026,4.773241811364465,12.005271452370193,-2.9828309347044186
2885,training,0.0005267538363113999,0.06600690819323062,0.0250606703560714,4.733659426067622,11.998798890320796,-2.9751661185876306
2886,training,0.00044174279901199043,0.04099581949412823,0.0250606703560714,4.6945322494357855,11.992010091386414,-2.963181227046026
2887,training,0.00027991883689537644,0.02962650544941426,0.0250606703560714,4.655238452358286,11.984635058865695,-2.949088229449356
2888,training,0.00019020485342480242,0.03287269920110701,0.0250606703560714,4.61605793176811,11.976766627303723,-2.937682491882434
2889,training,0.0017445613630115986,0.07117030769586562,0.0250606703560714,4.577141609472152,11.968472687449173,-2.9245399264053873
2890,training,0.00042227027006447315,0.052566226571798325,0.0250606703560714,4.5380923843929075,11.959551607242975,-2.9074881146150355
2891,training,0.00041715800762176514,0.0838833823800087,0.004411971190841229,4.499591372563032,11.949980982020765,-2.8886127089243963
2892,training,0.0009788660099729896,0.03452780097723007,0.004411971190841229,4.4611516766226185,11.93959302340186,-2.864864092039772
2893,training,0.0009895744733512402,0.03660763055086137,0.004411971190841229,4.422872901230041,11.928266456778223,-2.844021890080502
2894,training,0.0004903004737570882,0.09044577181339267,0.004411971190841229,4.385054410363536,11.916224620026261,-2.8229677516510545
2895,training,0.0005997581174597144,0.020025961101055145,0.004411971190841229,4.328692330014579,11.896463036353065,-2.7855913033406456
2896,training,0.0006849411292932928,0.039423968642950065,0.004411971190841229,4.291941331083408,11.882332235850733,-2.7666603817305906
2897,training,0.0003719532396644354,0.06556077860295771,0.05822948797236956,4.273389208012765,11.874978151217922,-2.761771222532985
2898,training,0.001604016637429595,0.10289743170142174,0.05822948797236956,4.236464734843065,11.860025900047368,-2.7501464853116637
2899,training,0.00018608735990710557,0.05561599880456923,0.05822948797236956,4.1997869807644195,11.844456026829878,-2.7278852700279175
2900,training,0.0008147334447130561,0.037031091749668135,0.05822948797236956,4.163585619590062,11.828048738641668,-2.7058980346387735
2901,training,0.002190090250223875,0.03517918661236763,0.05822948797236956,4.109712229848298,11.801977157241144,-2.675385850762332
2902,training,0.0006097722798585892,0.04551449045538902,0.05822948797236956,4.074443217080958,11.783815992712771,-2.6581141649588806
2903,training,0.0006850572535768151,0.09071962907910347,0.07711265364377907,4.039331013887981,11.765001189000236,-2.6408099299041363
2904,training,0.0007737745181657374,0.10003516310825944,0.07711265364377907,4.00440734789244,11.745484771931203,-2.6212202041103394
2905,training,0.0005701943882741034,0.04855324886739254,0.07711265364377907,3.970199181580642,11.725417567224666,-2.6013554685419065
2906,training,0.0003728398005478084,0.026412582024931908,0.07711265364377907,3.9360802262817343,11.704572832207331,-2.585533889018845
2907,training,0.0007207698072306812,0.011007919907569892,0.07711265364377907,3.9022802999089117,11.683276040481498,-2.5737201951171182
2908,training,0.002021201653406024,0.012917501851916313,0.07711265364377907,3.8688262101776987,11.6616717060954,-2.5623129897419497
2909,training,0.003072432242333889,0.04848204366862774,0.04469419223574791,3.8520859923234827,11.650661213824867,-2.557243815063535
2910,training,0.00036158927832730114,0.01863164454698562,0.04469419223574791,3.8189503862333467,11.628533074435937,-2.546557165110714
2911,training,0.0001994274789467454,0.009304843842983246,0.04469419223574791,3.769750501669181,11.594535004999468,-2.528661556418197
2912,training,0.0008832600433379412,0.02383301965892315,0.04469419223574791,3.7371981622275885,11.571393873999051,-2.518302634204903
2913,training,0.0004867140669375658,0.05594249954447151,0.04469419223574791,3.7050672410168968,11.54799233655879,-2.5069249444961024
2914,training,0.000805665273219347,0.03411199338734149,0.04469419223574791,3.6889907465321237,11.536093529643399,-2.5013578587580567
2915,training,0.00017778985784389079,0.06102603720501065,0.04469419223574791,3.6570583626757425,11.512055816948049,-2.4923130916991765
2916,training,0.0004727678024210036,0.012606454081833363,0.02163090455740009,3.6097817178166585,11.475536019288493,-2.474503525219823
2917,training,0.0006438157288357615,0.08125712350010872,0.02163090455740009,3.5940597895880293,11.463124994584431,-2.473737664873297
2918,training,0.001086993608623743,0.030773511505685747,0.02163090455740009,3.5627591472194413,11.438423469467295,-2.470920974833497
2919,training,0.0008811504230834544,0.07133959978818893,0.02163090455740009,3.5315775198255976,11.413521971943,-2.4668943489914357
2920,training,0.0011853236937895417,0.04790719784796238,0.02163090455740009,3.5003453545114027,11.38854044352751,-2.467802927238261
2921,training,0.000635719858109951,0.02142581157386303,0.02163090455740009,3.469208644674487,11.363698900479404,-2.469447950656428
2922,training,0.000525924377143383,0.04547756351530552,0.02163090455740009,3.437826919573998,11.33880324914456,-2.472955666984684
2923,training,0.0028242331463843584,0.07142920792102814,0.02163090455740009,3.406393274881887,11.314103025908702,-2.477892185767147
2924,training,0.0016264918958768249,0.07043264247477055,0.009255487152318343,3.3750142166433816,11.289526572205672,-2.4750002764916585
2925,training,0.0018500005826354027,0.06863135285675526,0.009255487152318343,3.343644903722162,11.264723480959757,-2.4710461177883825
2926,training,0.0017007357673719525,0.05113438982516527,0.009255487152318343,3.3124484273047643,11.239886736018171,-2.467128274261186
2927,training,0.0004508764832280576,0.008372962474823002,0.009255487152318343,3.2813313562936313,11.214839343283652,-2.459631949829426
2928,training,0.0011156786931678653,0.15640530176460743,0.009255487152318343,3.2504097633155884,11.189571585146622,-2.454802368084056
2929,training,0.0014131898060441017,0.09442865662276745,0.009255487152318343,3.219704143812058,11.164462588196097,-2.4647536158724934
2930,training,0.0022796199191361666,0.13044860772788525,0.012325147088029464,3.172057090138987,11.127517565155195,-2.4995595101399037
2931,training,0.0038114602211862803,0.21529585868120193,0.012325147088029464,3.1397489067581534,11.104035471712306,-2.5277262292050406
2932,training,0.008545240387320518,0.23994368314743042,0.012325147088029464,3.106409647918833,11.081292851327126,-2.558937348028146
2933,training,0.000688360130880028,0.14242398366332054,0.012325147088029464,3.0725021369617593,11.059757189385673,-2.5926417666157904
2934,training,0.000863053253851831,0.14493224769830704,0.012325147088029464,3.038021779903946,11.03927408548651,-2.6165031417779354
2935,training,0.000642930157482624,0.1883135437965393,0.012325147088029464,3.02051462905906,11.02925894933199,-2.627710651204389
2936,training,0.0015446561155840755,0.1588754579424858,0.012325147088029464,2.9853751102111103,11.009931005249879,-2.650377248206567
2937,training,0.0012263385578989983,0.16114408895373344,0.032493499608762855,2.9319294530920716,10.982322879288253,-2.6766021192817235
2938,training,0.00043167086550965905,0.21746473014354706,0.032493499608762855,2.896147134434143,10.96450379880386,-2.68247148918159
2939,training,0.0024408865720033646,0.16048303619027138,0.032493499608762855,2.860243518768191,10.946973141692954,-2.694130094733452
2940,training,0.001258297124877572,0.20688333362340927,0.032493499608762855,2.8239978967789,10.92983714194067,-2.7040432450139913
2941,training,0.0004364084452390671,0.11411362094804645,0.032493499608762855,2.7877414917431858,10.91304149759309,-2.7126102163932027
2942,training,0.005622966680675745,0.06799035333096981,0.028885988432309936,2.769573464633361,10.90475289731445,-2.7142628959736124
2943,training,0.001066833734512329,0.10132248746231198,0.028885988432309936,2.7150532996417223,10.879805317330936,-2.7074459430280275
2944,training,0.0007732982630841434,0.07235075905919075,0.028885988432309936,2.6969882865574695,10.871407710616452,-2.706763672976878
2945,training,0.0022942537907510996,0.05089591071009635,0.028885988432309936,2.6607630898651418,10.854544381791298,-2.703269709613128
2946,training,0.0006241439841687679,0.031750880181789384,0.028885988432309936,2.624671514024431,10.837430130446984,-2.6933395201122208
2947,training,0.0003087759541813284,0.02076815813779828,0.028885988432309936,2.5889410213685746,10.819999610589859,-2.682209591674206
2948,training,0.0010451276320964098,0.025068908929824815,0.0033955852706183446,2.5531910733644665,10.802075891388052,-2.6678653171388875
2949,training,8.90234368853271e-05,0.06915819644927977,0.0033955852706183446,2.518093977727456,10.783489455070955,-2.642706908345272
2950,training,0.002410250948742032,0.007071971893310575,0.0033955852706183446,2.4834268626321654,10.764086943029982,-2.619459969494599
2951,training,0.00014220268349163234,0.15688972175121307,0.0033955852706183446,2.4490051303805873,10.743716655922244,-2.5927186351015563
2952,training,0.0004460396885406226,0.0688416138291359,0.0033955852706183446,2.4154447206739724,10.722719491098403,-2.576856726633817
2953,training,0.00088359514484182,0.02442234754562378,0.0033955852706183446,2.381874084893585,10.701134780733474,-2.56002882765297
2954,training,0.001838826690800488,0.06167992949485779,0.0033955852706183446,2.349056256316466,10.678913969370234,-2.527228117738731
2955,training,0.003003115300089121,0.029289186000823975,0.05270697301037627,2.3014600695112284,10.643358938472291,-2.475638615561355
2956,training,0.0009194502490572631,0.0752365589141846,0.05270697301037627,2.2859479070614457,10.63094483301803,-2.457724828131708
2957,training,0.0012443878222256899,0.006380364298820468,0.05270697301037627,2.255555150094543,10.605356091091249,-2.428320666343056
2958,training,0.0008762573706917465,0.037752136588096646,0.05270697301037627,2.2115547461233924,10.565389217940789,-2.3761817622599013
2959,training,0.00046335349907167256,0.05712208151817316,0.05270697301037627,2.1834841345637304,10.537321901782303,-2.3356024290689805
2960,training,0.0003565231745596975,0.0031975656747817993,0.10982405804548051,2.1698475213280535,10.522799382589334,-2.3126849847517335
2961,training,0.0005274245049804449,0.0011997520923614502,0.10982405804548051,2.1438613283807517,10.493062057578666,-2.269890517789358
2962,training,0.00132127502001822,0.014506235718727084,0.10982405804548051,2.118830636184216,10.462211095410973,-2.2345703388490747
2963,training,0.0018140132306143641,0.01372617483139038,0.10982405804548051,2.0948645733456046,10.430421125771376,-2.1971302308478076
2964,training,0.0013019092148169875,0.014031499624252347,0.10982405804548051,2.0723856095687663,10.39796422089873,-2.155909818791129
2965,training,0.0024890946224331856,0.09305916726589203,0.10982405804548051,2.0511173234808524,10.364395041507962,-2.115701689528438
2966,training,0.001092757796868682,0.011004067957401276,0.11187525539440744,2.031232612081547,10.330284333425192,-2.086228467239643
2967,training,0.00046369031770154834,0.004854664206504822,0.11187525539440744,2.012036795817841,10.295483297182223,-2.061595719041497
2968,training,0.00037605816032737494,0.006448470056056976,0.11187525539440744,1.9937764109233043,10.26021640578548,-2.0363062130382743
2969,training,0.0005720522021874785,0.008587554097175598,0.11187525539440744,1.976339504981022,10.224400299829602,-2.0111845337213525
2970,training,0.007362323813140392,0.044860832393169375,0.11187525539440744,1.959926357231199,10.188311707357292,-1.9847673033010431
2971,training,0.0016521645011380315,0.008105866611003862,0.11187525539440744,1.9444480274513194,10.151691047617614,-1.9550353860084788
2972,training,0.0007712355582043529,0.024132676422596006,0.05969306622018377,1.930015318455506,10.114520375866178,-1.9284690135241223
2973,training,0.000306661706417799,0.010004356503486647,0.05969306622018377,1.916613529037746,10.077245114288875,-1.9027426084273305
2974,training,0.0009354451321996748,0.03289196640253067,0.05969306622018377,1.9040920637611354,10.039325200142622,-1.8777428858101903
2975,training,0.00050797697622329,0.009217917919158922,0.05969306622018377,1.8924745779562107,10.001269494773673,-1.85551376099487
2976,training,0.001876620575785637,0.03310038894414902,0.05969306622018377,1.8817580385643882,9.962990941261792,-1.8319035199158211
2977,training,0.00033173730480484664,0.025872059166431413,0.05969306622018377,1.8718713682779982,9.924268379011833,-1.8096672536018552
2978,training,0.00026555528165772557,0.008160391822457314,0.05969306622018377,1.8628503694206102,9.88561496551403,-1.7917283497548326
2979,training,0.0007436418673023582,0.018141053617000594,0.004118353323031644,1.8501891428395263,9.827022150100126,-1.779501031863512
2980,training,0.00408382061868906,0.019609848968684673,0.004118353323031644,1.842183963293186,9.788043817848083,-1.7664895979873803
2981,training,0.0022252940107136965,0.007618280127644539,0.004118353323031644,1.8383679816050493,9.76847350694389,-1.7612504259597341
2982,training,0.0005042522680014372,0.04074090626090765,0.004118353323031644,1.8309177881529315,9.729201253578625,-1.756885657870072
2983,training,0.0008547180332243443,0.01055590808391571,0.004118353323031644,1.8236468685077805,9.690004706848143,-1.7496389012680034
2984,training,0.001980127999559045,0.03968012658879161,0.01904277357614803,1.816753238036329,9.650672079728738,-1.7399909292740319
2985,training,0.0006454791873693466,0.030091059394180775,0.01904277357614803,1.8101591973016058,9.611351936192479,-1.7337614957962624
2986,training,0.0011495236540213227,0.056114970240741975,0.01904277357614803,1.803873635692256,9.57198494234913,-1.7246234439395667
2987,training,0.001276684575714171,0.04823327250778675,0.01904277357614803,1.7979582837300043,9.532520982220262,-1.7147525439284053
2988,training,0.00022802373860031366,0.052511127665638924,0.01904277357614803,1.7898732135644748,9.473252685505459,-1.6968598755167585
2989,training,0.0004525227122940123,0.04118636716157198,0.01904277357614803,1.7850879257874186,9.433672221706896,-1.6880843339068703
2990,training,0.0004505818651523441,0.03344884281978012,0.02262417827462023,1.7804675833827321,9.393982378609511,-1.6858530858243088
2991,training,0.0001592931366758421,0.0027580838650464977,0.02262417827462023,1.7758457411353306,9.354288310787842,-1.6895062990919485
2992,training,0.0012284581316635013,0.025400211103260514,0.02262417827462023,1.7710002911866196,9.31463979278385,-1.6958057944808345
2993,training,0.0009385115699842572,0.004904645029455423,0.02262417827462023,1.765901843215866,9.274939504837521,-1.7010566303667787
2994,training,0.00037989154225215316,0.006623184308409691,0.02262417827462023,1.7606579201632246,9.235274565938552,-1.7028836289778657
2995,training,0.002468646038323641,0.005180438980460167,0.02262417827462023,1.7554131026244517,9.195769431093337,-1.701712289591427
2996,training,0.0012883479939773679,0.04925836995244026,0.024243957171575892,1.7528288209804692,9.175954693467256,-1.699830665549847
2997,training,0.0003025804180651903,0.02337682060897351,0.024243957171575892,1.7477911005454796,9.136324213959318,-1.6945657478125828
2998,training,0.0010398334125056863,0.0355002493597567,0.024243957171575892,1.7406254466844246,9.07690805122554,-1.686218302611406
2999,training,0.0017082017147913575,0.006500580348074436,0.024243957171575892,1.7383718229937466,9.057097784796879,-1.6817850001858474
3000,training,0.0015725746052339673,0.014492597314529121,0.024243957171575892,1.7341129094369394,9.01741636923999,-1.6757339191115046
3001,training,0.0003846636100206524,0.054753025993704796,0.024243957171575892,1.7299644832416916,8.977625310134655,-1.6744882147715245
3002,training,0.0008717381278984249,0.027069523464888334,0.025669531245101487,1.7257886609763755,8.937845495000513,-1.6784787068250848
3003,training,0.00036972970701754093,0.00230574794113636,0.025669531245101487,1.7213357343068898,8.898197885694577,-1.6866660516357708
3004,training,0.0013434162829071283,0.005241299048066139,0.025669531245101487,1.716594113623638,8.858445819615282,-1.6921104157012246
3005,training,0.0013748123310506344,0.007220657076686621,0.025669531245101487,1.71169717668703,8.818772755781296,-1.6952735711761704
3006,training,0.00038240652065724134,0.007461818866431713,0.025669531245101487,1.7041440153563554,8.75930135450595,-1.698005092907547
3007,training,0.0010767033090814948,0.026624924037605524,0.025669531245101487,1.7016180605305198,8.739483515534944,-1.6966739521530696
3008,training,0.000527657219208777,0.046025224961340434,0.026197323558435903,1.696685197273416,8.699942520227525,-1.6936086442711
3009,training,0.0008418394136242568,0.05138401500880718,0.026197323558435903,1.6918909735359569,8.660263097645988,-1.6879864319913656
3010,training,0.00044830262777395546,0.0020729773677885524,0.026197323558435903,1.6852953336063097,8.600855692498024,-1.6756788412084567
3011,training,0.0020655523985624313,0.007964121876284482,0.026197323558435903,1.6811770030030553,8.561054499947687,-1.6734986585826346
3012,training,0.0009139578905887902,0.031050046905875206,0.026197323558435903,1.679146223438146,8.54119323723728,-1.671822178876213
3013,training,0.0004530006553977728,0.003870999440550806,0.026197323558435903,1.675183804674463,8.501529334256281,-1.6702744200136275
3014,training,0.0007837254088371992,0.00510118342936039,0.026197323558435903,1.6712093482054864,8.461694988666965,-1.6715401047356617
3015,training,0.0006928419461473823,0.0066142659634351696,0.016502996421010288,1.665036404759325,8.402114654667383,-1.6784868472621512
3016,training,0.0039235069416463375,0.015889160335063934,0.016502996421010288,1.6628536509242102,8.382226311062427,-1.6819213328119618
3017,training,0.0011922259582206607,0.002190469764173029,0.016502996421010288,1.658303665526731,8.342423406769472,-1.6862901833135344
3018,training,0.0031185003463178873,0.01582081289961934,0.016502996421010288,1.6536856412750254,8.302766558495653,-1.6882110047968015
3019,training,0.001082221744582057,0.027972538489848375,0.016502996421010288,1.6489612911141192,8.263054697060317,-1.6890819452367323
3020,training,0.0004970406880602241,0.0016510928981006145,0.0141724734369286,1.644348578268474,8.223386004089635,-1.6828652009245708
3021,training,0.0014438717626035213,0.00875481590628624,0.0141724734369286,1.637776946415492,8.163813300600996,-1.6813420238476635
3022,training,0.0015833553625270724,0.06712644174695015,0.0141724734369286,1.6333793251708066,8.124074845746906,-1.6806592407936902
3023,training,0.002024934161454439,0.02586366655305028,0.0141724734369286,1.626673484095068,8.064475084836113,-1.688257905873598
3024,training,0.0015411961358040571,0.0720449173822999,0.0141724734369286,1.6242921534815422,8.044519514572483,-1.6901811988029474
3025,training,0.001509111374616623,0.0019350219517946243,0.0141724734369286,1.6195590363439334,8.004827617710319,-1.6898666061200278
3026,training,0.0005400356603786349,0.01532053668051958,0.007552603835250137,1.6147716095669016,7.965222084486499,-1.6912359617623802
3027,training,0.0006196793401613832,0.005338080693036318,0.007552603835250137,1.6100227185038227,7.925558855781199,-1.6894202138481746
3028,training,0.00032178452238440514,0.004680946469306946,0.007552603835250137,1.6053203516044146,7.88594699605274,-1.6897732172676398
3029,training,0.00034806629992090166,0.012520864605903625,0.007552603835250137,1.602953911371049,7.8661087504066485,-1.688733161145147
3030,training,0.00534675270318985,0.033029839396476746,0.007552603835250137,1.5983579414034317,7.826411355391694,-1.6836504218599586
3031,training,0.0013246180023998022,0.025480248034000397,0.007552603835250137,1.5939378115837552,7.786787479605665,-1.6823373044049061
3032,training,0.0012608722317963839,0.0400275494903326,0.00700072158060181,1.589467517120076,7.747028163544829,-1.68331611864798
3033,training,0.0006975820288062096,0.05597541853785515,0.00700072158060181,1.5849742229427126,7.70729076490245,-1.685040952269009
3034,training,0.0006212722510099411,0.04055206896737218,0.00700072158060181,1.5778362281761527,7.647753128546923,-1.695780844826782
3035,training,0.0007112121093086898,0.06299965269863605,0.00700072158060181,1.575323527201935,7.627883294050077,-1.6969684793603115
3036,training,0.0010818884475156665,0.04249473474919796,0.00700072158060181,1.5703190736703392,7.588225521668963,-1.6976993017394286
3037,training,0.0007946205441839993,0.0375213623046875,0.00700072158060181,1.5651613326344562,7.548618966192377,-1.7023293399453063
3038,training,0.0011229036608710885,0.023808205500245094,0.00700072158060181,1.5599021153841541,7.508992974787827,-1.7026192101884796
3039,training,0.0007705308962613344,0.03063146397471428,0.009633407349231071,1.5546889753033615,7.469437122164213,-1.7015088926846789
3040,training,0.0006131504778750241,0.02995784394443035,0.009633407349231071,1.5470437602827913,7.409991898073426,-1.6943341354630141
3041,training,0.000832511461339891,0.08999038115143776,0.009633407349231071,1.5446153427799334,7.390158418326841,-1.691616683292998
3042,training,0.00037648266879841685,0.029662393499165773,0.009633407349231071,1.5398089047998829,7.350552592378318,-1.6946287055529659
3043,training,0.0009165402152575552,0.06448527425527573,0.009633407349231071,1.5347431427073677,7.310784895699614,-1.6985584280514723
3044,training,0.00033113150857388973,0.057815806940197945,0.001201824417258336,1.5296083837005163,7.271176989622975,-1.7036065979027506
3045,training,0.00036258314503356814,0.06568631529808044,0.001201824417258336,1.5241398389583394,7.231501389387087,-1.7116260762806974
3046,training,0.001012162771075964,0.010861895978450775,0.001201824417258336,1.5154826810572288,7.172129673980426,-1.7202600742814556
3047,training,0.0009661591611802578,0.02207568660378456,0.001201824417258336,1.5096032341600147,7.132758394016568,-1.7151849050453065
3048,training,0.0003322304110042751,0.0014171376824378967,0.001201824417258336,1.5041221545793875,7.093264662146948,-1.7013224583662285
3049,training,0.0002808685530908406,0.010782580822706223,0.001201824417258336,1.4991985417151754,7.053736238679035,-1.6895179040642792
3050,training,0.0009473435929976404,0.0075922422111034255,0.012891594117636362,1.4968783475175678,7.033888709875195,-1.6850412179482717
3051,training,0.000670271459966898,0.02384462207555771,0.012891594117636362,1.4925286207214978,6.994200846165473,-1.67401187793022
3052,training,0.0006037653656676412,0.042664367705583565,0.012891594117636362,1.4886561199999448,6.954576468532546,-1.664335034910046
3053,training,0.0003637468325905502,0.018657036125659943,0.012891594117636362,1.4850695779001424,6.914732881095917,-1.6565838256727723
3054,training,0.00019451891421340406,0.0021281242370605503,0.012891594117636362,1.4818679615482517,6.874990661813863,-1.646054259075894
3055,training,0.0029327289666980505,0.011998467147350311,0.012891594117636362,1.478997583626378,6.835259192719302,-1.6403210039298575
3056,training,0.000991915469057858,0.012374838814139366,0.015104081018701787,1.4751263588789738,6.775417030084114,-1.6299546483765759
3057,training,0.0008656673599034548,0.0015469752252101898,0.015104081018701787,1.4739798942302647,6.7556062298682695,-1.627691900781553
3058,training,0.000277930375887081,0.009225267916917801,0.015104081018701787,1.4718022133057078,6.715662502409031,-1.622353770997849
3059,training,0.0023528910242021084,0.019281579181551933,0.015104081018701787,1.4698761030100551,6.675740069108265,-1.6163388951791828
3060,training,0.0003447192721068859,0.00043779797852039337,0.015104081018701787,1.4672933018825638,6.615966451404286,-1.6115116431755894
3061,training,0.00020976923406124115,0.01688981405459344,0.023472607464552334,1.4657697555848976,6.575978515950853,-1.6059922458626863
3062,training,0.004167756997048855,0.021006133407354355,0.023472607464552334,1.4644265250823758,6.536195553061164,-1.6035117760152884
3063,training,0.0002664955100044608,0.011068873107433319,0.023472607464552334,1.4637844173366417,6.516180491698738,-1.6023216436421388
3064,training,0.0018417425453662872,0.0054985349997878075,0.023472607464552334,1.4620550540024047,6.456289132192201,-1.5969234734944477
3065,training,0.003166763111948967,0.0023605376482009922,0.023472607464552334,1.4615514113898163,6.436361203603857,-1.5955094416458466
3066,training,0.0007413581479340792,0.0013630837202072144,0.023472607464552334,1.4602222689199074,6.376281136531593,-1.5894589941593067
3067,training,0.0006099734455347061,0.014752337243407965,0.026787608971859524,1.459878902125468,6.356415218857863,-1.5878479582762304
3068,training,0.0011867353459820151,0.01874290918931365,0.026787608971859524,1.459244492491793,6.316494172935299,-1.586175045834683
3069,training,0.0006082379259169102,0.026651617605239153,0.026787608971859524,1.4584339689856085,6.256517103896201,-1.5824781606209115
3070,training,0.0009601345518603921,0.011361218523234129,0.026787608971859524,1.458005632048798,6.216613446314279,-1.581162335311886
3071,training,0.0007877858588472009,0.017231877893209457,0.026787608971859524,1.4578030504390842,6.1965557887227565,-1.5808462034882091
3072,training,0.0005407189019024372,0.020362460985779762,0.026787608971859524,1.4574322501975865,6.156587892080379,-1.579337216125485
3073,training,0.0026492667384445667,0.01974974013864994,0.03257001897225999,1.4571238474738701,6.116710450003,-1.578709200478371
3074,training,0.0002482940908521414,0.02601177617907524,0.03257001897225999,1.4566511029877254,6.056625839925561,-1.5787459285922216
3075,training,0.0007178782834671438,0.006350258365273476,0.03257001897225999,1.4564927674616264,6.03674819910227,-1.5790988139083513
3076,training,0.0006834553787484765,0.015570409130305052,0.03257001897225999,1.4561584386428186,5.996750015627172,-1.5794651755282478
3077,training,0.0005151959485374391,0.0187057014554739,0.03257001897225999,1.455821202902605,5.956657046798459,-1.5787529952764205
3078,training,0.0010412767296656966,0.001836500596255064,0.03257001897225999,1.4554077628783635,5.896843403844759,-1.5761049168537868
3079,training,0.00032592291245236993,0.01042226143181324,0.030385783703364467,1.4552274081384609,5.8567358385737185,-1.5746447986825054
3080,training,0.0007740711444057524,0.010664040222764015,0.030385783703364467,1.45507974478012,5.816929382260583,-1.5749670115037537
3081,training,0.0005070616607554257,0.004238780587911606,0.030385783703364467,1.4549104828687318,5.77684274045173,-1.5752438787380816
3082,training,0.0001655389933148399,0.006429173052310944,0.030385783703364467,1.454812995545148,5.756874473053586,-1.5764969751592832
3083,training,0.000916315708309412,0.020377429202198975,0.030385783703364467,1.454438578866089,5.717006701753268,-1.5844004061349
3084,training,0.0002761257637757808,0.030943237245082855,0.030385783703364467,1.4537391367463388,5.67689820516344,-1.5919121316721159
3085,training,0.0005591859808191657,0.017193268286064264,0.02602731712061342,1.4527859481285585,5.636901102902101,-1.5978292290670066
3086,training,0.001079703914001584,0.012229405343532562,0.02602731712061342,1.4515953147244882,5.596992080246691,-1.603127327891934
3087,training,0.0011137588880956173,0.04932844405993819,0.02602731712061342,1.450222221183668,5.556869848765918,-1.6065815130152827
3088,training,0.004319353029131889,0.03531591361388564,0.02602731712061342,1.4487649422315743,5.5170995309680375,-1.6088123667715175
3089,training,0.0009030841174535453,0.013723019626922905,0.02602731712061342,1.446420011729758,5.457055414088803,-1.6109848346426
3090,training,0.0006725107086822391,0.04493698198348284,0.027489514156707768,1.4448285632500468,5.417255818738835,-1.6113328531132987
3091,training,0.0021316956263035536,0.0098452209495008,0.027489514156707768,1.4440141116306384,5.397314504914846,-1.612228042795976
3092,training,0.0012932848185300827,0.02913610264658928,0.027489514156707768,1.4423275013134411,5.357244819903531,-1.6133059679358608
3093,training,0.0018836967647075653,0.040666894550668076,0.027489514156707768,1.4397993190499003,5.2975040799337405,-1.6138051457350806
3094,training,0.0007958401110954583,0.01692270301282406,0.027489514156707768,1.4380678894379304,5.257455475827456,-1.6143063190505311
3095,training,0.0003842320293188095,0.0046340650878846645,0.027489514156707768,1.436354610048407,5.217608712877653,-1.6142096575461855
3096,training,0.0013572864700108767,0.0010729145724326372,0.019802171034233765,1.4354908258914043,5.1976952123513325,-1.614507839734275
3097,training,0.00047962565440684557,0.018637554720044136,0.019802171034233765,1.433733277639836,5.157666542467182,-1.6150086920984366
3098,training,0.001001505646854639,0.03734600730240345,0.019802171034233765,1.4319970911486395,5.117772380528502,-1.614024163238167
3099,training,0.0009721022797748446,0.006172875175252558,0.019802171034233765,1.4294896170130489,5.057904754115895,-1.6105007388871788
3100,training,0.0008556413231417537,0.007521098479628563,0.019802171034233765,1.428705364760078,5.037862809734793,-1.6095380208223369
3101,training,0.0006970703252591193,0.021165569545701146,0.019802171034233765,1.4272188325757327,4.998134971218112,-1.6074744966844927
3102,training,0.0008473769994452596,0.003354150801897049,0.019802171034233765,1.4257902309042563,4.958148030460989,-1.6063284227515335
3103,training,0.0015760912792757154,0.011331491870805621,0.013166347779670837,1.424399053763025,4.918127171901513,-1.6045445346741107
3104,training,8.272285049315542e-05,0.003454237710684538,0.013166347779670837,1.4230523303851064,4.878329206392603,-1.6056354562026949
3105,training,0.0005588181084021926,0.001961653819307685,0.013166347779670837,1.4209107624970303,4.818253886810576,-1.606629834240121
3106,training,0.0013640536926686764,0.007845140993595123,0.013166347779670837,1.4194716730764625,4.778482545855594,-1.6075594696836986
3107,training,0.001559545984491706,0.01284853182733059,0.013166347779670837,1.4179920302613387,4.738413924322746,-1.6079306306262708
3108,training,0.0005567145999521017,0.04157417267560959,0.012449733788591556,1.417255671779789,4.718410667829353,-1.6075082783943517
3109,training,0.0011950732441619039,0.020889159757643938,0.012449733788591556,1.4157748917764164,4.678636530277604,-1.6100524580380708
3110,training,0.0017506477888673544,0.015044721774756905,0.012449733788591556,1.4141462648739922,4.6385838664395775,-1.6117773199741168
3111,training,0.0005441426765173674,0.02773078996688128,0.012449733788591556,1.412520269075492,4.598723628453177,-1.6135562230019245
3112,training,0.0001440887281205505,0.007365516386926176,0.012449733788591556,1.4097573126480623,4.538792906182712,-1.6198767066406006
3113,training,0.0005552240181714296,0.006874775746837258,0.012449733788591556,1.407760637026629,4.498840415058857,-1.62184680319598
3114,training,0.0016736066900193691,0.003514650044962764,0.012343610180829119,1.4056793059750223,4.459037043579853,-1.6241931357041899
3115,training,0.0012887276243418455,0.016347126511391252,0.012343610180829119,1.4035217492949634,4.418984303809938,-1.6248428456543103
3116,training,0.0008549566846340895,0.022168168099597096,0.012343610180829119,1.4013849291852578,4.379232838349731,-1.6252248923151797
3117,training,0.00030286097899079323,0.008521711453795433,0.012343610180829119,1.3991875880296167,4.339283657554067,-1.626538364202642
3118,training,0.00019823721959255636,0.011569386813789606,0.012343610180829119,1.3969606132418118,4.299301407214908,-1.6261177817291974
3119,training,0.0013981017982587218,0.019037619698792696,0.012343610180829119,1.3947474910951587,4.259553998900192,-1.6271784991901992
3120,training,0.00034957632306031883,0.0027576945722103128,0.016649322477222155,1.3924879617803245,4.219525936737905,-1.6270706726042619
3121,training,0.00024601275799795985,0.005647098645567894,0.016649322477222155,1.3902857602445313,4.179740261185365,-1.6261911100223851
3122,training,0.0010393401607871056,0.021061507053673267,0.016649322477222155,1.3881187258382341,4.139859321500092,-1.6236673681020615
3123,training,0.001692094374448061,0.0041991774924099445,0.016649322477222155,1.3870707910314577,4.119824228504758,-1.622498455006531
3124,training,0.0006003993330523372,0.00850178487598896,0.016649322477222155,1.3850683799802093,4.079996509062115,-1.6205842114023195
3125,training,0.0007749163778498769,0.04793880647048354,0.016649322477222155,1.3831163041562242,4.040130658209323,-1.618626128317435
3126,training,0.00021859061962459236,0.0075039165094494785,0.015317964388253334,1.3803638118466377,3.9802021322775896,-1.6155843522944175
3127,training,0.0002072625356959179,0.00377743411809206,0.015317964388253334,1.3786189316224906,3.9403740092421105,-1.6134169609001683
3128,training,0.0007268619956448674,0.019724835874512788,0.015317964388253334,1.3777754405000753,3.9203414121254045,-1.6123233637053243
3129,training,0.0010347447823733091,0.026075899600982666,0.015317964388253334,1.3761874994715364,3.880382646848994,-1.6086836678013245
3130,training,0.0016670490149408579,0.0143720218911767,0.015317964388253334,1.374038952621243,3.82055690366542,-1.604853563730005
3131,training,0.00030822219559922814,0.03720898926258087,0.015317964388253334,1.3727199735953723,3.7805344602891653,-1.6030981628258816
3132,training,0.0021753464825451374,0.025714904069900513,0.011260863881501706,1.3714321283751079,3.740740715274985,-1.6035347689310457
3133,training,0.0015565553912892938,0.021137476433068514,0.011260863881501706,1.370113751892626,3.7006500552286945,-1.6038113922049353
3134,training,0.0004247032920829952,0.022035982459783554,0.011260863881501706,1.3688214309987934,3.660826762927016,-1.6033410854300216
3135,training,0.0032840720377862453,0.04302368499338627,0.011260863881501706,1.3675512028849877,3.620894697582913,-1.6013966564414504
3136,training,0.0006786645972169936,0.00566469319164753,0.011260863881501706,1.3663806982684277,3.5808158738058573,-1.5987261737404124
3137,training,0.0005743800429627299,0.0030308463610708714,0.011260863881501706,1.3653115978430197,3.5410460771956354,-1.5967736110259954
3138,training,0.0028572839219123125,0.02239919640123844,0.022349679409433783,1.3643211883146553,3.500991953020659,-1.5948353771877168
3139,training,0.00043373421067371964,0.009521008934825659,0.022349679409433783,1.363409182844786,3.4610784991995933,-1.5927949645821324
3140,training,0.0016730186762288213,0.021587295457720757,0.022349679409433783,1.3625677549560193,3.421179857013829,-1.5915765493035512
3141,training,0.000619551632553339,0.014982798136770725,0.022349679409433783,1.3617982257368213,3.381062595257728,-1.5879508216381633
3142,training,0.0007924694800749421,0.024058247450739145,0.022349679409433783,1.3614759770308655,3.361189883133354,-1.5870759811617945
3143,training,0.0025951911229640245,0.004666816443204878,0.022349679409433783,1.3608575472652176,3.3213135488283423,-1.58626471707956
3144,training,0.000980316661298275,0.004129350185394287,0.022349679409433783,1.360248894338359,3.2811876182017574,-1.585232748303947
3145,training,0.0012621108908206224,0.010093539021909237,0.009465194017236408,1.359728572090801,3.241384450586511,-1.582926929474011
3146,training,0.0006031604716554284,0.017220763489603996,0.009465194017236408,1.3590858027841655,3.1813099801398748,-1.5806080862324337
3147,training,0.0004000247863586992,0.022555793111678213,0.009465194017236408,1.3589022042199805,3.1613259061746004,-1.5801842340593428
3148,training,0.0005511968629434705,0.06818469893187284,0.009465194017236408,1.3585198605859363,3.1215084670303823,-1.580755991991384
3149,training,0.0002823446411639452,0.02371014654636383,0.009465194017236408,1.3581865429801465,3.081423392152924,-1.574390973699322
3150,training,0.0006255647749640048,0.001073189079761512,0.009465194017236408,1.3582460541524615,3.041578748782383,-1.5648553407710375
3151,training,0.0009311908506788313,0.036319535691291094,0.011488121261252683,1.3586470596066995,3.001682805827537,-1.5571443121725113
3152,training,0.0005916421068832278,0.03365837223827839,0.011488121261252683,1.359330212162372,2.9615681742894053,-1.5491149697998783
3153,training,0.0014697541482746601,0.015788212651386857,0.011488121261252683,1.360339176288527,2.9218159963049875,-1.5426010927003673
3154,training,0.0007097678608261049,0.02128518000245094,0.011488121261252683,1.3615645657670754,2.881790406908866,-1.5380502212939824
3155,training,0.0017233011312782764,0.021261817775666714,0.011488121261252683,1.3637483712550167,2.821990779033944,-1.5297516257457664
3156,training,0.0010392885887995362,0.047958893701434135,0.004306645031410818,1.3654405377189966,2.7819969132348983,-1.5275573809393563
3157,training,0.0006036980776116252,0.0446725757792592,0.004306645031410818,1.3663188376679487,2.7619303155257797,-1.5252304863943054
3158,training,0.0009394268272444606,0.06915429793298244,0.004306645031410818,1.3682768874519076,2.7221885957614886,-1.518005812375535
3159,training,0.0014254795387387276,0.02533543761819601,0.004306645031410818,1.3717266373169672,2.662232104388193,-1.5090040151648698
3160,training,0.00033987616188824177,0.018061861395835883,0.004306645031410818,1.3742783087124186,2.6224623773224116,-1.5046487159093695
3161,training,0.0003041216405108571,0.0023785270750522614,0.004306645031410818,1.3756309126866488,2.6025787726207374,-1.5011850493870817
3162,training,0.0003508406807668507,0.017735173227265477,0.004306645031410818,1.3785437941327259,2.5626019916362024,-1.4949105838809027
3163,training,0.0004879274347331375,0.005650248611345887,0.006879556282902608,1.3816619042497893,2.5228623417236484,-1.490375229216202
3164,training,0.0006617205799557269,0.013962569180876017,0.006879556282902608,1.3866156947983512,2.46305892498124,-1.4870371246657836
3165,training,0.0006362670101225376,0.01902893604710698,0.006879556282902608,1.3899633759402823,2.4232707423942133,-1.48697116768693
3166,training,0.0011507710441946983,0.008092811331152916,0.006879556282902608,1.393311625618822,2.3834816729649226,-1.4872387040409365
3167,training,0.00019517260079737753,0.01627887599170208,0.006879556282902608,1.396648513049302,2.343474947712845,-1.4879045801364965
3168,training,0.0005282524507492781,0.028161585330963135,0.01331784524289482,1.3982953229045587,2.323686146178975,-1.4881338761512881
3169,training,0.0005423774709925056,0.0382347060367465,0.01331784524289482,1.4033462982972524,2.2639757344908866,-1.481201204555892
3170,training,0.000886802445165813,0.04555076640099287,0.01331784524289482,1.4051734810881207,2.2439169546034416,-1.4798870813255167
3171,training,0.0009819139959290624,0.031173598021268845,0.01331784524289482,1.4087558810462601,2.2042339018851105,-1.4801871561628708
3172,training,0.00037048535887151957,0.004668239504098892,0.01331784524289482,1.4142706879034053,2.1443976773155744,-1.4787431321049382
3173,training,0.001672553364187479,0.0014162752777338028,0.01331784524289482,1.4161101279778046,2.1245060964466624,-1.4785660489246988
3174,training,0.00037540466291829944,0.016040489077568047,0.01331784524289482,1.4198451452002543,2.08487740191093,-1.4751158328387464
3175,training,0.0005017287330701947,0.017030941089615226,0.0006357102772625139,1.423791324274068,2.044996168877291,-1.4683730343534653
3176,training,0.0007125231204554439,0.02484213444404304,0.0006357102772625139,1.4279508920944914,2.0053425111693546,-1.4661683690995397
3177,training,0.0003966510121244937,0.045342957600951195,0.0006357102772625139,1.4321272505110711,1.9655987620309603,-1.4662484492047845
3178,training,0.0002694847935345024,0.026959326118230813,0.0006357102772625139,1.436295391779655,1.9257061526404768,-1.467891684504032
3179,training,0.0006460146978497505,0.07927968306466938,0.0006357102772625139,1.4404067705179189,1.8861433333442128,-1.464332805983845
3180,training,0.0010527961421757936,0.06378807500004768,0.014142644816081434,1.444881167679512,1.8464030721374391,-1.4515684977587713
3181,training,0.00566487992182374,0.08068637736141682,0.014142644816081434,1.4498825765817775,1.8068432416688505,-1.4386784835874664
3182,training,0.00038150371983647346,0.060903917998075485,0.014142644816081434,1.455487138897267,1.7675063307175385,-1.4189359764849747
3183,training,0.0002421898825559765,0.07814221829175949,0.014142644816081434,1.4619023276214653,1.728107269106489,-1.401330569980165
3184,training,0.000616634264588356,0.11109155975282195,0.014142644816081434,1.4689602030230189,1.6889933261256513,-1.381151902016874
3185,training,0.00042102212319150567,0.058511227369308486,0.014142644816081434,1.4769591819621617,1.6500164970760307,-1.3549437670873343
3186,training,0.001689879922196269,0.09061356261372569,0.014142644816081434,1.485931063387357,1.611239194120376,-1.332758206248251
3187,training,0.0035946089774370193,0.07719404250383377,0.03231802471235917,1.4957889798679884,1.5727051061759845,-1.306784255227283
3188,training,0.0003555557341314852,0.10651122964918616,0.03231802471235917,1.5066526655448012,1.5344951244590628,-1.2831081106888274
3189,training,0.0016511324793100357,0.08378140628337859,0.03231802471235917,1.5245600386732203,1.4774049423042104,-1.248336950491649
3190,training,0.0004164960701018572,0.1575385769829154,0.03231802471235917,1.5309914894057293,1.4585586180394334,-1.2365919698555266
3191,training,0.0012395036173984408,0.1316382670775056,0.03231802471235917,1.54441987208474,1.421210351070947,-1.2107467570662165
3192,training,0.0006136283045634627,0.13334038108587265,0.08444918296167754,1.5590920188941426,1.38405706966836,-1.1793662186944605
3193,training,0.0005421339301392436,0.036264628171920776,0.08444918296167754,1.5747186496658792,1.34766866180967,-1.1490631373899227
3194,training,0.0005913656787015498,0.17156216502189636,0.08444918296167754,1.5915569299590995,1.3116386068529247,-1.1195522684334467
3195,training,0.002869368065148592,0.11249634623527527,0.08444918296167754,1.609351352364263,1.276425017261758,-1.0804800895772815
3196,training,0.0010449702385812998,0.09737806767225266,0.08444918296167754,1.6287165995180906,1.2421995103480092,-1.034593546735564
3197,training,0.0013123515527695417,0.10111140459775925,0.08444918296167754,1.6496409052601797,1.2085527853426807,-0.994252667615678
3198,training,0.0007833559066057205,0.11889035999774933,0.11769463724207348,1.6719445700779785,1.1757297275203324,-0.953117223361358
3199,training,0.000509466219227761,0.10453230142593384,0.11769463724207348,1.6955873786225006,1.1440039437290885,-0.906710190177511
3200,training,0.003844265593215823,0.10668736696243289,0.11769463724207348,1.72062387539297,1.1135108365397581,-0.8593261690065777
3201,training,0.0006424780585803092,0.064439982175827,0.11769463724207348,1.7472993502130718,1.0840339811883128,-0.8113137561217438
3202,training,0.0013273438671603799,0.13866291940212247,0.11769463724207348,1.7751245647076535,1.0559841161772876,-0.7688991718512201
3203,training,0.001736914273351431,0.14400432258844373,0.11769463724207348,1.804162926001457,1.0289913356592608,-0.728578654066926
3204,training,0.0009775024373084307,0.11778092384338379,0.12557646992176133,1.8343179104354579,1.003245651787485,-0.6838029394119501
3205,training,0.0014741518534719944,0.06407012045383456,0.12557646992176133,1.865475571474321,0.9790213449519892,-0.6397460552397657
3206,training,0.0005261505721136928,0.03213588893413544,0.12557646992176133,1.8976817724672501,0.9560747575758912,-0.5971529051462807
3207,training,0.000829629017971456,0.005486711859703092,0.12557646992176133,1.9309615001039167,0.9344257421068746,-0.5585824185139221
3208,training,0.001398075488395989,0.02746179699897766,0.12345497303241147,1.9650587586941783,0.9139648622182587,-0.5217861163369186
3209,training,0.0009373296634294093,0.007675081491470309,0.12345497303241147,1.9996934030734757,0.8948573293969914,-0.4876015221147688
3210,training,0.0026117730885744095,0.014141455292701721,0.12345497303241147,2.035223434056376,0.8767983412602182,-0.45186420933319416
3211,training,0.0005266445223242044,0.021685034036636353,0.12345497303241147,2.0711743103080957,0.8601064004189531,-0.41873970616859324
3212,training,0.003426628652960062,0.0703694969415665,0.12345497303241147,2.126221348210952,0.836976626712662,-0.37741539129909574
3213,training,0.0018983797635883093,0.01825369894504547,0.12345497303241147,2.14455655747109,0.8298627729166219,-0.3609462617246563
3214,training,0.0001595503999851644,0.051899410784244523,0.10336758927687645,2.181824218686023,0.8166148232271805,-0.3258994258672198
3215,training,0.0002026563888648525,0.05674588680267334,0.10336758927687645,2.219698885467906,0.8043147158885645,-0.30400093831970243
3216,training,0.0014745270600542426,0.03125249594449998,0.10336758927687645,2.2577988296780735,0.7927232849233223,-0.2868300434725234
3217,training,0.0003756488731596619,0.03305535763502121,0.10336758927687645,2.296100853713394,0.7818213755545826,-0.26764905591304383
3218,training,0.00044405797962099314,0.0009269863367080688,0.10336758927687645,2.334511304584922,0.7716585262328104,-0.25056487561830243
3219,training,0.0008298041066154838,0.002932719886302948,0.10336758927687645,2.3733005676486747,0.7620836361003166,-0.23326431280572488
3220,training,0.0012666969560086727,0.03636214137077333,0.10336758927687645,2.412047240980654,0.7532641859087961,-0.21585210912265496
3221,training,0.00019680535478983074,0.0019269809126853943,0.07719670273487841,2.45099270546773,0.7450988398546836,-0.19555586150933316
3222,training,0.0011542364954948425,0.011842258274555192,0.07719670273487841,2.490283313753149,0.7377316344003108,-0.17626019028296658
3223,training,0.0008225275087170303,0.04620933532714844,0.07719670273487841,2.529418876025322,0.7310856561124255,-0.16101379690683992
3224,training,0.0005796570330858231,0.009457938373088837,0.07719670273487841,2.5689404952275385,0.7249262065406874,-0.14918268364145854
3225,training,0.0015237043844535947,0.009081073105335236,0.07719670273487841,2.6085307465331673,0.7192400252933323,-0.13366998712781955
3226,training,0.0008005144773051143,0.024279288947582245,0.07719670273487841,2.647968532349619,0.714334245353322,-0.11416939142879319
3227,training,0.0014276497531682253,0.01784616708755493,0.05156727133062642,2.6878038214230013,0.7101199942323861,-0.09614975281800206
3228,training,0.0008824532851576805,0.026986371725797653,0.05156727133062642,2.7472332802476584,0.7051232176250469,-0.0720033753130799
3229,training,0.00327907782047987,0.011897101998329163,0.05156727133062642,2.7671839703225842,0.7037598326509708,-0.06453470366729636
3230,training,0.0009973935084417462,0.03403432574123144,0.05156727133062642,2.807123106959711,0.7014332034092774,-0.05274320473362049
3231,training,0.0003771799383684993,0.05146913975477218,0.05156727133062642,2.866856697396138,0.6987608205599213,-0.03696834499281006
3232,training,0.0006210823776200414,0.04414947796612977,0.03346251595945563,2.886886486044183,0.6980663154968878,-0.031544850077870536
3233,training,0.0006813126965425909,0.02517854515463114,0.03346251595945563,2.9465900596728143,0.6966597126201477,-0.015038599041947907
3234,training,0.002229721285402775,0.019717589486390352,0.03346251595945563,2.9866630509060066,0.6961716255451519,-0.01299468481354064
3235,training,0.001387581811286509,0.0002119746059179306,0.03346251595945563,3.026627812354317,0.6955568583026609,-0.017963169126328313
3236,training,0.0012880942085757852,0.005621650256216524,0.03346251595945563,3.0665855180054162,0.6947623612173123,-0.02176180655656322
3237,training,0.000851545250043273,0.013782902620732784,0.03346251595945563,3.106608108610829,0.6938339396931281,-0.02510812128612269
3238,training,0.00047021263162605464,0.04142853454686701,0.00793323415266828,3.1465104194516855,0.692796959375641,-0.026990829756229615
3239,training,0.0005173100507818162,0.005968727171421051,0.00793323415266828,3.1664686259437036,0.6922936363994181,-0.022963209488487225
3240,training,0.0006643837550655007,0.012097487226128578,0.00793323415266828,3.2264913638333748,0.6910385049279305,-0.023005847798493646
3241,training,0.0016269395127892494,0.014614211628213525,0.00793323415266828,3.246422865478931,0.6905685611880614,-0.024610635202140577
3242,training,0.0014346668031066656,0.0007107635028660297,0.00793323415266828,3.2864517120312273,0.6895144393099812,-0.027987894811339502
3243,training,0.0005153220845386386,0.004665222018957138,0.00793323415266828,3.326408408388226,0.6883296664210704,-0.031578478224259215
3244,training,0.0005456763901747763,0.04590036533772946,0.010744029014962629,3.3863198262117487,0.6863799844487837,-0.03388708710241696
3245,training,0.0010030148550868034,0.024630813859403133,0.010744029014962629,3.4063433540874763,0.6857291480118365,-0.029927366136806657
3246,training,0.0003414145321585238,0.02370984712615609,0.010744029014962629,3.446220362445906,0.6846211220127107,-0.028295863033780913
3247,training,0.000310861854813993,0.014417765662074089,0.010744029014962629,3.486182856565511,0.6834761950490219,-0.02910954357326866
3248,training,0.00047280691796913743,0.028391502797603607,0.010744029014962629,3.526196271767191,0.6822940218681711,-0.030530367808213763
3249,training,0.001327643170952797,0.051114394795149565,0.010744029014962629,3.566037903413988,0.6811394628843168,-0.025653867985414053
3250,training,0.000585162837523967,0.05136392964050174,0.010744029014962629,3.6060431331862315,0.6802954144211231,-0.01595643920454733
3251,training,0.00020047315047122538,0.03568724263459444,0.014066105634064114,3.645919959541925,0.67982135680148,-0.00823627636275758
3252,training,0.0008719919133000076,0.028396164998412132,0.014066105634064114,3.6857863906814563,0.6796776141530553,0.0008211124128620046
3253,training,0.0033187794033437967,0.014351188205182552,0.014066105634064114,3.7257278441764883,0.6798664467842358,0.007605517614899136
3254,training,0.0007401903276331723,0.015504743903875351,0.014066105634064114,3.7656296723256864,0.6802949765746954,0.013476256633331993
3255,training,0.0013787635834887624,0.0014960102271288633,0.014066105634064114,3.805600854562475,0.680961124636972,0.01955224703038276
3256,training,0.0006988500244915485,0.03472880180925131,0.008958061982627,3.8654745376269677,0.6822318302557787,0.022003909795516412
3257,training,0.0011021558893844485,0.030850600451231003,0.008958061982627,3.8854208970883044,0.6826860540868636,0.023982950690981733
3258,training,0.00035053881583735347,0.01615890394896269,0.008958061982627,3.925417519092116,0.6837473154116769,0.02824122141718237
3259,training,0.0011057131923735142,0.004027711227536205,0.008958061982627,3.965304194487226,0.6849248175222117,0.0307238149297179
3260,training,0.0007635198999196291,0.00048626610077917576,0.008958061982627,4.00523147401711,0.6862174067432961,0.03427708442016868
3261,training,0.0006923546898178756,0.005994125385768712,0.008958061982627,4.0452228805672465,0.6876284356844211,0.034609346074387023
3262,training,0.0010520033538341522,0.009527575690299273,0.009890495034701477,4.085083480900829,0.6890106639368093,0.03490356032691602
3263,training,0.0006594403530471027,0.04789859429001808,0.009890495034701477,4.145081465333929,0.6911121704306138,0.033671944309755154
3264,training,0.0010216039372608066,0.03875628858804703,0.009890495034701477,4.184998630349813,0.6923083402966699,0.024429194320890354
3265,training,0.002826755866408348,0.04564447933807969,0.009890495034701477,4.225113146939705,0.6930757456958627,0.01439368472157197
3266,training,0.001834882190451026,0.04260121565312148,0.009890495034701477,4.265171618148205,0.6934483460659389,0.004171925929672817
3267,training,0.000521946931257844,0.026571527123451233,0.009890495034701477,4.305099588631265,0.6934588529667202,-0.003868232160888733
3268,training,0.0011043399572372437,0.041868182830512524,0.0025163656302129175,4.345251173854919,0.6931595415583891,-0.011014369682244847
3269,training,0.0005381294758990407,0.043767938390374184,0.0025163656302129175,4.365248359330592,0.6929009853837762,-0.014634186321157466
3270,training,0.0009077616268768907,0.029890479519963264,0.0025163656302129175,4.405123833682296,0.6922189878678651,-0.01982447704051682
3271,training,0.0007347503560595214,0.025233193300664425,0.0025163656302129175,4.445214686220383,0.691330030550504,-0.024725206424980557
3272,training,0.0009867004118859768,0.010078633669763803,0.0025163656302129175,4.505101211148315,0.6896976753639874,-0.029047761555498108
3273,training,0.0012265414698049426,0.002246462303446606,0.003515586425712312,4.525127469350823,0.6891122585067126,-0.02936805682032592
3274,training,0.0004738580319099128,0.012668910436332226,0.003515586425712312,4.585049385504503,0.6873171319201716,-0.030813822878783096
3275,training,0.0003227513807360083,0.016821795143187046,0.003515586425712312,4.604991783279021,0.6867053843078468,-0.03091549566369325
3276,training,0.0001796772121451795,0.015989264473319054,0.003515586425712312,4.645058123855941,0.6854527900439141,-0.031862482963314405
3277,training,0.0005694692954421043,0.015206554904580116,0.003515586425712312,4.68495160893142,0.684145618507489,-0.033544741969158486
3278,training,0.0016840684693306684,0.008316705003380775,0.003515586425712312,4.724876512290666,0.6828208136727519,-0.03304780590282404
3279,training,0.0010310476645827293,0.016548610758036375,0.003515586425712312,4.7648861441363835,0.6814985500381522,-0.03391488106851011
3280,training,0.0010353296529501677,0.03134680911898613,0.003549288701925321,4.8047602208755,0.6801453464185581,-0.03417529801211965
3281,training,0.0006706137210130692,0.032018519937992096,0.003549288701925321,4.844785548462657,0.6787875316147812,-0.03386588518574055
3282,training,0.0016612870385870337,0.021865201648324728,0.003549288701925321,4.884728534922757,0.6774171888699126,-0.03521904340029359
3283,training,0.002591009484604001,0.01068023988045752,0.003549288701925321,4.924606628222703,0.6760306936156414,-0.034485996848998765
3284,training,0.001817210577428341,0.016870118211954832,0.003549288701925321,4.9646473129483715,0.6746730846183183,-0.03340660376270146
3285,training,0.0005603300523944199,0.0022148452699184418,0.003549288701925321,5.004484272773912,0.6733662823370782,-0.03263918820539085
3286,training,0.0018839500844478607,0.01535717211663723,0.013134685756055914,5.044458387554995,0.6720995161650474,-0.030368016051050547
3287,training,0.000942749553360045,0.010421313811093569,0.013134685756055914,5.084442143221339,0.6709191541583575,-0.029677069266546254
3288,training,0.00020073977066203952,0.01572862616740167,0.013134685756055914,5.124312338013968,0.6697708695434124,-0.028041133224191113
3289,training,0.00134490174241364,0.011681354488246143,0.013134685756055914,5.164365208396634,0.6686996180024222,-0.025094712177470026
3290,training,0.0011182852322235703,0.008772208821028473,0.013134685756055914,5.204232475930179,0.6677395724788577,-0.023422606256500292
3291,training,0.0012734036426991224,0.008657899685204027,0.010593771357971307,5.264205709071631,0.6664817260776597,-0.01863435044758987
3292,training,0.00139594916254282,0.01577421836555004,0.010593771357971307,5.284153595845736,0.6661183947009087,-0.018513704130253706
3293,training,0.001393627841025591,0.003781192936003208,0.010593771357971307,5.324048308395388,0.6654077655625074,-0.017597744254292336
3294,training,0.0003084857016801834,0.03536514192819595,0.010593771357971307,5.364089723334224,0.6647178971677182,-0.01714537600700243
3295,training,0.001493987743742764,0.023669345770031214,0.010593771357971307,5.404029332438497,0.6640107585150777,-0.01869626439954217
3296,training,0.0009099137969315052,0.016847865656018257,0.010593771357971307,5.46397896601967,0.6629292416182087,-0.017501107918089245
3297,training,0.003538833698257804,0.03230341663584113,0.020372198231273373,5.483947574179724,0.662590070710993,-0.017017776164140904
3298,training,0.0012666702968999743,0.023097867146134377,0.020372198231273373,5.523849841925433,0.6619471892779131,-0.015762068841477343
3299,training,0.0004312254604883492,0.02572177490219474,0.020372198231273373,5.563846598817411,0.6613562661731972,-0.0134189632821611
3300,training,0.001784827676601708,0.02587328851222992,0.020372198231273373,5.6038046993042645,0.6608435277520301,-0.013061879765868372
3301,training,0.003442470682784915,0.004952416755259037,0.020372198231273373,5.643709175358602,0.6603558084046792,-0.01191949785751845
3302,training,0.0008422527462244034,0.004127240274101496,0.020372198231273373,5.683759622537675,0.6598932478499886,-0.011847089691882402
3303,training,0.0031405582558363676,0.020027142483741045,0.022854978157577848,5.7436365596792225,0.6591453059021146,-0.012609257896256894
3304,training,0.0002933056384790689,0.022377917543053627,0.022854978157577848,5.7636495900216635,0.658899310303897,-0.012058029394782392
3305,training,0.0009978754678741097,0.02770876744762063,0.022854978157577848,5.803608191612545,0.6584353053862191,-0.011793648172802516
3306,training,0.0011292496928945184,0.005169250536710022,0.022854978157577848,5.843511022630411,0.6579954338708548,-0.010790713551246788
3307,training,0.0008402392268180847,0.006869457894936203,0.022854978157577848,5.883551345463379,0.6575976017248502,-0.008716396739607463
3308,training,0.0005702450289390981,0.0043996116146445274,0.022854978157577848,5.923473203492448,0.6572655611336399,-0.00857007432532373
3309,training,0.000987465027719736,0.013964498415589333,0.026770623108121134,5.983437317850692,0.6568110204261298,-0.007251152244404705
3310,training,0.002264146227389574,0.0013846727961208671,0.026770623108121134,6.02341330916482,0.656506633464705,-0.008564005570021115
3311,training,0.0012245068792253733,0.014337174594402313,0.026770623108121134,6.063334909517599,0.6561768113138524,-0.008105603480268696
3312,training,0.0003745661524590105,0.013054230716079473,0.026770623108121134,6.083369285359425,0.656021423108101,-0.007188377276339895
3313,training,0.0005905645666643977,0.006169252563267946,0.026770623108121134,6.123309175749761,0.6557628567609934,-0.006356866798685694
3314,training,0.0004423164064064622,0.029703542590141296,0.032021529881942755,6.16322367679178,0.6555469232570719,-0.005140002148064472
3315,training,0.00026867137057706714,0.00335513474419713,0.032021529881942755,6.203263901848179,0.6553538016699827,-0.005155685361479517
3316,training,0.0003255282063037157,0.026030952110886574,0.032021529881942755,6.24322100785893,0.6551343323137161,-0.0059935781612724765
3317,training,0.0012523718178272247,0.01869688183069229,0.032021529881942755,6.283194047962526,0.6549128963995833,-0.0053082410095618565
3318,training,0.0017525253351777792,0.046342477202415466,0.032021529881942755,6.323206255486061,0.6546985336448589,-0.006208940210275949
3319,training,0.0011637258576229215,0.018604830373078585,0.032021529881942755,6.363127589411702,0.6544511250822133,-0.006170477397695494
3320,training,0.0014889364829286933,0.004006470553576946,0.0340417072967027,6.423142034066951,0.6541204329587986,-0.005789641372232174
3321,training,0.0008317307801917195,0.002706033643335104,0.0340417072967027,6.463056414552055,0.6539226408599554,-0.0036857025840730242
3322,training,0.000987068866379559,0.03587798401713371,0.0340417072967027,6.50308179228015,0.6538272931898923,-0.001517515854356047
3323,training,0.0013366293860599399,0.017502184957265854,0.0340417072967027,6.543039329033223,0.6537680564933929,-0.0021849289871781713
3324,training,0.00106890220195055,0.015889685600996017,0.0340417072967027,6.5629665170166085,0.6537338552211209,-0.0018466440713829806
3325,training,0.0004479654016904533,0.0007458827458322048,0.0340417072967027,6.602981931718232,0.6536789274999796,-0.0012113278712747471
3326,training,0.0019183707190677524,0.0069769807159900665,0.0340417072967027,6.642990232243925,0.6536190279233798,-0.0021319883592800836
3327,training,0.0013189476449042559,0.009322294034063816,0.036642913367598125,6.682887486132346,0.6535559497519269,-0.0014953914677477114
3328,training,0.0006925283232703805,0.014051921665668488,0.036642913367598125,6.742939042262438,0.6534759694433389,-0.0020516158668762033
3329,training,0.0019285831367596984,0.017205702140927315,0.036642913367598125,6.782831604356998,0.6534107084731068,-0.0015445314165673893
3330,training,0.00018656818429008126,0.006613831035792828,0.036642913367598125,6.822891472298032,0.6533637459518492,-0.0012673373312077313
3331,training,0.003955489955842495,0.019564280286431313,0.036642913367598125,6.862829956317003,0.6533007225505091,-0.0019609683542138904
3332,training,0.0003548752283677459,0.009517990984022617,0.04008689885460334,6.902789555468488,0.6532419340076331,-0.0012403257165822374
3333,training,0.0015075299888849258,0.0016273586079478264,0.04008689885460334,6.94283053319579,0.6531948959086044,-0.001805619084882415
3334,training,0.0002705449878703803,0.005187236703932285,0.04008689885460334,6.982728733574301,0.6531282523034756,-0.0016415118274699105
3335,training,0.0011950257467105985,0.027052585035562515,0.04008689885460334,7.022766893022623,0.6530798413954331,-0.0011419026001871476
3336,training,0.0006080935709178448,0.017236560583114624,0.04008689885460334,7.042774223914623,0.6530574911684897,-0.0016495717813800824
3337,training,0.001193875097669661,0.009459976106882095,0.04008689885460334,7.0826808377593125,0.6529916205641269,-0.0016861989842534614
3338,training,0.0016855329740792513,0.0016101172659546137,0.04080901615168843,7.122703733057226,0.6529425871344662,-0.0010867996259330058
3339,training,0.00030251036514528096,0.01597774028778076,0.04080901615168843,7.1627072029638095,0.6528871481458274,-0.002009308576663391
3340,training,0.0005931041087023914,0.029807688668370247,0.04080901615168843,7.202606085231148,0.6528305152968203,-0.0013216448968930072
3341,training,0.0015639130724593997,0.023610256612300873,0.04080901615168843,7.24265987871246,0.6527899096271502,-0.0013398151793194207
3342,training,0.00041183820576407015,0.00549214007332921,0.04080901615168843,7.302549526126626,0.6527008769266617,-0.0013479457579781379
3343,training,0.0008656122954562306,0.004800161346793175,0.032163596996262526,7.3225754452137854,0.6526792642667829,-0.0010368272629467988
3344,training,0.0005797999328933656,0.0010390416719019413,0.032163596996262526,7.362605052183841,0.6526340705548834,-0.0018011815439919275
3345,training,0.00014259462477639318,0.0002454753266647458,0.032163596996262526,7.402495478716012,0.6525758684644487,-0.0013720428656735987
3346,training,0.0007871396373957396,0.003463860834017396,0.032163596996262526,7.442552634030807,0.652536904159514,-0.0010062291656112454
3347,training,0.0009200803469866514,0.006251211743801832,0.032163596996262526,7.482503138763222,0.6524844481480956,-0.0017635215535166252
3348,training,0.0039730253629386425,0.0005170506192371249,0.032163596996262526,7.522447533216817,0.6524343962496948,-0.0010257955133530572
3349,training,0.0016628685407340527,0.012711606483208016,0.032163596996262526,7.562495874554633,0.6523985771525046,-0.0014672712958274286
3350,training,0.0007367351208813488,0.0016814654227346182,0.01859832955152262,7.602394838401968,0.6523420771558968,-0.0014537601384549898
3351,training,0.0008468400337733328,0.026634495705366135,0.01859832955152262,7.642425028187277,0.652301042479033,-0.000919199818533892
3352,training,0.0008271686965599656,0.0026289313100278378,0.01859832955152262,7.682423248124698,0.6522533740573934,-0.0018226977264131695
3353,training,0.0014268330996856093,0.03264183551073074,0.01859832955152262,7.722325404390362,0.6522041450794809,-0.0010937860730857703
3354,training,0.0009314203052781522,0.018915636464953423,0.01859832955152262,7.762380535013442,0.6521714241572453,-0.001171155116109959
3355,training,0.0005710494588129222,0.013567875139415264,0.008060026462611811,7.802304048470006,0.6521198934730333,-0.0014938236273829074
3356,training,0.0004587543080560863,0.0009000092977657914,0.008060026462611811,7.842297535199871,0.6520795188254919,-0.0007950668483814083
3357,training,0.0006793202483095229,0.008484678342938423,0.008060026462611811,7.902260050535443,0.6520186129813926,-0.0014784979107739212
3358,training,0.0026447856798768044,0.01909746415913105,0.008060026462611811,7.9422337095167395,0.6519794237351281,-0.000750679494051057
3359,training,0.0024305889382958412,0.028003016486763954,0.008060026462611811,7.962276748595802,0.6519674482644382,-0.0007503610720844716
3360,training,0.0008015531348064542,0.005225303582847118,0.008060026462611811,8.00221452407878,0.6519254207234071,-0.001422566870415288
3361,training,0.0005190480733290315,0.020217863842844963,0.018183269885946058,8.042170579674714,0.6518880600157593,-0.00070921134328607
3362,training,0.0005399049841798842,0.009000275167636573,0.018183269885946058,8.082220084198745,0.6518635751516095,-0.0012011048041638832
3363,training,0.00044548563892021775,0.015580961480736732,0.018183269885946058,8.122113162921039,0.6518199023709514,-0.0011297684007411089
3364,training,0.0028076062444597483,0.028121240437030792,0.018183269885946058,8.182163935585113,0.6517776834288007,-0.001130268581912817
3365,training,0.0012358154635876417,0.011538121849298477,0.018183269885946058,8.222066929319931,0.6517321695802896,-0.001174748635268407
3366,training,0.0005455707432702184,0.02387947542592883,0.023821048092697448,8.262087532977002,0.6517038178426867,-0.0005683290130056726
3367,training,0.00020727970695588738,0.0349951118696481,0.023821048092697448,8.302104610004015,0.6516617474838974,-0.002094758291387108
3368,training,0.0017840175423771143,0.007816262543201447,0.023821048092697448,8.341972993166536,0.6515148098422834,-0.0068382180209234245
3369,training,0.00021009790361858904,0.043452268466353416,0.023821048092697448,8.362020901131128,0.6513586991208595,-0.008108657429385307
3370,training,0.000884827459231019,0.060281431302428246,0.023821048092697448,8.402033071105787,0.6509883186814392,-0.012712802722909299
3371,training,0.0004750859516207129,0.02929676976054907,0.023821048092697448,8.441899549101057,0.6503496239997607,-0.01956739188327785
3372,training,0.0010433219140395522,0.03708988055586815,0.02890146894629402,8.501937341227391,0.6489844416608218,-0.025569562536716026
3373,training,0.0005006955470889807,0.018318915739655495,0.02890146894629402,8.521876759998797,0.6484633780483792,-0.027307641806015324
3374,training,0.0006344435969367623,0.02886218205094338,0.02890146894629402,8.58185123337125,0.6468839483762117,-0.021598557070318918
3375,training,0.0007025566301308572,0.012294130399823182,0.02890146894629402,8.601745801967056,0.6464874657702634,-0.01815609726712304
3376,training,0.00026476290076971054,0.006097434088587761,0.02890146894629402,8.661569298668086,0.6457973762091433,-0.005562015317507124
3377,training,0.0007024891674518585,0.011668918654322628,0.040648930491413264,8.681597153283423,0.6457233671425022,-0.002091112289813387
3378,training,0.001159041770733893,0.002641830593347551,0.040648930491413264,8.721492100790062,0.645735037295024,0.0023584321242868557
3379,training,0.0004888190305791795,0.0009443610906600952,0.040648930491413264,8.761399482731315,0.6459261124812578,0.006708917348336806
3380,training,0.0008988947374746203,8.049793541431427e-05,0.040648930491413264,8.801431320320734,0.6462567782363046,0.008999444941297813
3381,training,0.002472146414220333,0.01033275667577982,0.040648930491413264,8.861286931364134,0.6468389563480641,0.010212037672950083
3382,training,0.0005644180928356946,0.005631372332572937,0.040648930491413264,8.901343841839644,0.6472633400026202,0.01032752676414205
3383,training,0.000801475893240422,0.0023408918641507626,0.029407652551286585,8.941242986884145,0.6476677591485032,0.01020711465740463
3384,training,0.00016821682220324874,0.0021916073746979237,0.029407652551286585,8.96119834856681,0.64787832370969,0.010719320391620076
3385,training,0.004272493999451399,0.007458611857146025,0.029407652551286585,9.001259925994662,0.6483242011643962,0.010796124455106136
3386,training,0.0007757112034596503,0.0006866591284051538,0.029407652551286585,9.041162341005014,0.648734298728672,0.010298150224489863
3387,training,0.0004857871972490102,0.0006273020990192899,0.029407652551286585,9.101171240374832,0.6493976819336946,0.011292562224190469
3388,training,0.00034639317891560495,0.0021723927929997444,0.029407652551286585,9.121171593108958,0.6496180210339954,0.0102621973917424
3389,training,0.0008748143445700407,0.011397439520806074,0.029407652551286585,9.16103350071788,0.6500166823568623,0.010141620272715207
3390,training,0.0005213471595197916,0.02874128706753254,0.017926401206683915,9.221089896517924,0.6506446782555629,0.009606034113384931
3391,training,0.0009185840608552098,0.007536090910434723,0.017926401206683915,9.2410577776094,0.6508324405832078,0.0092453842226782
3392,training,0.0009083609329536557,0.012983760330826044,0.017926401206683915,9.280946684753546,0.6512320356610033,0.0103632084292846
3393,training,0.0010236435336992145,0.004822073504328728,0.017926401206683915,9.340993358917162,0.6518416099886547,0.009044379882760167
3394,training,0.0034504542127251625,0.00016319044516421854,0.017926401206683915,9.360881787640437,0.6520327964232359,0.009562081835960424
3395,training,0.0013017200399190187,0.002839502179995179,0.01104743595687992,9.420916351809979,0.6526469264179581,0.010067577578128777
3396,training,0.0007531405426561832,0.005818414501845837,0.01104743595687992,9.440913705362226,0.6528406218873882,0.009248968135219034
3397,training,0.0007020140765234828,0.01364137465134263,0.01104743595687992,9.480776461199929,0.6532125054105716,0.008459741979877115
3398,training,0.0009415071690455079,0.006501100491732359,0.01104743595687992,9.540855961933698,0.6536683284044764,0.006556602669045689
3399,training,0.001497756689786911,0.058264768216758966,0.01104743595687992,9.580714922906335,0.6539419603917218,0.00692031673696076
3400,training,0.0008617870626039803,0.026085191871970892,0.01104743595687992,9.62085642909012,0.6541054263859024,-0.0011139259251637611
3401,training,0.0016564230900257826,0.026224609930068254,0.0325556983365305,9.640870633127065,0.6540468144723144,-0.004486193416613385
3402,training,0.0051232012920081615,0.040022516273893416,0.0325556983365305,9.680730133679225,0.6537954103942498,-0.008000510973102847
3403,training,0.001322040450759232,0.020839761011302468,0.0325556983365305,9.720849947239318,0.6533843596887795,-0.013712756869323207
3404,training,0.0008229233790189028,0.01372465305030346,0.0325556983365305,9.760830462611894,0.6526825459888909,-0.020757174277923424
3405,training,0.0010120915248990059,0.033488110173493624,0.0325556983365305,9.800787419583136,0.6517709329803637,-0.024874628899796622
3406,training,0.00042048050090670586,0.02790232840925455,0.0325556983365305,9.860847109795728,0.6500450647511758,-0.03361662827393356
3407,training,0.0007665610173717141,0.04002155363559723,0.018051354054550148,9.880770191452378,0.6493662334186944,-0.03456056533331756
3408,training,0.0005980395362712443,0.015363859478384256,0.018051354054550148,9.920801617255039,0.6479528036724986,-0.03661964068035792
3409,training,0.0017195171676576138,0.0371782542206347,0.018051354054550148,9.96073930589942,0.6464237157406536,-0.039974265980402365
3410,training,0.0005612748791463673,0.03812774084508419,0.018051354054550148,10.000611264764022,0.6448239260260982,-0.040460757800540204
3411,training,0.00023294874699786305,0.04112512501887977,0.018051354054550148,10.04067524919754,0.6431861793091797,-0.042162650175667025
3412,training,0.0013023585779592395,0.045801106840372086,0.018051354054550148,10.080537746097512,0.6414533541988735,-0.04424477710541348
3413,training,0.0018066279590129852,0.029890485107898712,0.018051354054550148,10.120498657627994,0.6396895294386243,-0.04407573120525509
3414,training,0.0004521154332906008,0.029024340212345123,0.00724822277107734,10.16047940928627,0.6379213763142317,-0.04518189603453353
3415,training,0.0012801862321794033,0.0373162142932415,0.00724822277107734,10.200321605296494,0.636127284035099,-0.04495563425929572
3416,training,0.002527454635128379,0.03005561791360379,0.00724822277107734,10.260268026511975,0.6336339510612233,-0.034604186457907124
3417,training,0.0005431491881608963,0.016765704378485687,0.00724822277107734,10.280160980407295,0.6330069428653269,-0.029256798708054973
3418,training,0.000696278118994087,0.011644959449768066,0.00724822277107734,10.320027304230655,0.6320539156296091,-0.018874770172881083
3419,training,0.0052578323520720005,0.007373305037617683,0.00724822277107734,10.359973820579507,0.6314701982599741,-0.011261056004870821
3420,training,0.00023359280021395534,0.038741529919207096,0.004980811938788038,10.419808478088166,0.6311097000193074,-0.0010963609122088573
3421,training,0.0013276535319164395,0.026417682878673077,0.004980811938788038,10.459907053158213,0.6310691949533592,-0.0035403622802358294
3422,training,0.0013668254250660539,0.042420987039804466,0.004980811938788038,10.499815065172779,0.6308343154902735,-0.007536305110598322
3423,training,0.00020839407807216048,0.033371311612427235,0.004980811938788038,10.539866087725366,0.6304755670497002,-0.010763137103999482
3424,training,0.0025151758454740047,0.031045394018292427,0.004980811938788038,10.559928743797823,0.6302404383013579,-0.013108338504306904
3425,training,0.0010664031142368913,0.011450558376964182,0.017328871058324417,10.61982173266186,0.6292814488074621,-0.018094296628439005
3426,training,0.0005790217546746135,0.020648727659136057,0.017328871058324417,10.63985704672515,0.6289137426528405,-0.01847339283177467
3427,training,0.0007994615007191896,0.023855504078255763,0.017328871058324417,10.699777450965462,0.6277585109259224,-0.02044865511210466
3428,training,0.000490460661239922,0.03467906778678298,0.017328871058324417,10.739750785241737,0.6269535060070619,-0.019972382092052533
3429,training,0.0008660659659653902,0.02841046079993248,0.017328871058324417,10.779757656127975,0.6261374083543341,-0.021980663837939174
3430,training,0.0005609565414488316,0.02646734146401286,0.026972003190566,10.839665443222282,0.6247903160923115,-0.0224276385335037
3431,training,0.00020464480621740222,0.020475300028920174,0.026972003190566,10.879664624666432,0.6238744218458806,-0.0244050205584645
3432,training,0.0016032224521040916,0.02741381200030446,0.026972003190566,10.899641110027506,0.6233844998260526,-0.025050965010671403
3433,training,0.0008841142989695072,0.0583556592464447,0.026972003190566,10.939565822574265,0.6223994263325575,-0.024636327304723656
3434,training,0.0008790859719738364,0.07049794308841228,0.026972003190566,10.979368411147913,0.6215361132613555,-0.01480925474415522
3435,training,0.0002568736672401428,0.01664185523986817,0.026972003190566,11.019174072893964,0.6212977838686674,0.002786576755141263
3436,training,0.000869615760166198,0.026921339333057404,0.03670810172952546,11.059105049998102,0.6217156193748439,0.0156582177886784
3437,training,0.0004910009447485209,0.03979492187499999,0.03670810172952546,11.118904446978052,0.6230008628835559,0.02847538948115247
3438,training,0.0003343281277921051,0.012270590290427201,0.03670810172952546,11.158800836668233,0.6243697117691561,0.03998953104882121
3439,training,0.0016804892802610993,0.002951597794890402,0.03670810172952546,11.178779186561725,0.6252094416173309,0.04343697807717793
3440,training,0.00044187571620568633,0.00607793964445591,0.03670810172952546,11.218660063987206,0.6270277009706152,0.046980173260837726
3441,training,0.0016574430046603084,0.0018171045230701566,0.03670810172952546,11.258537677238731,0.6289933665359076,0.05161311602349973
3442,training,0.0008905095746740699,0.002916579134762287,0.034319583782767386,11.298506200444786,0.6310718092367196,0.051295924788577224
3443,training,0.00017875795310828835,0.015432273503392937,0.034319583782767386,11.338358353703065,0.6331278077830228,0.052042450150040775
3444,training,0.0014211043016985059,0.010323832277208563,0.034319583782767386,11.378310250785393,0.6352183511424575,0.05124469339682585
3445,training,0.0006546290242113173,0.004185217432677746,0.034319583782767386,11.4182813641705,0.6371988435404687,0.04756814319463837
3446,training,0.00040626828558743,0.016076860018074512,0.034319583782767386,11.458146974035088,0.6390720863499485,0.04594046625668364
3447,training,0.0006248248973861337,0.009081965312361717,0.034319583782767386,11.478156311263353,0.6399847396097156,0.0448551734873726
3448,training,0.00041869492270052433,0.008142923936247822,0.01706323870615112,11.518134276312757,0.6417044054333679,0.040765218626830246
3449,training,0.0006376081146299839,0.002808723598718643,0.01706323870615112,11.558002540848596,0.6432921205283367,0.03849852544242046
3450,training,0.0008720500627532601,0.005972126498818401,0.01706323870615112,11.598024137712382,0.644779115738499,0.034878807385926816
3451,training,0.0008061405969783664,0.0051612239331007,0.01706323870615112,11.637927663136313,0.6460923951931579,0.031549285072360246
3452,training,0.00020932938787154853,0.01713261008262634,0.01706323870615112,11.677932116821486,0.6473157441104159,0.02951338998655475
3453,training,0.002697716001421213,0.03602307662367821,0.01706323870615112,11.717952546566492,0.6484285243734452,0.025406126416022017
3454,training,0.0007806343492120504,0.008810681756585836,0.0061960814427222755,11.75782467207856,0.6493982455843238,0.023090097082272748
3455,training,0.0009457473643124104,0.021988066844642162,0.0061960814427222755,11.81787285887431,0.6507281918433586,0.021006846661655237
3456,training,0.001021173782646656,0.010344851296395063,0.0061960814427222755,11.857709248588707,0.6515608157045877,0.02037444299565792
3457,training,0.001157606253400445,0.009563460480421782,0.0061960814427222755,11.897770941295681,0.6523562679529471,0.018754769140200946
3458,training,0.0021081792656332254,0.007371364161372185,0.0061960814427222755,11.937711643118735,0.6530668066239895,0.017363167318259397
3459,training,0.002693135291337967,0.014799539931118487,0.013236809025395235,11.977640436480426,0.6537707115466519,0.017154699948116598
3460,training,0.0005316276801750064,0.020343240350484848,0.013236809025395235,12.017694981922679,0.6544206044646339,0.014406347216780501
3461,training,0.0017024711705744267,0.0036628805100917816,0.013236809025395235,12.057579368574004,0.6549514109710212,0.012519830055711847
3462,training,0.001558489166200161,0.014544540783390405,0.013236809025395235,12.09761566611424,0.6554550058003529,0.012784656906894133
3463,training,0.00034621095983311534,0.0036750868894159794,0.013236809025395235,12.11765364501057,0.655705603679267,0.01124918542416158
3464,training,0.0007086478872224689,0.006916116923093796,0.013236809025395235,12.157551498914742,0.6561024743232519,0.009281290182158675
3465,training,0.0001031346691888757,0.021298449486494064,0.01301604308958546,12.197582492641281,0.65646247689099,0.00855209026925466
3466,training,0.0013030964182689786,0.018120748922228813,0.01301604308958546,12.237615679205923,0.6567607881965694,0.005775123751948991
3467,training,0.0005752978613600135,0.01230667531490326,0.01301604308958546,12.297519968142803,0.6570670051031112,0.004096460765839476
3468,training,0.0005738782929256558,0.009698968846350908,0.01301604308958546,12.337561241442396,0.6572236590010888,0.00329874900755666
3469,training,0.002141110133379698,0.005642043426632881,0.015796382761387343,12.377413261690563,0.6573610784038021,0.003022458724442304
3470,training,0.0002200223389081657,0.010372696677222848,0.015796382761387343,12.417494468688062,0.6574804629593259,0.0029088110852860194
3471,training,0.0021174238063395023,0.009101529605686665,0.015796382761387343,12.457409748128894,0.6575711145965171,0.001606688154160668
3472,training,0.0010648746974766254,0.03227221593260765,0.015796382761387343,12.497376272445063,0.6576458991417261,0.0019902048281062548
3473,training,0.0006512491381727159,0.02613167790696025,0.015796382761387343,12.517427109617847,0.6576890171404568,0.0021266336449581947
3474,training,0.00015312887262552977,0.005673575331456959,0.015796382761387343,12.557373413216336,0.6577579331751258,0.001015065937351432
3475,training,0.0010604264680296183,0.01827501365914941,0.011820050483233943,12.617361969329778,0.6578272230754467,0.0012980313985114166
3476,training,0.002240339992567897,0.021621578256599605,0.011820050483233943,12.637392917694708,0.6578521011401269,0.0004031933683396872
3477,training,0.0008822953095659614,0.019138367846608162,0.011820050483233943,12.697273370120882,0.6578512969463932,4.4435101708664234e-05
3478,training,0.00038465741090476513,0.012694170232862234,0.011820050483233943,12.717314999686005,0.657855297366869,0.00018817438824818096
3479,training,0.0013200555695220828,0.007237405283376574,0.011820050483233943,12.757331970793654,0.6578470831544679,-0.00121330498822088
3480,training,0.000671763380523771,0.006042961496859789,0.011820050483233943,12.797219714676249,0.6578021975482042,-0.0015068216807344026
3481,training,0.0003320079413242638,0.023827940225601196,0.008211089257330622,12.8572748252014,0.6576914649557603,-0.002655972923283159
3482,training,0.000318057369440794,0.0294951144605875,0.008211089257330622,12.877207239023846,0.6576488578877168,-0.0024936615904500316
3483,training,0.0014017571229487658,0.049489487893879414,0.008211089257330622,12.917196724972797,0.657567945600672,-0.001814228700946423
3484,training,0.0025899389293044806,0.03766479971818626,0.008211089257330622,12.977152749843071,0.6574264927635085,-0.0034185484688881544
3485,training,0.0008183108293451369,0.0328129418194294,0.008211089257330622,12.997106586500498,0.657361203639794,-0.003422020689154213
3486,training,0.0012170970439910889,0.013789023272693157,0.008211089257330622,13.037164193750135,0.6572282117742311,-0.0035403831080740734
3487,training,0.0007446606177836657,0.018549222499132156,0.008211089257330622,13.077125240080765,0.6570708807116554,-0.004534401044589224
3488,training,0.0009290306479670107,0.0646001547574997,0.019547400471081448,13.117075180779086,0.6569080263354682,-0.0038571561827716997
3489,training,0.001833203248679638,0.03377727046608925,0.019547400471081448,13.157109257574252,0.6567557047025276,-0.004475740346901633
3490,training,0.0010503910016268492,0.0248101893812418,0.019547400471081448,13.197033270331644,0.6565744046407218,-0.004630589609181119
3491,training,0.00041649077320471406,0.024524550884962082,0.019547400471081448,13.237070259507329,0.6564051936369252,-0.004117179179320294
3492,training,0.0012198229087516665,0.01052169967442751,0.019547400471081448,13.297000675975232,0.656125544687933,-0.0051069944807775125
3493,training,0.0011660023592412472,0.02963240258395672,0.019547400471081448,13.316982157204102,0.6560293959568246,-0.004753509385635186
3494,training,0.0012391546042636037,0.03883063420653343,0.026526311336085122,13.357018246519157,0.6558474280619991,-0.005057662135176861
3495,training,0.00020353788568172604,0.017918117344379425,0.026526311336085122,13.396966275656123,0.6556372923595241,-0.005592551305304685
3496,training,0.0007076452602632344,0.0027583057526499033,0.026526311336085122,13.436967605185796,0.6554313253872427,-0.004957676058481155
3497,training,0.0003918790025636554,0.0004885194939561188,0.026526311336085122,13.476971032192335,0.6552242010025014,-0.006025376741906782
3498,training,0.0022936013992875814,0.0006318145897239447,0.026526311336085122,13.516885796936146,0.6549922408440012,-0.005729965919536501
3499,training,0.002411758527159691,0.0014605179894715548,0.026526311336085122,13.556937275832768,0.6547765761801065,-0.005578578788913153
3500,training,0.002582025248557329,0.02726211305707693,0.030882217463843925,13.616837766324585,0.6544095752067152,-0.006274494814361328
3501,training,0.00046138849575072527,0.016701253131031987,0.030882217463843925,13.636848218356885,0.654292390546682,-0.0055685643396106346
3502,training,0.003225407563149929,0.01650872314348817,0.030882217463843925,13.676792508842627,0.6540911630457905,-0.0049799256237080605
3503,training,0.0005102821160107851,0.0009919192525558174,0.030882217463843925,13.716696453957029,0.6539374160883403,-0.0032663319701282966
3504,training,0.000490255537442863,0.0008945640875026584,0.030882217463843925,13.75673590291042,0.6538359075075351,-0.002351992870537625
3505,training,0.0009626123355701566,0.028646215796470642,0.030882217463843925,13.796722878023814,0.6537295824983994,-0.003410271315583129
3506,training,0.0007785010384395719,0.03215451166033745,0.027737201036663404,13.836640654731458,0.6536117305433762,-0.0027246722484833255
3507,training,0.0006776952068321407,0.012036096304655075,0.027737201036663404,13.876686032623223,0.6535106312708918,-0.0030004571928455353
3508,training,0.0006191541906446218,0.012901315465569496,0.027737201036663404,13.936586173237007,0.6533250407544953,-0.002962426512121745
3509,training,0.0022592232562601566,0.0030576931312680244,0.027737201036663404,13.956620621378185,0.6532705993157065,-0.0026981097777416556
3510,training,0.00041182301356457174,0.0007721331785432994,0.027737201036663404,13.996627981180781,0.6531521574036026,-0.0036645777834681415
3511,training,0.0021902669686824083,0.013240807689726353,0.01868450055409349,14.036535010033731,0.6530203853158381,-0.00323165036048457
3512,training,0.0007021608762443066,0.003331025131046772,0.01868450055409349,14.076588576888065,0.6529040831052906,-0.0031148332380237244
3513,training,0.0007414373103529215,0.00630423566326499,0.01868450055409349,14.11653683790747,0.6527667000746291,-0.003903433408085539
3514,training,0.0008870938327163458,0.012894351501017809,0.01868450055409349,14.176540944295185,0.6525685710712468,-0.00324310263451539
3515,training,4.417745731188916e-05,0.012597084511071444,0.01868450055409349,14.216499980045073,0.6524482094375088,-0.002565691866747518
3516,training,0.0011760795023292303,0.007083515636622906,0.01343462422589356,14.256438493130535,0.6523968367289943,-0.0006779752333819241
3517,training,0.0006380418781191111,0.013076306320726871,0.01343462422589356,14.31646146969956,0.6523639415633562,-0.0011963736674460979
3518,training,0.0002945208107121289,0.014113363809883595,0.01343462422589356,14.356378303051056,0.6523377191334762,-0.0004309095802564052
3519,training,0.0007834507850930095,0.0012350670294836164,0.01343462422589356,14.396441535781639,0.6523296587409163,-0.0006226463986869876
3520,training,0.0008569273632019758,0.014387611299753189,0.01343462422589356,14.416424701135183,0.6523132834909703,-0.0010911195737612078
3521,training,0.004615740850567818,0.006117042154073715,0.012650187933787681,14.45632237464702,0.6522942588423679,-0.00035145552150338136
3522,training,0.000891561561729759,0.00413141492754221,0.012650187933787681,14.476359092534894,0.6522922830104751,-0.0001096355449567753
3523,training,0.0023565604351460934,0.007363892160356045,0.012650187933787681,14.516383477972225,0.652279141263535,-0.0009223037334798432
3524,training,0.0011173913953825831,0.00579675380140543,0.012650187933787681,14.57629900377793,0.6522655692140111,3.2644115222459186e-05
3525,training,0.0032191111240535975,0.004252892453223467,0.012650187933787681,14.596343296834387,0.6522687657284405,-4.315978721137234e-05
3526,training,0.0021628302056342363,0.002102168509736657,0.012650187933787681,14.636266779381362,0.6522574937802471,-0.0005498275833219516
3527,training,0.0043202415108680725,0.005666784476488829,0.012650187933787681,14.676240156301404,0.6522550405338281,0.00016591026962089174
3528,training,0.0012639667838811874,0.010776974260807037,0.005200367954584459,14.736225974299654,0.6522584824568679,-0.0003926540633207182
3529,training,0.0036591028328984976,0.01403445191681385,0.005200367954584459,14.776183010871964,0.6522618181306399,0.0002997068967690028
3530,training,0.003261524485424161,0.023471089079976082,0.005200367954584459,14.816244308437447,0.6522786422031434,-0.000114337814722881
3531,training,0.002215614542365074,0.04787353426218033,0.005200367954584459,14.856132095829766,0.6522795891962268,7.206241949500846e-05
3532,training,0.004512663930654526,0.03823705017566681,0.005200367954584459,14.896171796333709,0.6522978389840278,0.0005998605566708451
3533,training,0.002537351567298174,0.007858985103666782,0.012658118026706727,14.936172607394193,0.6523155036989959,-0.00017751821798547404
3534,training,0.003889287356287241,0.014286529272794724,0.012658118026706727,14.976075896967028,0.6523316899381593,0.0005841622261160132
3535,training,0.0017980466363951564,0.020332125946879387,0.012658118026706727,15.03613978857404,0.6523709966474979,2.3435557757625586e-05
3536,training,0.001545452163554728,0.028923010919243097,0.012658118026706727,15.056056778757405,0.6523838506114013,0.00035200827951425257
3537,training,0.0007437278982251883,0.007463965564966202,0.012658118026706727,15.096061851010191,0.6524145179211366,0.0008938530717857896
3538,training,0.0007945510442368686,0.012664510868489742,0.019342704281076158,15.136100174824863,0.6524426148706783,6.141696270347064e-05
3539,training,0.0020004701800644398,0.012866854667663574,0.019342704281076158,15.175980571065262,0.6524649403819673,0.0006631706674881474
3540,training,0.0013759073335677385,0.011065248399972916,0.019342704281076158,15.196005413823228,0.6524836649087318,0.0009700477745192351
3541,training,0.004223566502332687,0.017556507140398026,0.019342704281076158,15.25598562590903,0.652534438445858,0.0004646013203344521
3542,training,0.002568085677921772,0.01795465312898159,0.019342704281076158,15.27593681520663,0.6525501152360974,0.0008208049401023661
3543,training,0.0012743821134790778,0.0023693926632404327,0.019342704281076158,15.336012419176475,0.6526217593368763,0.0006971670526341312
3544,training,0.00043818115955218673,0.005830483511090279,0.017324153538696752,15.375894938201544,0.6526574903829224,0.0009803314602133569
3545,training,0.0014029414160177112,0.018836911767721176,0.017324153538696752,15.395896392576107,0.6526830092759193,0.0013339427630368595
3546,training,0.0026860833168029785,0.016834421083331108,0.017324153538696752,15.455930625066072,0.6527645821168043,0.0007474141536925423
3547,training,0.0014065878931432962,0.02080615796148777,0.017324153538696752,15.475854132762912,0.6527873809770994,0.0011401131496311524
3548,training,0.006131147965788841,0.01908264122903347,0.017324153538696752,15.515886837563771,0.6528486383343929,0.0017332401281557853
3549,training,0.0003981684276368469,0.010188659653067589,0.017324153538696752,15.55590046248196,0.6529095238237631,0.0009282628515676824
3550,training,0.0004455427115317434,0.0037188709247857332,0.01822359338653379,15.59579021170775,0.6529722683982337,0.001685742292953051
3551,training,0.0005896390648558736,0.00800631195306778,0.01822359338653379,15.635864806975958,0.6530519942694127,0.0017764487157751444
3552,training,0.00030136655550450087,0.009140705224126577,0.01822359338653379,15.695739789874539,0.6531520778914024,0.001869996735846515
3553,training,0.0007425651419907808,0.015111492946743965,0.01822359338653379,15.71577180438353,0.6531928336230929,0.002122587935142724
3554,training,0.0018514612456783652,0.0027591632679104805,0.01822359338653379,15.755819278563939,0.653271671255488,0.0012954852694912636
3555,training,0.0008699262980371714,0.007721586152911186,0.019754135161473414,15.79569538971997,0.6533399091658261,0.001831733280108301
3556,training,0.0006652294541709125,0.005893485154956579,0.019754135161473414,15.835770744168894,0.6534257221785784,0.0018875881871893052
3557,training,0.001129048177972436,0.011328821070492268,0.019754135161473414,15.875710227715407,0.6534753472629459,0.0008405030502522162
3558,training,0.0018872959772124887,0.026406466960906982,0.019754135161473414,15.93571436187281,0.6535599287750247,0.0016615423248257663
3559,training,0.0008054102072492242,0.004948212765157223,0.019754135161473414,15.955731185397047,0.653593979738384,0.0011584258129777806
3560,training,0.0017695085844025016,5.747054819948971e-05,0.024463840233569754,16.015609122440225,0.6536774820389358,0.001694525868687417
3561,training,0.0010332406964153051,0.009788968600332737,0.024463840233569754,16.035655984433802,0.6537131124145005,0.0019041185112577703
3562,training,0.0010630992474034429,0.01101137138903141,0.024463840233569754,16.07565881942828,0.6537816378513364,0.0011188619463605807
3563,training,0.001175337703898549,0.0058203652733936915,0.024463840233569754,16.115555894331404,0.6538505286519483,0.001878073762002664
3564,training,0.0002682913327589631,0.009488372132182121,0.024463840233569754,16.15563540892753,0.6539303578937624,0.0013637295537862052
3565,training,0.00035551845212467015,0.012647320632822812,0.024463840233569754,16.195543560048584,0.6539695362427471,0.0008205911833108512
3566,training,0.0008973648073151708,0.0011688597733154893,0.03096670420087458,16.255594744596877,0.6540466836783357,0.001132204263391492
3567,training,0.00021294099860824645,0.01629573997342959,0.03096670420087458,16.29551127667832,0.6540812747572007,0.0006476284322804629
3568,training,0.0009073019027709961,0.006720962002873421,0.03096670420087458,16.315467318457987,0.6540998064628115,0.0009935701498755883
3569,training,0.0005186798516660929,0.024121303111314774,0.03096670420087458,16.35554851447906,0.654148653258524,0.0009254833503796968
3570,training,0.0005159162101335824,0.010637061670422554,0.03096670420087458,16.415429066533143,0.6541777414526838,0.0005262133237691611
3571,training,0.0007304021855816245,0.009295936673879623,0.03096670420087458,16.435441297302013,0.6541939170902419,0.0008550287283185681
3572,training,0.0004587344592437148,0.011415292079163919,0.03096670420087458,16.47550858599184,0.6542319506118739,0.0004297117235249629
3573,training,0.0005599340074695647,0.026726067066192627,0.03149260152983055,16.535388443740544,0.6542756687497756,0.0010229186020249772
3574,training,0.0010346025228500366,0.030102960765361786,0.03149260152983055,16.555436990085205,0.6542974323635988,0.0011910113611572836
3575,training,0.0007175589562393725,0.04237980395555496,0.03149260152983055,16.59542822327573,0.6543394042252494,0.00045052791337247
3576,training,0.0004577015060931444,0.01693180250003934,0.03149260152983055,16.635336825671914,0.6543787403123681,0.0011894600164403964
3577,training,0.0005705616786144674,0.015554845333099365,0.03149260152983055,16.69540637000246,0.6544317004945742,-0.00034789676731626927
3578,training,0.0006458834395743906,0.01412619836628437,0.03149260152983055,16.71531772642311,0.6544333236010247,-0.0001694825700502701
3579,training,0.000528462347574532,0.016652727499604225,0.029448000778978817,16.755328582074025,0.6544446856297601,0.0004398541362832992
3580,training,0.00032872933661565185,0.036826036870479584,0.029448000778978817,16.79536648537745,0.6544551456533264,-0.0002965078272965197
3581,training,0.0008185976184904575,0.0346408961340785,0.029448000778978817,16.855272825578265,0.6544768929202587,0.0006148694932568288
3582,training,0.0008589663775637746,0.031037461012601852,0.029448000778978817,16.87533074525527,0.6544893461613659,0.0003942417185773136
3583,training,0.00026094881468452513,0.03454362228512764,0.029448000778978817,16.93521439292022,0.6544750160809822,-0.0002562680544888175
3584,training,0.000608499045483768,0.02681288868188858,0.03222629396219011,16.97528380395517,0.654479146184905,0.00011614114490885842
3585,training,0.0010703785810619593,0.03052876846777508,0.03222629396219011,16.995293709519874,0.6544793850211253,-0.00046989520618496804
3586,training,0.00024219106126111,0.031205011531710625,0.03222629396219011,17.035171381211324,0.6544705949218461,-0.00015884229458239764
3587,training,0.0002593015960883349,0.05089740455150604,0.03222629396219011,17.07522474319211,0.6544778160509791,0.0002868560840647161
3588,training,0.0008535131346434355,0.05722052603960037,0.03222629396219011,17.115202875507215,0.6544835384922347,-0.0004058269775631064
3589,training,0.0009194073500111699,0.05113176256418228,0.03222629396219011,17.155123498785365,0.6544876384934148,0.0002988950130309713
3590,training,0.0003811704518739134,0.04369886592030525,0.027410383172511456,17.195201218252727,0.6545079173537608,0.00014247055187347239
3591,training,0.0011572178918868303,0.03384970873594284,0.027410383172511456,17.235094812337366,0.6545130504661206,7.568701509402291e-05
3592,training,0.0002802937524393201,0.03266735980287194,0.027410383172511456,17.27511331851946,0.6545339393762851,0.0006642225067665697
3593,training,0.0005278498865664005,0.03654432436451316,0.027410383172511456,17.335059024989626,0.6545403765060642,-0.0006777695198534711
3594,training,0.0010007880628108978,0.0373237319290638,0.027410383172511456,17.355028357639608,0.6545296168373093,-0.0006818490978969755
3595,training,0.0008455239585600793,0.016702743247151375,0.027410383172511456,17.39510716627964,0.6545063478527009,-0.0007499315074830559
3596,training,0.0008031933102756739,0.01861984096467495,0.018156786268292383,17.45497738989838,0.654448746068504,-0.0008762240117353862
3597,training,0.0005324588855728507,0.01976132206618786,0.018156786268292383,17.49505050364422,0.6544274916726165,-0.0005658841106206555
3598,training,0.0008143045124597847,0.012133984826505184,0.018156786268292383,17.53498215693628,0.6543942593257414,-0.0011615665329795368
3599,training,0.00082582444883883,0.02227434143424034,0.018156786268292383,17.57494000928671,0.6543664224545266,-0.0005053511092672214
3600,training,0.00042284498340450227,0.02003021165728569,0.018156786268292383,17.594988540758035,0.6543579778935265,-0.00043617551579545807
3601,training,0.00025154981995001435,0.011446012184023857,0.018156786268292383,17.63494987809362,0.6543329901307959,-0.0011024701097959832
3602,training,0.0013645072467625141,0.006064250133931637,0.01568880281639901,17.6748831555429,0.6543083509241053,-0.00042911562785607376
3603,training,0.001255765906535089,0.010538234375417233,0.01568880281639901,17.734923101455394,0.6542852642585181,-0.0010584805327097163
3604,training,0.0055867768824100494,0.0029099145904183388,0.01568880281639901,17.75484463941663,0.6542715379416496,-0.0006987986755116566
3605,training,0.003287255996838212,0.015391707420349121,0.01568880281639901,17.8149055463634,0.6542588349594444,-0.0004416464647334674
3606,training,0.0015505955088883638,0.019881395623087883,0.01568880281639901,17.854806731897774,0.6542391386589178,-0.0006186699082108367
3607,training,0.0010498417541384697,0.00743293110281229,0.014497106319949889,17.894813297393775,0.6542326505018807,-1.2586937043746045e-06
3608,training,0.000648092944175005,0.0013371143722906709,0.014497106319949889,17.914861113887536,0.6542343235947956,-0.00013165358541931545
3609,training,0.001020607422105968,0.014635360334068537,0.014497106319949889,17.954770859771955,0.6542220424614709,-0.0005235923628725161
3610,training,0.0005043261917307973,0.00493305828422308,0.014497106319949889,18.01481869820726,0.6542092211091225,-0.0004959447551466803
3611,training,0.0016535596223548055,0.010612397047225386,0.014497106319949889,18.034821456461295,0.6541930499552522,-0.0012674875638917264
3612,training,0.0009754362399689853,0.006590111181139946,0.014497106319949889,18.074697093428533,0.6541567472800928,-0.0009055791752847842
3613,training,0.0005311315762810409,0.003525205422192812,0.01788804833906848,18.13477446670273,0.6541183414434252,-0.0012018939116002954
3614,training,0.0005248677916824818,0.0025679506361484528,0.01788804833906848,18.174651392420518,0.6540795834463766,-0.000929277647064739
3615,training,0.000704641395714134,0.004962898790836334,0.01788804833906848,18.214702222443247,0.6540570226447111,-0.000498685485005892
3616,training,0.0002398413635091856,0.01661260798573494,0.01788804833906848,18.25468230133134,0.6540304283131414,-0.0012257711736501091
3617,training,0.0008665440836921334,0.02715868130326271,0.01788804833906848,18.294598469417856,0.6540018741298411,-0.0005309476482561081
3618,training,0.0006974399439059198,0.02073754370212555,0.02298203821519257,18.334674379643285,0.6539884752327442,-0.0007056119287543605
3619,training,0.0022217235527932644,0.009169475175440311,0.02298203821519257,18.374568946529358,0.6539600720860652,-0.0008085062712521229
3620,training,0.0014104170259088278,0.008423028513789177,0.02298203821519257,18.394545521307396,0.653949888049829,-0.0004544240347061603
3621,training,0.0007333677494898438,0.005351722240447998,0.02298203821519257,18.454616550859797,0.653928126771073,-0.0010002679478736788
3622,training,0.0008064608555287123,0.01560431718826294,0.02298203821519257,18.474531879755027,0.6539202765219456,-0.0007306088096428763
3623,training,0.0007367492071352899,0.004519148264080287,0.02298203821519257,18.514549262795427,0.6538820171385804,-0.0030571701988713436
3624,training,0.001102964160963893,0.01392634492367506,0.02298203821519257,18.55459562821687,0.6536568775203587,-0.007355287468029554
3625,training,0.0010998178040608764,0.011151717975735664,0.020846599331234034,18.594481314961335,0.6533530922884303,-0.008471932833335897
3626,training,0.0017794553423300385,0.0005668029189109802,0.020846599331234034,18.63454195333193,0.6530273525052726,-0.006770806881527526
3627,training,0.001865119207650423,0.000841618515551092,0.020846599331234034,18.674437289749626,0.652795322348052,-0.005217406133664331
3628,training,0.0021323098335415125,0.012763213366270065,0.020846599331234034,18.714377789018812,0.6526483150403178,-0.0020942244480142633
3629,training,0.0011090402258560061,0.01227259449660778,0.020846599331234034,18.75444295236048,0.6526009186998197,-0.0014837240305807515
3630,training,0.0005926125450059772,0.017535295337438583,0.020846599331234034,18.794324163793526,0.6525473814234419,-0.0013273559946450377
3631,training,0.0005644287448376417,0.004421283956617117,0.009342683248029917,18.83436564944279,0.6525106188183664,-0.0008468836362703635
3632,training,0.0011276107979938388,0.004557907581329346,0.009342683248029917,18.874359999352954,0.6524696087841727,-0.0016606554050957966
3633,training,0.00039903205470182,0.00160970666911453,0.009342683248029917,18.914262672632155,0.6524235748666253,-0.0009617787632096016
3634,training,0.0009558541933074594,0.05002649314701557,0.009342683248029917,18.974323352214977,0.6523687235079489,-0.0015780807136812679
3635,training,0.00044385367073118687,0.06614520214498043,0.009342683248029917,19.014114914124193,0.652209695314573,-0.007773248808786967
3636,training,0.0004943468957208097,0.04829077050089837,0.0023666524630560296,19.054288166906492,0.6517376636206397,-0.01625262854749536
3637,training,0.0008809358114376664,0.03311465121805668,0.0023666524630560296,19.09420906205811,0.6509030990694956,-0.024741130953798922
3638,training,0.0008774141315370798,0.018652318976819515,0.0023666524630560296,19.134213735028656,0.6497994468782252,-0.030261994506104468
3639,training,0.0004555956111289561,0.00811300799250603,0.0023666524630560296,19.174257380387697,0.6484808815135062,-0.036382353005207646
3640,training,0.0006075572455301881,0.05016076099127531,0.0023666524630560296,19.19418897095185,0.6477331228155813,-0.03857624521288146
3641,training,0.000544638023711741,0.049404568038880825,0.0169418070064331,19.2541444527823,0.6454996989156186,-0.031136102224974743
3642,training,0.000635590753518045,0.04341997765004635,0.0169418070064331,19.274066356195803,0.6449209717179041,-0.026862188634936054
3643,training,0.0013057452160865068,0.030377555638551712,0.0169418070064331,19.313856342143243,0.6440860106960969,-0.01527251280444608
3644,training,0.00264716730453074,0.04614249709993601,0.0169418070064331,19.35386361623036,0.6436624633447892,-0.006593526769448689
3645,training,0.0009429327910766006,0.05685649625957012,0.0169418070064331,19.393761840484302,0.6435178344393444,-0.0009410537888395004
3646,training,0.003159772139042616,0.050160517916083336,0.0169418070064331,19.45367736105814,0.6437464549943267,0.007613405754131435
3647,training,0.002233449835330248,0.04780205711722374,0.0196336191759733,19.493628084328748,0.6441086025720367,0.009885493448291226
3648,training,0.004319375846534967,0.03271411173045635,0.0196336191759733,19.533506674582142,0.6445940571664481,0.014395477070655605
3649,training,0.0008355150930583477,0.009717565029859543,0.0196336191759733,19.553529989029983,0.6448989514975133,0.01615263547642114
3650,training,0.001932380604557693,0.022111443802714348,0.0196336191759733,19.593545596813204,0.6455740923449678,0.01638707354841124
3651,training,0.00044719615834765136,0.00707912677899003,0.0196336191759733,19.633388925367207,0.6462532298914656,0.017363289293863944
3652,training,0.0007599693490192294,0.010516847716644408,0.0196336191759733,19.693451582705723,0.6473014809204419,0.016397680069312137
3653,training,0.0004475892928894609,0.031254896894097335,0.0196336191759733,19.713361741983846,0.6476220548808148,0.01571075424044626
3654,training,0.0021970963571220636,0.006589580327272415,0.01403905266230016,19.773471114043637,0.6483120975541534,0.0044055140360675475
3655,training,0.0014116079546511173,0.0013314560055732727,0.01403905266230016,19.793506852385413,0.6483533211593546,-0.00024749417049980027
3656,training,0.0017112769419327378,0.01575541868805886,0.01403905266230016,19.853415608471302,0.6480296056999415,-0.010228451310939779
3657,training,0.001108769210986793,0.008673226460814473,0.01403905266230016,19.893575508366183,0.6474745892546484,-0.018184718850444294
3658,training,0.0012751587200909853,0.00415625236928463,0.01469792670859876,19.933446245263685,0.6466494846299657,-0.02303951855687328
3659,training,0.0017564231529831886,0.03562391363084316,0.01469792670859876,19.953446251668915,0.6461716950096267,-0.02482815270002322
3660,training,0.0010040365159511566,0.027615046128630638,0.01469792670859876,20.013469960111586,0.6445295396437182,-0.030493242408188487
3661,training,0.003521264996379614,0.020691027399152517,0.01469792670859876,20.053367437804667,0.6432812256149829,-0.03223003516619912
3662,training,0.0007767179631628096,0.0024205930531024933,0.01469792670859876,20.093432813097635,0.6419742889246179,-0.033434015770256724
3663,training,0.0005274191498756409,0.002998566720634699,0.01469792670859876,20.11337949711156,0.6413041475394405,-0.034259601325076605
3664,training,0.0007514824392274022,0.010940135456621647,0.01469792670859876,20.153248925213123,0.6399497259294046,-0.03387361381810347
3665,training,0.0005599372670985758,0.023655354976654053,0.0290642276817348,20.193327239599917,0.6385926241572367,-0.03460002257020822
3666,training,0.00043030682718381286,0.025484698358923197,0.0290642276817348,20.233196169836976,0.637175611125202,-0.03603594732313184
3667,training,0.0005659146117977798,0.024181626737117767,0.0290642276817348,20.273160521445085,0.6357393145990264,-0.03639980206208255
3668,training,0.0009102001786231995,0.020723965018987656,0.0290642276817348,20.33307745955594,0.6334981104520677,-0.03835369914587706
3669,training,0.0008811797597445548,0.019017988815903664,0.0290642276817348,20.373009932874293,0.631979755104216,-0.037917454280507655
3670,training,0.0015450778882950544,0.015642043203115463,0.0290642276817348,20.393060984243363,0.6312208932176643,-0.03786760570174933
3671,training,0.0013560611987486482,0.015713021624833345,0.038049735196634654,20.452882257687317,0.6289178235358307,-0.03878860505400264
3672,training,0.0007139525841921568,0.007995644584298134,0.038049735196634654,20.492913574637978,0.6273856742661681,-0.037784666806039625
3673,training,0.001445043133571744,0.009734490420669317,0.038049735196634654,20.512874057174677,0.6266341552216452,-0.037932478420589465
3674,training,0.0007995930500328541,0.014102728571742773,0.038049735196634654,20.57269725453052,0.6244467633150638,-0.03535931149108295
3675,training,0.0004997245850972831,0.006591841578483578,0.038049735196634654,20.612724950704624,0.6230871428308191,-0.03274211138707519
3676,training,0.0006384300068020821,0.008296137675642967,0.024908079460750434,20.652571255658334,0.6218421162835461,-0.029743004114865034
3677,training,0.0005940583650954068,0.009961990173906086,0.024908079460750434,20.692555523854107,0.6207337963164334,-0.025673462586030257
3678,training,0.0003639814385678619,0.004278576001524925,0.024908079460750434,20.752448158164178,0.6192961833539808,-0.022786381160454176
3679,training,0.00030485852039419115,0.003346911631524563,0.024908079460750434,20.772404105517843,0.6188493385810172,-0.022365592466352714
3680,training,0.0005578482523560524,0.029710792005062103,0.024908079460750434,20.81247354622895,0.6179652886997163,-0.022285333008578587
3681,training,0.002935405820608139,0.025987350847572088,0.024908079460750434,20.852359465517804,0.6170511741464596,-0.023445188931690484
3682,training,0.004107113927602768,0.005324194207787514,0.007196632701922126,20.892315925883455,0.6161377370577116,-0.022199305065692673
3683,training,0.0034016063436865807,0.032628923654556274,0.007196632701922126,20.93230575780782,0.6152809965191085,-0.02127961090844065
3684,training,0.0014188538771122694,0.04830991895869374,0.007196632701922126,20.972181543064725,0.6144871860495715,-0.01847098031507456
3685,training,0.001904201926663518,0.041695508640259504,0.007196632701922126,21.01222869328545,0.6138020354159744,-0.017036974627027066
3686,training,0.001542406971566379,0.03242502873763442,0.007196632701922126,21.052182481577642,0.6130741086460911,-0.019762572789600343
3687,training,0.001340391580015421,0.06754235178232193,0.007196632701922126,21.112154138389265,0.6118691836553984,-0.020564619933260805
3688,training,0.0012886670883744955,0.04226084938272834,0.0067824818808869146,21.132113184759735,0.6114536188264342,-0.021731054100318697
3689,training,0.0008297941531054676,0.024314954876899716,0.0067824818808869146,21.172020703251388,0.6105796509676041,-0.022275492922587868
3690,training,0.0002428324951324612,0.023395078722387552,0.0067824818808869146,21.212058848201796,0.6096388554363474,-0.025783245063439868
3691,training,0.0010448676766827703,0.032222213223576546,0.0067824818808869146,21.252034992082763,0.6085569279620697,-0.02887781408331755
3692,training,0.0015320555539801717,0.03266759216785431,0.0067824818808869146,21.271962430026022,0.6079713290412604,-0.03035299268790288
3693,training,0.0010055664461106062,0.050679801031947136,0.0067824818808869146,21.311976259379932,0.6066763555872811,-0.03493157938655098
3694,training,0.0015606882516294718,0.04378238879144192,0.0067824818808869146,21.3519746115432,0.6051701041721351,-0.04073332048719598
3695,training,0.001088490942493081,0.07596484618261456,0.011651665560247652,21.391841761382203,0.6034722264203168,-0.04454553595651352
3696,training,0.0012658971827477217,0.07157729053869843,0.011651665560247652,21.431906604121785,0.6016303667141927,-0.0462649414766972
3697,training,0.002367977052927017,0.09243232011795044,0.011651665560247652,21.47177734690746,0.5997754633735652,-0.04719862496126837
3698,training,0.0010899283224716783,0.09691468253731728,0.011651665560247652,21.531703773758462,0.5971277029963252,-0.03888330400038771
3699,training,0.0010468019172549248,0.059276098385453224,0.011651665560247652,21.55162535098888,0.5963843698998699,-0.03580243185870606
3700,training,0.0013660937547683716,0.03543392103165388,0.011651665560247652,21.59143268095486,0.5951341345172196,-0.027833547453319743
3701,training,0.002999788150191307,0.02854781597852707,0.005160260595518114,21.651387018752047,0.5937438472174256,-0.019755997666756706
3702,training,0.005294150207191706,0.010418295860290524,0.005160260595518114,21.671343562707136,0.5933803495246496,-0.01699537499112649
3703,training,0.00376152154058218,0.03897268325090408,0.005160260595518114,21.731240934672755,0.5926823565633254,-0.006808282992568096
3704,training,0.0023409132845699787,0.013065491802990437,0.005160260595518114,21.771173331283187,0.5924968034497466,-0.003202771143718202
3705,training,0.0018468719208613038,0.029794681817293167,0.005160260595518114,21.811068144788166,0.5924550642106429,0.0007646929058846341
3706,training,0.002696951851248741,0.0516701340675354,0.005160260595518114,21.831093432239904,0.5924904888119007,0.0029022866626764467
3707,training,0.0008525771554559469,0.04689938388764858,0.0060125512113886745,21.87104111429845,0.5926751123791422,0.006345145209080291
3708,training,0.0012278382200747728,0.036079542711377144,0.0060125512113886745,21.910938181388417,0.5930324328273988,0.010718916710791124
3709,training,0.0010196669027209282,0.024135556537657976,0.0060125512113886745,21.970972307835684,0.5937970880312953,0.013669882682164762
3710,training,0.002385856816545129,0.027767686580773443,0.0060125512113886745,22.010790865744656,0.5943826942036493,0.015369336638811104
3711,training,0.0011876911157742143,0.11238382384181023,0.0060125512113886745,22.050838501698486,0.595023621306542,0.01604904208652276
3712,training,0.0018294110195711255,0.08308214321732521,0.019828493965691047,22.090947575000186,0.5957184671492062,0.022418897806149758
3713,training,0.001218834426254034,0.010613198392093182,0.019828493965691047,22.130797349755294,0.5968894653853865,0.03537834394870041
3714,training,0.00022652717598248273,0.011241989210247993,0.019828493965691047,22.170859249266833,0.5983890022158044,0.03629991568151036
3715,training,0.0015137761365622282,0.0025582890957593883,0.019828493965691047,22.190868154364132,0.5990887056199157,0.03391792132796286
3716,training,0.0011008738074451685,0.010965023189783096,0.019828493965691047,22.23074842913538,0.6003980785923967,0.031397055615535976
3717,training,0.0019037046004086733,0.016348439268767834,0.019828493965691047,22.29080616634204,0.6021192669768475,0.02501644713088143
3718,training,0.0005547841428779066,0.04803504515439271,0.019828493965691047,22.310711920570725,0.6026106742721465,0.023857297426717505
3719,training,0.001365660224109888,0.052085146307945245,0.005267687548550863,22.350698823458153,0.6035576845857173,0.025958080201330783
3720,training,0.0008602594025433064,0.017997033894062042,0.005267687548550863,22.39062625698301,0.6047098248223148,0.0313673406757483
3721,training,0.001242945552803576,0.012711675837635994,0.005267687548550863,22.43044230335453,0.606093297887714,0.03757679098691062
3722,training,7.969105354277417e-05,0.0025541167706251144,0.005267687548550863,22.490364027635167,0.6085639630402652,0.0436722432217296
3723,training,0.0007721292786300182,0.060114381834864616,0.005267687548550863,22.510296923222526,0.6094519716556811,0.04506165892126029
3724,training,0.001652945065870881,0.043490645475685596,0.005267687548550863,22.550142701642734,0.6113561760086201,0.05230321510638728
3725,training,0.00075765501242131,0.020119034685194492,0.024046386841186786,22.60996163802567,0.6148665685463103,0.0631716284560891
3726,training,0.0019449763931334019,0.0007331753149628639,0.024046386841186786,22.64970699518801,0.6175048954123807,0.0688836287919808
3727,training,0.0013471848797053099,0.0058322688564658165,0.024046386841186786,22.689575933971863,0.6203128933054415,0.0698776918642614
3728,training,0.0006975315045565367,0.00847151130437851,0.024046386841186786,22.7294173302544,0.6230905257473799,0.06958378467755924
3729,training,0.0010450584813952446,0.012940946035087109,0.024046386841186786,22.749349088345205,0.6244867105534654,0.07020928033751403
3730,training,0.00034825800685212016,0.003888373263180256,0.013227411355377222,22.80924818460525,0.6286165933054443,0.06565630903099312
3731,training,0.00026840201462619007,0.004524068906903267,0.013227411355377222,22.849081470411523,0.6312063524109056,0.06417331086269881
3732,training,0.0015041152946650982,0.009114785119891167,0.013227411355377222,22.88902086598659,0.633733411986521,0.06096892434280648
3733,training,0.0004737568960990757,0.009508581832051277,0.013227411355377222,22.92891327531272,0.6360725468770542,0.05688969274751401
3734,training,0.0008014746708795428,0.009527983143925667,0.013227411355377222,22.96886518145735,0.638287249936445,0.05331541745158641
3735,training,0.0011543735163286328,0.0009314604103565216,0.013227411355377222,23.02878670860783,0.6412193222210409,0.044429196977044
3736,training,0.0008253904525190592,0.012792864814400673,0.01635639504489561,23.068744776917697,0.6429204789608353,0.04071965736645357
3737,training,0.00038333632983267307,0.0022734925150871277,0.01635639504489561,23.108765597570898,0.6444606309730618,0.03543839814108388
3738,training,0.0006791107589378953,0.0028531188145279884,0.01635639504489561,23.168662344746735,0.6464024039618997,0.02969404734441014
3739,training,0.0016080013010650873,0.02007429581135511,0.01635639504489561,23.208695595567697,0.647547728576779,0.026877260495862046
3740,training,0.0022483929060399532,0.0029241377487778664,0.011358619662130235,23.248576540368255,0.6485654512233484,0.024167784612613513
3741,training,0.0014239540323615074,0.009963567834347486,0.011358619662130235,23.288621791104564,0.6495004336662511,0.02272894383650544
3742,training,0.0004923352971673012,0.0038968189619481564,0.011358619662130235,23.308621535916252,0.6499514713075494,0.021816148557789218
3743,training,0.0007843415369279683,0.005821168306283653,0.011358619662130235,23.368476678779416,0.6512406704679252,0.021698559627413235
3744,training,0.00045402924297377467,0.00848972238600254,0.011358619662130235,23.38851225268235,0.6516768706717772,0.021852139890528314
3745,training,0.0007079577189870179,0.01772080035880208,0.011358619662130235,23.44840897877909,0.652942271609504,0.020158768576256824
3746,training,0.0008182658930309117,0.030579023528844115,0.005730895070129965,23.48841085319592,0.6537485342518877,0.019951742617632308
3747,training,0.0003688180004246533,0.004024272784590725,0.005730895070129965,23.52847483133366,0.6544494651241093,0.014444675668368882
3748,training,0.0008401133818551898,0.02990155201405287,0.005730895070129965,23.568348798397608,0.6549586818596361,0.011203907323060307
3749,training,0.0001368934754282236,0.02739180065691471,0.005730895070129965,23.6084560596199,0.6553440340814964,0.007454231268827916
3750,training,0.0011075213551521301,0.02386136958375573,0.005730895070129965,23.648379781750805,0.655545304980774,0.0035506752676674118
3751,training,0.0006222251104190946,0.006142284226370975,0.005730895070129965,23.68836181277711,0.6556648746953568,0.002717626116606388
3752,training,0.0008810769650153816,0.009929358027875423,0.013745486217501943,23.72842198431069,0.6557708628806561,0.002017723595645904
3753,training,0.0023916875943541527,0.0036535258404910564,0.013745486217501943,23.768296261794312,0.6558606971115463,0.0023622413934761746
3754,training,0.003921006806194782,0.0028353394009172916,0.013745486217501943,23.80835904335536,0.6559627670436484,0.0023076992008873565
3755,training,0.002245130715891719,0.008385690860450268,0.013745486217501943,23.848336302595243,0.6560353882933758,0.0012259204146258045
3756,training,0.001857856521382928,0.04216897999867797,0.013745486217501943,23.888256517173527,0.6561048854133303,0.0019473892200810071
3757,training,0.0013864794746041298,0.03754590451717377,0.01078113866232286,23.948325624415677,0.6562099498869173,0.0006185341265946347
3758,training,0.002279592677950859,0.03617314249277115,0.01078113866232286,23.988218574393752,0.6562569695142297,0.0013178126552054973
3759,training,0.0017011418240144849,0.04647733783349395,0.01078113866232286,24.028297309732505,0.6563204585699706,0.0013541069015165822
3760,training,0.0010720171267166734,0.0393596813082695,0.01078113866232286,24.068196442352228,0.6563549378677238,0.00035910052371570535
3761,training,0.001643947558477521,0.03135289251804352,0.01078113866232286,24.0881629042441,0.6563659556199504,0.0005133927626712796
3762,training,0.003460022620856762,0.028888747096061707,0.01078113866232286,24.148243519976905,0.656408382874177,0.00011878335652113494
3763,training,0.0013337817508727312,0.032037501223385334,0.0069062946369588185,24.188118083404763,0.6564316151468733,0.0006700226322307411
3764,training,0.0014595319516956806,0.03108828840777278,0.0069062946369588185,24.22820222368956,0.6564658355290816,0.0004203180552575008
3765,training,0.003401820082217455,0.01644204743206501,0.0069062946369588185,24.26813266537107,0.65644750900301,-0.0011445383212853747
3766,training,0.00042876735096797347,0.01935129426419735,0.0069062946369588185,24.308095182321935,0.6564037274209812,-0.0013823114400507122
3767,training,0.000629280402790755,0.01223839120939374,0.0069062946369588185,24.368110898074477,0.656301493333238,-0.0023374253678931003
3768,training,0.0029567431192845106,0.02813825011253357,0.013514579573790679,24.408044558360384,0.6562250720342211,-0.0018387685396828728
3769,training,0.002220146358013153,0.04777287691831589,0.013514579573790679,24.448104026280063,0.6561552954752456,-0.002272808929069884
3770,training,0.00266663683578372,0.01159498281776905,0.013514579573790679,24.488000320394416,0.656065274612976,-0.002327101192179052
3771,training,0.0036424752324819565,0.021123193204402924,0.013514579573790679,24.548045064283386,0.6559535093375303,-0.0021927379824269125
3772,training,0.0010812516557052732,0.042127422988414764,0.013514579573790679,24.58795579839427,0.6558636327685141,-0.0024327164680120364
3773,training,0.0010216914815828204,0.066248320043087,0.013514579573790679,24.607926840844325,0.6558210596114236,-0.002071568838025862
3774,training,0.0017148470506072044,0.028190895915031426,0.015857398375361143,24.66798451339494,0.6557020706740924,-0.0026916980306987853
3775,training,0.001177994068711996,0.0891171395778656,0.015857398375361143,24.70783605232027,0.6557376949153657,0.006195121467328557
3776,training,0.00121253018733114,0.05345694348216057,0.015857398375361143,24.747890204148433,0.6560906451274804,0.009108314317471217
3777,training,0.0008296555606648326,0.09490125998854637,0.015857398375361143,24.807714064773165,0.6569229080172461,0.02129164357076611
3778,training,0.0007424828363582492,0.07275653630495071,0.015782819138958376,24.84768601294481,0.6579592577594925,0.029852670758647722
3779,training,0.000352301518432796,0.06836043298244476,0.015782819138958376,24.887560421750305,0.659375506817091,0.04240117051540421
3780,training,0.0006481601158156991,0.03356299549341202,0.015782819138958376,24.927356121252984,0.6613730313987465,0.0579788940875174
3781,training,0.0013579422375187278,0.03290008008480072,0.015782819138958376,24.94721165882742,0.6626270240369407,0.06758104214871409
3782,training,0.0010725767351686954,0.03611242026090622,0.015782819138958376,25.00672859148905,0.6674860382625933,0.09585618634257631
3783,training,0.0009934897534549236,0.06687770783901216,0.015782819138958376,25.066054186661464,0.6741036462104919,0.12522669718663765
3784,training,0.0010477383621037006,0.028811506927013397,0.024480002969131057,25.08584625360675,0.6766833282893392,0.13416501948764856
3785,training,0.00023672105453442782,0.04208915680646895,0.024480002969131057,25.12532302908794,0.6824020476772525,0.15552626457065033
3786,training,0.0004189574101474136,0.055729903280735016,0.024480002969131057,25.164466903428675,0.6890158215514354,0.17779681227283176
3787,training,0.0008509501931257546,0.006792865693569183,0.024480002969131057,25.20373512718544,0.6964614937348441,0.19598408496066685
3788,training,0.0006113473209552467,0.026304267346858992,0.024480002969131057,25.24267555586393,0.7045384533614693,0.21418307337960285
3789,training,0.0005377085763029754,0.03163959085941315,0.024480002969131057,25.281457136888875,0.7133619216552362,0.2325807384971691
3790,training,0.0010978096397593617,0.01922951638698578,0.050750550602878544,25.32034886665043,0.7229488748391623,0.2532619332231414
3791,training,0.000817495456431061,0.06288262642920017,0.050750550602878544,25.35862133854788,0.7332997513986377,0.27402426603590596
3792,training,5.438306834548712e-05,0.0977359265089035,0.050750550602878544,25.39702420443014,0.7443688769768626,0.28453662923775114
3793,training,0.0008377385092899203,0.0631912350654602,0.050750550602878544,25.434822045870263,0.7556880838449921,0.3059990023508565
3794,training,0.00048726797103881836,0.005413047969341278,0.050750550602878544,25.490885225214637,0.7751992817755411,0.3606046499226115
3795,training,0.0002969891647808254,0.14993072301149368,0.050750550602878544,25.509474686386703,0.7823553352991701,0.373503843822426
3796,training,0.0003549621324054897,0.06584537029266357,0.05582728999757705,25.54649796953127,0.7974796239047399,0.40897297720340753
3797,training,0.0007964999531395733,0.09653132408857343,0.05582728999757705,25.58246427612294,0.8139871402001402,0.4475373670619954
3798,training,0.00022005956270731986,0.04602663964033124,0.05582728999757705,25.617845751001774,0.8317495513077089,0.48399309373871463
3799,training,0.0004908529226668179,0.15657919645309448,0.05582728999757705,25.652857807468585,0.8508032939167277,0.5127506019099715
3800,training,0.0005713779246434569,0.19597873836755753,0.05582728999757705,25.686841326412285,0.8707129936322169,0.5504301728897252
3801,training,0.00038436331669799984,0.13764316588640216,0.05582728999757705,25.736386665656333,0.9036431109698964,0.6248950461845638
3802,training,0.00038563995622098446,0.20905755460262304,0.04631151373931664,25.767973258372958,0.9275098808150786,0.6688681379687474
3803,training,0.0011999605922028422,0.21316536515951157,0.04631151373931664,25.798363831563982,0.9527949520836209,0.7210554220016206
3804,training,0.0005270979017950594,0.23810666054487228,0.04631151373931664,25.827332062231502,0.9796747946984128,0.7747922755496475
3805,training,0.0013027191162109375,0.1899051144719124,0.04631151373931664,25.854752100249545,1.0080798122385706,0.8325844667844245
3806,training,0.0006343887071125209,0.13127563148736954,0.06798105909225248,25.880474670518762,1.0379947586890985,0.8859464391717644
3807,training,0.0008131052600219846,0.14885545521974564,0.06798105909225248,25.904833490112583,1.0692781444959474,0.9312519672209546
3808,training,0.000553084653802216,0.08451019227504727,0.06798105909225248,25.927861202144797,1.101672771254159,0.976561687976974
3809,training,0.0013421073090285063,0.09047304093837738,0.06798105909225248,25.938705128912332,1.118119874622226,0.9986276657017343
3810,training,0.0014314365107566118,0.08369850367307666,0.06798105909225248,25.959477136886125,1.1518952503230209,1.039362572767925
3811,training,0.0015771773178130388,0.1493973769247532,0.10684047567099886,25.978972176706083,1.1865149502542123,1.0759285905087
3812,training,0.0004848811950068921,0.134344395250082,0.10684047567099886,26.005725476193412,1.239607503507889,1.1326468469987627
3813,training,0.000561811903025955,0.05483230948448181,0.10684047567099886,26.02187990198751,1.2757697180862397,1.1681617577865275
3814,training,0.0006232896121218801,0.04568725824356079,0.10684047567099886,26.03682443390197,1.3126247424905422,1.2018637900590556
3815,training,0.0009800820844247937,0.08034420758485795,0.10684047567099886,26.050536600232753,1.3497906494582972,1.2314637565858182
3816,training,0.0011013868497684598,0.09957433678209782,0.10058398161062566,26.06936456795444,1.4065731495538936,1.26902150672108
3817,training,0.0006692255265079439,0.06294924020767212,0.10058398161062566,26.080668711710896,1.4446207998071265,1.2948344494999622
3818,training,0.001157992985099554,0.008532956242561326,0.10058398161062566,26.09103235322744,1.483031079010956,1.3195246121384734
3819,training,0.0013414148706942797,0.010067798197269454,0.10058398161062566,26.100582663045813,1.5218758663509662,1.3397008447286496
3820,training,0.000571022683288902,0.023761868476867662,0.10058398161062566,26.10929452652641,1.5605908238002622,1.3584922069938103
3821,training,0.00048308499390259385,0.03446193411946297,0.10058398161062566,26.117384765365045,1.5997430202701226,1.3754656574805575
3822,training,0.0006032728124409914,0.006506539881229401,0.06086620185893055,26.128280018200464,1.658428622113094,1.4002843377353358
3823,training,0.000828373187687248,0.022464677691459656,0.06086620185893055,26.131580507327605,1.6780916120088947,1.4084319730945591
3824,training,0.0003688775177579373,0.030034147202968597,0.06086620185893055,26.137743119656488,1.7175398026332,1.422541982328957
3825,training,0.001531558926217258,0.036044370383024216,0.06086620185893055,26.143308656776327,1.757035218627596,1.4412761615245673
3826,training,0.0006793088978156447,0.03612476587295531,0.06086620185893055,26.150043913158388,1.816346582158018,1.4718260071814455
3827,training,0.00027521123411133885,0.014067918062210083,0.06086620185893055,26.153630338042685,1.856065948536053,1.4896411718895992
3828,training,0.0001342491596005857,0.01964006572961806,0.04133180788807409,26.15649625607449,1.8958073106723574,1.507294822702244
3829,training,0.0011489506578072906,0.028764963150024428,0.04133180788807409,26.159491846935186,1.9554588513102777,1.5358027842750144
3830,training,0.0005220153252594173,0.011170826852321625,0.04133180788807409,26.16046023854042,1.9952647372830852,1.5564123529604552
3831,training,0.0005924716824665666,0.05909028649330139,0.04133180788807409,26.160657503403716,2.0150756972001744,1.5649026220770736
3832,training,0.0008850928861647844,0.00554300844669342,0.04133180788807409,26.16052342211813,2.0549733810138626,1.5855082747961258
3833,training,0.0013230238109827042,0.02778666466474533,0.04133180788807409,26.15943749615742,2.0948050901984976,1.6090291673630497
3834,training,0.00024427438620477915,0.005204148590564742,0.050095469655930334,26.157511559635736,2.134454336508933,1.6309271659054452
3835,training,0.0010732411174103618,0.030643895268440247,0.050095469655930334,26.15282978293858,2.1941683014932893,1.6670946514167624
3836,training,0.0004302651504985988,0.03734617680311203,0.050095469655930334,26.148608282194136,2.233636971330664,1.6865327938345631
3837,training,0.0007430222467519343,0.02403704822063446,0.050095469655930334,26.14366770153598,2.27336894043676,1.702654153392005
3838,training,0.0008774446323513985,0.021086126565933228,0.050095469655930334,26.138099267345634,2.3126726880590813,1.7216876720002179
3839,training,0.0005101971328258514,0.04009459912776947,0.066491408781148,26.131723465031136,2.3519755034145007,1.7406739068811337
3840,training,0.00022784920292906463,0.038092587143182755,0.066491408781148,26.120825530746625,2.410723374202118,1.7698882673945184
3841,training,0.0008359011844731867,0.06364849954843521,0.066491408781148,26.112541852174523,2.4496291620799515,1.790184333630273
3842,training,0.0009037655545398593,0.04513517767190933,0.066491408781148,26.103492320621488,2.4884906234170754,1.8090652137870538
3843,training,0.0008588095661252737,0.011926617473363876,0.066491408781148,26.093725843751013,2.5270280667100704,1.8291011346631487
3844,training,0.0007594434428028762,0.020728126168251038,0.066491408781148,26.083190547814084,2.565500422269917,1.8446172856815335
3845,training,0.0004635461955331266,0.04227269068360329,0.07489210572311558,26.07218680848298,2.6038346451940693,1.8573744554173934
3846,training,0.0006983262719586492,0.0214926078915596,0.07489210572311558,26.060619537750522,2.6419112642193308,1.873763546083018
3847,training,0.0009504104382358491,0.05244715232402086,0.07489210572311558,26.042245009134117,2.698863679387023,1.8887624620562478
3848,training,0.0005348070408217609,0.029308837838470943,0.07489210572311558,26.029579206369593,2.7367485051473595,1.899577041521205
3849,training,0.0008327137911692262,0.0036615952849388123,0.07489210572311558,26.01649268722778,2.7743797186587313,1.9090320658399313
3850,training,0.0013655181974172592,0.01970333606004715,0.04548354870268244,25.99634493202068,2.8308300012381475,1.9196719353113163
3851,training,0.0005420115776360035,0.00800967589020729,0.04548354870268244,25.98255460809951,2.86818716832046,1.9282510268831317
3852,training,0.0010008797980844975,0.02964155562222004,0.04548354870268244,25.968446760253702,2.905617743719236,1.933336330354365
3853,training,0.0004692845104727894,0.023764611454680565,0.04548354870268244,25.954126879099658,2.942927323504474,1.9424455169571582
3854,training,0.000786518445238471,0.029199987649917603,0.04548354870268244,25.939536219671712,2.979996111595789,1.9481892917533747
3855,training,0.0003764756547752768,0.029305651783943176,0.04548354870268244,25.924647527613104,3.0171892387610537,1.9568740395704558
3856,training,0.0006326172151602805,0.03664323687553406,0.02839335671142743,25.909449459349457,3.0539286211299626,1.9679528652925669
3857,training,0.002615810139104724,0.011653758585453033,0.02839335671142743,25.89381835859857,3.0906502378377003,1.9793131386673064
3858,training,0.002081174636259675,0.004829961806535728,0.02839335671142743,25.8777337513691,3.127271959118828,1.9897555337057755
3859,training,0.00190252554602921,0.06014750897884369,0.02839335671142743,25.85310213897115,3.181741086106275,2.0007360451880523
3860,training,0.000861560576595366,0.040675217285752296,0.02839335671142743,25.84473280800324,3.200010958889307,1.9993398529432753
3861,training,0.001206028158776462,0.02392958104610443,0.02839335671142743,25.828228930787386,3.236161673565556,2.0026849610585704
3862,training,0.0005942575517110527,0.006523296236991882,0.02103708065785768,25.81135427520993,3.2722857208731546,2.010636774128651
3863,training,0.000467948178993538,0.05205759033560753,0.02103708065785768,25.794177291482036,3.308550675475577,2.017686309189199
3864,training,0.00036928695044480264,0.0346099529415369,0.02103708065785768,25.776822632491285,3.3442692774232308,2.029131648383164
3865,training,0.0009241165826097131,0.012517780065536499,0.02103708065785768,25.758938280215588,3.380041789026886,2.038611137855599
3866,training,0.0014669045340269804,0.03283431753516197,0.02103708065785768,25.740798074666298,3.415638743695619,2.0462736476379013
3867,training,0.0010317072737962008,0.0006981492042541504,0.02103708065785768,25.722421268988125,3.4509630278400873,2.054727131757433
3868,training,0.00033352532773278654,0.03428199887275696,0.030344152536851736,25.694138224825004,3.503891147083056,2.0691750333545706
3869,training,0.0006227779667824507,0.040681514889001846,0.030344152536851736,25.674974453959404,3.538759813082791,2.0763178873170975
3870,training,0.0009936741553246975,0.013661205768585219,0.030344152536851736,25.65538648181505,3.573682748201901,2.089708048887962
3871,training,0.0002666835207492113,0.017111904919147485,0.030344152536851736,25.635407251409017,3.608065119557895,2.105395271630626
3872,training,0.0006224759854376316,0.08840608940226957,0.030344152536851736,25.604348826221628,3.659277353149524,2.1227833869922996
3873,training,0.002168426290154457,0.005777373909950256,0.04235057353088241,25.583406573630597,3.693208414724414,2.1237050322935187
3874,training,0.0004039400373585522,0.04364881664514543,0.04235057353088241,25.562370173968013,3.7271176106675905,2.1295483123680943
3875,training,0.0013322008308023214,0.003840062767267227,0.04235057353088241,25.541029485991796,3.7609342396262457,2.1388670480356637
3876,training,0.00024306871637236327,0.054876554757356644,0.04235057353088241,25.519467815191774,3.794306877080427,2.1482599937860094
3877,training,0.0003674376057460904,0.06692972872406244,0.04235057353088241,25.48641914109056,3.8442522803344352,2.163774192944672
3878,training,0.0004076304321642965,0.02467871829867363,0.037321660530636486,25.463946682589363,3.8771230589419656,2.1777554779063197
3879,training,0.0003524635685607791,0.006284147500991821,0.037321660530636486,25.4409990185842,3.909795509368216,2.1866345008474917
3880,training,0.00040108710527420044,0.030587858520448208,0.037321660530636486,25.41786802484666,3.9422779258456053,2.1931049692481386
3881,training,0.0003382157301530242,0.04343046341091394,0.037321660530636486,25.394570256018962,3.974516122531752,2.198650130721715
3882,training,0.0009502203902229667,0.0702633182518184,0.037321660530636486,25.371009239816676,4.006702273339351,2.2069757071551863
3883,training,0.00026174072991125286,0.07578390464186668,0.037321660530636486,25.34712901153472,4.038713102833918,2.2171869686385177
3884,training,0.0008071847259998322,0.09089842438697815,0.037321660530636486,25.322917779183864,4.070361820238846,2.2287480310461834
3885,training,0.0012764099519699812,0.057638345286250114,0.02565011786454614,25.298439893714903,4.101805222519865,2.236246213008654
3886,training,0.00043923166231252253,0.05552104115486145,0.02565011786454614,25.273661514537757,4.1331332846032245,2.2435352288668544
3887,training,0.0003960378235206008,0.05673481337726116,0.02565011786454614,25.248766971426058,4.164300355059293,2.243254003593823
3888,training,0.0006190559361129999,0.06955262459814548,0.02565011786454614,25.23633510071532,4.179918290964926,2.2438411044546314
3889,training,0.001430094474926591,0.09610996767878532,0.02565011786454614,25.21133203786556,4.211110118949739,2.249394466122107
3890,training,0.0024824561551213264,0.042504893615841866,0.02565011786454614,25.173575682204532,4.257473100536972,2.258373363567286
3891,training,0.0021351645700633526,0.04499649815261364,0.02565011786454614,25.148219490273277,4.288474148323149,2.2538084665043305
3892,training,0.0031481392215937376,0.03622174821794033,0.02565011786454614,25.12298043890559,4.319306787298004,2.2593019691072533
3893,training,0.002232902217656374,0.03292655944824219,0.01965672823476712,25.098559209897154,4.349282508334983,2.246186377031242
3894,training,0.0006720739766024053,0.08591295033693314,0.01965672823476712,25.07357011451897,4.3805022488114425,2.246260097417942
3895,training,0.0029634262900799513,0.07717923074960709,0.01965672823476712,25.036078578636968,4.427252063577344,2.2459971049373553
3896,training,0.0009301926475018263,0.050061045214533806,0.01965672823476712,25.011077143959245,4.458471792929171,2.2467247783764
3897,training,0.0010940049542114139,0.08183994889259338,0.01965672823476712,24.9863762054359,4.488981895400581,2.2497525286069826
3898,training,0.0008943768916651607,0.013584148138761527,0.01965672823476712,24.96126168387735,4.520122532966701,2.2488380283447547
3899,training,0.0005871961475349963,0.002202216535806656,0.00947982223011141,24.93624319320232,4.55125475888872,2.244939229427181
3900,training,0.0007810079259797931,0.06010472774505615,0.00947982223011141,24.911387719583338,4.582595314349778,2.236983564515053
3901,training,0.0016278988914564252,0.002049589529633522,0.00947982223011141,24.886708925638185,4.614190120817663,2.231730977015488
3902,training,0.000909171998500824,0.04152828827500344,0.00947982223011141,24.85003701955995,4.661591909060349,2.224863356625503
3903,training,0.0007232464849948883,0.0010797493159771035,0.00947982223011141,24.82575418280383,4.6934812993067245,2.2182561558709977
3904,training,0.002608662471175194,0.010056084021925926,0.00947982223011141,24.80171367371872,4.725467627963226,2.211605148432346
3905,training,0.0037473158445209265,0.031566363759338856,0.020042421921348714,24.777920228304325,4.757647621568817,2.2036166077429407
3906,training,0.001444664434529841,0.008325851522386072,0.020042421921348714,24.754363857548178,4.789906273774216,2.2003420737208637
3907,training,0.0030221291817724705,0.01874876767396927,0.020042421921348714,24.73086163903015,4.82223071989167,2.1975360179291927
3908,training,0.0011704911012202501,0.06750693917274475,0.020042421921348714,24.707458097195563,4.854633095706881,2.1961714334640914
3909,training,0.002345577348023653,0.015755049884319302,0.020042421921348714,24.672458349765694,4.9033552774121185,2.1859847964592642
3910,training,0.003796577686443925,0.058377090841531754,0.020042421921348714,24.649523375033517,4.936125120248146,2.1784980191879146
3911,training,0.000588585389778018,0.008274372667074203,0.020042421921348714,24.626722806686775,4.968933637563973,2.178365874105373
3912,training,0.000558042956981808,0.0231581162661314,0.036830172694257264,24.603927741368143,5.001667091367046,2.180625278600321
3913,training,0.0015293154865503311,0.008644079789519313,0.036830172694257264,24.58103796922967,5.03425481102976,2.184727652427281
3914,training,0.0015058363787829876,0.0076908180490136155,0.036830172694257264,24.55795503960786,5.0668577084389455,2.189120104718554
3915,training,0.001565825310535729,0.037000499200075865,0.036830172694257264,24.53475934454517,5.09940361929565,2.190135702615515
3916,training,0.0003261329256929457,0.05467605125159025,0.036830172694257264,24.511503793183593,5.1317784571944385,2.198625420993059
3917,training,0.0010715965181589127,0.023495454341173172,0.036830172694257264,24.48790659284456,5.1640713490386325,2.201502980646234
3918,training,0.00043754553189501166,0.006442509591579444,0.036830172694257264,24.464346524053152,5.196335457941815,2.2031233340351566
3919,training,0.001056314562447369,0.034407857805490494,0.009780088782939846,24.44063682159125,5.228457483281323,2.2109672216230947
3920,training,0.0047675627283751965,0.05038772616535425,0.009780088782939846,24.41670937799042,5.260381952969203,2.216133617161433
3921,training,0.0006775046931579709,0.030822325497865677,0.009780088782939846,24.392636434251994,5.292205640215122,2.2203603469732767
3922,training,0.0015823566354811192,0.024382065981626504,0.009780088782939846,24.36842811045938,5.323888463329133,2.2256830231617046
3923,training,0.0012579918839037418,0.09776081028394401,0.009780088782939846,24.343965894770413,5.355496581508556,2.2345900512321006
3924,training,0.00046603591181337833,0.037070728838443756,0.009780088782939846,24.31922067823482,5.386751473402328,2.242826440268155
3925,training,0.0007601953111588955,0.10004602279514074,0.009780088782939846,24.29438006535045,5.4179047824327204,2.247241008184953
3926,training,0.0004961362574249506,0.113383112475276,0.027028766492409,24.26926320581553,5.448974558080588,2.2527674920928664
3927,training,0.0006257611094042659,0.029930680990219102,0.027028766492409,24.231450235351126,5.495331438470865,2.256156849393155
3928,training,0.00039439371903426945,0.09444116987287998,0.027028766492409,24.206008814874473,5.526159118161921,2.268050055017222
3929,training,0.0003385685267858207,0.08678687922656536,0.027028766492409,24.180251278156078,5.556525310492467,2.2765922896581214
3930,training,0.0009978414746001363,0.01566315442323686,0.027028766492409,24.154275114119717,5.58690325220763,2.2804086835744695
3931,training,0.0010597578948363662,0.06154113635420799,0.027028766492409,24.141192805502918,5.602071750815028,2.2862289536370186
3932,training,0.0021977294236421585,0.040443655103445046,0.027028766492409,24.11478882995328,5.631908643511242,2.30083778816544
3933,training,0.0026496206410229206,0.04572590813040733,0.028367896583466612,24.08806963659816,5.66157403784846,2.307345270413304
3934,training,0.007282675709575415,0.07912934198975563,0.028367896583466612,24.061084398813463,5.691108692895587,2.316148460967698
3935,training,0.0036229887045919895,0.09390576556324959,0.028367896583466612,24.03397900211654,5.720206376797927,2.324565657627898
3936,training,0.002023383742198348,0.07491270452737808,0.028367896583466612,24.00646245037189,5.749280546400454,2.3334964741711612
3937,training,0.0013829891104251146,0.07197328098118305,0.028367896583466612,23.978752628814448,5.777927443143728,2.346418032560243
3938,training,0.0018347030272707343,0.006188783794641502,0.028367896583466612,23.950701109899043,5.806222454161337,2.355178808649412
3939,training,0.0016695345984771848,0.03944292664527893,0.028367896583466612,23.922273817189062,5.834524499545096,2.3637913536343227
3940,training,0.0022730103228241205,0.0397210419178009,0.025844350627265845,23.893821027997248,5.862316885391021,2.3696181197589294
3941,training,0.0008165505714714527,0.005051508545875549,0.025844350627265845,23.865100058998898,5.890169050828273,2.374744095699418
3942,training,0.0008216933347284794,0.024820417165756226,0.025844350627265845,23.836199168131866,5.917790670524488,2.384982273087478
3943,training,0.0022562998346984386,0.001080714166164412,0.025844350627265845,23.8071170427016,5.9448991703024845,2.3980477020809405
3944,training,0.0006602030480280519,0.07712821569293737,0.025844350627265845,23.777449633382428,5.971811929171159,2.4118102992727537
3945,training,0.001062441268004477,0.02697829902172088,0.025844350627265845,23.732768791761544,6.01128405490496,2.4212578266324156
3946,training,0.0013079815544188023,0.04181315191090107,0.009737186679412273,23.702568789514313,6.037622106334757,2.428977883876666
3947,training,0.0007956672343425453,0.030177723616361604,0.009737186679412273,23.67231583235793,6.063596974027033,2.4344968565153553
3948,training,0.0022017282899469137,0.01413225382566452,0.009737186679412273,23.65716630119375,6.0764827985016865,2.440220503791403
3949,training,0.002123837359249592,0.05717599764466286,0.009737186679412273,23.62642093558016,6.102043900173715,2.4554374172495628
3950,training,0.0015691386070102453,0.09492240287363529,0.009737186679412273,23.595434478199895,6.127133472620567,2.4646047182539017
3951,training,0.0019425327191129327,0.04686708748340607,0.009737186679412273,23.564266308618098,6.1520161161676175,2.4710564463510076
3952,training,0.0010555970948189497,0.010439805686473846,0.009737186679412273,23.532838278700204,6.176747574026661,2.479696619661117
3953,training,0.0006884113536216319,0.043249696493148776,0.009737186679412273,23.5013082887999,6.201031189533341,2.4908490994458234
3954,training,0.0013518523192033172,0.0553804412484169,0.07583107920420921,23.469403401457804,6.224954045239536,2.5091073792759317
3955,training,0.0008294340223073959,0.005846731364727006,0.07583107920420921,23.43705520415333,6.248032677936797,2.5349052955857587
3956,training,0.0005775507306680083,0.007882006466388689,0.07583107920420921,23.420733403826,6.259196224479621,2.547215111942728
3957,training,0.0005968703189864755,0.014642767608165741,0.07583107920420921,23.370796079484784,6.291789445631974,2.579459092176636
3958,training,0.0005588309722952545,0.01563553512096405,0.07583107920420921,23.336829950369665,6.31273692156423,2.597899620662823
3959,training,0.0011489454191178083,0.001729913055896759,0.07583107920420921,23.3026439018171,6.333089863280214,2.610032710816044
3960,training,0.0006913292454555631,0.05083304643630983,0.07583107920420921,23.268262046618513,6.353087286177724,2.619981900646841
3961,training,0.0010422688210383058,0.018774908035993576,0.07271061762903362,23.23347962344022,6.372722583607732,2.6368914757889126
3962,training,0.000847172865178436,0.0039911605417728355,0.07271061762903362,23.19856031777979,6.391730451759088,2.6458276899150937
3963,training,0.00042132980888709426,0.003116786479949951,0.07271061762903362,23.163340726010173,6.4106269027397,2.6531845880104252
3964,training,0.0003999318287242204,0.026842792518436916,0.07271061762903362,23.12796187552232,6.429237892908196,2.6612205072071293
3965,training,0.0007109232246875763,0.018915657536126673,0.07271061762903362,23.11035276144961,6.438376567444235,2.664158470442943
3966,training,0.0006433650851249695,0.00855233520269394,0.07271061762903362,23.074807248044714,6.456649992929647,2.6673953511315265
3967,training,0.0020602084696292877,0.024819149635732174,0.05768556649464802,23.039182355379324,6.474895689062152,2.6705951838957707
3968,training,0.0007172730984166265,0.015228297095745798,0.05768556649464802,23.00367802828106,6.492964355206232,2.6695206076207625
3969,training,0.0006739788805134594,0.028954714536666863,0.05768556649464802,22.967970831437288,6.511175809363718,2.671564192249027
3970,training,0.0011319360928609967,0.049930794164538383,0.05768556649464802,22.932378514352365,6.529077706759984,2.6797645630257447
3971,training,0.0016397504368796945,0.04086748859845101,0.05768556649464802,22.89660059986681,6.546767432073364,2.6839560560588653
3972,training,0.00045870826579630375,0.030662083066999912,0.05768556649464802,22.860621133852458,6.564506254766486,2.680662271773633
3973,training,0.0009997294982895255,0.03487419709563255,0.03996986241235297,22.824995807514973,6.582354536475472,2.674430227206663
3974,training,0.0002673958661034703,0.013607926201075315,0.03996986241235297,22.771397677533827,6.609598862371841,2.667876625157003
3975,training,0.0004953533061780035,0.02080136723816394,0.03996986241235297,22.735978139835407,6.627791232742333,2.666180816521578
3976,training,0.00042281931382603943,0.036500684916973114,0.03996986241235297,22.700390454785996,6.646198965593775,2.660128965610416
3977,training,0.002131798304617405,0.05400043912231923,0.03996986241235297,22.664911722711018,6.664806360531879,2.6587010075066972
3978,training,0.001207469031214714,0.016263054247247055,0.03996986241235297,22.629668997307302,6.683224708986127,2.662386447059902
3979,training,0.0017580334097146988,0.029038093751296398,0.031213020220340275,22.594071133619593,6.701672231129904,2.663484682781741
3980,training,0.0012980734463781118,0.026570153422653675,0.031213020220340275,22.558742030580085,6.71999877647307,2.660360235638577
3981,training,0.00029034120962023735,0.0027613565325737017,0.031213020220340275,22.52332231649042,6.738468574698242,2.663590887010699
3982,training,0.0013050067937001586,0.01500869169831276,0.031213020220340275,22.470051734827088,6.765959835326335,2.663741765782161
3983,training,0.002101647201925516,0.019777283072471622,0.031213020220340275,22.452346961573614,6.77513071383431,2.6633132324692936
3984,training,0.003141392720863223,0.002269536256790161,0.031213020220340275,22.416764275362468,6.793631852099355,2.659504685906564
3985,training,0.0015664002858102322,0.019329823553562168,0.01716732248351273,22.381454663861298,6.8122266159054305,2.6525648300513684
3986,training,0.0012867754558101296,0.00021203234791755676,0.01716732248351273,22.346255597539606,6.831139947805458,2.645615852271336
3987,training,0.0015454990789294243,0.028102701529860497,0.01716732248351273,22.311036104089517,6.850307870587519,2.639972376396711
3988,training,0.0007106339326128364,0.02608916349709034,0.01716732248351273,22.276249302370704,6.869516710284235,2.6353185132708035
3989,training,0.0020830919966101646,0.03881841618567705,0.01716732248351273,22.241238885798605,6.888980132812775,2.6308554532633672
3990,training,0.00035349655081517994,0.058510322123765945,0.01716732248351273,22.206383910953512,6.908607748409531,2.62730754042499
3991,training,0.00034403789322823286,0.0014329627156257664,0.013603563683191981,22.171801991578544,6.92810638317496,2.631041443558994
3992,training,0.00028450763784348965,0.021828891709446907,0.013603563683191981,22.136844428965304,6.947667424488412,2.6297558099695153
3993,training,0.00034149683779105544,0.010623496491461992,0.013603563683191981,22.102114430464066,6.96718476205703,2.6289488758726316
3994,training,0.0007628811290487647,0.031143996864557266,0.013603563683191981,22.067271235464887,6.9868136864151476,2.6277106540204587
3995,training,0.0004293818201404065,0.025011980906128883,0.013603563683191981,22.032430481356283,7.006505842732894,2.6263933986309564
3996,training,0.000814093102235347,0.06673465669155121,0.013603563683191981,21.997763525664137,7.026140040948842,2.6255797654362327
3997,training,0.0007240576087497175,0.038490304723381996,0.008146877027020877,21.96291848997852,7.045956283147818,2.6222890208223553
3998,training,0.0005494239740073681,0.002788179088383914,0.008146877027020877,21.928300008641326,7.065717087482792,2.6251227200316047
3999,training,0.0014803006779402494,0.019890355877578262,0.008146877027020877,21.89357985203609,7.085404342311593,2.624944692358231
4000,training,0.0008466837462037802,0.02473939536139369,0.008146877027020877,21.858752339922372,7.105112287351702,2.6291842024873926
4001,training,0.000521950249094516,0.04614062234759331,0.008146877027020877,21.84137204142823,7.114850788150443,2.6318381016423538
4002,training,0.0007019344484433532,0.03071354515850544,0.008146877027020877,21.80654805742681,7.134258716232601,2.6324092249125353
4003,training,0.0010410151444375515,0.0005060490220785141,0.0075900856469691405,21.77159665095231,7.153814008851676,2.631581265287036
4004,training,0.0010912513826042414,0.015506490599364042,0.0075900856469691405,21.754174247860927,7.163538034780611,2.6333652420609006
4005,training,0.0006886585033498704,0.019806144759058952,0.0075900856469691405,21.71936555845753,7.18286776825517,2.6346682194507403
4006,training,0.0005413317703641951,0.01930223871022463,0.0075900856469691405,21.684345682061352,7.202335173632097,2.6333912447160706
4007,training,0.0005402799579314888,0.06607093056663871,0.0075900856469691405,21.64951758795379,7.221720729408066,2.6341395689831644
4008,training,0.0014831045409664512,0.07521353662014008,0.0075900856469691405,21.614559366563004,7.241167654054772,2.632860551585694
4009,training,0.0007808549562469125,0.04900268651545048,0.0075900856469691405,21.59705028985249,7.25094080582505,2.6317070648433933
4010,training,0.0004859322216361761,0.040111527778208256,0.011256106741704462,21.562290467180055,7.270421312383107,2.628736245742299
4011,training,0.0005205112393014133,0.02267610840499401,0.011256106741704462,21.510051818701633,7.300080262818025,2.6206636720592447
4012,training,0.0007843784987926483,0.06334509141743183,0.011256106741704462,21.475463854550487,7.319836371630525,2.6260209550567852
4013,training,0.0013645313447341323,0.02259557321667671,0.011256106741704462,21.440725008694553,7.33957293642797,2.6229350280722445
4014,training,0.0018707409035414457,0.0013691037893295253,0.011256106741704462,21.423309640712617,7.349522996820208,2.6233337773899295
4015,training,0.000676698749884963,0.04715562239289284,0.011256106741704462,21.38861765806097,7.3691594013652635,2.628877114885617
4016,training,0.0009024214232340455,0.015876401215791702,0.007305805388821738,21.33639645253383,7.398655346540551,2.6230949207893124
4017,training,0.0014176005497574806,0.018735188292339444,0.007305805388821738,21.301685990421493,7.418478957292515,2.6227444604715076
4018,training,0.0011419974034652114,0.046679798513650894,0.007305805388821738,21.284474260416356,7.4282994756193546,2.623351706442458
4019,training,0.0011577990371733904,0.029076169594191015,0.007305805388821738,21.249689943767674,7.448100461671621,2.6227326184276785
4020,training,0.0010151522001251578,0.04380069859325886,0.007305805388821738,21.21499061449135,7.467967649207067,2.6212779263504884
4021,training,0.0012957933358848095,0.006199868395924568,0.007305805388821738,21.180438107851955,7.487802204377637,2.6184662912116776
4022,training,0.0008981635328382254,0.004301534965634346,0.017538495840503533,21.145754850440703,7.5078684120643295,2.617875417221215
4023,training,0.000588974158745259,0.002626011148095131,0.017538495840503533,21.11122924294318,7.527702918734421,2.6207769550300037
4024,training,0.0016524877864867449,0.027392258867621422,0.017538495840503533,21.05912203623171,7.557450260896564,2.626308271555635
4025,training,0.0011963148135691881,0.061505550518631935,0.017538495840503533,21.024424290312684,7.57695268508171,2.631084453745268
4026,training,0.0009454073733650148,0.010792228858917952,0.017538495840503533,21.00701621352631,7.5866945073721865,2.6303202747215693
4027,training,0.0012895880499854684,0.015981970354914672,0.017538495840503533,20.972094901687267,7.606376454543511,2.6278713171750634
4028,training,0.0009391925996169448,0.05440292879939079,0.0138448578354919,20.937348000574158,7.625851592786234,2.6344020083177764
4029,training,0.0008082225685939193,0.0468447613529861,0.0138448578354919,20.90241657947187,7.645134189259406,2.6364080520615163
4030,training,0.0008411559392698109,0.03591787442564964,0.0138448578354919,20.867365101487817,7.664615370048425,2.6335198859496463
4031,training,0.0007364776683971286,0.05952576082199812,0.0138448578354919,20.815183288993417,7.693572562735719,2.637566352595894
4032,training,0.00042846600990742445,0.022517777979373932,0.0138448578354919,20.78009567426116,7.712901633302692,2.6376031377597267
4033,training,0.00023688784858677536,0.09218929335474968,0.0138448578354919,20.745334772641495,7.732034311688194,2.6400537910052777
4034,training,0.0014953259378671646,0.055186156183481216,0.01800698707644385,20.710219883792544,7.7511940974915605,2.6411943980914496
4035,training,0.001322285970672965,0.008283227682113654,0.01800698707644385,20.675104331035573,7.7704442983999735,2.6400568403565416
4036,training,0.000353178009390831,0.019679486751556396,0.01800698707644385,20.657767788159436,7.779939800804382,2.641433133869785
4037,training,0.0015831571072340012,0.02721092663705349,0.01800698707644385,20.62264187358466,7.79898166202543,2.645864254501046
4038,training,0.0006377673125825822,0.0022196061909198796,0.01800698707644385,20.587437283720835,7.818013062450043,2.6457318274704127
4039,training,0.0006914152763783932,0.038509723264724016,0.01800698707644385,20.552443676366316,7.83696750384274,2.645913474220063
4040,training,0.0011806824477389455,0.009409727528691288,0.018888762740274623,20.517159882463268,7.855969202557449,2.647988026266704
4041,training,0.0017287544906139374,0.0359276719391346,0.018888762740274623,20.46448714501944,7.884205791840646,2.651356178452032
4042,training,0.0007308520725928247,0.03099807165563107,0.018888762740274623,20.446835938351224,7.893609776220469,2.652370499903129
4043,training,0.0012554925633594394,0.044421322643756866,0.018888762740274623,20.393889986454337,7.9218285044378725,2.648848851582701
4044,training,0.0005012974725104868,0.028073902241885662,0.018888762740274623,20.358744421466714,7.940749317449431,2.647163890305712
4045,training,0.0007838276214897633,0.03568760119378567,0.018888762740274623,20.323463037831807,7.95973652802363,2.6495357854909782
4046,training,0.0011576252290979028,0.04498340003192425,0.020354953406746812,20.288375312229434,7.978450947925073,2.653181619113248
4047,training,0.0013535823673009872,0.03329655062407255,0.020354953406746812,20.23525975909778,8.006488225878506,2.658380023400283
4048,training,0.0008141631260514259,0.03987422399222851,0.020354953406746812,20.217610271632587,8.015725941265313,2.6589045354106613
4049,training,0.00035849789856001735,0.03936257679015398,0.020354953406746812,20.182367771042305,8.03424441901895,2.657725491992897
4050,training,0.0005835149204358459,0.026179209351539612,0.020354953406746812,20.14685184640232,8.052852083593448,2.66160911541444
4051,training,0.0006012244266457856,0.035861431155353785,0.020354953406746812,20.111411269259094,8.071185659114063,2.664008534443598
4052,training,0.0005305475788190961,0.015405180864036083,0.015302738661134282,20.075913241903013,8.08959332066912,2.6625330553219664
4053,training,0.0003846213803626597,0.02446883264929056,0.015302738661134282,20.058100470190574,8.098846789327851,2.663034310711095
4054,training,0.0004906421527266502,0.01771847903728485,0.015302738661134282,20.004933269847392,8.126348965888644,2.6626995110166
4055,training,0.0005652881227433681,0.036985374288633466,0.015302738661134282,19.969367097380804,8.14489501182808,2.6585160989713295
4056,training,0.0007647835300303996,0.03158587613143027,0.015302738661134282,19.934088694498755,8.163514730337056,2.6519453963389745
4057,training,0.0005931246560066938,0.011639507953077555,0.015302738661134282,19.898901569165265,8.182345122955953,2.6530921583298333
4058,training,0.0006088311201892793,0.005333461333066225,0.0091706488815012,19.845854994805457,8.210280102356181,2.659616659469298
4059,training,0.000907948415260762,0.0049255662597715855,0.0091706488815012,19.82820734532962,8.219506398029555,2.659545015627466
4060,training,0.0003304526908323169,0.03559727221727371,0.0091706488815012,19.792731296178953,8.238073071633936,2.659111421209922
4061,training,0.0005238685989752412,0.03749551437795162,0.0091706488815012,19.757322622498435,8.256618188481779,2.6576026155196657
4062,training,0.0004968623979948461,0.005992233753204346,0.0091706488815012,19.722073115200512,8.275259007394864,2.6531131274963
4063,training,0.0003711037861648947,0.006771827116608621,0.0091706488815012,19.704376814354063,8.284671748388199,2.6530749696581126
4064,training,0.0008230069652199745,0.02933977171778679,0.012726438426420943,19.66903970933535,8.30338827066108,2.6548856918439476
4065,training,0.0005675206193700433,0.05855054780840873,0.012726438426420943,19.616154832209258,8.331395498399301,2.6552256067243727
4066,training,0.00042585443588905036,0.03315288573503494,0.012726438426420943,19.58071908285695,8.349986658808298,2.663575752497879
4067,training,0.0005459316889755428,0.004650320857763294,0.012726438426420943,19.54533102606924,8.368160929538453,2.6688271465085736
4068,training,0.0008361652726307511,0.015493635088205334,0.012726438426420943,19.509620671194064,8.386354975742199,2.6724360211466482
4069,training,0.0014104332076385617,0.0021809181198477762,0.012726438426420943,19.456151885784376,8.413341486191275,2.6721346682678635
4070,training,0.00029922378598712385,0.051522466354072094,0.005993879676669915,19.42041984453096,8.43147578878912,2.6728815767765384
4071,training,0.000417030300013721,0.02823064476251602,0.005993879676669915,19.384903379435787,8.449509070323304,2.6674934827939922
4072,training,0.0003345736477058381,0.0071144141256809235,0.005993879676669915,19.34943498400396,8.467885802508905,2.6603191423756187
4073,training,0.0005899773095734417,0.02723222225904464,0.005993879676669915,19.313904248926498,8.486488905248352,2.659314222662255
4074,training,0.0006165073718875647,0.04506142809987068,0.005993879676669915,19.278693066547497,8.504794559705037,2.6656817245457454
4075,training,0.0007411626866087317,0.07026534806936979,0.010384335555889674,19.243091219223558,8.523052233343176,2.666564947762121
4076,training,0.0012007690966129303,0.05672380141913891,0.010384335555889674,19.207505559906107,8.541413033308329,2.663950903230506
4077,training,0.0027713379822671413,0.0053177643567323685,0.010384335555889674,19.15438045610792,8.569095027737841,2.658212491083954
4078,training,0.004136873874813318,0.006582552567124367,0.010384335555889674,19.11891973988421,8.587673884385522,2.6613837446343256
4079,training,0.0047966367565095425,0.017273137345910076,0.010384335555889674,19.083594942721312,8.605983675206124,2.665325604382728
4080,training,0.0020510233007371426,0.0983334860065952,0.010384335555889674,19.047935143614886,8.62427377164933,2.670681643448935
4081,training,0.0040292032063007355,0.054646942764520645,0.016863745330754472,19.012407327175413,8.642271835472465,2.672494095967326
4082,training,0.0024961293675005436,0.02643663994967937,0.016863745330754472,18.976782388002675,8.660288872563703,2.675684551737877
4083,training,0.0018961613532155752,0.002925766631960869,0.016863745330754472,18.923113707463138,8.686994975587869,2.683217142691125
4084,training,0.0008886007708497345,0.05381336249411106,0.016863745330754472,18.887301983371643,8.704595920900312,2.6855888399648533
4085,training,0.0008802409865893424,0.043647877871990204,0.016863745330754472,18.851254657262825,8.722199431669532,2.690074687494481
4086,training,0.0004909309791401029,0.0007636523805558681,0.004863957443072736,18.81542095118728,8.739460294981956,2.6943111148003753
4087,training,0.0006859882269054651,0.006122657563537359,0.004863957443072736,18.77930658804767,8.756720131524071,2.6961331986759984
4088,training,0.001094152918085456,0.012103246524929997,0.004863957443072736,18.743209362246787,8.773936448471284,2.6972156969314383
4089,training,0.0014568984042853117,0.04383664205670357,0.004863957443072736,18.707197802051486,8.791002050109613,2.7011927307853205
4090,training,0.0018180866027250886,0.015361150726675994,0.004863957443072736,18.670867414894122,8.807969006560112,2.7108603833570113
4091,training,0.004618864506483078,0.012313773855566978,0.004863957443072736,18.634589870379823,8.8244130800892,2.719782983487737
4092,training,0.0015627460088580847,0.03317776694893837,0.006707109551588536,18.59811065791178,8.840787069060077,2.7188593758233006
4093,training,0.00275601539760828,0.001596213318407539,0.006707109551588536,18.561527871734143,8.857143353781503,2.7262150161891157
4094,training,0.0019507226534187794,0.0231664776802063,0.006707109551588536,18.52508695253888,8.87315363016748,2.7264015500604244
4095,training,0.0021488049533218145,0.02644207887351513,0.006707109551588536,18.506771918956833,8.88122147693544,2.7269922861888567
4096,training,0.002586273942142725,0.03770819306373596,0.006707109551588536,18.470030081956594,8.897308767871836,2.7335325558774697
4097,training,0.0024167043156921864,0.062443416565656655,0.006707109551588536,18.433484870537054,8.912968633057176,2.7383581930466234
4098,training,0.0009514291305094957,0.08677145093679428,0.006707109551588536,18.415094474330736,8.92077103336554,2.7424572122066357
4099,training,0.0015714068431407213,0.038414625683799386,0.011730654556664282,18.378081758602363,8.936219877875025,2.750304244184548
4100,training,0.0006393539370037615,0.06101160496473312,0.011730654556664282,18.34126827631673,8.95130438318702,2.7533718876061015
4101,training,0.0006458144052885473,0.06898250803351402,0.011730654556664282,18.304192912894056,8.966342731491181,2.7608215033605013
4102,training,0.0008499675313942134,0.057026881724596024,0.011730654556664282,18.267038136373984,8.981038188871967,2.7688597215566
4103,training,0.0006261980743147433,0.009245936118531972,0.011730654556664282,18.22988794700093,8.995390229501,2.7766831718943368
4104,training,0.0009919543517753482,0.012315468862652779,0.011730654556664282,18.192395498409674,9.009648367996865,2.7781779134746034
4105,training,0.0004725939652416855,0.04123662784695625,0.00490550567587393,18.15519865418158,9.023703362891188,2.782942660213709
4106,training,0.0005427175783552229,0.03069739416241645,0.00490550567587393,18.117750896775583,9.037564554029597,2.792225518907642
4107,training,0.002928109373897314,0.017680994234979153,0.00490550567587393,18.080138037758456,9.051093303735717,2.798881946486867
4108,training,0.0017787334509193897,0.026260747050400823,0.00490550567587393,18.04259539463204,9.064412640544429,2.8001830278027455
4109,training,0.0029446864500641823,0.09650749946013093,0.00490550567587393,18.00482787656884,9.077853449287943,2.7994424420737887
4110,training,0.0014619308058172464,0.08602499449625611,0.00490550567587393,17.967244894060716,9.091260854131795,2.79826890560458
4111,training,0.0013088600244373083,0.03705580160021782,0.011935795424427397,17.910734079839738,9.111405812749227,2.800231423281436
4112,training,0.0013904647203162313,0.01607710961252451,0.011935795424427397,17.8918625572197,9.118112563119837,2.7990434820504
4113,training,0.0005910283070988953,0.005196206271648407,0.011935795424427397,17.854313683244214,9.131552883269892,2.7968564722364437
4114,training,0.0006721126846969128,0.017717961221933365,0.011935795424427397,17.816620341874604,9.144998811715766,2.802807976424637
4115,training,0.0009498801082372665,0.03734276816248894,0.011935795424427397,17.778919528786624,9.158149666975412,2.808497801996143
4116,training,0.0003936633584089577,0.02311933971941471,0.011935795424427397,17.741225524028582,9.171173227337562,2.8071241214117926
4117,training,0.00026116048684343696,0.038130529690533876,0.011935795424427397,17.722292999927465,9.177759323209703,2.8077038555340263
4118,training,0.0007075561443343759,0.006891666445881128,0.009627274813207095,17.684529778505194,9.190761232338815,2.812478117852786
4119,training,0.0005758017068728805,0.011880176141858101,0.009627274813207095,17.6467853626167,9.203526299725672,2.8168138622233907
4120,training,0.0003774067445192486,0.014571549370884899,0.009627274813207095,17.60880472440615,9.216250975281133,2.819757874779009
4121,training,0.0006202863296493888,0.004394982010126114,0.009627274813207095,17.589887406409776,9.222550262262024,2.82047481803174
4122,training,0.0008311239071190357,0.0028523504734039307,0.009627274813207095,17.533029470627735,9.241211145242852,2.8295570848288474
4123,training,0.00028427864890545607,0.0033049434423446586,0.009627274813207095,17.49498491339581,9.253291432314398,2.8392708346392395
4124,training,0.0004207493911962956,0.011446453630924225,0.017000975916623483,17.475957105584264,9.259156414745563,2.845039419877716
4125,training,0.00024158720043487847,0.02146823331713677,0.017000975916623483,17.43776000767547,9.270574941076198,2.856735667569727
4126,training,0.0005703598726540804,0.02293696254491806,0.017000975916623483,17.38022212487873,9.286960875447027,2.8717165002767557
4127,training,0.0006638743216171861,0.04282619617879391,0.017000975916623483,17.341757015786996,9.297430658076848,2.8784009926058625
4128,training,0.0004566076095215976,0.00017919950187206268,0.017000975916623483,17.30330391634228,9.307683428828266,2.8840595901359807
4129,training,0.00037560550845228136,0.020722417160868645,0.017000975916623483,17.26465199582661,9.317746725009535,2.8886366955441525
4130,training,0.0005099266418255866,0.008704299107193947,0.017025763936022845,17.225944264021766,9.327628342852538,2.8949400799753584
4131,training,0.0002721603377722204,0.054451197385787964,0.017025763936022845,17.18726052102577,9.337279542188456,2.899155390924852
4132,training,0.0008734051370993257,0.022128185257315636,0.017025763936022845,17.148477389604693,9.34671803578365,2.9074921274666745
4133,training,0.0007517134072259068,0.04875622829422355,0.017025763936022845,17.109684739939226,9.35579554048724,2.914370549286375
4134,training,0.0004543517134152353,0.022232486167922616,0.017025763936022845,17.070706131135772,9.364673256330082,2.92118740791693
4135,training,0.0003651204169727862,0.01761956885457039,0.017025763936022845,17.012291933509374,9.377487045403857,2.925569394446673
4136,training,0.0003058943257201463,0.002107558771967888,0.005443193559112993,16.973202147970618,9.386087552624977,2.924551273393172
4137,training,0.00043228198774158955,0.02525371831143275,0.005443193559112993,16.934166551307406,9.394698579488454,2.923671575514441
4138,training,0.0003415468381717801,0.0012763235718011856,0.005443193559112993,16.8952749489703,9.40335040823389,2.9215638080572193
4139,training,0.001677514286711812,0.02333747921511531,0.005443193559112993,16.875723200765965,9.407735558503926,2.920290276020156
4140,training,0.0016355025582015514,0.032536229118704796,0.005443193559112993,16.81729140663371,9.420908348305224,2.9185520099043165
4141,training,0.0013206321746110916,0.02720419969409705,0.005443193559112993,16.778300413633623,9.429801909235547,2.9159176005678953
4142,training,0.0025619911029934883,0.00397501513361931,0.019102565610063453,16.758809069546146,9.434300450545463,2.9128114230844138
4143,training,0.0009545408538542688,0.01181103941053152,0.019102565610063453,16.700504583643248,9.4480648337231,2.906588123273497
4144,training,0.0027663460932672024,0.05717567354440689,0.019102565610063453,16.661599679956403,9.457353225934211,2.90836350135071
4145,training,0.002025384223088622,0.0026442697271704674,0.019102565610063453,16.6227094147075,9.466529896268883,2.910271441190195
4146,training,0.0008173804963007569,0.10445015877485275,0.019102565610063453,16.60335006263796,9.471093527697803,2.9093254603780374
4147,training,0.0015015482204034925,0.023386856773868203,0.019102565610063453,16.564400867778506,9.480352095803362,2.9051418997922416
4148,training,0.0004837771411985159,0.008137077558785677,0.05289054092859642,16.50620711651377,9.494499405637175,2.9018678682072054
4149,training,0.0006574720609933138,0.03710527252405882,0.05289054092859642,16.486789201116256,9.499241079318859,2.902228984101201
4150,training,0.000226608564844355,0.09091804921627045,0.05289054092859642,16.428518142883856,9.513339527155779,2.9067180241967514
4151,training,0.0002848617732524872,0.01096372865140438,0.05289054092859642,16.389726092544063,9.522626789982425,2.905593378408383
4152,training,0.0005380107322707772,0.030486680567264557,0.05289054092859642,16.35084260522965,9.531915985589608,2.909102470338483
4153,training,0.00024014082737267017,0.02700996957719326,0.04501717671104233,16.31200835167689,9.541054094632736,2.9100302463200065
4154,training,0.0008859473746269941,0.043407823424786336,0.04501717671104233,16.253645291862497,9.554881310959434,2.90757594531115
4155,training,0.0009698066860437393,0.007586182793602347,0.04501717671104233,16.234190058455244,9.559545437999777,2.9046917122647558
4156,training,0.0011343184160068631,0.032364712096750736,0.04501717671104233,16.195511396080104,9.569003720346577,2.8992193615104376
4157,training,0.0008056814549490809,0.03690922074019909,0.04501717671104233,16.176070863650953,9.573830345963726,2.896802233085069
4158,training,0.0005780614446848631,0.004357099533081055,0.04501717671104233,16.13729550546076,9.583606501997766,2.8925936201203095
4159,training,0.00041567132575437427,0.038331040646880865,0.04501717671104233,16.079371966005237,9.598344000673249,2.8943031427397687
4160,training,0.00019916050950996578,0.007866901345551016,0.015353197962515856,16.040619404927252,9.608124628148508,2.8938993840281864
4161,training,0.00019297239487059414,0.005094924941658974,0.015353197962515856,16.001933926198955,9.617867298101915,2.8955017564698533
4162,training,0.0005381858209148049,0.017013315111398697,0.015353197962515856,15.963136254764008,9.627548397160197,2.8987985961350224
4163,training,0.00045481621054932475,0.02513810433447361,0.015353197962515856,15.924343046159018,9.637072328210587,2.9005388017688136
4164,training,0.0006142925703898072,0.0002994528040289879,0.015353197962515856,15.885629782292021,9.646676076172737,2.896366498276315
4165,training,0.0005631860694848001,0.012394299264997244,0.009214398030706146,15.846819290530345,9.656402266645129,2.8969303904045933
4166,training,0.0004861614143010229,0.013031162321567535,0.009214398030706146,15.78871499229931,9.670809136685403,2.898599729332747
4167,training,0.0012713212054222822,0.05231286259368062,0.009214398030706146,15.749897799399626,9.68039298676705,2.9009097338018086
4168,training,0.0008942316053435206,0.00265365280210972,0.009214398030706146,15.7111113947724,9.689860834892203,2.901498382383914
4169,training,0.0005789746646769345,0.027132809162139893,0.009214398030706146,15.69174729995222,9.69460661700832,2.9011117470152272
4170,training,0.0006771877524442971,0.02768994215875864,0.009214398030706146,15.652905209292008,9.704078732497983,2.9048577814485927
4171,training,0.0005324811791069806,0.04552912712097168,0.009214398030706146,15.614042485773078,9.713351048912683,2.9057789587135114
4172,training,0.0003468075592536479,0.005132903344929218,0.02274484590457763,15.575217353750894,9.72288641203932,2.8957656274900585
4173,training,0.0009755365899764001,0.03947610594332218,0.02274484590457763,15.536444154398856,9.732727772906845,2.891907020984196
4174,training,0.0004456670139916241,0.020689768716692924,0.02274484590457763,15.497708412491322,9.742717762414532,2.882543488094225
4175,training,0.0009140673791989684,0.04746940894983709,0.02274484590457763,15.478356901816,9.747911149965748,2.8779466323218883
4176,training,0.0006486108177341521,0.07961016334593297,0.02274484590457763,15.439781113410772,9.758363730036043,2.8767020550394142
4177,training,0.0001107557473005727,0.04998757690191269,0.02274484590457763,15.400976856654706,9.768953876755443,2.868002289015378
4178,training,0.0008714947616681457,0.036644499748945236,0.048362649311526035,15.362460765632182,9.780212668687275,2.8474185243704127
4179,training,0.00025440988247282803,0.057857938110828386,0.048362649311526035,15.324197220065217,9.79215467927735,2.8308617753180894
4180,training,0.0005361998919397593,0.052259124815464006,0.048362649311526035,15.30508065530614,9.798377550756918,2.8228072139705813
4181,training,0.0003661572700366378,0.006001878529787064,0.048362649311526035,15.248375786061366,9.817883038120106,2.7988832972277096
4182,training,0.000270725111477077,0.019467484205961227,0.048362649311526035,15.210644087985429,9.831589907168683,2.7888309613235944
4183,training,0.00018176500452682376,0.005342971533536911,0.048362649311526035,15.173151295140595,9.845640353503207,2.776386319101331
4184,training,0.00020211568335071206,0.012851614505052567,0.04777973853127602,15.135885231768112,9.860140904622881,2.764705114484967
4185,training,0.00037904956843703985,0.024396192282438278,0.04777973853127602,15.098564951767402,9.87517618857898,2.7519148509487636
4186,training,0.000334177166223526,0.00862777419388295,0.04777973853127602,15.061762717933544,9.89057788157541,2.7387345152731135
4187,training,0.0007705853786319494,0.0209818109869957,0.04777973853127602,15.024963320768991,9.906510858911926,2.728223160434703
4188,training,0.0003693250473588705,0.017347175627946854,0.04777973853127602,14.988310081524505,9.922749257057717,2.7212996681906945
4189,training,0.0006523313350044191,0.016317425295710564,0.04777973853127602,14.933662577227201,9.94734541837108,2.718025662818607
4190,training,0.0017335549928247929,0.01402086578309536,0.0158386765718044,14.897144866551132,9.963838863402378,2.716601980518819
4191,training,0.0007781164022162557,0.019802045077085495,0.0158386765718044,14.860837078011848,9.98031657249445,2.713877010763874
4192,training,0.0005256278673186898,0.05582661903463304,0.0158386765718044,14.824338196088453,9.997067757570232,2.708048029807797
4193,training,0.0012635632883757353,0.16021357104182246,0.0158386765718044,14.806180196860566,10.00552190282304,2.7032175739689546
4194,training,0.00021135607676114887,0.07522006519138813,0.0158386765718044,14.770146341243796,10.02276148430131,2.682774720874176
4195,training,0.0002393408358329907,0.07407920993864536,0.0158386765718044,14.734246713437885,10.040993391901308,2.6639689676365945
4196,training,0.0001333959517069161,0.052810081746429205,0.010997047956214234,14.698840938579536,10.05958661521734,2.651468088597861
4197,training,0.0005181440501473844,0.07372716162353753,0.010997047956214234,14.663665216471841,10.078617244895632,2.6401727710150418
4198,training,0.00041619158582761884,0.08552687056362628,0.010997047956214234,14.628549681577752,10.098140929339518,2.62720403272735
4199,training,0.00034579364000819623,0.02346679568290711,0.010997047956214234,14.593897878596445,10.118121558361628,2.6075119805080003
4200,training,0.00018954870756715536,0.039818368852138505,0.010997047956214234,14.559513774784202,10.13885743162991,2.5919745892652637
4201,training,0.0004210667684674263,0.019314784556627274,0.010997047956214234,14.525528031205502,10.160013990203968,2.576424185100861
4202,training,0.0004777752619702369,0.011325933039188385,0.017335119823273865,14.491973111091408,10.181705948978252,2.5592008971658933
4203,training,0.0014603952877223492,0.011584166437387473,0.017335119823273865,14.458654449356633,10.203953439579832,2.5483663109737638
4204,training,0.0011945546139031649,0.024633154273033142,0.017335119823273865,14.425577018107694,10.226472424988593,2.5380111400003424
4205,training,0.0006617123144678771,0.013222351670265198,0.017335119823273865,14.409148525818843,10.237892111163122,2.530010023331907
4206,training,0.0011397873749956489,0.016689453274011612,0.017335119823273865,14.37651287801702,10.2611524622662,2.5150965764588094
4207,training,0.0002874796628020704,0.060713935643434525,0.017335119823273865,14.328163644060062,10.29680780734394,2.496829867867558
4208,training,0.00035499618388712406,0.017291195690631866,0.017335119823273865,14.296346067760158,10.320993689486883,2.4881470725507127
4209,training,0.0012411796487867832,0.04192034155130386,0.07057545764692548,14.264645943921611,10.345522550923658,2.4762984796713114
4210,training,0.0011986016761511564,0.005955316126346574,0.07057545764692548,14.24892765347284,10.35792517719035,2.470286834834789
4211,training,0.0006752787157893181,0.042679810896515846,0.07057545764692548,14.21786813611079,10.3829073915717,2.4566257688824984
4212,training,0.00044354278361424804,0.03312307223677635,0.07057545764692548,14.187013298358869,10.408486211856614,2.446105340293903
4213,training,0.0005301852943375707,0.001581639051437378,0.07057545764692548,14.141102978705263,10.44716890145394,2.435160261739495
4214,training,0.00017772824503481388,0.006260065361857414,0.07057545764692548,14.110771501645049,10.473285810658648,2.4252164989727425
4215,training,0.000654831063002348,0.012601085007190697,0.07057545764692548,14.080605107085542,10.499729454788536,2.4182182206289795
4216,training,0.0005907604936510324,0.01590014621615409,0.06510111005589451,14.06573611636424,10.512907797866891,2.413645437321382
4217,training,0.0006189044797793031,0.007276061922311783,0.06510111005589451,14.036009547095771,10.539645453630285,2.405161298837639
4218,training,0.0007212893106043339,0.02360113337635994,0.06510111005589451,13.991713345011807,10.580268068063138,2.3929169846756726
4219,training,0.000686406041495502,0.00198164861649275,0.06510111005589451,13.962560185677617,10.607602192969733,2.383333445582727
4220,training,0.0006898274878039956,0.035055166110396385,0.06510111005589451,13.933468078316228,10.635319128403436,2.378719188986533
4221,training,0.001072114217095077,0.026322361081838608,0.06510111005589451,13.904772832495858,10.66291345848636,2.371747148070459
4222,training,0.001287306658923626,0.0034125708043575287,0.06510111005589451,13.876107685007844,10.690955522306647,2.361684906288777
4223,training,0.002306775888428092,0.043043022975325584,0.03793820864210046,13.847715561069462,10.71922758057288,2.3566175257155257
4224,training,0.000864453031681478,0.04866991750895977,0.03793820864210046,13.833639885730094,10.733315695911218,2.354582441517262
4225,training,0.000665297731757164,0.10191758722066879,0.03793820864210046,13.805457536909989,10.761753485599954,2.3488560208522244
4226,training,0.0006691179005429149,0.040425535291433334,0.03793820864210046,13.777400671553005,10.790410587663974,2.3403119666607686
4227,training,0.000580742780584842,0.04926765896379948,0.03793820864210046,13.7498068815582,10.819206700626596,2.3326543764266736
4228,training,0.00027673051226884127,0.04604212008416653,0.03793820864210046,13.708341470077889,10.862761019038336,2.330592815753777
4229,training,0.0011808250565081835,0.006392287090420723,0.03793820864210046,13.680933371127292,10.891697088950712,2.3270602051222418
4230,training,0.0011723345378413796,0.0012971889227628743,0.014848452605172601,13.65342410443417,10.92085314197746,2.3284700826304663
4231,training,0.0013943052617833018,0.005244420841336254,0.014848452605172601,13.625939644776933,10.94979126610648,2.3328062740198074
4232,training,0.0010375701822340488,0.07191947661340237,0.014848452605172601,13.598328338025379,10.97858854090201,2.3376502974804994
4233,training,0.0007012466667219996,0.08726605726405978,0.014848452605172601,13.584393946176787,10.993019940647425,2.339891284528286
4234,training,0.0021776536013931036,0.07037413585931063,0.014848452605172601,13.556547655847343,11.021688925097425,2.3429935798474153
4235,training,0.0035016320180147886,0.04974719509482383,0.014848452605172601,13.528697905336978,11.050260770515262,2.3436381156583628
4236,training,0.0035969724413007498,0.05858013406395912,0.014848452605172601,13.500627370549319,11.078925203050193,2.3513024276530143
4237,training,0.003078822512179613,0.03312917798757553,0.011680005409209285,13.472502924605847,11.106991745417588,2.362714600816104
4238,training,0.001079735578969121,0.09561861865222454,0.011680005409209285,13.443914759123972,11.134859322421327,2.376273999885551
4239,training,0.002007549861446023,0.004318468272686005,0.011680005409209285,13.400473475062924,11.176044458917136,2.386478794292165
4240,training,0.00378214824013412,0.03717492148280144,0.011680005409209285,13.385916937749418,11.189685981949594,2.3923770020970845
4241,training,0.0015924049075692892,0.028868608176708208,0.011680005409209285,13.356380324527604,11.216686022308219,2.408465928093436
4242,training,0.005168745294213295,0.03451839089393614,0.011680005409209285,13.326629127394273,11.243103960664595,2.4248249086907174
4243,training,0.0051463088020682335,0.032930467277765274,0.011680005409209285,13.296351251142907,11.268911461718893,2.4469097125991994
4244,training,0.00284190964885056,0.11345641687512398,0.01412763429163271,13.265393485509282,11.294242126983868,2.462017886787904
4245,training,0.0011873729526996613,0.0703347697854042,0.01412763429163271,13.218710433652992,11.331571379874688,2.467542427689905
4246,training,0.0012490549124777317,0.03565364331007004,0.01412763429163271,13.203137647358254,11.343982644987776,2.4725108860955545
4247,training,0.0010774636175483465,0.004732981324195862,0.01412763429163271,13.171748050476193,11.368428288680727,2.489791265837121
4248,training,0.0016375790582969785,0.051395237445831285,0.01412763429163271,13.139881099712214,11.392050271619238,2.5198736127660037
4249,training,0.0014387533301487565,0.07944151014089584,0.01412763429163271,13.107180002395758,11.41474913081844,2.5466919655624185
4250,training,0.002032185671851039,0.03396648913621904,0.01412763429163271,13.0739207019645,11.436779998743358,2.5652979682165395
4251,training,0.001039506052620709,0.022096946835517897,0.03810723194604948,13.023476222599118,11.468513229322133,2.5950688250052227
4252,training,0.0020280475728213787,0.07084234431385994,0.03810723194604948,12.989153279355314,11.488883430105497,2.6175358942917466
4253,training,0.001148086041212082,0.052382297813892365,0.03810723194604948,12.971921239100986,11.498716485648115,2.6276659513457035
4254,training,0.0021491581574082375,0.032181523740291595,0.03810723194604948,12.937198077847919,11.518022456378251,2.639935698039056
4255,training,0.0037327262107282877,0.011030294001102448,0.03810723194604948,12.902026479576813,11.537016819143947,2.6533778395683
4256,training,0.001399704604409635,0.015922710299491882,0.03810723194604948,12.866666142642378,11.55544437519054,2.670099523660696
4257,training,0.0016808463260531425,0.06886589899659157,0.045547744636025726,12.831085579300868,11.57319464312339,2.6867169743900603
4258,training,0.001463453285396099,0.055794529616832726,0.045547744636025726,12.794962558666565,11.590558132724462,2.6988477779048403
4259,training,0.0025124112144112587,0.02927815169095993,0.045547744636025726,12.75896237753147,11.607436174162535,2.708526461305043
4260,training,0.0013439886970445514,0.0066570788621902605,0.045547744636025726,12.722621945066168,11.623954046403327,2.7217029680139926
4261,training,0.0003492731775622815,0.01205289363861084,0.045547744636025726,12.685986040860817,11.640020999759049,2.736052765536505
4262,training,0.0002429206797387451,0.0378471240401268,0.045547744636025726,12.64937067679944,11.655393396574787,2.7521546480893337
4263,training,0.0007222614949569106,0.0071408189833164284,0.021608537852200866,12.612233127234427,11.670302623501184,2.7675988721320945
4264,training,0.000550980563275516,0.042342258617281914,0.021608537852200866,12.575055010911175,11.684660577936794,2.7766569423467664
4265,training,0.0006766828591935337,0.029855936765670776,0.021608537852200866,12.537724000717567,11.698778604987378,2.7829319602693077
4266,training,0.0004321433661971241,0.039031516760587685,0.021608537852200866,12.50021907484645,11.71269838899379,2.7904943739901147
4267,training,0.00027767132269218564,0.0561608262360096,0.021608537852200866,12.462790240992327,11.726180211100317,2.8009082828649623
4268,training,0.00040698613156564534,0.019680418074131012,0.021608537852200866,12.425023980969199,11.739374836827512,2.8081065022154372
4269,training,0.0007544242544099689,0.001149836927652359,0.015980616061730013,12.387330429166024,11.752365436292251,2.8121781628535873
4270,training,0.0016660492401570082,0.016069818288087838,0.015980616061730013,12.349567758038482,11.765116826378728,2.8188611416974076
4271,training,0.0009433970553800464,0.022924870252609253,0.015980616061730013,12.292650478586964,11.783835814843801,2.8299719605742286
4272,training,0.0003217975900042802,0.03181426413357258,0.015980616061730013,12.273731356892903,11.78988678632132,2.833194439196551
4273,training,0.0003835815587081015,0.06231961399316788,0.015980616061730013,12.235617003931823,11.80191175597322,2.83895963127803
4274,training,0.000602297717705369,0.020416345447301865,0.015980616061730013,12.178403725971041,11.819696817528511,2.83981994841347
4275,training,0.00028182388632558286,0.009853232651948929,0.028688519996246203,12.140237699596167,11.83147614691654,2.8458810440019127
4276,training,0.0005132003570906818,0.022183068096637726,0.028688519996246203,12.102074516875842,11.842963964962317,2.853364698144467
4277,training,0.0006673565367236733,0.033861575182527304,0.028688519996246203,12.063822350108305,11.854085070975154,2.862331860298353
4278,training,0.0007679628906771541,0.020506197586655617,0.028688519996246203,12.025380197863306,11.86498734950689,2.8654514765737598
4279,training,0.00040451367385685444,0.007619126699864864,0.028688519996246203,11.986936623562993,11.875919108136328,2.8638073478394075
4280,training,0.00018063369498122483,0.02831593155860901,0.028688519996246203,11.948528551400202,11.886828574898837,2.866493014370399
4281,training,0.0008461811230517924,0.005793128162622448,0.02274874957613687,11.929283972398524,11.89222710402942,2.869156278603462
4282,training,0.0002365854597883299,0.007339511066675186,0.02274874957613687,11.890839235618834,11.902896304054348,2.872407647212031
4283,training,0.0004096082120668143,0.012357989326119423,0.02274874957613687,11.85235420739688,11.913376767005282,2.8808334766439097
4284,training,0.0006498509319499135,0.014203537255525589,0.02274874957613687,11.813772399128789,11.9234469203137,2.889852661242976
4285,training,0.0007885818486101925,0.011862159706652163,0.02274874957613687,11.775045784458452,11.933264021585948,2.896902200889796
4286,training,0.0001963570830412209,0.027412948198616505,0.02274874957613687,11.73626837742092,11.94279912460453,2.9023843738532924
4287,training,0.0005820728838443756,0.07140402961522341,0.02238664049258548,11.697518007687679,11.95223081233078,2.903023365057576
4288,training,0.0003691824385896325,0.004083184525370598,0.02238664049258548,11.658685216272831,11.961648236757629,2.9036571230639456
4289,training,0.00028966489480808377,0.0011698585003614426,0.02238664049258548,11.619904687341634,11.971039795521053,2.9038778733783133
4290,training,0.001969060394912958,0.03390983212739229,0.02238664049258548,11.581015857975208,11.980431263048574,2.905730337655715
4291,training,0.0010147287975996733,0.01975225657224655,0.02238664049258548,11.522807974179896,11.994356203119573,2.9048666744700653
4292,training,0.0007996478234417737,0.03554413467645645,0.02238664049258548,11.483919670866744,12.003726903259675,2.9063758768764454
4293,training,0.0007569810841232538,0.0701491478830576,0.006541742293339305,11.42570747641073,12.017377480107697,2.916334902536466
4294,training,0.0007722210139036179,0.07596931606531143,0.006541742293339305,11.406235894932578,12.021818997171485,2.9162508651948076
4295,training,0.0008986456086859107,0.007869577035307884,0.006541742293339305,11.36721199108272,12.030946800531684,2.9075581088482565
4296,training,0.0004915522877126932,0.02561824396252632,0.006541742293339305,11.328368113895017,12.04028835997876,2.90474444188833
4297,training,0.000517737353220582,0.012942211702466011,0.006541742293339305,11.289534173112418,12.04968560769505,2.9034913921458743
4298,training,0.0013502448564395308,0.0060849799774587154,0.006541742293339305,11.250659507943917,12.059064905423817,2.907302815764345
4299,training,0.0010600215755403042,0.09078111872076988,0.010186849427440513,11.211900430297458,12.06827539541744,2.9073091055982845
4300,training,0.000602334039285779,0.07718106731772423,0.010186849427440513,11.172957179363213,12.07763697778395,2.9023635095866487
4301,training,0.0014648453798145056,0.06528988666832447,0.010186849427440513,11.13411266510977,12.087217981244672,2.8971180819562656
4302,training,0.0009450166835449636,0.03238207520917058,0.010186849427440513,11.095419991549042,12.09699888411914,2.8909641611276506
4303,training,0.002097315853461623,0.012859700247645382,0.010186849427440513,11.076033612209708,12.101978629742316,2.8896001962480184
4304,training,0.0018569410312920809,0.035910699516534805,0.010186849427440513,11.03733429448732,12.1119194739343,2.8916031541475755
4305,training,0.003632048610597849,0.00795755535364151,0.01637533900902923,10.979314404911072,12.126563631477218,2.897744198628724
4306,training,0.0018223065417259932,0.02531969733536243,0.01637533900902923,10.95994702075437,12.1313446204601,2.9014237988387115
4307,training,0.0022490182891488075,0.04083613771945238,0.01637533900902923,10.92112948612909,12.14072882758296,2.903962349972276
4308,training,0.0012866925681009889,0.03717756271362305,0.01637533900902923,10.882232080527933,12.150242474561601,2.89976088278816
4309,training,0.0019250590121373534,0.013881027698516846,0.01637533900902923,10.843425721351236,12.159835762559862,2.8991985153494464
4310,training,0.0007430007681250572,0.020673595368862152,0.01637533900902923,10.804846396582327,12.169328630953675,2.902973808806202
4311,training,0.0006316994549706578,0.008318349719047546,0.02206391138704198,10.765947735617573,12.178634162148262,2.909031367721535
4312,training,0.0002878998056985438,0.012999653816223145,0.02206391138704198,10.727103336456615,12.187736681171453,2.913148715731682
4313,training,0.0019835394341498613,0.004599336534738541,0.02206391138704198,10.668708813865328,12.201128352137086,2.9201545292249973
4314,training,0.00024123651382979006,0.024827672634273767,0.02206391138704198,10.629760855656878,12.209787118522923,2.924573371561823
4315,training,0.001135673257522285,0.012919420376420021,0.02206391138704198,10.6103443369943,12.214063354181446,2.924261014127795
4316,training,0.0014973276993259788,0.01563386432826519,0.02206391138704198,10.551740546593493,12.22704044821738,2.9238158547067012
4317,training,0.0008764455560594797,0.01876776572316885,0.011009919873076415,10.532233571973766,12.231347493622678,2.9242075185445424
4318,training,0.00015537967556156218,0.005290541797876358,0.011009919873076415,10.473752907806253,12.244273100796132,2.925019929022029
4319,training,0.0002344868698855862,0.00236666202545166,0.011009919873076415,10.434725987452675,12.252732216388575,2.93175825923987
4320,training,0.001224716193974018,0.002585137262940407,0.011009919873076415,10.395761897073417,12.260932751301437,2.936140842647655
4321,training,0.000501584610901773,0.03018001513555646,0.011009919873076415,10.376150892132245,12.264998197211355,2.9382911441460595
4322,training,0.00036566401831805706,0.023251147707924247,0.011009919873076415,10.317530964187734,12.276796405566099,2.947060175707453
4323,training,0.005042998120188713,0.004915535449981696,0.006113637134738457,10.278283747640309,12.284496916024244,2.947335750436014
4324,training,0.00033858470851555467,0.03174794651567936,0.006113637134738457,10.258610984971693,12.288333901134028,2.951609455723936
4325,training,0.0014840679941698909,0.004050206393003457,0.006113637134738457,10.21951464912347,12.29563334750565,2.9607584092294044
4326,training,0.00031577417394146323,0.040549375116825104,0.006113637134738457,10.180211961031686,12.30267042727095,2.9681248662681456
4327,training,0.00043274270137771964,0.02744310535490513,0.006113637134738457,10.121148644205036,12.312512091969744,2.987186566247604
4328,training,0.0013786759227514267,0.005883004516363144,0.006113637134738457,10.101482809878938,12.315503415762874,2.993213051467124
4329,training,0.0003320006071589887,0.003728248178958893,0.01203071898435313,10.061861605640575,12.321235429411868,3.0029165355842946
4330,training,0.0012046323390677571,0.01631407812237739,0.01203071898435313,10.022331710501742,12.326547818796772,3.012071780898285
4331,training,0.0008943493012338877,0.018205368891358382,0.01203071898435313,9.982775789535303,12.331549569358186,3.0197434300044845
4332,training,0.000713150599040091,0.015696585178375244,0.01203071898435313,9.942939737506732,12.336270712043213,3.027599710869652
4333,training,0.0007101789815351367,0.023262263915967196,0.01203071898435313,9.903423937115914,12.34064593749619,3.0349409413290127
4334,training,0.000995394540950656,0.08588066510856152,0.01203071898435313,9.86362102842102,12.344800065427576,3.038026740950711
4335,training,0.001345053780823946,0.04850151247228496,0.014824777269531825,9.823799212175588,12.348953614862507,3.0367384294833686
4336,training,0.0018717541825026274,0.10133285075426102,0.014824777269531825,9.78413373206755,12.353156601949959,3.035507833859991
4337,training,0.0011358996853232384,0.11456073075532913,0.014824777269531825,9.744230876232127,12.35737770000068,3.038245575971732
4338,training,0.0008342366199940443,0.10005451366305351,0.014824777269531825,9.684698902865206,12.363673398309222,3.0294516671360365
4339,training,0.001164367189630866,0.09369924664497375,0.014824777269531825,9.644784378705031,12.368355428211087,3.0203832613667165
4340,training,0.0015607941895723343,0.11864243820309639,0.014824777269531825,9.605174185706145,12.373306103342827,3.0140321251896056
4341,training,0.0017283036140725017,0.13587036728858948,0.008200001294917488,9.565521302623608,12.378515158964193,3.007540005466403
4342,training,0.0011561901774257421,0.08319965749979019,0.008200001294917488,9.525720887626562,12.38402942643549,2.999118049876146
4343,training,0.0014938495587557554,0.07801530510187149,0.008200001294917488,9.486660963787092,12.38964933374162,3.0075670084930333
4344,training,0.0003250750305596739,0.07124907523393631,0.008200001294917488,9.4470934551105,12.394394575867526,3.037184243559926
4345,training,0.0003685298142954707,0.027008056640625,0.008200001294917488,9.40743472890913,12.397985618465396,3.0658924460376644
4346,training,0.00089927768567577,0.06599976867437363,0.008200001294917488,9.367819299889995,12.400445536629958,3.091774453091321
4347,training,0.001091520651243627,0.055145237594842925,0.0540046781496501,9.327854980043037,12.402003830679481,3.113489743436795
4348,training,0.0007865916704759002,0.04534517601132393,0.0540046781496501,9.288129691512642,12.402737584480514,3.1316959152588346
4349,training,0.0006310652825050056,0.03776906616985798,0.0540046781496501,9.248216272650009,12.40281531881953,-3.135966921560942
4350,training,0.0007337872521020472,0.026992684230208397,0.0540046781496501,9.228234385683725,12.40264668028491,-3.1305426572727026
4351,training,0.0004483699449338019,0.03046052623540163,0.0540046781496501,9.168489116518591,12.401534890519486,-3.1154898940424953
4352,training,0.0002409151493338868,0.02068832516670227,0.0540046781496501,9.128483841545668,12.400307276355141,-3.1066357359067664
4353,training,0.00026213121600449085,0.01806462276726961,0.05351013049280593,9.108521440099095,12.39958525403067,-3.1044649481719855
4354,training,0.0005164230824448168,0.0012172013521194423,0.05351013049280593,9.048777630526205,12.397079228255127,-3.094733870121035
4355,training,0.0002381122176302597,0.05718860914930702,0.05351013049280593,9.028777699518207,12.396110086820197,-3.0921060470983615
4356,training,0.0002891008334700018,0.02130059478804469,0.05351013049280593,8.988920730511209,12.39403533632944,-3.085702033468953
4357,training,0.00031856540590524673,0.03528755414299667,0.05351013049280593,8.94913508127924,12.391640022050197,-3.0798338179661244
4358,training,0.0009963385527953506,0.04667827673256397,0.05351013049280593,8.909286434022269,12.389117985384845,-3.076167897624281
4359,training,0.00045985495671629906,0.03175043035298586,0.04164438242500563,8.869518928543881,12.386389444902978,-3.0703579185518843
4360,training,0.00036753853783011436,0.011004099622368813,0.04164438242500563,8.82965481932539,12.383431712751278,-3.0656385335713945
4361,training,0.000635618984233588,0.005927616730332375,0.04164438242500563,8.769936648565107,12.378862874254638,-3.0650532025557706
4362,training,0.00062415876891464,0.049747951328754425,0.04164438242500563,8.750019833573136,12.377331570843582,-3.065229379846287
4363,training,0.0010499735362827778,0.013422071700915694,0.04164438242500563,8.710088155061262,12.374316882423498,-3.06829362537543
4364,training,0.00021653668954968452,0.02782295923680067,0.04164438242500563,8.650327810438817,12.370082080962728,-3.07229771873906
4365,training,0.0010149689624086022,0.014250364154577255,0.02840118935182398,8.630339380318247,12.3687040465326,-3.0734257138908427
4366,training,0.0007419832400046289,0.04284267034381628,0.02840118935182398,8.570480474769655,12.364851412336925,-3.082026686071285
4367,training,0.000803217408247292,0.0030214339494705235,0.02840118935182398,8.530533344587385,12.362571182449562,-3.0872687069889904
4368,training,0.0010366910137236118,0.011549966409802433,0.02840118935182398,8.490538210542416,12.360490617946457,-3.0922216698478224
4369,training,0.0008925845613703132,0.004519473761320112,0.02840118935182398,8.470625638290333,12.359525848712344,-3.0940689386719433
4370,training,0.0015143922064453363,0.006359990686178207,0.02840118935182398,8.430714400597134,12.357678296320831,-3.096534441159944
4371,training,0.0017686132341623306,0.004998462274670601,0.020965410385906682,8.370725483786392,12.355106154551745,-3.101556124542474
4372,training,0.0006182760698720813,0.0006809253245592117,0.020965410385906682,8.33084090685395,12.353540354786944,-3.103567203121688
4373,training,0.0013454067520797253,0.007087487727403641,0.020965410385906682,8.290776519835445,12.352070838755296,-3.1072222510409433
4374,training,0.0009618792100809515,0.016903793439269066,0.020965410385906682,8.250918836083194,12.35077881811832,-3.110880286462234
4375,training,0.0009527442744001746,0.0014654337428510198,0.020965410385906682,8.230933699459616,12.350177501916832,-3.1122017305397875
4376,training,0.0008187221828848124,0.014794614166021349,0.01883438385232752,8.170865857110144,12.348512609543569,-3.1157640423403143
4377,training,0.0003945086500607431,0.0030586067587137222,0.01883438385232752,8.131029616007659,12.347498885062327,-3.1174038817511023
4378,training,0.0009249321883544326,0.0020010778680443746,0.01883438385232752,8.070916394750533,12.346188417304472,-3.1232146829880922
4379,training,0.0007522694650106132,0.0032828375697135925,0.01883438385232752,8.051019379103643,12.345826851887525,-3.124049606854075
4380,training,0.0009759026579558849,0.014391158241778612,0.01883438385232752,8.011026542189375,12.345148426394621,-3.1253296611968957
4381,training,0.0023954673670232296,0.02585811261087656,0.01883438385232752,7.951057435398893,12.344275955569879,-3.1291204370113324
4382,training,0.006161019206047058,0.00046128034591674805,0.019208309599392074,7.911083189815987,12.343812587344855,-3.13111722582454
4383,training,0.005564449820667505,0.02837781608104705,0.019208309599392074,7.871177123834598,12.343373154701931,-3.1280668759259576
4384,training,0.0023528889287263155,0.02925099804997444,0.019208309599392074,7.831346792643589,12.34264678893088,-3.1188343113986496
4385,training,0.0011235658312216401,0.048674650490283966,0.019208309599392074,7.77138914866079,12.34087858623789,-3.1062531837245584
4386,training,0.001042685005813837,0.02477976493537426,0.019208309599392074,7.751451588312782,12.34015053796887,-3.1044877568986764
4387,training,0.0013140472583472729,0.025067290291190147,0.01899856061009853,7.711639846938678,12.338565034360336,-3.09925586461647
4388,training,0.0012232320150360465,0.012678105384111404,0.01899856061009853,7.671649592334086,12.336779911407392,-3.09552157697528
4389,training,0.0009538593585602939,0.03319018706679344,0.01899856061009853,7.6516898204094375,12.33584839131078,-3.0943696907584655
4390,training,0.0005776354810222983,0.04377705371007323,0.01899856061009853,7.611892449040074,12.333893844883677,-3.091955126960684
4391,training,0.0005082427524030209,0.03597810119390488,0.01899856061009853,7.571883506754794,12.331892669133717,-3.092095186747795
4392,training,0.0010146386921405792,0.008535731118172407,0.01899856061009853,7.532032257276962,12.329934185036276,-3.092419858412069
4393,training,0.0012228854466229677,0.01646114932373166,0.01899856061009853,7.492096140988331,12.32794742857251,-3.0916352564335714
4394,training,0.0005775187746621668,0.0060913753695786,0.010502839717353744,7.452109842838759,12.325959684033336,-3.093040754580207
4395,training,0.0007660179981030524,0.025256783235818148,0.010502839717353744,7.412295665695265,12.324023449735718,-3.0930377029286626
4396,training,0.0004898915649391711,0.04478049278259277,0.010502839717353744,7.3923012056904875,12.32304754507347,-3.0925787693133917
4397,training,0.000754275475628674,0.011517051607370377,0.010502839717353744,7.352314158142236,12.32107274005834,-3.0927668456495803
4398,training,0.0003048698417842388,0.02937771985307336,0.010502839717353744,7.312504550374028,12.31911498248726,-3.092115129207996
4399,training,0.00024391853366978467,0.025057579390704632,0.010502839717353744,7.272505408711437,12.31711524221598,-3.0917558291801237
4400,training,0.00038905508699826896,0.010164331179112196,0.01005195655603695,7.212696875182308,12.314200803384477,-3.0939569699502343
4401,training,0.0004057327168993652,0.015280033461749554,0.01005195655603695,7.192723372098426,12.313249728543788,-3.094182131680144
4402,training,0.00036782072857022285,0.019819096662104126,0.01005195655603695,7.152686440325288,12.311363220242031,-3.095929229654228
4403,training,0.0007655465742573142,0.03869808558374643,0.01005195655603695,7.092883731344874,12.308780434942232,-3.1011774507634513
4404,training,0.0012601313646882772,0.018848078325390812,0.01005195655603695,7.052823842796232,12.30720673405206,-3.103675015391505
4405,training,0.004288676660507917,0.009720323607325554,0.01005195655603695,7.012948765450363,12.30575346155057,-3.106794175784739
4406,training,0.004440175835043192,0.0016754232347011549,0.005896886930251175,6.972951564274432,12.304400801963016,-3.108493611499704
4407,training,0.003443710971623659,0.047232797369360924,0.005896886930251175,6.932903412999474,12.303122958823412,-3.1115189836372505
4408,training,0.0019198835361748934,0.03164683282375336,0.005896886930251175,6.893071294799519,12.30194918857937,-3.113064265426407
4409,training,0.0023807105608284473,0.009881773963570595,0.005896886930251175,6.852983044113001,12.300834864056224,-3.114952714508948
4410,training,0.0012032294180244207,0.027073669247329235,0.005896886930251175,6.81308605036434,12.299848630704552,-3.118627276378416
4411,training,0.0014684256166219711,0.07380836829543114,0.00572795260533079,6.793140329704877,12.299398732226612,-3.1195090124014544
4412,training,0.0012007573386654258,0.0684104673564434,0.00572795260533079,6.75309554525619,12.298495885936683,-3.116226859904504
4413,training,0.0012107201619073749,0.036469380371272564,0.00572795260533079,6.713254285717393,12.297343161469964,-3.1093346291099517
4414,training,0.004086764995008707,0.031916240230202675,0.00572795260533079,6.673392613798137,12.295914816240572,-3.1027427825979146
4415,training,0.0018135528080165386,0.026897357776761055,0.00572795260533079,6.633394845759306,12.294263606599221,-3.098715164609904
4416,training,0.0006829900667071342,0.06672819890081882,0.00572795260533079,6.593598328107121,12.292471911466857,-3.094197380386978
4417,training,0.0014927589800208807,0.04692331328988075,0.003999428738582551,6.5336860912053245,12.28940889613169,-3.0877580069410846
4418,training,0.0007052778964862227,0.09884429723024368,0.003999428738582551,6.493866761499822,12.287236880751209,-3.086855114911596
4419,training,0.0018851622007787228,0.024784037843346596,0.003999428738582551,6.453960829121152,12.284990348784602,-3.0811376489273905
4420,training,0.002444474259391427,0.05535264965146781,0.003999428738582551,6.414103223259761,12.2823805937519,-3.0717773786095557
4421,training,0.000834098958875984,0.0605187714099884,0.003999428738582551,6.3744254227198045,12.279392395338736,-3.0614722910670045
4422,training,0.00201032985933125,0.003366507589817047,0.003999428738582551,6.334662857425077,12.275922673446205,-3.0473499363494154
4423,training,0.0002834558836184442,0.00371701642870903,0.010685488861023076,6.3148000905098804,12.273992647274289,-3.041975955758148
4424,training,0.001254156930372119,0.0016165301203727722,0.010685488861023076,6.275183440333704,12.269788236248234,-3.0294859839538035
4425,training,0.0006078025326132774,0.0185360312461853,0.010685488861023076,6.235542592058061,12.265069628188108,-3.018293707649813
4426,training,0.001045473851263523,0.004956698045134548,0.010685488861023076,6.195886348272608,12.260027938732852,-3.012857424075536
4427,training,0.000585411034990102,0.011469192802906036,0.010685488861023076,6.156355120865433,12.254792135545916,-3.0069672179362814
4428,training,0.00033276801696047187,0.029464010149240487,0.010685488861023076,6.116805561563974,12.249354093038718,-3.0049524082534975
4429,training,0.0003210302093066275,0.0006123539060354267,0.023112326304512543,6.077236237414151,12.243845310409272,-2.9984310029210066
4430,training,0.0007719657733105123,0.004249585792422295,0.023112326304512543,6.018085451674463,12.234905439185141,-2.987303830193331
4431,training,0.00035324227064847946,0.004448321647942066,0.023112326304512543,5.978560341272918,12.228664916386437,-2.9824944136635114
4432,training,0.0005932369385845959,0.0035765902139246472,0.023112326304512543,5.919556680949026,12.218948557077768,-2.9762775343905497
4433,training,0.0003621559590101242,0.0049637696938589215,0.023112326304512543,5.899812436201057,12.215657678029492,-2.976958992451643
4434,training,0.0011663571931421757,0.04115586588159204,0.023112326304512543,5.860375364321709,12.209111262867715,-2.976692146335285
4435,training,0.0003041827294509858,0.04897076077759267,0.03761934403957064,5.80144488198387,12.199117090380769,-2.9688403449115044
4436,training,0.0005319910123944283,0.02778516942635178,0.03761934403957064,5.781729859773749,12.195623053095645,-2.963163839351011
4437,training,0.0004751274245791137,0.047735441476106644,0.03761934403957064,5.742556434352917,12.18829280363788,-2.951706379597086
4438,training,0.0012034615501761436,0.026345370337367058,0.03761934403957064,5.703397613985242,12.180686026981776,-2.949691328955318
4439,training,0.0004558248328976333,0.044912224635481834,0.03761934403957064,5.664085797379933,12.173066329159443,-2.950613353566298
4440,training,0.00037093990249559283,0.007616741582751271,0.03761934403957064,5.6249028483802235,12.165511857315996,-2.9528622434822567
4441,training,0.00046753036440350115,0.011706670746207237,0.01567122657525784,5.585545699874093,12.158088096951738,-2.958150416951431
4442,training,0.0010810208041220903,0.038089703768491745,0.01567122657525784,5.546210719988153,12.150877092641656,-2.962260806845639
4443,training,0.00036234743311069906,0.024188465438783165,0.01567122657525784,5.487147604551316,12.140432969261322,-2.971504277714182
4444,training,0.000357747107045725,0.002451585605740547,0.01567122657525784,5.46740168083537,12.137058028660224,-2.9713055632150898
4445,training,0.00022134727623779327,0.024296309798955917,0.01567122657525784,5.408540721839046,12.126633213825352,-2.9623351029363523
4446,training,0.0006532825063914061,0.008875961881130934,0.01567122657525784,5.388840074972158,12.123065729887864,-2.9631282649383555
4447,training,0.00046822597505524755,0.04081438574939966,0.008611272972590147,5.349492547347026,12.115981929410568,-2.963218267929205
4448,training,0.0005736847524531186,0.04753422923386097,0.008611272972590147,5.310211356604011,12.108914799224474,-2.965000499013325
4449,training,0.0004182187549304217,0.06077222712337971,0.008611272972590147,5.270737921219202,12.101943228798064,-2.9690471931299625
4450,training,0.0005554412491619587,0.06344631686806679,0.008611272972590147,5.231395281012127,12.095131080123684,-2.9719502778942024
4451,training,0.00023715947463642806,0.0585038885474205,0.008611272972590147,5.211729893690524,12.09178659542139,-2.9748896439915806
4452,training,0.0005644187331199646,0.06838841736316681,0.008611272972590147,5.172178749851431,12.085268318784543,-2.9815947691297913
4453,training,0.0002904183347709477,0.03530274657532573,0.014355818196158098,5.132714352005769,12.07900199612636,-2.9874861752871342
4454,training,0.0006225709803402424,0.041874846676364534,0.014355818196158098,5.093170864710547,12.073032978609715,-2.9966234155458213
4455,training,0.0010768984211608768,0.018622987437993288,0.014355818196158098,5.033713640375849,12.064710224001006,-3.007579765196844
4456,training,0.0004547839052975178,0.0008754348382353783,0.014355818196158098,4.994155069331455,12.05945738132929,-3.0109816360263717
4457,training,0.0006002894951961935,0.021320446394383907,0.014355818196158098,4.95453983443845,12.054253147935025,-3.009329355482278
4458,training,0.0005435727071017027,0.03975092573091388,0.014355818196158098,4.934750765751824,12.051597835441363,-3.007127567426887
4459,training,0.0003560039622243494,0.024147164076566696,0.014323728575422684,4.875450994647619,12.043338276361983,-2.997676743627318
4460,training,0.0008186671184375882,0.0011163465678691864,0.014323728575422684,4.855690187312856,12.040426979739534,-2.9935910581910026
4461,training,0.00040538382017984986,0.02988661453127861,0.014323728575422684,4.8162918452639865,12.034372568948944,-2.9852263736247453
4462,training,0.0005483225686475635,0.047998592257499695,0.014323728575422684,4.757198115805011,12.024608905128135,-2.968660782985443
4463,training,0.0006644388195127249,0.012183330953121192,0.014323728575422684,4.737645589864199,12.021120325322382,-2.9622424955405426
4464,training,0.0005250865942798555,0.04969406872987747,0.014323728575422684,4.678833737175688,12.010297081098086,-2.9547914004896505
4465,training,0.0006334958015941083,0.04760105162858963,0.008690237771450615,4.659165453621161,12.006531390291237,-2.9487857600179415
4466,training,0.00022875654394738376,0.05951077118515967,0.008690237771450615,4.620164923553267,11.998538018730276,-2.9284146388894845
4467,training,0.0010607746662572026,0.05162320286035538,0.008690237771450615,4.581422434287639,11.989720700998236,-2.9082720407327285
4468,training,0.0009648359264247119,0.026122152805328383,0.008690237771450615,4.523401825759466,11.974952779816677,-2.873806203584133
4469,training,0.0005533364601433277,0.020785130560398116,0.008690237771450615,4.4852244175237574,11.964051838301367,-2.854188294787777
4470,training,0.0006974529242143035,0.007143773138523102,0.008690237771450615,4.4469483456959855,11.952348349855091,-2.8345764214535305
4471,training,0.0011304905638098717,0.0027569159865379333,0.03981911628433225,4.427960605873707,11.94624463727839,-2.825866256245568
4472,training,0.0012402147985994816,0.009382069110870361,0.03981911628433225,4.390313063572491,11.933605558369658,-2.8109775854016514
4473,training,0.00019477838941384107,0.010878145694732666,0.03981911628433225,4.352565879549043,11.920337943063375,-2.793771807663094
4474,training,0.000648158835247159,0.011572726070880904,0.03981911628433225,4.296880005053659,11.899157930206211,-2.7613415867871365
4475,training,0.0006513663101941347,0.00918582826852797,0.03981911628433225,4.2599426467718375,11.883957983477513,-2.742781577387864
4476,training,0.0013439320027828217,0.012182559818029404,0.03981911628433225,4.2233974511228,11.868190361655397,-2.7246285243634216
4477,training,0.0008221146417781711,0.04202670231461525,0.0658635525323061,4.1871644895522255,11.851781486543222,-2.7099645284005343
4478,training,0.0016322779702022672,0.02664201706647873,0.0658635525323061,4.1510848770544,11.834802754990863,-2.6928704469231657
4479,training,0.0012266973499208689,0.05396023765206337,0.0658635525323061,4.115340461687555,11.817227734959621,-2.677397599499968
4480,training,0.001126579474657774,0.045281775295734406,0.0658635525323061,4.097569828288202,11.808238226971385,-2.6687884051871795
4481,training,0.0009643888333812356,0.038830172270536416,0.0658635525323061,4.044572767541909,11.78041281170719,-2.649271791781161
4482,training,0.0017943688435479999,0.08269633725285529,0.0658635525323061,4.02702149370225,11.770923399514237,-2.6435134424919733
4483,training,0.0005270717665553093,0.029137577861547484,0.06325264359274488,3.9922136627454803,11.751632823622057,-2.6257295430262704
4484,training,0.0009154505678452551,0.010548003017902374,0.06325264359274488,3.9577401614041094,11.731702688290532,-2.6107651507319556
4485,training,0.0013187178410589695,0.03902447968721389,0.06325264359274488,3.906473662213683,11.700986531693278,-2.594767587503847
4486,training,0.0009991900296881795,0.09143816865980627,0.06325264359274488,3.8895357718203076,11.690622208228124,-2.590288350745053
4487,training,0.00019239379616919905,0.09009508974850179,0.06325264359274488,3.855594526474644,11.66951023076842,-2.5784407159565084
4488,training,0.0006196845206432045,0.07606201432645321,0.06325264359274488,3.805524460702513,11.637017856603908,-2.55389621443508
4489,training,0.0006858634296804667,0.034626225009560585,0.048338335640761544,3.7724270946091196,11.614649319607617,-2.541750666641891
4490,training,0.0006731824832968414,0.047488179057836526,0.048338335640761544,3.739591272579914,11.591948294966077,-2.532520090608596
4491,training,0.0005861517274752259,0.05390924960374832,0.048338335640761544,3.7069928318528427,11.56907833307982,-2.5268953578200977
4492,training,0.00046464643673971295,0.0400511184707284,0.048338335640761544,3.690656571855616,11.55750624142137,-2.523182476968748
4493,training,0.0014245493803173304,0.06284362450242043,0.048338335640761544,3.658129714174214,11.53418067519079,-2.5158321262273184
4494,training,0.0005403883405961096,0.0695192925632,0.048338335640761544,3.625949889661953,11.51077156028555,-2.509304771035127
4495,training,0.001663128030486405,0.08311469852924347,0.048338335640761544,3.593710674494201,11.486967179359567,-2.500947716491971
4496,training,0.001512113492935896,0.0743858702480793,0.026527538844120093,3.5618881760830896,11.463006663278072,-2.490729179990533
4497,training,0.0005127354525029659,0.07519747316837311,0.026527538844120093,3.5302919068983747,11.438682427747318,-2.4808123319726634
4498,training,0.001419353997334838,0.038062180392444134,0.026527538844120093,3.4986692832996624,11.413975856233888,-2.477301068557507
4499,training,0.0011887887958437204,0.05978022515773773,0.026527538844120093,3.4515672274255484,11.377127146238923,-2.47908302376552
4500,training,0.0008930343319661915,0.030617864365922287,0.026527538844120093,3.4199294248520546,11.352424291427017,-2.4770232019073126
4501,training,0.0019068139372393489,0.04403175599873066,0.026527538844120093,3.388633883593456,11.32784478853382,-2.475660456770408
4502,training,0.00201522302813828,0.0700420904904604,0.026527538844120093,3.372924042295518,11.315495411770343,-2.4751212369308577
4503,training,0.006611979566514492,0.091304250061512,0.012217407644626605,3.3414174125797307,11.290647179437062,-2.4704968250643655
4504,training,0.0023418008349835873,0.07367143407464027,0.012217407644626605,3.310391408946555,11.26578988417412,-2.4613186477850646
4505,training,0.0014474070630967617,0.08853810280561447,0.012217407644626605,3.263943717791161,11.227750385081244,-2.4510462068459358
4506,training,0.0022418159060180187,0.10361686348915103,0.012217407644626605,3.2334220447712587,11.202324133850926,-2.4420457585444435
4507,training,0.0007750990334898233,0.13328628987073898,0.012217407644626605,3.2181665444115013,11.18947118626368,-2.4462975671900495
4508,training,0.000724170939065516,0.127069141715765,0.012217407644626605,3.1867352641548266,11.16408440771448,-2.4798340135608754
4509,training,0.0012039076536893845,0.16034169867634773,0.012217407644626605,3.1546255419382403,11.139998224144223,-2.5155640122362697
4510,training,0.0017616803525015712,0.0840281620621681,0.03493865557096006,3.1215811467990324,11.117002402924152,-2.552932462469882
4511,training,0.00043610940338112414,0.08286654204130173,0.03493865557096006,3.08771194738939,11.095205724697628,-2.5835752346103678
4512,training,0.00038413924630731344,0.06719567626714706,0.03493865557096006,3.053432602706285,11.074449867032293,-2.6116228408929962
4513,training,0.0007516872137784958,0.08046445157378912,0.03493865557096006,3.000775129230069,11.045084420523699,-2.653162323919068
4514,training,0.0006726235151290894,0.10503601655364038,0.03493865557096006,2.9829928215650274,11.03576087736338,-2.6625975823635786
4515,training,0.00016624412091914564,0.1984507218003273,0.03493865557096006,2.9473071698708337,11.017548939004264,-2.6775808216758468
4516,training,0.0002967547334264964,0.3344784677028656,0.054388469235424265,2.8932983044454956,10.991282747412274,-2.701067796693791
4517,training,0.000919487327337265,0.2043907232582569,0.054388469235424265,2.8568370782525814,10.974490831595308,-2.719644217603458
4518,training,0.0019763086456805468,0.16427819087402895,0.054388469235424265,2.8202323853496827,10.958379604008341,-2.732053403048146
4519,training,0.0004381226608529687,0.22625663131475449,0.054388469235424265,2.7834320742855976,10.94251315614821,-2.7350437450164287
4520,training,0.0002754615852609277,0.14684675820171833,0.054388469235424265,2.7284011799929155,10.918936914637406,-2.7397223193516003
4521,training,0.0012170234695076942,0.12835447490215302,0.04046218157083053,2.6915965634934618,10.90324212670083,-2.7353730601643274
4522,training,0.0007996950880624354,0.16733591258525848,0.04046218157083053,2.6550517512768317,10.887326516309535,-2.72380829234445
4523,training,0.0005382405943237245,0.2174719227477908,0.04046218157083053,2.6369837049544396,10.879198172490726,-2.7145549659607395
4524,training,0.00047739665023982525,0.0950821787118912,0.04046218157083053,2.582563781001957,10.853987964561401,-2.7067077359973895
4525,training,0.0013160970993340015,0.12754791975021365,0.04046218157083053,2.5645418804626496,10.84553044970508,-2.69668431214539
4526,training,0.000780933303758502,0.13642457872629166,0.04046218157083053,2.528968656975347,10.827944833220684,-2.667700805318153
4527,training,0.00023586889437865466,0.13282998651266098,0.04046218157083053,2.511312264667779,10.818735227997065,-2.6546495305129887
4528,training,0.001358581823296845,0.09471312165260318,0.007987102754525454,2.4763465220977574,10.799751038367297,-2.634054995092335
4529,training,0.001024081138893962,0.11837722361087799,0.007987102754525454,2.4247902060577604,10.769752011449336,-2.592427607541805
4530,training,0.0008200068259611726,0.015467569231987,0.007987102754525454,2.391151468053587,10.748625044362852,-2.570923820761914
4531,training,0.0016124291578307748,0.01454278826713562,0.007987102754525454,2.3744223070890147,10.737730546713848,-2.5544331914652325
4532,training,0.0005525499582290649,0.041443049907684326,0.007987102754525454,2.3418827251330474,10.714956035999503,-2.503992224686117
4533,training,0.001406429335474968,0.05823431909084317,0.007987102754525454,2.295369875442344,10.678082765471233,-2.4417087581056465
4534,training,0.0018439749255776405,0.026419460773468018,0.07156769294390539,2.2802496994657124,10.66509632274367,-2.421568197238025
4535,training,0.0019034992437809706,0.0025821328163146973,0.07156769294390539,2.251027711913489,10.638406304483798,-2.380751069372999
4536,training,0.00245501846075058,0.08107000589370728,0.07156769294390539,2.2229623323011047,10.61048725948531,-2.3361372525383914
4537,training,0.001572346081957221,0.06147432327270508,0.07156769294390539,2.196068474386455,10.581340464945788,-2.2988847784534094
4538,training,0.000923472864087671,0.07103601098060608,0.07156769294390539,2.1575815336657613,10.535886958707449,-2.2470159113307293
4539,training,0.0028716069646179676,0.12217129021883011,0.07156769294390539,2.1333315961899575,10.504606269732081,-2.2138763350165034
4540,training,0.0015341375255957246,0.04389765858650205,0.11779208506275611,2.109827846799789,10.472315965801862,-2.187422835985153
4541,training,0.0011151082580909133,0.012546494603157043,0.11779208506275611,2.087460813599628,10.439763854936725,-2.156280257637586
4542,training,0.0015065108891576529,0.03186582028865814,0.11779208506275611,2.0661581371397313,10.406300850820054,-2.11804414975921
4543,training,0.0017692758701741695,0.011165887117385864,0.11779208506275611,2.05593755666677,10.389166961050398,-2.0994299873678854
4544,training,0.0007297067204490304,0.04842687398195267,0.11779208506275611,2.036528109162888,10.354578688225866,-2.063440993384488
4545,training,0.0010554088512435555,0.024443015456199632,0.11779208506275611,2.018269062635602,10.319242128658324,-2.0358429676212393
4546,training,0.00032532535260543227,0.03072918951511383,0.10742530220088359,1.9922690124220859,10.265407474532305,-2.0063689834588536
4547,training,0.001677745720371604,0.007383286952972426,0.10742530220088359,1.9758972291057435,10.229180170576058,-1.9841872621858516
4548,training,0.001038876362144947,0.014108031988143921,0.10742530220088359,1.9603308747697992,10.19258041732052,-1.962021457815508
4549,training,0.001090004574507475,0.01844824105501175,0.10742530220088359,1.9528315162469405,10.174111011732675,-1.9509963918449595
4550,training,0.0010691420175135136,0.02776630967855452,0.10742530220088359,1.9384948571592617,10.136999844698284,-1.9284876451241306
4551,training,0.0004535396001301706,0.020873136818408966,0.10742530220088359,1.9185236265151222,10.080844866553875,-1.8961871292097736
4552,training,0.0006480026058852673,0.022814810276031494,0.05393646528324738,1.9122421986726448,10.06187207291731,-1.8854730463034814
4553,training,0.0005119884153828025,0.006043225526809692,0.05393646528324738,1.9003703510958307,10.023969508728525,-1.8639098567928547
4554,training,0.0006484133191406727,0.06821486353874207,0.05393646528324738,1.889282231051712,9.985771352342244,-1.8423280656660326
4555,training,0.0005054257344454527,0.007933616638183594,0.05393646528324738,1.8740312976226032,9.927897340910551,-1.820182232735324
4556,training,0.0002613892429508269,0.008898857980966568,0.05393646528324738,1.8644219317799255,9.889247753657951,-1.8078960301223315
4557,training,0.0015789605677127838,0.008640434592962265,0.05393646528324738,1.859770196991193,9.869759690234112,-1.8024603206882586
4558,training,0.0006802541320212185,0.01704791374504567,0.017942162120585522,1.8507603208388033,9.830845957979188,-1.7948232763673808
4559,training,0.0011396666523069143,0.025759060867130763,0.017942162120585522,1.8377055846072932,9.77239025199655,-1.7858885310109038
4560,training,0.0009425500757060945,0.031189629808068282,0.017942162120585522,1.8293035624136498,9.733288234717197,-1.7782836248995946
4561,training,0.002284970600157976,0.03941033035516739,0.017942162120585522,1.8252569900218354,9.713841983124128,-1.7733993072755971
4562,training,0.0023892736062407494,0.001779109239578247,0.017942162120585522,1.8174489551780022,9.674682030681707,-1.761541576544545
4563,training,0.002750371117144823,0.055178731214255095,0.017942162120585522,1.8100510200714761,9.635340641213125,-1.7524228591649837
4564,training,0.002404236001893878,0.03879585349932313,0.007128355935039311,1.8029838100142834,9.596157159284374,-1.748543998290661
4565,training,0.0021008714102208614,0.09222140163183212,0.007128355935039311,1.7923303192761895,9.536980946965764,-1.7491767065412427
4566,training,0.004742606543004513,0.08349290676414967,0.007128355935039311,1.785274516069927,9.49776403383525,-1.7488810754377115
4567,training,0.0015312907053157687,0.045136408880352974,0.007128355935039311,1.7781919093444283,9.458306787668533,-1.747456190132231
4568,training,0.0016331793740391731,0.0037226825952529907,0.007128355935039311,1.771217511806231,9.418996446839818,-1.7448655534686013
4569,training,0.0006868982454761863,0.02680252864956855,0.007128355935039311,1.767795956107576,9.399385128850236,-1.742066258891269
4570,training,0.0009148420067504048,0.010055575519800186,0.020144691568596322,1.761109311047569,9.35991338858492,-1.7342734971828855
4571,training,0.0004202593117952347,0.04654257372021676,0.020144691568596322,1.7517777465330493,9.300861744148568,-1.7198296678295208
4572,training,0.0009409611811861396,0.02200115844607353,0.020144691568596322,1.746078460569999,9.261304229299773,-1.7075798174721675
4573,training,0.0004889341071248055,0.06218356266617775,0.020144691568596322,1.740795780091721,9.221628645647732,-1.7008099768726779
4574,training,0.0002889145107474178,0.005101847113110125,0.020144691568596322,1.7356152392374713,9.18208020952375,-1.7031197232674693
4575,training,0.0002572049561422318,0.019534560851752758,0.020144691568596322,1.7302886815458578,9.14231746776303,-1.7044172315544794
4576,training,0.000269544922048226,0.004558740649372339,0.017452455879248614,1.7249453050088697,9.102814384606429,-1.7064545831643319
4577,training,0.0007898533949628472,8.829869329929352e-06,0.017452455879248614,1.7195173850984198,9.063189267044764,-1.7074070577694656
4578,training,0.00110856001265347,0.0012114951387047785,0.017452455879248614,1.7140493154879985,9.023512834864786,-1.7086731570927491
4579,training,0.0008376621990464628,0.021750551648437977,0.017452455879248614,1.7085914732687513,8.984025118630885,-1.707346331859456
4580,training,0.0008441535755991936,0.0012786332517862355,0.017452455879248614,1.7058833303396215,8.96419925141309,-1.7053094680717766
4581,training,0.0005196576239541173,0.011785587295889854,0.017452455879248614,1.7006026129521858,8.924507694402223,-1.7015122982824968
4582,training,0.0003078061854466796,0.0009903330355882627,0.01057573884045312,1.69548714947241,8.884992946234462,-1.6978981520195189
4583,training,0.0005567155312746763,0.025253443978726864,0.01057573884045312,1.68801031945029,8.825427136739698,-1.694662920319648
4584,training,0.00027819882961921394,0.031075457111001015,0.01057573884045312,1.6855604533841697,8.805626669926719,-1.693776869165996
4585,training,0.0005806605331599712,0.022354109212756157,0.01057573884045312,1.6807316455806307,8.766018211073185,-1.6905295736182842
4586,training,0.0013107584090903401,0.0035897251218557358,0.01057573884045312,1.6759785071394122,8.726236545687804,-1.6915774318144448
4587,training,0.0001513470633653924,0.01172257587313652,0.01057573884045312,1.6710690233630905,8.686627811946115,-1.6964937756199743
4588,training,0.0011091760825365782,0.01510959863662719,0.009535495110408451,1.6659930747110516,8.64691107869309,-1.6991319606821038
4589,training,0.000643101695459336,0.017806371208280325,0.009535495110408451,1.6608522553855205,8.60730606746788,-1.6994816136293012
4590,training,0.0005571555229835212,0.013085842132568352,0.009535495110408451,1.6533406352454934,8.547888510022478,-1.6952180531681884
4591,training,0.0003401991561986506,0.003574604168534279,0.009535495110408451,1.6484348182408093,8.508243332767698,-1.6921624624287919
4592,training,0.0005653187399730086,0.032965004444122314,0.009535495110408451,1.6437432267676617,8.468685042643223,-1.6860132353916337
4593,training,0.00033157673897221684,0.006640866864472628,0.009535495110408451,1.6392681729936327,8.42889009748985,-1.6787019895962683
4594,training,0.0007000062614679337,0.004565493785776198,0.003596475506873509,1.6350199413876119,8.389215099928913,-1.6775784659380288
4595,training,0.0007686744211241603,0.02694787457585335,0.003596475506873509,1.6307843323225455,8.34949015000079,-1.6768806654405057
4596,training,0.001398093649186194,0.0328677985817194,0.003596475506873509,1.6243321711585288,8.289780572522368,-1.682148868114679
4597,training,0.00048592936946079135,0.060246558859944344,0.003596475506873509,1.6198261895972699,8.250086687290903,-1.6855852785103753
4598,training,0.0034873122349381447,0.023948371410369873,0.003596475506873509,1.6127365038049735,8.190462862324035,-1.6942293353859827
4599,training,0.0006079981103539467,0.004483562457608059,0.011980199531090537,1.6102733514691014,8.170685419947072,-1.695251936809227
4600,training,0.0023593625519424677,0.026838986203074452,0.011980199531090537,1.6052912734572522,8.130960813472583,-1.6956585292636708
4601,training,0.002704325597733259,0.026832981035113335,0.011980199531090537,1.600341824206479,8.091297831656787,-1.6943016648863305
4602,training,0.0022090300917625427,0.0010916562750935555,0.011980199531090537,1.5979142719132342,8.071542731507524,-1.6919863390514411
4603,training,0.0029570749029517174,0.01494776643812656,0.011980199531090537,1.5931689956680168,8.031838198783078,-1.6878819572472392
4604,training,0.002699646633118391,0.014731891918927431,0.011980199531090537,1.5885522798948803,7.992138571720555,-1.6859362337937125
4605,training,0.0007432781858369708,0.011143415234982967,0.011980199531090537,1.5862808653146099,7.972345320603159,-1.684787243559974
4606,training,0.0013320202706381679,0.0014362279325723648,0.003444004061428769,1.5817769017167647,7.932625201844906,-1.6825961648492007
4607,training,0.0025781653821468353,0.025162687525153157,0.003444004061428769,1.5773571491900669,7.892908289381575,-1.6809111676494475
4608,training,0.0005797742633149028,0.011142822913825512,0.003444004061428769,1.5708301925949344,7.833359805744105,-1.6820349629934943
4609,training,0.0012720804661512375,0.003091929480433466,0.003444004061428769,1.5663532306627208,7.793590820251572,-1.6839691774795376
4610,training,0.0007604760467074811,0.02256149984896183,0.003444004061428769,1.5641015792034383,7.773782132379032,-1.6847282225556022
4611,training,0.002097670454531908,0.030899544130079448,0.003444004061428769,1.5595287211222473,7.734092311256156,-1.6866000604961608
4612,training,0.0006932918913662434,0.027498590759932995,0.011188450585257519,1.5548718835138133,7.694330117033349,-1.6886101523006798
4613,training,0.002729240106418729,0.05394111946225166,0.011188450585257519,1.5478777146178127,7.634868092215924,-1.6858945378683778
4614,training,0.002166162012144923,0.013523116707801819,0.011188450585257519,1.5433223126775506,7.595100880921602,-1.6854145731920929
4615,training,0.0016480406047776341,0.009422128554433584,0.011188450585257519,1.538751754341061,7.555457546537708,-1.6858150429582242
4616,training,0.0010635665385052562,0.0011815596371889114,0.011188450585257519,1.534177206979126,7.515705414079376,-1.6850898415809314
4617,training,0.0009628393454477191,0.03233552724123001,0.011188450585257519,1.5296373654033533,7.4759871488655465,-1.6845374567499252
4618,training,0.0009021045407280326,0.03376106359064579,0.004419625641680147,1.525198925266996,7.4363695407357735,-1.6797869878119087
4619,training,0.0003361725539434701,0.015473535284399983,0.004419625641680147,1.52094335315076,7.396553823444916,-1.675389812314515
4620,training,0.0004040293861180544,0.05493214167654514,0.004419625641680147,1.5188716433748501,7.376725264809955,-1.6745006975985022
4621,training,0.0016296340618282557,0.05886942520737648,0.004419625641680147,1.514790904217799,7.337047090414456,-1.674611755950656
4622,training,0.0018164297798648477,0.07058626227080822,0.004419625641680147,1.510528509445235,7.29716220308724,-1.6805356346311624
4623,training,0.0006611578864976764,0.05767762102186679,0.004419625641680147,1.5059690002652522,7.257485180085141,-1.690821017255911
4624,training,0.0015698946081101894,0.039854871109128,0.022387094927326285,1.5009768339306395,7.217791204273711,-1.7005699073088536
4625,training,0.0023036201018840075,0.016609691083431244,0.022387094927326285,1.4958165707479936,7.178367407868993,-1.696691964300275
4626,training,0.0011055575450882316,0.009504139423370354,0.022387094927326285,1.4910732292872226,7.138853723453734,-1.6840736934244283
4627,training,0.0005738395266234875,0.009968679398298264,0.022387094927326285,1.4868141700691266,7.099118696282144,-1.6713385486493737
4628,training,0.0009727469878271222,0.025390090420842164,0.022387094927326285,1.481245472982057,7.039593591963369,-1.6566815160284265
4629,training,0.0022072044666856527,0.02839653380215168,0.022387094927326285,1.4780453683511283,6.99978111222879,-1.6453913078444478
4630,training,0.0016626266296952963,0.008069263771176331,0.0067767422614862845,1.476607545137663,6.979925553286523,-1.6412774445636604
4631,training,0.00042958371341228485,0.008745867758989341,0.0067767422614862845,1.4739652469152547,6.940093275999725,-1.6336756903499254
4632,training,0.0010940677020698786,0.01942882500588894,0.0067767422614862845,1.4705636042588954,6.880363462413642,-1.6227163742656816
4633,training,0.0007946073310449719,0.013297902420163158,0.0067767422614862845,1.4685961101003102,6.840438844973207,-1.6182668905447752
4634,training,0.0006461218581534922,0.012337157502770424,0.0067767422614862845,1.467676435794633,6.820516191780214,-1.6156080181766608
4635,training,0.0007772414828650653,0.012968041002750397,0.022063584426523626,1.4652371135031748,6.760720403099669,-1.607806255218329
4636,training,0.001222596038132906,0.008839255198836327,0.022063584426523626,1.4638795185506261,6.720803643526764,-1.6022398584090027
4637,training,0.0012214306043460965,0.01452232571318746,0.022063584426523626,1.4627435663371033,6.680941059461228,-1.5976376009585322
4638,training,0.00035331075196154416,0.016949234530329704,0.022063584426523626,1.4617362185182485,6.640989705283623,-1.5944950529917097
4639,training,0.0012134272838011384,0.008315345272421837,0.022063584426523626,1.4608942028151908,6.601049960054291,-1.588928531769585
4640,training,0.000889748684130609,0.004449100699275732,0.022063584426523626,1.4605592339066324,6.58112573720086,-1.5877418062574746
4641,training,0.0011059828102588654,0.006949919275939465,0.03722224006294791,1.4599034547263572,6.541179497302111,-1.5870871565146816
4642,training,0.0005868494044989347,0.006488688290119171,0.03722224006294791,1.4590386659002024,6.481247775623843,-1.583647367929277
4643,training,0.0006511019309982657,0.016468091867864132,0.03722224006294791,1.4585336189298397,6.441340818659418,-1.5833360594319454
4644,training,0.00041586754377931356,0.01281842216849327,0.03722224006294791,1.4582931337600793,6.421317306252969,-1.5824015962752318
4645,training,0.0004550030280370265,0.010408522561192513,0.03722224006294791,1.4579110758915828,6.381378666887481,-1.578757198248795
4646,training,0.001081287395209074,0.002838820219039917,0.04242626471556852,1.4576112821826168,6.341505272802423,-1.5786494909852118
4647,training,0.0014155139215290546,0.017735078930854797,0.04242626471556852,1.4571560878117982,6.281499908594451,-1.5779520997260794
4648,training,0.0006502204341813922,0.014969969168305397,0.04242626471556852,1.4570153291753092,6.261583333137206,-1.578550927434433
4649,training,0.0011163270100951195,0.023975522257387638,0.04242626471556852,1.4565236959846435,6.201565892124352,-1.579036771132037
4650,training,0.0005048615857958794,0.002778906375169754,0.04242626471556852,1.456234155994936,6.16171041776515,-1.5777040464853205
4651,training,0.0005332243745215237,0.021114444360136986,0.04242626471556852,1.4559831577211677,6.121705187458734,-1.5772152856277426
4652,training,0.0004165241261944175,0.012304059229791164,0.0434338057981448,1.4557459492185552,6.081717092692579,-1.5763826360904079
4653,training,0.0003668976714834571,0.006051485426723957,0.0434338057981448,1.4555217561454385,6.041816188711647,-1.5772573091824427
4654,training,0.00013163172116037458,0.011958667542785406,0.0434338057981448,1.455254480638316,6.001772478123668,-1.5776238411836858
4655,training,0.00028558389749377966,0.0323191974312067,0.0434338057981448,1.4551259161851005,5.981790738766936,-1.5768230886304615
4656,training,0.0011590949725359678,0.013647099956870079,0.0434338057981448,1.4548156460566477,5.921907999510284,-1.574974834603056
4657,training,0.000565218273550272,0.008187919855117798,0.0434338057981448,1.454746859506951,5.901877952053497,-1.5744259569349695
4658,training,0.0018180060433223844,0.0469554103910923,0.0409739996005807,1.4546319092231703,5.86194032243632,-1.573602857220072
4659,training,0.002902185544371605,0.02927650883793831,0.0409739996005807,1.4545076268913302,5.821988238080694,-1.5745681135859877
4660,training,0.00147566432133317,0.01885308511555195,0.0409739996005807,1.4543609821597638,5.781969425081707,-1.574235211133228
4661,training,0.0011748680844902992,0.006497212685644627,0.0409739996005807,1.454238223627882,5.74205786016058,-1.5744047953118707
4662,training,0.000962126418016851,0.007697948254644871,0.0409739996005807,1.454081327626318,5.702019872570235,-1.5752017988813536
4663,training,0.0019061763305217028,0.002143080346286297,0.030949450913771926,1.4539278580960058,5.662042901563447,-1.5742746416792441
4664,training,0.0011500678956508636,0.02589583955705166,0.030949450913771926,1.453688203692497,5.602093008802403,-1.575639406108731
4665,training,0.001414513448253274,0.028336080722510815,0.030949450913771926,1.4534202401537575,5.562135682796148,-1.581124952425843
4666,training,0.0009566377848386765,0.03701884113252163,0.030949450913771926,1.4528535647462617,5.522122068403061,-1.5886633346410537
4667,training,0.0015247049741446972,0.05064728669822216,0.030949450913771926,1.4524602949491916,5.502074543101472,-1.5919073975112519
4668,training,0.0023554156068712473,0.05105539411306381,0.030949450913771926,1.4515323002917078,5.462086805694449,-1.596339319977415
4669,training,0.0016784281469881535,0.02369550708681345,0.03117549729945802,1.4504056158702572,5.422141285429888,-1.6025475327120098
4670,training,0.0007066023536026478,0.029118981212377548,0.03117549729945802,1.4490177568205662,5.382108877673942,-1.6071894540624276
4671,training,0.0012914666440337896,0.005218134727329016,0.03117549729945802,1.4475341761666425,5.342132147101518,-1.6092789220912649
4672,training,0.0004736102418974042,0.005621062126010656,0.03117549729945802,1.4459098564250488,5.302232491268493,-1.6131970643092441
4673,training,0.0013006128137931228,0.0056992885656654835,0.03117549729945802,1.444206506368334,5.2622914944653205,-1.6135569532184966
4674,training,0.001574972178786993,0.01660393550992012,0.03117549729945802,1.4424979292958569,5.222397392748727,-1.6149438574773771
4675,training,0.0009605583036318421,0.013302970677614212,0.028357270025212673,1.4406987574385595,5.182417242037241,-1.6162742395449181
4676,training,0.0010276550892740488,0.005626550875604153,0.028357270025212673,1.4389065088538935,5.142487932810952,-1.6153173405663819
4677,training,0.0009469909127801657,0.008434087038040161,0.028357270025212673,1.4371157234056893,5.102627304258684,-1.6167135810420328
4678,training,0.0003816636453848332,0.007451953832060099,0.028357270025212673,1.4352793470100575,5.062684116337763,-1.6166246944433265
4679,training,0.000483622367028147,0.0016197147779166698,0.028357270025212673,1.4326164484084285,5.002857093301708,-1.6144813605491255
4680,training,0.0006462395540438592,6.73830509185791e-05,0.028357270025212673,1.4308955986526546,4.962903919273374,-1.613420989310402
4681,training,0.0003887943457812071,0.004378354176878929,0.02469255757367257,1.429277104560755,4.9230043120481275,-1.610013937188126
4682,training,0.0005737938918173313,0.002157843206077814,0.02469255757367257,1.4285044489352279,4.903096451564312,-1.609425960091129
4683,training,0.0008757925825193524,0.016119273379445076,0.02469255757367257,1.4262699631402447,4.843173824241734,-1.6069272446737994
4684,training,0.0004680862184613943,0.008523780852556229,0.02469255757367257,1.4255632303213746,4.8232021607942634,-1.6060408403811812
4685,training,0.000492502236738801,0.009696588851511478,0.02469255757367257,1.4241733449723828,4.783321070672089,-1.6050516494968738
4686,training,0.0003945415955968201,0.012471875175833706,0.02469255757367257,1.4222880849235886,4.723401379767627,-1.5994239363745786
4687,training,0.00042635598219931126,0.006155204027891159,0.019412480959385164,1.421729187282863,4.703525142369858,-1.5988544871566164
4688,training,0.0004616716178134084,0.008514469489455223,0.019412480959385164,1.4206455020804032,4.663520296429871,-1.597242538196264
4689,training,0.0003246573614887893,0.035760417114943266,0.019412480959385164,1.4192200162768114,4.60371482713444,-1.5930998686425344
4690,training,0.0008985967142507434,0.04259280115365982,0.019412480959385164,1.4187786925337473,4.583728826711121,-1.5932665628543263
4691,training,0.00037737959064543247,0.01219655736349523,0.019412480959385164,1.4178559338648717,4.54372416856958,-1.594995692196872
4692,training,0.0009798681130632758,0.017424926976673305,0.019412480959385164,1.416864450940986,4.503836150375429,-1.5967874770918833
4693,training,0.0010024940129369497,0.017603740096092224,0.011374096300083961,1.4152571202115758,4.443848229014707,-1.5980568585848973
4694,training,0.0007411842234432697,0.0017399666830897331,0.011374096300083961,1.4141901186179537,4.403959296016848,-1.5981179471144562
4695,training,0.0007301337318494916,0.02929227240383625,0.011374096300083961,1.4130789703040636,4.363980347154993,-1.5991957356221145
4696,training,0.0010505900718271732,0.0011398866772651672,0.011374096300083961,1.4125174399482574,4.343991502939036,-1.5990177484932626
4697,training,0.0015180124901235104,0.048136960715055466,0.011374096300083961,1.4113956385902178,4.304055626392422,-1.600707810550387
4698,training,0.0008346578106284142,0.04633764177560806,0.011374096300083961,1.4100759376258716,4.264065800406328,-1.6073538418819073
4699,training,0.0008156816475093365,0.0009184926748275757,0.005604145877338639,1.4076460130621236,4.204075650552952,-1.6151591111839514
4700,training,0.0006635687313973904,0.01777899614535272,0.005604145877338639,1.406735789821655,4.1842015702675335,-1.6183055790070762
4701,training,0.0009063041652552783,0.014395931735634804,0.005604145877338639,1.404771403940412,4.14422728543871,-1.6207820197269096
4702,training,0.0022468820679932833,0.02114832028746605,0.005604145877338639,1.4027798071572706,4.104291959312345,-1.6212145854124624
4703,training,0.0007825340726412833,0.014617787674069405,0.005604145877338639,1.4007099115909305,4.064430003838187,-1.6240217529806094
4704,training,0.0005049310275353491,0.0037546411622315645,0.005604145877338639,1.3985868173907012,4.024510964204009,-1.6237536841199605
4705,training,0.0004104546387679875,0.003706938587129116,0.01313712118863258,1.3964905702210604,3.984651483213776,-1.6244022368539341
4706,training,0.0005967378383502364,0.008576713968068361,0.01313712118863258,1.3943192673344011,3.9446982206653516,-1.6257947728387516
4707,training,0.0006967996014282107,0.022851946763694286,0.01313712118863258,1.3910907855428474,3.884883647876092,-1.6244289712397988
4708,training,0.0007963192765600979,0.010661660227924585,0.01313712118863258,1.3889606238490466,3.8449749502214305,-1.6236283880619917
4709,training,0.00040175317553803325,0.009099175687879324,0.01313712118863258,1.3879222233022768,3.8250321441799455,-1.6224721017899908
4710,training,0.0004114099428988993,0.01457070792093873,0.012925121665012302,1.3849177832251456,3.76522845201624,-1.6208297428453777
4711,training,0.0005112240905873477,0.031890013720840216,0.012925121665012302,1.383918696879962,3.745237287484361,-1.620929160948564
4712,training,0.0003495638957247138,0.008806743659079073,0.012925121665012302,1.381911225303638,3.7053152001493728,-1.6213069688243944
4713,training,0.00044722133316099644,0.007912872359156609,0.012925121665012302,1.3798990162904745,3.665500565011942,-1.6217490349548704
4714,training,0.00023662979947403073,0.018940655514597893,0.012925121665012302,1.3778940449491752,3.6255523186941883,-1.6197543139693031
4715,training,0.000250078272074461,0.004900360479950905,0.012925121665012302,1.3751827628299094,3.5657886458616126,-1.6135440898134528
4716,training,0.00026775430887937546,0.024783814325928688,0.02606412890152845,1.3743431283692389,3.5458181850633155,-1.6121507777884432
4717,training,0.0009995193686336279,0.01450246013700962,0.02606412890152845,1.3727723896286312,3.505881111483278,-1.6076132572578967
4718,training,0.0010402293410152197,0.04137079231441022,0.02606412890152845,1.3707720759885647,3.4460807689010426,-1.6022175080302479
4719,training,0.0006032087840139866,0.043107329867780216,0.02606412890152845,1.369676033579046,3.4061282803829025,-1.592806086420495
4720,training,0.00106634886469692,0.06627653911709785,0.02606412890152845,1.369299556577941,3.3861826220813707,-1.5865107553474038
4721,training,0.0005293312715366483,0.05414436757564545,0.02606412890152845,1.3688768695569649,3.3463978201058513,-1.576768116055732
4722,training,0.0003845903556793928,0.04954949766397476,0.023983370118525353,1.3689403553128479,3.286421214273104,-1.563008014645593
4723,training,0.0006135011208243668,0.0022531263530254295,0.023983370118525353,1.3691365008434584,3.266585502920019,-1.5598020565171462
4724,training,0.00036593322874978185,0.0085174310952425,0.023983370118525353,1.3697082204099602,3.226635653740168,-1.5532163924310012
4725,training,0.0004323522443883121,0.03170613758265972,0.023983370118525353,1.3705444259444906,3.1866583236266313,-1.5468588902062208
4726,training,0.00042850658064708114,0.025290045887231827,0.023983370118525353,1.3715988525001532,3.146799672786803,-1.5426716730692933
4727,training,0.0006898036226630211,0.028673917055130005,0.023983370118525353,1.3734274130312445,3.0868409924037103,-1.537860970723441
4728,training,0.0008338233456015587,0.04066004790365696,0.023897344909228332,1.374104604457254,3.0669296691886285,-1.5363976863488826
4729,training,0.0010073129087686539,0.06093170307576656,0.023897344909228332,1.3763034861172359,3.0069780872242964,-1.5313712986567904
4730,training,0.00044285354670137167,0.041094821877777576,0.023897344909228332,1.3771199446903726,2.987051034941299,-1.528018227948839
4731,training,0.0015739091904833913,0.1030162125825882,0.023897344909228332,1.3789381944018646,2.9472358292695366,-1.5241934735209877
4732,training,0.0016310701612383127,0.07301845401525497,0.023897344909228332,1.3808783470809312,2.9072513379960987,-1.5183404036114816
4733,training,0.0006141241174191236,0.05500682070851326,0.023897344909228332,1.3831764760785892,2.867430398486435,-1.5084357656166747
4734,training,0.0006582218338735402,0.07531205005943775,0.01528470309466351,1.387157748450168,2.8076531448347977,-1.5013270514901418
4735,training,0.0004723150341305882,0.0558354128152132,0.01528470309466351,1.3900075579454771,2.76776463807948,-1.497708087886332
4736,training,0.001151560340076685,0.04311859980225563,0.01528470309466351,1.3914762142810604,2.7479184996373096,-1.4966086300584356
4737,training,0.00033297596382908523,0.05590656399726868,0.01528470309466351,1.394478602981594,2.7080246418018477,-1.4955525942545003
4738,training,0.0002725494559854269,0.05106011778116226,0.01528470309466351,1.3975057394511667,2.668111154035635,-1.494508554452581
4739,training,0.00039203980122692883,0.10072239488363266,0.01528470309466351,1.4005482576519168,2.628354222965743,-1.4947019499488001
4740,training,7.242569699883461e-05,0.09741316735744476,0.009474369621517854,1.4052871113403105,2.56850042917916,-1.4854433620004952
4741,training,0.00019083844381384552,0.07495984341949224,0.009474369621517854,1.408828106543642,2.5288441760217575,-1.4796436925406167
4742,training,0.0005729813128709793,0.033480528742074966,0.009474369621517854,1.410663693972969,2.5089174924136164,-1.4784283090179975
4743,training,0.0002235682331956923,0.019267596304416656,0.009474369621517854,1.4162824954873034,2.44918748975252,-1.476225107789419
4744,training,0.0004456220776773989,0.01699056290090084,0.009474369621517854,1.4200056719401903,2.409409205216187,-1.4796215683976988
4745,training,0.0003353212960064411,0.009069728665053844,0.009474369621517854,1.4235636249379389,2.3694192976088297,-1.4844291346036032
4746,training,0.00013423296331893653,0.02327569667249918,0.0095913708934372,1.4269504655551188,2.329714996753246,-1.4864803607890154
4747,training,0.0004198375390842557,0.005380392074584954,0.0095913708934372,1.428626850283395,2.309785479681945,-1.4883793834091184
4748,training,0.0001157408842118457,0.006162520498037345,0.0095913708934372,1.4317993500780726,2.269744326864038,-1.495358527588207
4749,training,0.00025403007748536766,0.01086061168462038,0.0095913708934372,1.434683698529972,2.229957906104775,-1.5018683960054349
4750,training,0.00012861272261943668,0.021523444913327694,0.0095913708934372,1.4373452255687418,2.190001120898084,-1.5057697136475696
4751,training,0.0005094009102322161,0.02995435055345297,0.0095913708934372,1.4399160241336129,2.150108894405556,-1.5082185892407312
4752,training,0.00016768922796472907,0.04327605478465557,0.00846051135936953,1.442281681588482,2.110259334379809,-1.514454435438959
4753,training,9.55191717366688e-05,0.04135383293032646,0.00846051135936953,1.4444241817439565,2.0701746413464104,-1.520627935148839
4754,training,0.0001747531641740352,0.007019350305199627,0.00846051135936953,1.4463388362020158,2.030334284862416,-1.5256378681734153
4755,training,0.0001154904966824688,0.01032575033605099,0.00846051135936953,1.4481079107286536,1.9904093307507562,-1.5247754048402382
4756,training,0.00016268709441646934,0.028353550471365452,0.00846051135936953,1.4500496226789157,1.9504580647396703,-1.5195077570026843
4757,training,0.00033622485352680087,0.008729765191674232,0.00846051135936953,1.4532506562856922,1.8906768447602957,-1.516301500741159
4758,training,0.0003113145940005779,0.005006656050682068,0.015250826363234441,1.4543510633720411,1.8706472695478447,-1.5152015318081695
4759,training,0.00025431954418309033,0.017818011343479156,0.015250826363234441,1.4566895018212975,1.830830778038443,-1.507802377886237
4760,training,0.0005720080225728452,0.02946443855762483,0.015250826363234441,1.4593846204463141,1.7910647702997813,-1.498599264543284
4761,training,0.0007661519339308143,0.09997473284602165,0.015250826363234441,1.4624751744924986,1.751125994481028,-1.4853781336850405
4762,training,0.0003623293887358159,0.12999051809310913,0.015250826363234441,1.4685590755748459,1.6919245300491734,-1.4497853690600655
4763,training,0.00044856860768049955,0.14396619889885184,0.015250826363234441,1.4739298594870758,1.65232732630202,-1.42061369029829
4764,training,0.00025361188454553485,0.13567697722464803,0.002305943228531557,1.4804560305402887,1.6132490183497548,-1.3892327864209413
4765,training,0.00029543344862759113,0.1979132406413555,0.002305943228531557,1.4841844524471772,1.5937631630094882,-1.374512836378266
4766,training,0.00023288004740606993,0.11131208017468452,0.002305943228531557,1.492618223664017,1.5548473256054243,-1.3365267794235127
4767,training,0.0005531978094950318,0.1476477892138064,0.002305943228531557,1.5077642412964873,1.4976501946744976,-1.2915432629192585
4768,training,0.0005330507992766798,0.18219509068876505,0.002305943228531557,1.5133817539241516,1.4785580432774281,-1.277234210780643
4769,training,0.0013723681913688779,0.06714931316673757,0.002305943228531557,1.525464361374619,1.4407117896086863,-1.245484935786805
4770,training,0.0009480770095251501,0.0950474813580513,0.0643051176104871,1.538579424973367,1.4035914099369158,-1.220384691433995
4771,training,0.0003891456872224808,0.07211418077349663,0.0643051176104871,1.5526314156192813,1.3664235386898644,-1.195503391719962
4772,training,0.00032092496985569596,0.15509536489844325,0.0643051176104871,1.567737613515183,1.3296050838072542,-1.1685165271767435
4773,training,0.0005845183623023331,0.20922899246215826,0.0643051176104871,1.58391718244473,1.2931027697838073,-1.1342715748795362
4774,training,0.002071778755635023,0.1712272018194198,0.0643051176104871,1.6107275340265987,1.2402403916861793,-1.061592727624795
4775,training,0.0013571250019595027,0.1651488989591599,0.0643051176104871,1.6206510353199226,1.223025758166217,-1.0343129903866057
4776,training,0.0002192710235249251,0.1271958351135254,0.08841737651996197,1.641716892635623,1.1896022644010165,-0.9821948366914766
4777,training,0.0003552705456968397,0.11390413343906403,0.08841737651996197,1.6644828344633817,1.1572959735468393,-0.9333274466396554
4778,training,0.00021437456598505378,0.17769772559404373,0.08841737651996197,1.7014567539915417,1.110901924212075,-0.8610039885797213
4779,training,0.0005139285349287093,0.06764775514602661,0.08841737651996197,1.7280237805771077,1.081660874740698,-0.8039058172781514
4780,training,0.0010071495780721307,0.10296817123889923,0.10221300871010927,1.7561051267369219,1.0538917637605207,-0.7591353740322392
4781,training,0.0005604081088677049,0.13046395778656006,0.10221300871010927,1.785509270646201,1.0270282233105406,-0.7213117481406905
4782,training,0.001256538205780089,0.07133951783180237,0.10221300871010927,1.80057421624868,1.0139987711914353,-0.7020198445554423
4783,training,0.0006539676687680185,0.04670530557632449,0.10221300871010927,1.8312105125270892,0.9891088354886793,-0.6624640491012829
4784,training,0.0024579977616667747,0.015122100710868863,0.10221300871010927,1.8630436779685862,0.9652683656472562,-0.6234375783194872
4785,training,0.0019089396810159087,0.01948668062686923,0.10221300871010927,1.9122252160249278,0.9318936249065845,-0.5686457444201738
4786,training,0.001034964225254953,0.0052564144134521484,0.09692406983239771,1.9290410947821675,0.9213700958359725,-0.5493792426520302
4787,training,0.0033934754319489002,0.03080783784389496,0.09692406983239771,1.9806341498760724,0.8916853337389302,-0.49776072082226697
4788,training,0.0014065128052607179,0.015841096639633206,0.09692406983239771,1.9982035752424918,0.882326071365909,-0.48130321477729693
4789,training,0.0006894456455484033,0.06451903283596037,0.09692406983239771,2.033622006227578,0.8645846051151125,-0.44881371301165346
4790,training,0.0018817225936800241,0.03589284420013428,0.09692406983239771,2.087969948077466,0.8396488258821441,-0.4138566468704586
4791,training,0.00045826827408745885,0.019610777497291593,0.09692406983239771,2.1062954262240514,0.8317264568791323,-0.4005875370405329
4792,training,0.000629692804068327,0.03196273744106293,0.07720047570494733,2.1429699394590567,0.8168252273458351,-0.3723302238876042
4793,training,0.0025240026880055666,0.04361519217491147,0.07720047570494733,2.1803134795628405,0.8028381825375219,-0.344075082517093
4794,training,0.0006779989926144481,0.036558568477630615,0.07720047570494733,2.2179808961673793,0.7899078521900578,-0.31684586892918504
4795,training,0.0001953733153641224,0.014150738716125488,0.07720047570494733,2.255866158528138,0.7780434098689708,-0.2907376135105633
4796,training,0.0009540639584884048,0.02394206821918486,0.07720047570494733,2.3134620255280693,0.7619179516683567,-0.2561683371155471
4797,training,0.0003424433816689998,0.03409565985202789,0.07720047570494733,2.332663473413312,0.7570162635246709,-0.24376765127725
4798,training,0.0006622180808335543,0.007353179156780229,0.05195378781563181,2.3714399078503066,0.7478702029658837,-0.22094439195785906
4799,training,0.00038787644007243216,0.005056366324424744,0.05195378781563181,2.4103556411296987,0.7394942144953854,-0.20289048722692266
4800,training,0.000395362003473565,0.015596441924571991,0.05195378781563181,2.449416922212568,0.7318697158705415,-0.18340968973691263
4801,training,0.0006255283951759338,0.005488656461238847,0.05195378781563181,2.488597361256688,0.7249371883838341,-0.16878661604025655
4802,training,0.0002785690885502845,0.006057791411876692,0.05195378781563181,2.5280073447101152,0.718483428373393,-0.15561723968476118
4803,training,0.000890261260792613,0.029194366186857224,0.05195378781563181,2.5674075996611303,0.7126459265881188,-0.13766285903933254
4804,training,0.00036472443025559187,0.039049241691827774,0.03361031225932662,2.6068285261743154,0.7074835920719947,-0.1244764605484753
4805,training,0.0008863280527293682,0.026659268885850913,0.03361031225932662,2.666361573350826,0.7005026936151552,-0.10921334483340923
4806,training,0.00044020049972459674,0.033197950571775436,0.03361031225932662,2.686045780660724,0.6983936025404588,-0.10487528892128445
4807,training,0.0011838459176942706,0.011619832366704948,0.03361031225932662,2.7457425768425217,0.6925229595771453,-0.09136919410896376
4808,training,0.0003039374714717269,0.0017328336834907532,0.03361031225932662,2.7853608756631885,0.6891042804558324,-0.08184008405591886
4809,training,0.0013131939340382814,0.0014720521867275238,0.03361031225932662,2.825176075966651,0.6860046845020868,-0.07361904919769748
4810,training,0.0009614247828722,0.005602108314633376,0.014213983330257536,2.86510999422909,0.6832159336658035,-0.0657529979618375
4811,training,0.00015892770898062736,0.0019018761813640594,0.014213983330257536,2.904791004035561,0.6807306155959084,-0.05979962771751635
4812,training,0.0005595231195911765,0.009570252150297165,0.014213983330257536,2.9447942732969223,0.6784492348194957,-0.053820108054609
4813,training,0.00018637448374647647,0.0020856559276580776,0.014213983330257536,2.9846026922651285,0.6764247430931508,-0.0489802258102212
4814,training,0.0012738107470795512,0.0006209816783666611,0.014213983330257536,3.0044974970225247,0.6754746319441192,-0.04675457457163641
4815,training,0.0021766950376331806,0.009985946118831635,0.014213983330257536,3.0445176599013837,0.6736855273568985,-0.043027702851513146
4816,training,0.0007491970900446177,0.009571261703968048,0.011222925053868057,3.0843917469785684,0.6720428189242241,-0.039669614683819215
4817,training,0.0007463697111234069,0.002270514145493511,0.011222925053868057,3.124260895991877,0.6705340166609512,-0.03683322950538353
4818,training,0.0005329861305654049,0.009129868820309639,0.011222925053868057,3.1842438096663295,0.6684487411555691,-0.03241164963574215
4819,training,0.0007991350721567869,0.004278173670172691,0.011222925053868057,3.2241054698459313,0.6672131300671901,-0.03029074375966875
4820,training,0.0006210217834450305,0.007349330931901932,0.011222925053868057,3.2441419100689455,0.6666169659336457,-0.02872216036561268
4821,training,0.0002452021581120789,0.011897497810423374,0.011222925053868057,3.28414819539162,0.6655476399921326,-0.025081381159364695
4822,training,0.0008500053081661463,0.0017542112618684769,0.013076793413170178,3.323990437861482,0.6646080411741857,-0.02277668376764488
4823,training,0.00024071383813861758,0.01882923487573862,0.013076793413170178,3.364099861289772,0.6637300110093288,-0.020507398775465095
4824,training,0.000407567189540714,0.01096123829483986,0.013076793413170178,3.4239001146115386,0.6625913042815867,-0.018273203992045545
4825,training,0.0003563949721865356,0.012034459970891476,0.013076793413170178,3.4639980955124634,0.6618978212088672,-0.015971191186023692
4826,training,0.0010215687798336148,0.01601541182026267,0.013076793413170178,3.4840281513679354,0.661587040408581,-0.014568638805068809
4827,training,0.00034594512544572353,0.021719641983509064,0.013076793413170178,3.5238281018748374,0.6610522845256066,-0.012993385084284298
4828,training,0.00010619251406751573,0.020755428820848465,0.015516560949428968,3.583985654536196,0.6602884819951761,-0.01265728748260155
4829,training,0.00023398315533995628,0.013333200011402369,0.015516560949428968,3.623795231366113,0.6597840535918749,-0.012961098143412687
4830,training,0.0002947552711702883,0.000792953185737133,0.015516560949428968,3.663856524349828,0.6592761663581976,-0.012187039170463335
4831,training,0.000523789378348738,0.0052962517365813255,0.015516560949428968,3.7038182348644337,0.6588178814878751,-0.010509658651583742
4832,training,0.00037737301317974925,0.004797103814780712,0.015516560949428968,3.743710120466957,0.6584366558893572,-0.009518441206557508
4833,training,0.0004286831826902926,0.004320772364735603,0.013518075982526427,3.783858982057441,0.6580513835964839,-0.009602372373172486
4834,training,0.0005795498145744205,0.002447015605866909,0.013518075982526427,3.8237023179612053,0.6576642132897145,-0.00994216626130958
4835,training,0.0005078132962808013,0.003737865015864374,0.013518075982526427,3.8838044465798154,0.6571002934406585,-0.008453696780340884
4836,training,0.0006889011710882187,0.01855640858411789,0.013518075982526427,3.9037517429119966,0.6569371144310663,-0.007806195735242535
4837,training,0.00019751986837945879,0.01591365411877632,0.013518075982526427,3.94360291899195,0.6566653306286255,-0.006789470459947476
4838,training,0.00023992193746380508,0.008438143879175186,0.013518075982526427,3.9837262292108098,0.6563937705044448,-0.006872101314392784
4839,training,0.00016268588660750538,8.136453106999397e-05,0.017728444707234958,4.023629921531382,0.6561120589862214,-0.007232967000564199
4840,training,0.0009164427174255252,0.008222781121730804,0.017728444707234958,4.063593110532126,0.655826554497084,-0.007327130786601673
4841,training,0.00045008977758698165,0.0075949919410049915,0.017728444707234958,4.103737171254141,0.6555247424409564,-0.007478158165263171
4842,training,0.0003181606880389154,0.00032599549740553076,0.017728444707234958,4.143541509619654,0.6552444523959863,-0.006583761852247859
4843,training,0.0010914893355220556,0.011228055693209171,0.017728444707234958,4.163543127040701,0.6551224774942402,-0.00581002377817184
4844,training,0.000466208002762869,0.01727820187807083,0.017728444707234958,4.223594911091045,0.6547975083168889,-0.005548890102886222
4845,training,0.0010005964431911707,0.01400400884449482,0.024075904946540848,4.2635080113669925,0.6545789290375511,-0.005641108945325255
4846,training,0.0002597864659037441,0.0005708266980946064,0.024075904946540848,4.303660540870237,0.6543484560674243,-0.005725842981444959
4847,training,0.0004992986796423793,0.01615016721189022,0.024075904946540848,4.34349168289678,0.6541258627586334,-0.005147999954168399
4848,training,0.0005939665716141462,0.013843035325407982,0.024075904946540848,4.383509371343116,0.6539621281305177,-0.0027657172545214343
4849,training,0.00042015028884634376,0.01358901709318161,0.024075904946540848,4.423559799343603,0.6538662258503022,-0.002336210460356377
4850,training,0.001063456293195486,0.018202900886535645,0.024075904946540848,4.443467643968352,0.653821239522508,-0.002402491659037266
4851,training,0.00026607405743561685,0.005529433488845825,0.030945362897305883,4.483469043564045,0.6537295797236786,-0.0024599337991289974
4852,training,0.0004759158182423562,0.00184249272570014,0.030945362897305883,4.523559153736143,0.6536229360009257,-0.0026995923680986737
4853,training,0.0009132231352850795,0.008534020744264126,0.030945362897305883,4.583434859015076,0.6534651758499623,-0.002829609599255055
4854,training,0.0018390484619885683,0.021237360313534737,0.030945362897305883,4.623566948925043,0.6533402816249191,-0.0030488139060931597
4855,training,0.0017958993557840586,0.002329330425709486,0.030945362897305883,4.663392919951832,0.6532249939620141,-0.003182268551939085
4856,training,0.001375124091282487,0.009892917238175869,0.030945362897305883,4.6834032793403315,0.6531639628025858,-0.0032079252933572976
4857,training,0.0014486340805888176,0.016406556591391563,0.03100673106352601,4.723553790693697,0.6530262643905852,-0.0033552694268233017
4858,training,0.0038306794594973326,0.00855111051350832,0.03100673106352601,4.7633763496302635,0.6528940449852074,-0.003574329951884915
4859,training,0.0021363666746765375,0.0058991797268390656,0.03100673106352601,4.803440734111897,0.6527544264993156,-0.003630452704077153
4860,training,0.0011989206541329622,0.00555489957332611,0.03100673106352601,4.843434970646563,0.6526041233233598,-0.0035179855761539014
4861,training,0.0019474733853712678,0.018187426030635834,0.03100673106352601,4.88332691375814,0.6524938354826842,-0.002341486427354334
4862,training,0.001146641094237566,0.01957620121538639,0.033633925546399907,4.923473399975185,0.6524137047648387,-0.0018424163171729994
4863,training,0.002864890731871128,0.019817471504211426,0.033633925546399907,4.983298010642485,0.6522962614067814,-0.002107939875077491
4864,training,0.0016075762687250972,0.008293339982628822,0.033633925546399907,5.023435889723299,0.6522120371676668,-0.0021857948813110047
4865,training,0.0009590013651177287,0.004264743532985449,0.033633925546399907,5.063316724997931,0.6521172291972935,-0.002444641300052467
4866,training,0.0005676730070263147,0.027393437922000885,0.033633925546399907,5.1033031988970885,0.6520240642371744,-0.002494158129134366
4867,training,0.001045329961925745,0.0312731065787375,0.033633925546399907,5.14341808552602,0.6519133800222661,-0.0027296381430866887
4868,training,0.0009895965922623873,0.013596708420664072,0.035171622961371406,5.183247989778701,0.6518216467462634,-0.0019629351546504264
4869,training,0.0006888779462315142,0.008176250383257866,0.035171622961371406,5.223340928473742,0.6517718548841759,-0.0005996188407893739
4870,training,0.0014953676145523787,0.00320463627576828,0.035171622961371406,5.263280854893258,0.6517604622709,-8.595352400922717e-05
4871,training,0.0009201744105666876,0.008332081139087677,0.035171622961371406,5.303215214667289,0.6517618874828534,-7.715214727143875e-05
4872,training,0.0008441894315183163,0.019332464784383774,0.035171622961371406,5.343372056899553,0.6517529869015858,-0.00013206075613675795
4873,training,0.0014429447473958135,0.03519154712557793,0.035716924725808515,5.383196004534323,0.6517524032310147,-0.00013561174024997023
4874,training,0.0006520064198412001,0.027430245652794838,0.035716924725808515,5.403186100990551,0.6517524241307838,-0.00013548086447537106
4875,training,0.0012641134671866894,0.008560402318835258,0.035716924725808515,5.4433407296672565,0.6517446416562586,-0.00018350844027446107
4876,training,0.0007633175700902939,0.008126703090965748,0.035716924725808515,5.483181892386946,0.6517374381920432,-0.0002278933949407028
4877,training,0.0006519192829728127,0.012592066079378128,0.035716924725808515,5.523206878861305,0.6517332205958043,-0.0002539246792816693
4878,training,0.000676950381603092,0.007378244772553444,0.035716924725808515,5.583168544597787,0.6517106222985973,-0.00039330968918336483
4879,training,0.0014015398919582367,0.015542353503406048,0.031890500316393705,5.62316697842971,0.6516993846579655,-0.00046252804783237025
4880,training,0.0008864281699061394,0.01748853549361229,0.031890500316393705,5.663258098293527,0.6516709801487407,-0.0006314765095072426
4881,training,0.0005885999416932464,0.010547018609941006,0.031890500316393705,5.703105700648511,0.6516509481309617,-0.0007498271284300973
4882,training,0.0007708898046985269,0.004931404255330563,0.031890500316393705,5.743214655692526,0.6516217614699223,-0.0008798708199387298
4883,training,0.0003822729049716145,0.0037308111786842346,0.031890500316393705,5.783145017210554,0.6515792549655088,-0.0010944292015404712
4884,training,0.00036734744207933545,0.018275544047355652,0.031890500316393705,5.803082273007989,0.6515592878663091,-0.00115445345900694
4885,training,0.0008977855322882533,0.017510171979665756,0.028712344761609415,5.84316806220996,0.6515153380893141,-0.0012502734462858105
4886,training,0.0008357993792742491,0.08275642059743404,0.028712344761609415,5.883137320017487,0.6514574669856261,-0.0014845483463665045
4887,training,0.00014358811313286424,0.06550299376249313,0.028712344761609415,5.943048005506806,0.6516376945349511,0.010894897133066754
4888,training,0.0007160174427554011,0.0745466873049736,0.028712344761609415,5.963111428256091,0.6518961671006285,0.01591810661617712
4889,training,0.00036171788815408945,0.08089088276028633,0.028712344761609415,6.002877186319031,0.652708283807888,0.024937054361051692
4890,training,0.0006626461399719119,0.0647636130452156,0.028712344761609415,6.0428400608679596,0.6538914070904464,0.03432287518835666
4891,training,0.000463867443613708,0.06743149645626545,0.032677789233152156,6.102686582763406,0.656268935844478,0.043899022776324625
4892,training,0.0009677470661699772,0.08405692875385284,0.032677789233152156,6.142628512620382,0.65810457861444,0.04766160751661549
4893,training,0.0009936917340382934,0.0860847681760788,0.032677789233152156,6.162675539585612,0.6590797897879579,0.05105884151498114
4894,training,0.0008478950476273894,0.08959784731268883,0.032677789233152156,6.222290286399314,0.6625307189789206,0.0643231699535453
4895,training,0.0003564625803846866,0.05031500104814768,0.032677789233152156,6.262252298788412,0.66526648272551,0.07254511733986303
4896,training,0.00042764656245708466,0.08358349651098251,0.032677789233152156,6.302058079254407,0.6681924037766839,0.07226696130890116
4897,training,0.0004721115983556956,0.06945151602849364,0.023409235222391928,6.3419060847437505,0.6710589083150842,0.07177924217743249
4898,training,0.0004742483142763376,0.06477638566866517,0.023409235222391928,6.361925068862491,0.6724994559216779,0.0718019665282345
4899,training,0.0011335361050441861,0.026430079713463783,0.023409235222391928,6.401753162638839,0.6753473440017925,0.07082954236375753
4900,training,0.0012032360536977649,0.014256980270147317,0.023409235222391928,6.461620963844722,0.6795280389329121,0.06782064192416523
4901,training,0.0010349121876060963,0.012110345065593723,0.023409235222391928,6.48170666954301,0.6808713447234572,0.06517205640509345
4902,training,0.0006064638728275895,0.0071137333288788795,0.023409235222391928,6.521482556429952,0.6833305389219173,0.05908027268680834
4903,training,0.002342717256397009,0.04610951989889145,0.019972182386044403,6.561481095910042,0.6856179216914621,0.055452899061538885
4904,training,0.003381855320185423,0.0022086575627326965,0.019972182386044403,6.601531868845002,0.6877437414690213,0.04794077606493107
4905,training,0.0024796570651233196,0.03197207301855087,0.019972182386044403,6.641444433070383,0.6894096748353801,0.03599842437325486
4906,training,0.0018260878277942538,0.0009678080677986145,0.019972182386044403,6.701637278372191,0.6911684501988524,0.024373913609737737
4907,training,0.0017558552790433168,0.009600397199392312,0.019972182386044403,6.741531561780876,0.6919705290584085,0.014941160778900498
4908,training,0.0004636858939193189,0.02334615401923657,0.01845625651751337,6.781744307096719,0.6923643313909288,0.004524025273422308
4909,training,0.0002617815916892141,0.026181267574429512,0.01845625651751337,6.82172071597283,0.6923506351148632,-0.004469664920247327
4910,training,0.000599634600803256,0.011732116341590881,0.01845625651751337,6.861728702717664,0.6920126017956446,-0.012190892687146957
4911,training,0.0009002411970868707,0.0006293859332799946,0.01845625651751337,6.901899364389711,0.6913899792914773,-0.017904846330092917
4912,training,0.0007072295411489904,0.0069950800389051455,0.01845625651751337,6.941743594180445,0.6905925742988329,-0.022015990893963104
4913,training,0.0007192629855126143,0.003599422983825205,0.01845625651751337,6.981829372323889,0.6896560402912203,-0.024604558839088207
4914,training,0.002111602807417512,0.010091766278492287,0.01792080409069459,7.0217930211825825,0.6886399753360005,-0.026577643427446007
4915,training,0.0004568630247376859,0.00021021300926804543,0.01792080409069459,7.061693629824188,0.6875627219388958,-0.0273229509775669
4916,training,0.0018192192073911428,0.013146729208528996,0.01792080409069459,7.101832276840766,0.6864573324288198,-0.027749367210583686
4917,training,0.0013105954276397824,0.02153572882525623,0.01792080409069459,7.1416500353385475,0.6853360215617137,-0.029364580181958772
4918,training,0.0003367420576978475,0.006983183789998293,0.01792080409069459,7.181669631581766,0.6841274565754446,-0.030964066277307915
4919,training,0.0005285271909087896,0.0160769484937191,0.01792080409069459,7.22169351833667,0.6828820252787349,-0.03139271178547488
4920,training,0.00034800407593138516,0.019386110827326775,0.020903313720306186,7.2615383908451285,0.6816303897117997,-0.03171525441436795
4921,training,0.00018766878929454833,0.013667305931448936,0.020903313720306186,7.301648983664424,0.6803555068541332,-0.031843245558811045
4922,training,0.0004818528541363776,0.024390706792473793,0.020903313720306186,7.341499442451335,0.67909479482666,-0.032017765679074384
4923,training,0.0003517782606650144,0.023881498287664726,0.020903313720306186,7.381451917304293,0.6778268600957594,-0.03118123199618797
4924,training,0.0008593191159889102,0.027551036328077316,0.020903313720306186,7.421551626788347,0.6765978314530211,-0.03041567354442937
4925,training,0.001124651520512998,0.0047473483718931675,0.025124361112756115,7.461343494967893,0.6753835580278804,-0.030903658146787617
4926,training,0.00013732272782362998,0.018324391450732946,0.025124361112756115,7.501417220810872,0.6741441942004409,-0.03109793997731064
4927,training,4.3189837015233934e-05,0.010326219722628593,0.025124361112756115,7.541368202932068,0.6729438106314122,-0.028295635683444627
4928,training,0.0003747451410163194,0.009812648902880028,0.025124361112756115,7.581258666448578,0.6718956673939337,-0.02519143151373362
4929,training,3.871627268381417e-05,0.0007796402787789702,0.025124361112756115,7.621397558854121,0.6709013723221088,-0.024607308021642616
4930,training,0.0002158119314117357,0.004547577351331711,0.025124361112756115,7.661204591426582,0.6699224154850477,-0.024978866215936542
4931,training,0.00032790593104436994,0.04807067196816206,0.027011582818402553,7.681184821340435,0.6694248763818113,-0.025093995899220786
4932,training,0.0008186750346794724,0.05862473929300904,0.027011582818402553,7.721305588964376,0.6684486652994409,-0.020364047435865746
4933,training,0.00018096034182235599,0.049905366729944944,0.027011582818402553,7.780984002713562,0.6677576275049403,-0.002405083681719717
4934,training,0.00015502222231589258,0.0319140125066042,0.027011582818402553,7.800996716864539,0.6677665113869362,0.0033583298442769914
4935,training,0.0008574805106036365,0.03956264862790703,0.027011582818402553,7.860916114984978,0.6683660338440476,0.016002352561300125
4936,training,0.00022998728672973812,0.029794026631861925,0.027011582818402553,7.900851582738085,0.6691607280473811,0.023789419656688373
4937,training,0.0005477335653267801,0.04832876985892653,0.028554060992716984,7.920923229412062,0.6696661534155726,0.027194205499319637
4938,training,0.00042470835614949465,0.0402764524333179,0.028554060992716984,7.960780085662223,0.6708805793006253,0.034689341555285816
4939,training,0.00029784554499201477,0.059157006442546844,0.028554060992716984,8.020693478363082,0.6733565627093421,0.04749772246777687
4940,training,0.00034045157372020185,0.03303857147693634,0.028554060992716984,8.060530345817725,0.6753861515775198,0.054162639176149906
4941,training,0.000419258838519454,0.0003231428563594818,0.028554060992716984,8.100372008662712,0.6776406005765003,0.057115533828075014
4942,training,0.000497586268465966,0.007144894450902939,0.028554060992716984,8.140517763939897,0.6798594409139939,0.050427342303272386
4943,training,0.0002462129923515022,0.010265138000249863,0.025598387948254194,8.180330919860749,0.6816325966682001,0.03825959462995575
4944,training,0.0003562264610081911,0.008792612701654434,0.025598387948254194,8.200349557194015,0.6823396047158303,0.03207972008029341
4945,training,0.00034825311740860343,0.005547966808080673,0.025598387948254194,8.260554321989366,0.6837514981604922,0.015401642325414815
4946,training,0.0008482069242745638,0.011496575549244877,0.025598387948254194,8.300487030585433,0.6841702604991732,0.005848096307649474
4947,training,0.0011082716519013047,0.0037718452513217926,0.025598387948254194,8.34068995509591,0.6842618088616993,-0.0006671005052291003
4948,training,0.0006703939288854599,0.00789792835712433,0.029184241945364016,8.380592382802485,0.6841407874249255,-0.004966461156630997
4949,training,0.0005795611068606377,0.002919422462582588,0.029184241945364016,8.440718598623153,0.683693442293975,-0.00951396908841168
4950,training,0.0007331715896725655,0.007986670359969139,0.029184241945364016,8.480644669246624,0.6832429984389361,-0.013158007055337628
4951,training,0.0008186579216271639,0.01900674356147647,0.029184241945364016,8.520630160452118,0.6826578513836649,-0.016127196453543734
4952,training,0.0034211413003504276,0.012995593249797821,0.029184241945364016,8.56077212041193,0.6819660459578418,-0.017737129106601347
4953,training,0.0017649350920692086,0.0084384111687541,0.030571484144696306,8.600590129595037,0.6812275197992952,-0.019952441387743634
4954,training,0.001090868841856718,0.014940319117158651,0.030571484144696306,8.640680438076096,0.6803895918963122,-0.02173738002403761
4955,training,0.001040088478475809,0.01618889207020402,0.030571484144696306,8.680635829370063,0.6795023895660147,-0.022935522417674613
4956,training,0.0008206820348277688,0.0017901831306517124,0.030571484144696306,8.740617642771689,0.6780744198822618,-0.024886149693565097
4957,training,0.0006286062998697162,0.0110874492675066,0.030571484144696306,8.760697612790104,0.6775688697262674,-0.025089388288979404
4958,training,0.0010821614414453506,0.028570596128702164,0.035269357438715614,8.800502648881249,0.6765735175894165,-0.025383507917757342
4959,training,0.0012797918170690536,0.03200225159525871,0.035269357438715614,8.840529461672677,0.6755582896147916,-0.025582654260169167
4960,training,0.0009853276424109936,0.03377319127321243,0.035269357438715614,8.86061544905093,0.6750414921995399,-0.02556487025324053
4961,training,0.0004495280154515058,0.03395562991499901,0.035269357438715614,8.920406747441941,0.6735142699259077,-0.025931554944948625
4962,training,0.0014349387492984533,0.03142184764146805,0.035269357438715614,8.960530199608206,0.6724714141791335,-0.026041961688290337
4963,training,0.0005821730592288077,0.014615870080888271,0.035269357438715614,9.000384947676329,0.6714385372588185,-0.026250012951992172
4964,training,0.0013809272786602378,0.026059675496071577,0.035269357438715614,9.040357349775316,0.6703899129876809,-0.026471794275868675
4965,training,0.0007462782668881118,0.005344495177268984,0.025894995528187036,9.060437105456728,0.6698622392799647,-0.025896283849265334
4966,training,0.0012092821998521686,0.019392401911318302,0.025894995528187036,9.100301444695553,0.6688668038973836,-0.02408578845120685
4967,training,0.0009885912295430899,0.004526937846094371,0.025894995528187036,9.140241633666456,0.6679492787462529,-0.022486288353395792
4968,training,0.0002613780670799315,0.008537079673260452,0.025894995528187036,9.160317142500844,0.6675025027075387,-0.022030324298948335
4969,training,0.0005952016217634082,0.017852747812867165,0.025894995528187036,9.200225678657436,0.6666484357407717,-0.020611496385362006
4970,training,0.0010676328092813492,0.022028448060154915,0.025894995528187036,9.260201338819309,0.6655307942764843,-0.01654867846719123
4971,training,0.0009722391259856522,0.030724771320819855,0.021107252912286194,9.280279673355096,0.6651967084748094,-0.01638848772629098
4972,training,0.0020367952529340982,0.04284581542015076,0.021107252912286194,9.320094105851526,0.664543172721166,-0.0166912851491651
4973,training,0.002248317701742053,0.04115065932273865,0.021107252912286194,9.360139903158684,0.6638770054800313,-0.016822096924184796
4974,training,0.002751116408035159,0.03377243736758828,0.021107252912286194,9.400153685217058,0.6632004283868799,-0.01703165653432431
4975,training,0.0031768097542226315,0.010172830894589424,0.021107252912286194,9.460075171309516,0.6622120220048962,-0.015770823094071074
4976,training,0.0015028093475848436,0.009697770699858665,0.021107252912286194,9.50010632931481,0.66161243967935,-0.013790070934622641
4977,training,0.0008873692713677883,0.022176366299390793,0.024268669763911514,9.53996455839504,0.6611011915618378,-0.012806071156440155
4978,training,0.0009469926590099931,0.020351804792881012,0.024268669763911514,9.60009217307558,0.6603257148823595,-0.01309957215458429
4979,training,0.0012055300176143646,0.030228411313146353,0.024268669763911514,9.619979762614033,0.6600667762044735,-0.013223153695311548
4980,training,0.0006819792906753719,0.030809575226157904,0.024268669763911514,9.659946860767867,0.6595460819016478,-0.012697878439381582
4981,training,0.000840816181153059,0.021407263353466988,0.024268669763911514,9.700071842369498,0.6590567760459078,-0.011360351559069504
4982,training,0.0012531151296570897,0.023495797882787883,0.024268669763911514,9.739865990000059,0.6586456140757113,-0.009246143655007984
4983,training,0.0008375889156013727,0.01757671684026718,0.02132914643860896,9.779947811030379,0.6583013514295384,-0.008605968873402273
4984,training,0.0006353211356326938,0.011079496704041958,0.02132914643860896,9.819912893318733,0.6579498494387546,-0.00896958930676471
4985,training,0.0007348556537181139,0.013461204245686531,0.02132914643860896,9.839837489670716,0.6577727731803884,-0.00902753660311112
4986,training,0.0009461355512030423,0.000173135194927454,0.02132914643860896,9.879897938127545,0.6574143390202791,-0.00910362525462577
4987,training,0.0008105033775791526,0.00927463686093688,0.02132914643860896,9.939815231175979,0.6568560370779604,-0.009526063181458017
4988,training,0.0005939578404650092,0.009986729361116886,0.02132914643860896,9.979839783391158,0.6565140255194618,-0.007029655945854313
4989,training,0.000866987684275955,0.017133311892393976,0.01117612867857805,9.999929013264255,0.6563784129495024,-0.006196920232168417
4990,training,0.0008439760422334075,0.016835175454616547,0.01117612867857805,10.039779728351334,0.6561409628320993,-0.006060490503673747
4991,training,0.0007278164848685265,0.009283997118473053,0.01117612867857805,10.099885359726617,0.6557757524493829,-0.006215908609946393
4992,training,0.0007908451952971518,0.008176706731319427,0.01117612867857805,10.139767774347503,0.6555179822437943,-0.006594895227257493
4993,training,0.0006878058193251491,0.004118794109672308,0.01117612867857805,10.179750853914816,0.6552586593073483,-0.006655836571994719
4994,training,0.0008053497294895351,0.002574151847511528,0.005382998840800603,10.21987107480364,0.6549825632159368,-0.006965756083449694
4995,training,0.0002626478672027588,0.005622330587357283,0.005382998840800603,10.259693067670238,0.6547204353968555,-0.006167507780489426
4996,training,0.0005908316816203296,0.01255866326391697,0.005382998840800603,10.299782823500001,0.654503324759167,-0.004756695972940836
4997,training,0.0004273098020348698,0.002524462528526783,0.005382998840800603,10.339710633909624,0.6543373710638078,-0.003060028103322127
4998,training,0.00023276987485587597,0.0010078069753944874,0.005382998840800603,10.359634644173733,0.6542891772349744,-0.0024046185282287536
4999,training,0.0006486396305263042,0.003613139968365431,0.005382998840800603,10.419789262312866,0.6541404156265948,-0.002537001545376642
5000,training,0.0013914210721850395,0.0011701243929564953,0.003122659793185158,10.45961736269122,0.6540378998315081,-0.002763808867779438
5001,test,0,0.014250233769416809,0.003122659793185158,10.47960590874945,0.6539854789094016,-0.002774396090352498
5002,test,0,0.013841826468706131,0.003122659793185158,10.51974518340475,0.6539024924712402,-0.0006492311045601246
5003,test,0,0.013345509767532349,0.003122659793185158,10.539674765380116,0.653899910986424,0.000347223560515435
5004,test,0,0.012555213645100594,0.003122659793185158,10.599582048957735,0.6540445222000523,0.004346962423597696
5005,test,0,0.011522947810590267,0.003122659793185158,10.619669456991543,0.6541408324153499,0.005538957797944004
5006,test,0,0.010032406076788902,0.003122659793185158,10.659517917370522,0.6544011594652811,0.007595078714833351
5007,test,0,0.02304672170430422,0.011322371509109249,10.71959119587976,0.6549567616921377,0.010829146918694152
5008,test,0,0.024288229644298557,0.011322371509109249,10.75947590499013,0.6554308003079905,0.013076912574792838
5009,test,0,0.02205620799213648,0.011322371509109249,10.799428969689721,0.6559951505947491,0.014904828341164923
5010,test,0,0.024252448230981827,0.011322371509109249,10.839577084466747,0.6566139048513976,0.01652256763273928
5011,test,0,0.017656273674219847,0.011322371509109249,10.859428789497327,0.6569590864277203,0.017500349267663026
5012,test,0,0.022561653051525354,0.0036880796732531224,10.919424277390622,0.658080065593507,0.019642738257150717
5013,test,0,0.07300146808847785,0.0036880796732531224,10.939506431904265,0.6584724527537464,0.020214151517713136
5014,test,0,0.07123002177104354,0.0036880796732531224,10.99928681264386,0.6597470244105617,0.021993867552337953
5015,test,0,0.07129085762426257,0.0036880796732531224,11.039432559232246,0.6606416924768793,0.022723702836097547
5016,test,0,0.07492154790088533,0.0036880796732531224,11.079245075739484,0.6615705904284006,0.023655267836123765
5017,test,0,0.07240748964250088,0.0036880796732531224,11.09921817097618,0.6620490274627466,0.02396372551312054
5018,test,0,0.0724253379739821,0.0036880796732531224,11.159301497307297,0.663508356841711,0.024746697705611272
5019,test,0,0.022823233157396317,0.012355477575265875,11.199155941275404,0.6645065344670729,0.025043136508197027
5020,test,0,0.0222583981230855,0.012355477575265875,11.239278913755633,0.6655149664900604,0.025103767121653665
5021,test,0,0.02442618412896991,0.012355477575265875,11.27915471958567,0.666516732178037,0.025165128695914165
5022,test,0,0.02181516168639064,0.012355477575265875,11.319121396156529,0.6675267497220907,0.025048985538275198
5023,test,0,0.022338653448969126,0.012355477575265875,11.339208114587706,0.6680280651635886,0.0248510322284177
5024,test,0,0.02240159036591649,0.01902575451293019,11.399054616874258,0.6694991146613524,0.024235887231306322
5025,test,0,0.023572697769850492,0.01902575451293019,11.43914250637053,0.6704616283930817,0.023566751881740462
5026,test,0,0.02575050899758935,0.01902575451293019,11.479099400070988,0.6713854888643324,0.022889540451503237
5027,test,0,0.023360089864581823,0.01902575451293019,11.519018367313317,0.6722917120426898,0.022249387070214278
5028,test,0,0.02419171715155244,0.01902575451293019,11.559179492385498,0.6731650546688205,0.021413176387150675
5029,test,0,0.025346739683300257,0.01902575451293019,11.598996498787256,0.6740153928156013,0.02102503112726293
5030,test,0,0.02355135465040803,0.01902575451293019,11.639035424749373,0.6748517172090231,0.020525738095634988
5031,test,0,0.022090491373091936,0.023066053039455255,11.679064346228268,0.6756564604553676,0.02012290708332895
5032,test,0,0.020390265155583624,0.023066053039455255,11.718942076873358,0.6764537010719733,0.019585795141232886
5033,test,0,0.019710255786776543,0.023066053039455255,11.759086841987282,0.677222140650962,0.018535220088405847
5034,test,0,0.01913132704794407,0.023066053039455255,11.779064395780667,0.6775844568336521,0.01815674516518549
5035,test,0,0.024851416703313582,0.029961978834447647,11.838951734314989,0.6786175470062509,0.015978626096869033
5036,test,0,0.02277205884456634,0.029961978834447647,11.87909082254683,0.6792193755150681,0.014611108227841072
5037,test,0,0.02273143082857132,0.029961978834447647,11.918905008202964,0.6797786187947593,0.013002155062050076
5038,test,0,0.023637013509869576,0.029961978834447647,11.959022575936824,0.680263420989322,0.010945242440536778
5039,test,0,0.024526583030819893,0.029961978834447647,11.998977227990716,0.6806590755320877,0.009154339832976267
5040,test,0,0.02873512776568532,0.029961978834447647,12.018915483591206,0.6808320333939534,0.00809210506755354
5041,test,0,0.026804412249475718,0.025772752938674665,12.079098323630106,0.6812328562674855,0.00580185537216092
5042,test,0,0.02546977298334241,0.025772752938674665,12.118917899633933,0.6814614378751972,0.005269142131457074
5043,test,0,0.027815162669867277,0.025772752938674665,12.158978052987019,0.6816642697734834,0.004691993852788994
5044,test,0,0.029856931418180466,0.025772752938674665,12.199007133525766,0.6818461024280704,0.004945730333003113
5045,test,0,0.025617795530706644,0.025772752938674665,12.218912945173244,0.6819479221695076,0.005193216241366249
5046,test,0,0.0239716952200979,0.025772752938674665,12.279037696974244,0.6822869282326618,0.0060638055344978
5047,test,0,0.04115572292357684,0.025772752938674665,12.298993260260955,0.6824088593722183,0.006689952831868883
5048,test,0,0.04289854131639004,0.017750332105837378,12.358891747377497,0.6828584000028021,0.008380532242699806
5049,test,0,0.04117004945874214,0.017750332105837378,12.398984631869187,0.6832200904671732,0.010253120523663646
5050,test,0,0.0434655025601387,0.017750332105837378,12.4388075330056,0.6836756687073657,0.012457681912786515
5051,test,0,0.04092408251017332,0.017750332105837378,12.478907638831828,0.6842255308223969,0.01509913501283564
5052,test,0,0.039559587836265564,0.017750332105837378,12.498958981461481,0.6845297171921825,0.016580803049958893
5053,test,0,0.04950991552323103,0.017750332105837378,12.538725460768472,0.6852609530449273,0.01946092457301952
5054,test,0,0.048255467787384994,0.024777460310528274,12.598878948969311,0.686507708968143,0.021798206552223556
5055,test,0,0.05855666100978851,0.024777460310528274,12.618747921582816,0.6869565797059662,0.02294569781489471
5056,test,0,0.05650775134563446,0.024777460310528274,12.658639338938412,0.6879328011191488,0.025930034174520646
5057,test,0,0.055172450840473175,0.024777460310528274,12.718654972160694,0.6896250443417681,0.030812325416108295
5058,test,0,0.06223518634214997,0.024777460310528274,12.758511432340239,0.6909192198746273,0.033679854733417745
5059,test,0,0.05002258298918605,0.024777460310528274,12.79863226916782,0.6922945781844705,0.034898829853926776
5060,test,0,0.03740950347855687,0.024155757482489354,12.83843138620781,0.6937051516959252,0.03549544592816236
5061,test,0,0.03397695021703839,0.024155757482489354,12.878419888945032,0.6951297107812825,0.035387950618116386
5062,test,0,0.03932746080681681,0.024155757482489354,12.918494204378497,0.6965266727274637,0.03429767498971335
5063,test,0,0.05584023939445615,0.024155757482489354,12.958318816892259,0.6978793073233377,0.03325285197214672
5064,test,0,0.04046406270936131,0.024155757482489354,12.998429397506714,0.6991910298216384,0.031975865793239924
5065,test,0,0.042013104539364576,0.026350734118311275,13.03833052263851,0.7004420802882233,0.030830202151624717
5066,test,0,0.04262644099071622,0.026350734118311275,13.078277584228642,0.7016570937229382,0.02973813753769171
5067,test,0,0.042775111738592386,0.026350734118311275,13.098358761685816,0.7022493119073991,0.029216372771137426
5068,test,0,0.050325565040111535,0.026350734118311275,13.158219825722282,0.7039730125960743,0.028447263902019935
5069,test,0,0.03449787013232708,0.026350734118311275,13.19829092336335,0.7050975083876774,0.0271958825521865
5070,test,0,0.04462084360420704,0.026350734118311275,13.238299822815355,0.7061397135568588,0.024927826010087806
5071,test,0,0.040364144369959824,0.03389092162121942,13.278218166486639,0.7070544027300603,0.020676563196314494
5072,test,0,0.0919021791778505,0.03389092162121942,13.318405463468375,0.707794794050248,0.016328289926267853
5073,test,0,0.11777058942243457,0.03389092162121942,13.35826186067571,0.7084189642423614,0.015300242599734303
5074,test,0,0.11076187901198864,0.03389092162121942,13.378234131314473,0.7087319839997163,0.01590898632633971
5075,test,0,0.10555377509444953,0.03389092162121942,13.418368218480401,0.7093995353317171,0.01773789977374807
5076,test,0,0.12318129930645227,0.03389092162121942,13.458198085838301,0.7101616029094547,0.020463094673043546
5077,test,0,0.10605727322399616,0.03389092162121942,13.498176449414574,0.7110280600644491,0.02279989377727844
5078,test,0,0.11890514940023421,0.046243489721783396,13.55811914857302,0.7125028509634652,0.026713785491691226
5079,test,0,0.12699653021991253,0.046243489721783396,13.578054418168685,0.7130486539921714,0.02773123271719605
5080,test,0,0.10865758731961249,0.046243489721783396,13.618138731012156,0.7142009467015659,0.030051795762641723
5081,test,0,0.13392768986523151,0.046243489721783396,13.67793753153449,0.7161393486944314,0.035066536352622336
5082,test,0,0.12572491727769375,0.046243489721783396,13.697926345652945,0.7168573438158025,0.03664944870112427
5083,test,0,0.1580545678734779,0.046243489721783396,13.73804240648623,0.7183808743602513,0.039908536181045916
5084,test,0,0.15542052127420902,0.061683817879174936,13.777778278749878,0.7200542207637098,0.04395183503679174
5085,test,0,0.15811963565647602,0.061683817879174936,13.837829775882742,0.7228732414800952,0.05000619079180733
5086,test,0,0.1756049040704966,0.061683817879174936,13.857683993804223,0.7238892064818788,0.05217048555539152
5087,test,0,0.1669578030705452,0.061683817879174936,13.917496794470544,0.7272226712085221,0.059094951471820555
5088,test,0,0.1598401349037886,0.061683817879174936,13.957443734943041,0.7296627700799816,0.06271841283749827
5089,test,0,0.1724322447553277,0.0815163051951345,13.997178527418752,0.7322435360047306,0.06651774380112489
5090,test,0,0.08112813904881477,0.0815163051951345,14.017167097803624,0.7335885429349959,0.0674803118352274
5091,test,0,0.10667709447443485,0.0815163051951345,14.076999592989052,0.7376177498454478,0.066205323552993
5092,test,0,0.09757558628916742,0.0815163051951345,14.116903647644913,0.7402269769543253,0.06406788981757539
5093,test,0,0.08637461438775061,0.0815163051951345,14.156971756664696,0.7427275098978703,0.06016285313138516
5094,test,0,0.1293003149330616,0.0815163051951345,14.176797339310234,0.7439107540580386,0.057981228146182846
5095,test,0,0.13509250059723857,0.0815163051951345,14.236811782086969,0.7471105661015939,0.04796316416403966
5096,test,0,0.12413709610700607,0.0984746710411036,14.276782728353835,0.7488747928226994,0.04030257621101719
5097,test,0,0.05822388455271721,0.0984746710411036,14.316722963568807,0.7503425226986111,0.033053781235776555
5098,test,0,0.12268586829304695,0.0984746710411036,14.336814381604126,0.7509732867600374,0.029605354097991827
5099,test,0,0.12374441884458065,0.0984746710411036,14.396774091181559,0.7524413976290846,0.019639438925372302
5100,test,0,0.12365400977432728,0.09831669855426771,14.436853681044115,0.7531181763603488,0.013933073082958174
5101,test,0,0.11597250774502751,0.09831669855426771,14.47692896347289,0.7535640115786995,0.008999324169847537
5102,test,0,0.07002288103103639,0.09831669855426771,14.5168306368114,0.7538354868175908,0.004830365808549443
5103,test,0,0.07075308077037336,0.09831669855426771,14.55700043695348,0.7539648283810916,0.0017773793869797327
5104,test,0,0.12422005645930764,0.09831669855426771,14.596889538537967,0.753988160259257,-0.0007130166588272194
5105,test,0,0.10409940034151077,0.09534943387897664,14.636908494751692,0.7538835043258919,-0.004901551776779674
5106,test,0,0.10470541007816792,0.09534943387897664,14.677039621624125,0.7535909698021414,-0.008867116010225117
5107,test,0,0.03927121311426163,0.09534943387897664,14.716919842155185,0.7531486858587242,-0.013609454759155525
5108,test,0,0.09135437197983265,0.09534943387897664,14.757058396033132,0.7525050362622716,-0.018595330586583317
5109,test,0,0.09644521027803421,0.09534943387897664,14.797021090268261,0.7516710057268563,-0.023437956656116823
5110,test,0,0.09595786593854427,0.09534943387897664,14.836966497612874,0.7506518266221948,-0.02760678444106532
5111,test,0,0.024686797056347128,0.09001350736670703,14.877112261321159,0.7494784272189349,-0.030523433661128155
5112,test,0,0.02967318007722497,0.09001350736670703,14.916874604207534,0.7482374725231835,-0.0321213306894698
5113,test,0,0.03222778718918562,0.09001350736670703,14.956913127021915,0.7469421044283416,-0.0326507240829251
5114,test,0,0.024734106846153736,0.09001350736670703,14.996856818807565,0.7456586541368577,-0.03212716745426084
5115,test,0,0.02822704613208771,0.09001350736670703,15.03672833345441,0.7443916996941142,-0.03173030072916088
5116,test,0,0.04285429138690233,0.08280803616190796,15.076841272168279,0.7431330304750189,-0.030907149345867177
5117,test,0,0.05998319201171398,0.08280803616190796,15.11664563672686,0.7419324243001425,-0.030155608502830434
5118,test,0,0.07537971995770931,0.08280803616190796,15.15662976356268,0.7407457594891981,-0.02936086426053786
5119,test,0,0.07531770458444954,0.08280803616190796,15.196681905076701,0.7395984321211154,-0.028063239508863087
5120,test,0,0.09024231741204856,0.08280803616190796,15.236486030563922,0.7384989316636943,-0.027329117847848552
5121,test,0,0.10792577732354401,0.08280803616190796,15.2765784602356,0.737425143281333,-0.02623689607586925
5122,test,0,0.06228684028610588,0.0775463573772999,15.316456687647028,0.736415603892117,-0.024974686951588596
5123,test,0,0.10905138636007906,0.0775463573772999,15.356391242051924,0.7354443901427022,-0.023872950794290367
5124,test,0,0.10801134165376426,0.0775463573772999,15.39651144350009,0.7345099021982004,-0.022381753367037047
5125,test,0,0.10838437639176846,0.0775463573772999,15.436296320514998,0.7336544982405764,-0.02127629887208958
5126,test,0,0.10765614407137035,0.0775463573772999,15.476351825809902,0.7328294350190315,-0.020021311842945193
5127,test,0,0.056173275224864476,0.0775463573772999,15.496423933638534,0.7324335742215761,-0.019222374461090826
5128,test,0,0.05818140134215355,0.06834170483525026,15.556204594313867,0.7313478323586498,-0.01752699652012573
5129,test,0,0.05792493466287851,0.06834170483525026,15.596340183540809,0.7306655267468531,-0.01628158313767093
5130,test,0,0.07213965244591236,0.06834170483525026,15.616259450890796,0.7303522142703412,-0.015793981211552243
5131,test,0,0.057662089355289936,0.06834170483525026,15.67617354756509,0.729461422237433,-0.014191458414154921
5132,test,0,0.05703638447448611,0.06834170483525026,15.696262415872175,0.7291801255697176,-0.013602793561786198
5133,test,0,0.0587462242692709,0.06834170483525026,15.756074668151756,0.7284165111187336,-0.01223838879446699
5134,test,0,0.0578336315229535,0.0638990152681534,15.776103586281453,0.7281778327014501,-0.011779323487437175
5135,test,0,0.056659416295588017,0.0638990152681534,15.836082914955103,0.7275143147042923,-0.010508429746510683
5136,test,0,0.05827498156577349,0.0638990152681534,15.876043633448555,0.7271138675654744,-0.00978383239535878
5137,test,0,0.05697756726294756,0.0638990152681534,15.916180140241295,0.7267306979631858,-0.008991556425017196
5138,test,0,0.05824205046519637,0.0638990152681534,15.955986733660783,0.726388363277859,-0.008602885547134483
5139,test,0,0.05749247828498482,0.0638990152681534,15.996063888059066,0.7260573774876719,-0.008092270399150456
5140,test,0,0.05679971049539744,0.06010745009105086,16.01613991734339,0.7258929971490622,-0.007814162997144266
5141,test,0,0.05806949362158776,0.06010745009105086,16.07594536529417,0.7254441771858267,-0.0074006749798582695
5142,test,0,0.057832177728414536,0.06010745009105086,16.096006530841887,0.7252989717588527,-0.0072348603028548845
5143,test,0,0.05837227054871618,0.06010745009105086,16.155925921085174,0.724877540661029,-0.006929614028807261
5144,test,0,0.05734826112166047,0.06010745009105086,16.175904895304356,0.7247433376431464,-0.0067929971865657345
5145,test,0,0.058216308243572705,0.0508185072269856,16.235995002312798,0.7243449063808879,-0.006662608517117058
5146,test,0,0.05866079637780786,0.0508185072269856,16.275868473048746,0.7240890371473854,-0.0064547363455803005
5147,test,0,0.057785616256296635,0.0508185072269856,16.31599879477296,0.7238362802147617,-0.006214641022316431
5148,test,0,0.058076655026525266,0.0508185072269856,16.35588140762236,0.7235894323437649,-0.006218641864526622
5149,test,0,0.057489913888275616,0.0508185072269856,16.395857842582544,0.7233488667476969,-0.0061130716883566385
5150,test,0,0.0577784925699234,0.0508185072269856,16.415946674190472,0.7232264955264925,-0.0060759072410422246
5151,test,0,0.058073315769433975,0.0508185072269856,16.475804679645545,0.722860376868938,-0.00622554606928865
5152,test,0,0.05792320286855101,0.04507398890548129,16.51589537466974,0.7226147528675421,-0.006216353951736058
5153,test,0,0.0624048081226647,0.04507398890548129,16.55585193955173,0.7223637837323634,-0.006387887496627563
5154,test,0,0.05779024539515376,0.04507398890548129,16.595777086670463,0.7221138252567354,-0.006377864360174145
5155,test,0,0.05843123374506831,0.04507398890548129,16.615844885613647,0.7219871341897692,-0.006412837522387018
5156,test,0,0.05813585361465811,0.04507398890548129,16.675754795410533,0.721596237784659,-0.0066682405201995585
5157,test,0,0.058108159340918064,0.04295372503883217,16.715795222083724,0.7213339747932833,-0.006689115115775973
5158,test,0,0.058175073470920324,0.04295372503883217,16.755824373101177,0.7210634456377404,-0.006851858908981691
5159,test,0,0.05824605654925108,0.04295372503883217,16.79570469462003,0.720796242422365,-0.006811376315363398
5160,test,0,0.10698382603004575,0.04295372503883217,16.83584201275984,0.7205262367700264,-0.006679350303929333
5161,test,0,0.10769423097372055,0.04295372503883217,16.875712503538022,0.720258859259864,-0.006784200546460377
5162,test,0,0.10772571200504899,0.04295372503883217,16.915700132599547,0.7199951176898377,-0.0066756322593056385
5163,test,0,0.10729503445327283,0.04295372503883217,16.95581313876049,0.7197262904208376,-0.006589578706910398
5164,test,0,0.05836175987496972,0.041556835147260135,16.99563881189292,0.719469967289127,-0.0065604631898110695
5165,test,0,0.05856010853312909,0.041556835147260135,17.035738696219052,0.7192133477553853,-0.006385651642094337
5166,test,0,0.05859426781535149,0.041556835147260135,17.07567619034328,0.7189595873520511,-0.006345553483296176
5167,test,0,0.05790479620918631,0.041556835147260135,17.095607629458765,0.7188367070727227,-0.006234636877929268
5168,test,0,0.058691118145361536,0.041556835147260135,17.15576272643442,0.7184702132938846,-0.005883253123559144
5169,test,0,0.05793054215610027,0.04692847333626051,17.195578255359493,0.7182417447356346,-0.00581057352540597
5170,test,0,0.15684138517826793,0.04692847333626051,17.235628562276737,0.718020196794122,-0.0054954960099663774
5171,test,0,0.09612138010561466,0.04692847333626051,17.275641984815252,0.717802807847168,-0.005382384415688601
5172,test,0,0.15713970689103007,0.04692847333626051,17.315527998663434,0.7175997360268968,-0.005021784906355681
5173,test,0,0.15621029119938612,0.04692847333626051,17.355669145026948,0.7174072847209502,-0.004558437522000345
5174,test,0,0.15680410992354157,0.04692847333626051,17.395527407754503,0.717229099746778,-0.004395353214112055
5175,test,0,0.156330119818449,0.04834054160652995,17.435525559784164,0.7170671651383406,-0.0039562452021024925
5176,test,0,0.05839307326823473,0.04834054160652995,17.475613740758718,0.7169122464726989,-0.0037435642790314165
5177,test,0,0.0593634182587266,0.04834054160652995,17.51545744324964,0.7167785296339423,-0.0032542815799604424
5178,test,0,0.05838634818792343,0.04834054160652995,17.555565294609742,0.7166627959584627,-0.0026287002342003916
5179,test,0,0.05647937906906009,0.04834054160652995,17.595487741526327,0.7165641818410431,-0.002209298839094662
5180,test,0,0.057797910645604134,0.04834054160652995,17.61542391275612,0.7165264566004689,-0.0018501754456580646
5181,test,0,0.057821350172162056,0.04834054160652995,17.65550857782652,0.7164699629164134,-0.001125858597691645
5182,test,0,0.05813451437279583,0.05345713796181622,17.71539512409097,0.7164253539162893,-0.0003039325405954315
5183,test,0,0.05733450059778988,0.05345713796181622,17.755455520737186,0.7164299804563024,0.00030515072313864176
5184,test,0,0.058302243240177624,0.05345713796181622,17.79545685085819,0.7164485613028447,0.0007529643736581658
5185,test,0,0.05767210014164447,0.05345713796181622,17.81536995699674,0.7164681227244175,0.0010362107665471544
5186,test,0,0.05804084846749901,0.04966428409526053,17.87549655243796,0.7165573918492231,0.0018159900163319067
5187,test,0,0.05780515633523464,0.04966428409526053,17.915341766958313,0.7166386422363545,0.002325645701878373
5188,test,0,0.056695128791034215,0.04966428409526053,17.93531091555444,0.7166905171449531,0.0026458057584681323
5189,test,0,0.05716265505179763,0.04966428409526053,17.995430602183326,0.7168749350889919,0.003678601576999811
5190,test,0,0.05698640318587422,0.04966428409526053,18.035283586055797,0.7170391531439839,0.0043196222894831705
5191,test,0,0.05720460810698569,0.04966428409526053,18.075404370260085,0.7172251709650338,0.004886593225001929
5192,test,0,0.05695256311446428,0.04446194224744025,18.115318308566522,0.7174340071870041,0.005773514017195766
5193,test,0,0.05669195670634508,0.04446194224744025,18.15527313789611,0.7176812025626726,0.0063385800819939705
5194,test,0,0.05673844390548766,0.04446194224744025,18.175357214566883,0.7178113264961552,0.0066160410023461316
5195,test,0,0.05584992514923215,0.04446194224744025,18.215305425496243,0.718088081679709,0.007533714511251032
5196,test,0,0.0569386943243444,0.04446194224744025,18.25523339254469,0.7184040111538115,0.00801364160856604
5197,test,0,0.05699667939916253,0.04446194224744025,18.315289774144947,0.7189039942932186,0.009063272027109935
5198,test,0,0.07231399323791265,0.04446194224744025,18.355192405161837,0.7192778013840929,0.00941731426208567
5199,test,0,0.056925137992948294,0.037899659322040063,18.39534838993296,0.71965579525077,0.009607705838989587
5200,test,0,0.07353233965113758,0.037899659322040063,18.435180269949313,0.7200559899651258,0.010254692261972875
5201,test,0,0.07321303477510811,0.037899659322040063,18.455155100463394,0.7202643555352264,0.010347804381918442
5202,test,0,0.11840820824727416,0.037899659322040063,18.515255908241542,0.7208898829566367,0.011059732298346196
5203,test,0,0.12348848627880217,0.04201554939177202,18.55511931439789,0.721340043963293,0.011276403321399817
5204,test,0,0.12262179609388113,0.04201554939177202,18.595248094911046,0.7217997817937358,0.011578065937882145
5205,test,0,0.12224404327571392,0.04201554939177202,18.635134958334625,0.722272573446622,0.012321479658025504
5206,test,0,0.07353927474468945,0.04201554939177202,18.67510119046094,0.722774912012891,0.012572695920829713
5207,test,0,0.0728277605958283,0.04201554939177202,18.715252912529493,0.7232705039075421,0.013046993534421977
5208,test,0,0.0730307917110622,0.04201554939177202,18.755046201262697,0.7238140695448407,0.013480825714293083
5209,test,0,0.07324198260903357,0.04506948668361303,18.795130264546728,0.7243604710075046,0.013613195331019361
5210,test,0,0.11793975858017802,0.04506948668361303,18.835094154205756,0.7249066647127752,0.014150569876542486
5211,test,0,0.07170950667932628,0.04506948668361303,18.87500777734298,0.7254763694987134,0.014110864561093776
5212,test,0,0.07192459190264344,0.04506948668361303,18.915167808632848,0.7260339367647299,0.013916401195844037
5213,test,0,0.07911866391077638,0.04506948668361303,18.95499006096986,0.7265982991337547,0.014037618997645725
5214,test,0,0.07362600881606339,0.04506948668361303,18.99502464301186,0.7271573609501193,0.013662560089809445
5215,test,0,0.12302949884906411,0.04506948668361303,19.015123789376485,0.7274264081530311,0.013473719281045793
5216,test,0,0.12252006260678173,0.04581613232730381,19.074938919621815,0.7282412922367401,0.013477817290852642
5217,test,0,0.05646101990714669,0.04581613232730381,19.115078201196972,0.7287772144255333,0.013163955361713291
5218,test,0,0.11813150206580757,0.04581613232730381,19.154957540284716,0.7293017614947535,0.013256071926370292
5219,test,0,0.1186899752356112,0.04581613232730381,19.19494000905122,0.7298241694463152,0.012615487755504475
5220,test,0,0.07190241292119026,0.04581613232730381,19.235087700678264,0.7302895297574854,0.01158919323746335
5221,test,0,0.07229701615869999,0.05208890578060346,19.274908023980476,0.7307333756383166,0.010058212381171536
5222,test,0,0.07255641371011734,0.05208890578060346,19.294925559294118,0.7309288295124756,0.009120262317201349
5223,test,0,0.10921601764857768,0.05208890578060346,19.354987538809553,0.7313911362854482,0.006770258362109892
5224,test,0,0.10694463923573494,0.05208890578060346,19.394926547186646,0.7316240414790681,0.004672260574311258
5225,test,0,0.10913999564945698,0.05208890578060346,19.415007177308645,0.7317085843662008,0.003622255020293844
5226,test,0,0.10669405246153474,0.06332136341225211,19.47494098358145,0.7318554845069416,0.0015756854473533701
5227,test,0,0.1071709361858666,0.06332136341225211,19.494932012898868,0.7318817334758918,0.000776340540055081
5228,test,0,0.06592065887525678,0.06332136341225211,19.555040405959566,0.7318643653846711,-0.0010169578187021367
5229,test,0,0.10631926124915482,0.06332136341225211,19.594929915394207,0.7317977618415433,-0.0024968040780081065
5230,test,0,0.10496663674712181,0.06332136341225211,19.635085183259722,0.7316674997744949,-0.003966027929886813
5231,test,0,0.10259332135319711,0.06332136341225211,19.67496661041777,0.7314831401437464,-0.0054673916650229476
5232,test,0,0.055937472730875015,0.07540381581969928,19.714970309078254,0.7312298137941614,-0.00745960756618846
5233,test,0,0.10330311208963397,0.07540381581969928,19.735074679509886,0.7310694382405735,-0.008485038586519585
5234,test,0,0.08944097720086575,0.07540381581969928,19.794954018674073,0.7304563565118,-0.012270419247230884
5235,test,0,0.09479208290576935,0.07540381581969928,19.814978595846913,0.730200383641477,-0.013733818631771377
5236,test,0,0.09952971013262868,0.07260294966932838,19.875011981218815,0.7292613568133466,-0.01742086500278997
5237,test,0,0.09537440724670887,0.07260294966932838,19.914949681325105,0.7285376979717489,-0.018906191518674315
5238,test,0,0.08983092289417983,0.07260294966932838,19.95509553618489,0.7277600632827559,-0.0194873843983611
5239,test,0,0.0898340274579823,0.07260294966932838,19.994897983013868,0.7269850552173948,-0.019958657509863358
5240,test,0,0.08539369655773044,0.07260294966932838,20.03494917872085,0.726181168716057,-0.02051408451915156
5241,test,0,0.10191209288313983,0.07260294966932838,20.055036819009707,0.7257640499397094,-0.020940677158939016
5242,test,0,0.13967577181756496,0.07260294966932838,20.094856891316358,0.7249080692116163,-0.022529833565358093
5243,test,0,0.17191763781011105,0.06390373410164286,20.154976195929013,0.7234822476477748,-0.02501070307916078
5244,test,0,0.17417007684707642,0.06390373410164286,20.194818211401365,0.7224583806153284,-0.02702600411924839
5245,test,0,0.12510289810597897,0.06390373410164286,20.234815339963276,0.7213398386755216,-0.029159075135739038
5246,test,0,0.12191302515566352,0.06390373410164286,20.27489414580142,0.7201417176498424,-0.030757729835165084
5247,test,0,0.12487852992489931,0.06390373410164286,20.314703290818386,0.7188753859641107,-0.032892327428522675
5248,test,0,0.12471926538273692,0.06270708920464542,20.354799334680322,0.7175280791855877,-0.03441278954293205
5249,test,0,0.12336537661030889,0.06270708920464542,20.394674255348747,0.716142843817303,-0.03569716650858138
5250,test,0,0.11239945748820901,0.06270708920464542,20.434601353701314,0.7146962139815984,-0.036955613742424336
5251,test,0,0.11296111484989524,0.06270708920464542,20.47470644465434,0.7132006710312271,-0.03735610129388702
5252,test,0,0.11563549702987076,0.06270708920464542,20.494550621590378,0.7124656345723134,-0.0376384490598018
5253,test,0,0.12262193812057376,0.06270708920464542,20.554496727928488,0.7102111415226887,-0.03765783687211305
5254,test,0,0.1202428345568478,0.06270708920464542,20.594420635753618,0.7087193289215761,-0.037688195423795375
5255,test,0,0.10756310215219854,0.0708411764913844,20.634297444555347,0.7072101291383028,-0.03833767241219698
5256,test,0,0.0893149604089558,0.0708411764913844,20.67440997131815,0.705661088578956,-0.038920044775270696
5257,test,0,0.09901487687602639,0.0708411764913844,20.69431707779627,0.7048906864403953,-0.03926887237689195
5258,test,0,0.09259780636057259,0.0708411764913844,20.754185485641422,0.7024898490889615,-0.04114585449655149
5259,test,0,0.10748873883858322,0.0708411764913844,20.794215222278325,0.7008342930575926,-0.04171346119521979
5260,test,0,0.08291877992451191,0.0708411764913844,20.834005795743717,0.6991473284539307,-0.043150985760866525
5261,test,0,0.08827349729835988,0.1006999228852917,20.874097425500317,0.6973670060188194,-0.045767167810805
5262,test,0,0.08165968768298626,0.1006999228852917,20.894093021091564,0.6964461583457667,-0.04683627304820824
5263,test,0,0.06391395069658756,0.1006999228852917,20.9538620976952,0.693475720509691,-0.05282772895856614
5264,test,0,0.0648942645639181,0.1006999228852917,20.99393182356465,0.6912917698104292,-0.05568368785026948
5265,test,0,0.06294405460357666,0.1006999228852917,21.01377374129077,0.6901777243792125,-0.05726375928594047
5266,test,0,0.059585435315966606,0.1006999228852917,21.073693391535986,0.6866196416857385,-0.06151939527782067
5267,test,0,0.05894831754267216,0.10087580239710152,21.09370833818322,0.6853795223488969,-0.06239732989936476
5268,test,0,0.06822593184188007,0.10087580239710152,21.15338781611963,0.6815547656132602,-0.06591439111529408
5269,test,0,0.06976708583533764,0.10087580239710152,21.19342026131979,0.6789060402334066,-0.0660505654357372
5270,test,0,0.12850740924477577,0.10087580239710152,21.23313273965374,0.6763281699666249,-0.06444956914281623
5271,test,0,0.0758503656834364,0.10087580239710152,21.273065076325462,0.6737934621900988,-0.06219750783097288
5272,test,0,0.004004146438091993,0.10087580239710152,21.313015377064907,0.6713551612442744,-0.05989511255179707
5273,test,0,0.05966755701228976,0.08309039151443093,21.35277174496863,0.6689782083113924,-0.05977141663249285
5274,test,0,0.06186789087951183,0.08309039151443093,21.392811759069534,0.666590860539718,-0.0593057987759041
5275,test,0,0.07238472439348698,0.08309039151443093,21.412770045953206,0.6654216621589334,-0.05829011807373952
5276,test,0,0.061413539573550224,0.08309039151443093,21.472490780613978,0.6619817967749544,-0.05660826570973329
5277,test,0,0.011973345652222633,0.08309039151443093,21.51251356630745,0.6597573972853181,-0.05405036730107367
5278,test,0,0.06951872259378433,0.08309039151443093,21.532341891560055,0.6587028926164523,-0.053248629826257894
5279,test,0,0.06033853068947792,0.07106470515684564,21.57222089302257,0.656620866788174,-0.05117895081502616
5280,test,0,0.07309664785861969,0.07106470515684564,21.632118677826448,0.6536831883178045,-0.04705725610198989
5281,test,0,0.029763883911073208,0.07106470515684564,21.671982709667084,0.6518657111451321,-0.044349724454852586
5282,test,0,0.017967699095606804,0.07106470515684564,21.712070819910416,0.6501498229552141,-0.04077462521552307
5283,test,0,0.02434886945411563,0.07106470515684564,21.75181995123905,0.6486077958276257,-0.03750785175474809
5284,test,0,0.01808277703821659,0.05764410906022986,21.791815511991057,0.6471732925873863,-0.03416095445766847
5285,test,0,0.00830408371984959,0.05764410906022986,21.83179223265401,0.6458829184862904,-0.03056126011208372
5286,test,0,0.02622330468147993,0.05764410906022986,21.871628759048463,0.6447380216632577,-0.027260716544147648
5287,test,0,0.017481358721852303,0.05764410906022986,21.91173553283833,0.6437078444073406,-0.023775885870885118
5288,test,0,0.03927355632185936,0.05764410906022986,21.93169804134611,0.6432542963471809,-0.022007098831821746
5289,test,0,0.024921231903135777,0.05764410906022986,21.971515147516126,0.6424456815284787,-0.018897101556046857
5290,test,0,0.041512997820973396,0.05764410906022986,22.03163290338968,0.641443180022686,-0.01425376684864217
5291,test,0,0.038142915815114975,0.05757392520914677,22.071429546072583,0.6409376635793792,-0.011424513618637775
5292,test,0,0.02268440928310156,0.05757392520914677,22.111514124263795,0.6405340544539013,-0.008689244942321893
5293,test,0,0.03872482106089592,0.05757392520914677,22.131570243205367,0.6403650241888321,-0.0074449464816591735
5294,test,0,0.008671857416629791,0.05757392520914677,22.191361722972704,0.6400235272759135,-0.0042309931923078786
5295,test,0,0.038312382996082306,0.05757392520914677,22.21142885573598,0.6399479198680207,-0.003286611299895112
5296,test,0,0.03209228906780481,0.05170325971186043,22.271316953650253,0.6398110182503166,-0.0012245018971023024
5297,test,0,0.008859747584210709,0.05170325971186043,22.311358947699336,0.6397970515006296,0.00040680109919463155
5298,test,0,0.03017394337803125,0.05170325971186043,22.351375240508908,0.6398384487504399,0.0017706058180535361
5299,test,0,0.00847498094663024,0.05170325971186043,22.39125156368828,0.6399436605985516,0.0032266500620363884
5300,test,0,0.04150047246366739,0.05170325971186043,22.431385752261804,0.6400990211643017,0.004546974079506392
5301,test,0,0.04395400267094374,0.05170325971186043,22.471236559462767,0.6403025101453612,0.005823594724189273
5302,test,0,0.041188805364072316,0.03373152258032836,22.511225947400277,0.640568653774483,0.00735019059059395
5303,test,0,0.04187184385955334,0.03373152258032836,22.53131852572945,0.6407223454394649,0.008124274037993463
5304,test,0,0.04019165225327015,0.03373152258032836,22.591151450191308,0.6412934232497067,0.010991706564024657
5305,test,0,0.05726212449371815,0.03373152258032836,22.631251296114577,0.6417696655449177,0.01277128874502921
5306,test,0,0.053623256273567683,0.03373152258032836,22.671160167492516,0.6423173635322063,0.014988575545502167
5307,test,0,0.056010479107499116,0.03373152258032836,22.711086700443296,0.6429576687466578,0.01683712807175856
5308,test,0,0.05603064084425569,0.03723052521428793,22.751237208473075,0.6436576144778045,0.01857197451059243
5309,test,0,0.0479752290993929,0.03723052521428793,22.79101645307629,0.6444464880496678,0.02054753134534369
5310,test,0,0.054636594373732805,0.03723052521428793,22.83106157894444,0.6453026852294191,0.02209311830055016
5311,test,0,0.05514226574450731,0.03723052521428793,22.871052442207887,0.6462085739391213,0.023517782166362855
5312,test,0,0.05454036686569452,0.03723052521428793,22.91092694215534,0.6471735929848597,0.02458807855494646
5313,test,0,0.05690103280358016,0.030310967998106137,22.951061234887575,0.6481753479075336,0.02536944134893282
5314,test,0,0.0557665154337883,0.030310967998106137,22.990895404092342,0.6492079182001222,0.026369920497995837
5315,test,0,0.05530980648472906,0.030310967998106137,23.03088549459263,0.6502821843831744,0.027110919655244883
5316,test,0,0.055409814696758986,0.030310967998106137,23.070969615681914,0.651373807964226,0.027587045996623136
5317,test,0,0.05704019824042916,0.030310967998106137,23.110783668715804,0.652492714131543,0.0281853830860529
5318,test,0,0.05663103843107819,0.0267379940230069,23.150884390180494,0.6536328696420859,0.028558641933226304
5319,test,0,0.0738854475785047,0.0267379940230069,23.19078484579564,0.654779213068221,0.02906045876550504
5320,test,0,0.07321911840699613,0.0267379940230069,23.230717442736847,0.65595815241312,0.02975385978038752
5321,test,0,0.07491700956597923,0.0267379940230069,23.270861570408165,0.657158104927252,0.03038888044722374
5322,test,0,0.0718936356715858,0.0267379940230069,23.310636289478573,0.6583955101301929,0.031350491117790216
5323,test,0,0.07266890141181648,0.0267379940230069,23.35068425960516,0.6596698312634139,0.032111571626524844
5324,test,0,0.07357057998888195,0.024969547039542073,23.390653221914313,0.6609635633219642,0.03283019815858482
5325,test,0,0.07324032532051207,0.024969547039542073,23.430527785682088,0.6622952829706894,0.03367442041410723
5326,test,0,0.07362631289288402,0.024969547039542073,23.47065504674003,0.6636583620426018,0.03434974404439621
5327,test,0,0.07761960150673985,0.024969547039542073,23.51046679556517,0.6650503761550748,0.035385307511452045
5328,test,0,0.08994584111496806,0.024969547039542073,23.55045452743641,0.6664917858451326,0.036522248869415186
5329,test,0,0.08961536735296251,0.024969547039542073,23.590500952929133,0.6679709253717828,0.037470058434603014
5330,test,0,0.08991325926035644,0.03312757415417147,23.630307674709545,0.6694954290952579,0.03876862411306538
5331,test,0,0.09066007006913424,0.03312757415417147,23.67039300845751,0.6710748667089833,0.040002152505721034
5332,test,0,0.09080052515491843,0.03312757415417147,23.710249835262076,0.672696067531323,0.041385436340227975
5333,test,0,0.10359810851514338,0.03312757415417147,23.75016992618833,0.6743845289439767,0.04293147706792346
5334,test,0,0.10402893042191862,0.03312757415417147,23.790273847890308,0.6761264381595289,0.04394374108914541
5335,test,0,0.09667614847421646,0.03312757415417147,23.830023923343123,0.6779107043609814,0.04533033897760167
5336,test,0,0.10625576600432396,0.04614171118459162,23.870057166748804,0.679750529384801,0.046365665536532194
5337,test,0,0.11036851443350315,0.04614171118459162,23.909972253982918,0.6816177373537892,0.04724453463405927
5338,test,0,0.10558280581608415,0.04614171118459162,23.94982999304905,0.6835351369912738,0.04866811312742075
5339,test,0,0.07505683740600944,0.04614171118459162,23.9899260756067,0.6855128041747828,0.04985734321169505
5340,test,0,0.07950855791568756,0.04614171118459162,24.00980288761892,0.6865120499850498,0.0505548985791347
5341,test,0,0.07441938109695911,0.04614171118459162,24.069649063854296,0.6896215837526168,0.05315357606844212
5342,test,0,0.07783692888915539,0.04614171118459162,24.08970300411491,0.690693251316582,0.053889602033353946
5343,test,0,0.08939513936638833,0.05026061103085228,24.14938939578121,0.6940224472212294,0.05755862949400754
5344,test,0,0.09079401381313802,0.05026061103085228,24.18942763952297,0.6963791258736016,0.060202052469957607
5345,test,0,0.09503292292356491,0.05026061103085228,24.229203087696614,0.6988337284339026,0.06296498006693323
5346,test,0,0.10442717559635639,0.05026061103085228,24.269070939656388,0.7014160491398336,0.06627594520894735
5347,test,0,0.10441393405199052,0.05026061103085228,24.28909639206281,0.7027572969940368,0.06776222946950969
5348,test,0,0.11268807854503393,0.0619944528974358,24.348757472725804,0.7069328728363243,0.07204330778339162
5349,test,0,0.1180301746353507,0.0619944528974358,24.3687060052609,0.7083883868280975,0.07350580115166336
5350,test,0,0.10831649042665958,0.0619944528974358,24.428513084734888,0.7128922482643018,0.0767155361678995
5351,test,0,0.11853046156466009,0.0619944528974358,24.468300634190967,0.7160054576732435,0.07917378143954219
5352,test,0,0.12344270385801792,0.0619944528974358,24.508282035827513,0.7192186387971062,0.08091876653540557
5353,test,0,0.14108900353312492,0.0619944528974358,24.54795127944549,0.7224840645422799,0.08341031397594303
5354,test,0,0.1468933019787073,0.0619944528974358,24.58781956712216,0.7258827304509357,0.08688545512389328
5355,test,0,0.171821016818285,0.07944475374761291,24.627666693927207,0.7294339376857417,0.09061852838579987
5356,test,0,0.16568071395158768,0.07944475374761291,24.667279115668148,0.7331634764200685,0.09722254028711441
5357,test,0,0.1938227377831936,0.07944475374761291,24.70713480671891,0.7371967676332678,0.10459529874499092
5358,test,0,0.20212170481681824,0.07944475374761291,24.7467128146612,0.7414993152457435,0.11239699980402922
5359,test,0,0.22208528220653534,0.07944475374761291,24.786348539597306,0.746160485689396,0.12190223533563445
5360,test,0,0.23675545305013657,0.07944475374761291,24.80621377261153,0.7486409055000169,0.12633561141676597
5361,test,0,0.22611924260854724,0.0947202888801326,24.865405295307973,0.7566074485846954,0.14278845633706289
5362,test,0,0.25843871384859085,0.0947202888801326,24.904902148295566,0.7625730062051888,0.15703799581872946
5363,test,0,0.2350370362401009,0.0947202888801326,24.944234413153048,0.769110336435059,0.1732100982221165
5364,test,0,0.27175290882587433,0.0947202888801326,24.983308754147245,0.7763645060907578,0.19401941705364814
5365,test,0,0.2388329580426216,0.0947202888801326,25.02228224482949,0.7844526966620349,0.2146634585603078
5366,test,0,0.2767239958047867,0.0947202888801326,25.061130429659023,0.7933740763310484,0.2377797215336845
5367,test,0,0.29703307896852493,0.12746398463105385,25.099598555804832,0.8032349470606318,0.263505311399279
5368,test,0,0.2696575000882149,0.12746398463105385,25.137882451495596,0.8140533765154545,0.28709884783596595
5369,test,0,0.24666268378496173,0.12746398463105385,25.1760191740053,0.8257900582657172,0.3114574360125134
5370,test,0,0.2645619660615921,0.12746398463105385,25.21363963467677,0.8383960656645199,0.3340261567903925
5371,test,0,0.2490326538681984,0.12746398463105385,25.251246111257217,0.8518613200498161,0.3536976625794333
5372,test,0,0.22812283039093018,0.1936551274178219,25.28850610182524,0.866006779592791,0.37323297483548806
5373,test,0,0.24239186197519302,0.1936551274178219,25.32539685911464,0.8808429293736965,0.3910519489604685
5374,test,0,0.25870295614004135,0.1936551274178219,25.362318173569964,0.8964035908641733,0.40736580752123885
5375,test,0,0.03817770257592201,0.1936551274178219,25.380492948544212,0.9043311036748433,0.41512624289237293
5376,test,0,0.054739078506827354,0.1936551274178219,25.43490187551016,0.929058014080155,0.43784406117407615
5377,test,0,0.03880370035767556,0.1936551274178219,25.470970331163798,0.946247096547125,0.4515186431694299
5378,test,0,0.03472289443016052,0.1936551274178219,25.506564675070756,0.9638497610282889,0.4665631296691946
5379,test,0,0.05801844410598278,0.09661142424939838,25.542143697277844,0.9820917433357013,0.4807760650429055
5380,test,0,0.07142502814531329,0.09661142424939838,25.57729658732861,1.0007258906686711,0.4946435105031293
5381,test,0,0.005488961935043321,0.09661142424939838,25.612216744846688,1.0199208663298382,0.5106178748545167
5382,test,0,0.1312991306185722,0.09661142424939838,25.64687572157274,1.039671039993448,0.5247913521352748
5383,test,0,0.10659436136484149,0.09661142424939838,25.68116557571405,1.0598773607733105,0.5402338710128892
5384,test,0,0.13811927288770676,0.09661142424939838,25.715189801950913,1.0806471385325584,0.5549889325920302
5385,test,0,0.18104682862758634,0.14287897525868007,25.748981650578894,1.1018815675135376,0.5670991068902178
5386,test,0,0.1571526825428009,0.14287897525868007,25.782417941419624,1.123522953494884,0.5819199130418973
5387,test,0,0.21429580450057983,0.14287897525868007,25.815515547589325,1.1456392294429414,0.5952961982131739
5388,test,0,0.29710757732391363,0.14287897525868007,25.84845748028677,1.1682678117149958,0.6088627887743031
5389,test,0,0.22727710753679276,0.14287897525868007,25.88088945176178,1.1912711720401763,0.6239446447028598
5390,test,0,0.2793191969394684,0.14287897525868007,25.913083967882987,1.2147774356853633,0.637317158043034
5391,test,0,0.29438602924346924,0.14287897525868007,25.94503350155182,1.2387794685829212,0.6524937832234357
5392,test,0,0.3001867905259133,0.12003625020286322,25.976401438167247,1.2631449906287184,0.6674731117833014
5393,test,0,0.3161192908883095,0.12003625020286322,26.007606795424493,1.2881208245056965,0.6828919884117934
5394,test,0,0.3185158818960189,0.12003625020286322,26.03830519508729,1.313519110836498,0.6999156438623025
5395,test,0,0.314628191292286,0.12003625020286322,26.06851256396558,1.339385344342326,0.7162433846529139
5396,test,0,0.3135847747325898,0.12003625020286322,26.098524043994043,1.3659297476686487,0.7332351085158422
5397,test,0,0.3128572776913643,0.12003625020286322,26.1277730396914,1.3927500019803392,0.7514246379193277
5398,test,0,0.31103639304637903,0.02530212597260027,26.156645438659755,1.4202486725588042,0.770883244620385
5399,test,0,0.3035973608493805,0.02530212597260027,26.185029522261754,1.4483668833841588,0.7911648914363477
5400,test,0,0.32702159136533737,0.02530212597260027,26.212584332189714,1.476881299821275,0.8139115431517295
5401,test,0,0.33782925456762314,0.02530212597260027,26.239669590798254,1.506212125799475,0.83602972764264
5402,test,0,0.31608303636312485,0.02530212597260027,26.266049182015905,1.5359605192018262,0.8547544361393996
5403,test,0,0.3221363350749015,0.02530212597260027,26.291868286452544,1.5662520120510603,0.8750508216809402
5404,test,0,0.321074090898037,0.02530212597260027,26.317097506864613,1.597065266315633,0.8937969521704918
5405,test,0,0.30975487828254694,0.02530212597260027,26.341734982162727,1.6283411123795628,0.9136671425873296
5406,test,0,0.32654453068971634,0.11017934192899524,26.365685080412348,1.6600842948235177,0.9343749541083636
5407,test,0,0.31173843890428543,0.11017934192899524,26.389061862792094,1.6923566256375733,0.9535826872248208
5408,test,0,0.3126585111021995,0.11017934192899524,26.41177492773387,1.7250887533691845,0.9751512772990683
5409,test,0,0.30823964625597006,0.11017934192899524,26.43368396144056,1.7581675732693638,0.9958001762404917
5410,test,0,0.3115338608622551,0.11017934192899524,26.455055431079753,1.7919220541144971,1.0174727909807615
5411,test,0,0.3327904716134071,0.11017934192899524,26.475533134210885,1.8259666259729075,1.040570657358896
5412,test,0,0.31550145149230957,0.22670037733020285,26.495287359279896,1.8604929140898119,1.0614527658738933
5413,test,0,0.3138643726706505,0.22670037733020285,26.514464124535895,1.8956473716088553,1.0829424512689874
5414,test,0,0.28031354397535324,0.22670037733020285,26.532642131907952,1.930854185451433,1.1051274546337295
5415,test,0,0.28139043599367136,0.22670037733020285,26.550156577990208,1.9667012896976044,1.1274925126602084
5416,test,0,0.2739520594477654,0.22670037733020285,26.566857494143772,2.0028978915447584,1.1500390915171237
5417,test,0,0.3212750703096389,0.22670037733020285,26.58262194405509,2.039318974808766,1.1747251701501353
5418,test,0,0.3207447230815887,0.22670037733020285,26.597539806525457,2.0762720521542484,1.1989602277090703
5419,test,0,0.31013702601194376,0.33890321714432114,26.611543923806465,2.1134828524458578,1.2229250983485314
5420,test,0,0.3060558438301087,0.33890321714432114,26.624622487157172,2.151051455065328,1.2485967250486218
5421,test,0,0.3109817057847977,0.33890321714432114,26.63675939296237,2.1888787890105252,1.2718343757564963
5422,test,0,0.2989038154482842,0.33890321714432114,26.648012984798882,2.2270707690301017,1.297062118802651
5423,test,0,0.31651947647333145,0.33890321714432114,26.658249588903928,2.265390520031894,1.3214558779224927
5424,test,0,0.3008773475885391,0.4199875539532542,26.66765202063655,2.304135439632825,1.3439936643626627
5425,test,0,0.30222896486520767,0.4199875539532542,26.672024569149237,2.3236192954230197,1.3557110389145703
5426,test,0,0.31634643673896795,0.4199875539532542,26.680022908088535,2.362460456153591,1.37894588186852
5427,test,0,0.2927850484848023,0.4199875539532542,26.690437995515467,2.4214216105016813,1.4135045866292704
5428,test,0,0.29581780731678003,0.4199875539532542,26.69616919473128,2.4606893417931395,1.43836821951312
5429,test,0,0.2775586843490601,0.4199875539532542,26.700922462438434,2.5001948603191524,1.4637827826574303
5430,test,0,0.2876098453998565,0.4199875539532542,26.704692231040593,2.5399570240943627,1.4894653254240238
5431,test,0,0.3074507117271423,0.474780686222596,26.70734921409882,2.5794771675399017,1.518070176487735
5432,test,0,0.3083793669939041,0.474780686222596,26.708856937578968,2.6192903489290793,1.547861779056369
5433,test,0,0.2810201346874237,0.474780686222596,26.70919550417935,2.659023826603828,1.5771656668039895
5434,test,0,0.29594969749450684,0.474780686222596,26.708267428478827,2.698672917458409,1.6115205708186395
5435,test,0,0.2532674670219422,0.474780686222596,26.705988315926724,2.738217362222351,1.6451490168403782
5436,test,0,0.29561933875083923,0.474780686222596,26.702317686679706,2.777872121068888,1.6813600103051882
5437,test,0,0.3032175600528717,0.5347404243067285,26.69993883110371,2.7975483955556215,1.701217575616016
5438,test,0,0.30323076248168945,0.5347404243067285,26.690421906534553,2.8560955666338055,1.7627879468514411
5439,test,0,0.2966538816690445,0.5347404243067285,26.686417238846037,2.875605035787829,1.784421293134816
5440,test,0,0.31659264862537384,0.5347404243067285,26.6719126199976,2.9331107516385324,1.8536814108710946
5441,test,0,0.2420026957988739,0.5347404243067285,26.659946964062534,2.970941993385969,1.9009107851321163
5442,test,0,0.32830706238746654,0.5697701483456294,26.646230221036785,3.0080945873374563,1.9484160095603211
5443,test,0,0.3539273142814636,0.5697701483456294,26.630794193158998,3.0443813057643467,1.996783909700669
5444,test,0,0.31755396723747253,0.5697701483456294,26.613632442365194,3.0800218614048416,2.0415512952933272
5445,test,0,0.26384240388870245,0.5697701483456294,26.594850709828588,3.115037517737404,2.085017871689089
5446,test,0,0.2170065939426422,0.5691560341434523,26.574639094925484,3.1490170150080727,2.128639778169691
5447,test,0,0.2859806269407272,0.5691560341434523,26.552999295810775,3.1821890883367896,2.168391938580543
5448,test,0,0.3338305056095123,0.5691560341434523,26.529943247161828,3.214738961742267,2.206349716285584
5449,test,0,0.30133218318223953,0.5691560341434523,26.505972657751553,3.2461056618683783,2.2385129424409724
5450,test,0,0.25815856456756586,0.5691560341434523,26.480944149544165,3.277189996029932,2.2582406783128692
5451,test,0,0.2878943830728531,0.5691560341434523,26.45538544096824,3.3078277274959254,2.272951637776734
5452,test,0,0.3079906590282917,0.5691560341434523,26.429475280687335,3.338003996860373,2.286321374323976
5453,test,0,0.28541523963212967,0.5691560341434523,26.403132272558707,3.368054027483251,2.2940269424238227
5454,test,0,0.26675427518785,0.5019258550597167,26.376655393320338,3.397858732020168,2.2999514021991105
5455,test,0,0.2631680704653263,0.5019258550597167,26.34994925506165,3.4275731365823305,2.305466811710576
5456,test,0,0.27639241144061083,0.5019258550597167,26.32312738728373,3.457178063616556,2.3075483373116312
5457,test,0,0.2623852570541203,0.5019258550597167,26.296293247111393,3.4866723820647314,2.31037055430697
5458,test,0,0.23079676879569888,0.5019258550597167,26.269308954298637,3.5161668993700816,2.3121537924987563
5459,test,0,0.2364347199909389,0.5019258550597167,26.242327567780624,3.5456197853906115,2.312701108138215
5460,test,0,0.29221508419141173,0.5019258550597167,26.215312985561027,3.575022394200914,2.314738224230725
5461,test,0,0.23390634683892128,0.41510898648480093,26.188239803811737,3.6044138258960783,2.314709822380005
5462,test,0,0.27522436017170554,0.41510898648480093,26.16120559951775,3.633759945105413,2.3158434422559986
5463,test,0,0.2595988609828055,0.41510898648480093,26.134055128793317,3.663137302380011,2.317236274567677
5464,test,0,0.2465339009650051,0.41510898648480093,26.106939082322924,3.6924665380828126,2.3167650683776095
5465,test,0,0.25982519472017884,0.41510898648480093,26.0798348028511,3.721731157838453,2.318626922217227
5466,test,0,0.25552446069195867,0.41510898648480093,26.05263852209941,3.7510142541497618,2.3188843912481945
5467,test,0,0.24580268515273923,0.41510898648480093,26.025470705264816,3.7802722266360176,2.319751998691122
5468,test,0,0.24091101391240954,0.3434930791928518,25.99821857348879,3.809519637909407,2.3218557939910025
5469,test,0,0.2139489189721644,0.3434930791928518,25.970955600729976,3.8387067356019586,2.321892483674329
5470,test,0,0.22566834464669225,0.3434930791928518,25.943700858699238,3.8678335472062133,2.3241372121106574
5471,test,0,0.24049033783376217,0.3434930791928518,25.916335079793445,3.8969403259052298,2.325675135788241
5472,test,0,0.26292594335973263,0.3434930791928518,25.88893626676199,3.926029297046596,2.3269509992817596
5473,test,0,0.20966783165931702,0.3434930791928518,25.86149491018382,3.955026462807151,2.330122515777956
5474,test,0,0.23862522840499878,0.3434930791928518,25.833980267641362,3.983964353305643,2.331027609608687
5475,test,0,0.3109437916427851,0.2946642783382948,25.806446733366993,4.012862397251686,2.3331955997881573
5476,test,0,0.20908320322632787,0.2946642783382948,25.77880378094104,4.0417178486557885,2.335501687981543
5477,test,0,0.23388400301337245,0.2946642783382948,25.751129567478007,4.070536735190208,2.3364526774241408
5478,test,0,0.23021606355905533,0.2946642783382948,25.72343111796111,4.099247882393782,2.3397463493535198
5479,test,0,0.31154851661995053,0.2946642783382948,25.69563500826339,4.127909858450335,2.3408516238852712
5480,test,0,0.23582751490175724,0.2946642783382948,25.667813674971516,4.156576413770792,2.3418425776562595
5481,test,0,0.23179946281015876,0.2946642783382948,25.639921733098383,4.185202258705948,2.3443581990902165
5482,test,0,0.16382447630167005,0.26861799208890486,25.612018835594398,4.213728391433236,2.3460772344260823
5483,test,0,0.19645939953625205,0.26861799208890486,25.584021584374792,4.24216721736842,2.3510122286997346
5484,test,0,0.1389331892132759,0.26861799208890486,25.55588227882477,4.270440192561506,2.355628265076996
5485,test,0,0.1937194112688303,0.26861799208890486,25.527568323891046,4.298660687874809,2.360201807022208
5486,test,0,0.1639398019760847,0.26861799208890486,25.49914789374672,4.326646333045484,2.3674410609551475
5487,test,0,0.15224539116024968,0.26861799208890486,25.471481662848895,4.3535380648484745,2.362848668860185
5488,test,0,0.18343380093574527,0.26861799208890486,25.442935640218572,4.381571449711116,2.367801331321552
5489,test,0,0.14482753910124302,0.26861799208890486,25.41430461718974,4.409384366507824,2.372979138870849
5490,test,0,0.1900704652070999,0.24079821297039913,25.38550461399657,4.43711829084157,2.376943793873169
5491,test,0,0.13016646355390546,0.24079821297039913,25.356620429139053,4.4647075751719525,2.381360689044481
5492,test,0,0.14052356267347932,0.24079821297039913,25.32765939215668,4.492174085583889,2.382983696577109
5493,test,0,0.17897785222157836,0.24079821297039913,25.298782232157716,4.519046614736974,2.3877237346571425
5494,test,0,0.11026364052668215,0.24079821297039913,25.27101838908811,4.5439049120029855,2.4060466351876637
5495,test,0,0.14297108352184296,0.24079821297039913,25.241380911866923,4.57076220077394,2.4042680062622
5496,test,0,0.11501538194715978,0.24079821297039913,25.21178466939444,4.59767189324137,2.4029278538980092
5497,test,0,0.09482785128057003,0.21421852829479127,25.182329990442575,4.6245612324659024,2.399384400600455
5498,test,0,0.035822952166199684,0.21421852829479127,25.15284312662953,4.651711441180454,2.3954039628019776
5499,test,0,0.07875545695424081,0.21421852829479127,25.123493611586863,4.678880731377869,2.393657583969705
5500,test,0,0.0318840816617012,0.21421852829479127,25.094283689901463,4.706082688945902,2.3897435173260235
5501,test,0,0.05962028773501516,0.21421852829479127,25.06505822548328,4.733476310433285,2.3875923495969076
5502,test,0,0.12965470971539614,0.21421852829479127,25.03598318771274,4.760796061619846,2.3860591390894745
5503,test,0,0.017971654422581196,0.21421852829479127,25.006886409411162,4.788254056407757,2.3841617232075967
5504,test,0,0.013193577527999878,0.18775728228258018,24.977856926756452,4.815676294666339,2.384947781322706
5505,test,0,0.0016321167349815369,0.18775728228258018,24.9488604300631,4.8430630711557985,2.3837799077227824
5506,test,0,1.5669502317905426e-06,0.18775728228258018,24.919827081066675,4.870553136005362,2.3835524670409205
5507,test,0,0.011919719632714987,0.18775728228258018,24.890812540989984,4.897982714525603,2.384078462883148
5508,test,0,0.033884536009281874,0.18775728228258018,24.86178912490912,4.925443991236924,2.3835271974235552
5509,test,0,0.0044444650411605835,0.18775728228258018,24.832761697254153,4.9528806943952794,2.3854270675765807
5510,test,0,0.020058828871697187,0.18775728228258018,24.803730853152576,4.98022015903601,2.3858530262899564
5511,test,0,0.03174559120088816,0.16256844132386644,24.789170969252268,4.9939395521611045,2.3858084847047065
5512,test,0,0.00951484777033329,0.16256844132386644,24.74549752825125,5.034982733491986,2.388760318423719
5513,test,0,0.03241458721458912,0.16256844132386644,24.7163861861234,5.062241211372995,2.389231010317626
5514,test,0,0.013902731472626328,0.16256844132386644,24.68717992151434,5.089517223015346,2.3919302269962346
5515,test,0,0.021883923560380936,0.16256844132386644,24.65795426264529,5.1166298882689984,2.3942560599115663
5516,test,0,0.046201830729842186,0.16256844132386644,24.62859137296161,5.143799186107419,2.3957426180203605
5517,test,0,0.06805146113038063,0.08847693992147507,24.59921915293985,5.170833720750946,2.3993487936806495
5518,test,0,0.051077911630272865,0.08847693992147507,24.569821127592785,5.197742282041712,2.400844590091005
5519,test,0,0.07179161533713341,0.08847693992147507,24.5550368246495,5.211248926759018,2.4018864368971387
5520,test,0,0.05318244360387325,0.08847693992147507,24.510700860980506,5.251393420247635,2.4090833822989426
5521,test,0,0.109373077750206,0.08847693992147507,24.480938920919993,5.278048650550078,2.4134183295651814
5522,test,0,0.1055888943374157,0.08847693992147507,24.45103350255694,5.30452197590461,2.4214308222161813
5523,test,0,0.12838465720415115,0.08847693992147507,24.42103132741644,5.330629058962212,2.428712404363144
5524,test,0,0.11925846338272093,0.08847693992147507,24.39065518502011,5.356686923735996,2.436832782286873
5525,test,0,0.164517093449831,0.00696617287679728,24.360188590560544,5.382307837030323,2.447215355791122
5526,test,0,0.14421991258859634,0.00696617287679728,24.329436281874553,5.407673780635472,2.456447394930947
5527,test,0,0.19463368505239487,0.00696617287679728,24.29832757695625,5.43285057195707,2.466915684686111
5528,test,0,0.23674293980002403,0.00696617287679728,24.267151558253712,5.457501519605313,2.4773526635206147
5529,test,0,0.20960943028330803,0.00696617287679728,24.235548005873035,5.48198903348373,2.4877337610671773
5530,test,0,0.2353016547858715,0.00696617287679728,24.20373073540486,5.506085490708638,2.499204507353137
5531,test,0,0.1943333223462105,0.00696617287679728,24.17173405597301,5.529747924756355,2.5102762870878843
5532,test,0,0.19065887108445168,0.061337376496412355,24.139247782670047,5.553234196789343,2.5218553579829193
5533,test,0,0.20508256554603577,0.061337376496412355,24.106736220488088,5.576137847133112,2.533826858354012
5534,test,0,0.3034544214606285,0.061337376496412355,24.07384113643213,5.59873575566879,2.5454067379683436
5535,test,0,0.26458337530493736,0.061337376496412355,24.04058584976391,5.6210471296831,2.5566637434658537
5536,test,0,0.21971654146909717,0.061337376496412355,24.00732563805385,5.642801981109102,2.5675061086337423
5537,test,0,0.23400476202368736,0.061337376496412355,23.9735911736028,5.6643824012397745,2.5778233858008184
5538,test,0,0.29018817096948624,0.061337376496412355,23.93980518064315,5.68552214978409,2.587130236060508
5539,test,0,0.2686847485601902,0.12132538911704746,23.905808890314354,5.706330317566328,2.5974109343919944
5540,test,0,0.29189788177609444,0.12132538911704746,23.87147092062548,5.72689372681861,2.6065277312151287
5541,test,0,0.2367379330098629,0.12132538911704746,23.837154471843412,5.747002291228509,2.616360914200088
5542,test,0,0.3148743212223053,0.12132538911704746,23.802463316625005,5.766888626183067,2.6257661028656254
5543,test,0,0.31694503128528595,0.12132538911704746,23.76766754633333,5.786446407131801,2.632761510735749
5544,test,0,0.3143322803080082,0.12132538911704746,23.732805765288727,5.805699295281684,2.6409547544143783
5545,test,0,0.29797865077853203,0.17914545601823373,23.69766275340112,5.824760918073639,2.6475374974082917
5546,test,0,0.3283163756132126,0.17914545601823373,23.662509926643725,5.843554650403754,2.653776564752525
5547,test,0,0.3153920881450176,0.17914545601823373,23.627158878558895,5.862140144381575,2.6614721434739805
5548,test,0,0.31345732510089874,0.17914545601823373,23.591698571777975,5.880471954616921,2.6668713796855026
5549,test,0,0.28381141647696495,0.17914545601823373,23.556185966839045,5.898556872791704,2.6742250970720405
5550,test,0,0.29995641857385635,0.17914545601823373,23.520451252442825,5.916412418492559,2.6815329944433577
5551,test,0,0.30599190667271614,0.23423839916514388,23.502574277773963,5.92524200601754,2.684230278378479
5552,test,0,0.3106529917567969,0.23423839916514388,23.448731179630744,5.951384980282932,2.6950678497152336
5553,test,0,0.31804085336625576,0.23423839916514388,23.41269965270383,5.968504456619885,2.6999624095488786
5554,test,0,0.3072049468755722,0.23423839916514388,23.37656319680835,5.985486218036539,2.7045306899391908
5555,test,0,0.30612426437437534,0.23423839916514388,23.340324582456983,6.002299065625772,2.70898480404237
5556,test,0,0.19031508825719354,0.23423839916514388,23.322248448316984,6.010636474628453,2.709641154946458
5557,test,0,0.23579956404864788,0.004971677674527258,23.26778116208565,6.035629583060762,2.7134389819938574
5558,test,0,0.21830199332907796,0.004971677674527258,23.231471029460444,6.0521511335217335,2.7145109328415074
5559,test,0,0.27378669241443276,0.004971677674527258,23.213263125537708,6.060432971348259,2.714737391512322
5560,test,0,0.21638952801004055,0.004971677674527258,23.158665124777187,6.085168318708479,2.7175581058341876
5561,test,0,0.2367287972010672,0.004971677674527258,23.122305517126566,6.10158351658444,2.717073140558205
5562,test,0,0.2560489275492728,0.004971677674527258,23.085888026930437,6.118018028723153,2.718377596334468
5563,test,0,0.26588591421023017,0.10396175629878548,23.049498169044718,6.134371950520088,2.718848459165612
5564,test,0,0.20967837655916813,0.10396175629878548,23.013012697196892,6.150782720976026,2.7188484806989974
5565,test,0,0.2640054454095662,0.10396175629878548,22.97657327245996,6.16712448524505,2.7210282702133632
5566,test,0,0.2728445590473712,0.10396175629878548,22.940160099671264,6.1833957990839865,2.720894400172955
5567,test,0,0.3250727360136807,0.10396175629878548,22.90366074856694,6.1997047771441816,2.722054001930086
5568,test,0,0.3125512641854584,0.10396175629878548,22.86718360027505,6.215921062540226,2.7235055316361776
5569,test,0,0.26044295029714704,0.14718904063280194,22.83066681416839,6.232146382986963,2.723307392107994
5570,test,0,0.2970098764635623,0.14718904063280194,22.79415116970188,6.248333970685036,2.725362660426433
5571,test,0,0.2781577636487782,0.14718904063280194,22.757668349241452,6.264430342081341,2.7257324214102385
5572,test,0,0.24431102210655806,0.14718904063280194,22.721075981834343,6.28057543793007,2.726599932176059
5573,test,0,0.29704332584515214,0.14718904063280194,22.684492474100114,6.296632526933127,2.728887048137157
5574,test,0,0.3017397266812622,0.14718904063280194,22.66627566915216,6.30460641956354,2.728643182595067
5575,test,0,0.3048061360605061,0.18950101958646445,22.611335422752905,6.32863089843074,2.7306957012850535
5576,test,0,0.29802016587927943,0.18950101958646445,22.574764454860034,6.344521277744435,2.731436864047491
5577,test,0,0.2933295019902289,0.18950101958646445,22.538067470303098,6.360470870777245,2.731685471683294
5578,test,0,0.31299134762957687,0.18950101958646445,22.501417667864885,6.376342405397557,2.7339539117198766
5579,test,0,0.3121554558165372,0.18950101958646445,22.464816309397335,6.392138212213045,2.7337346485439236
5580,test,0,0.30830400856211787,0.18950101958646445,22.428095543628714,6.4079822555702135,2.7349681319520402
5581,test,0,0.3117169816978276,0.22218521630932161,22.409741408878137,6.415872788635416,2.736175384579374
5582,test,0,0.32610461162403226,0.22218521630932161,22.37310857765877,6.431579090292665,2.7360748128673804
5583,test,0,0.3115301602520049,0.22218521630932161,22.317977847067088,6.45520109980173,2.738117638465987
5584,test,0,0.29984885314479476,0.22218521630932161,22.28131124828995,6.470831846282809,2.7381269555909094
5585,test,0,0.3201983426697553,0.22218521630932161,22.244507422367313,6.48653798967571,2.738452150515462
5586,test,0,0.3110823617316782,0.22218521630932161,22.207758434589596,6.502165433498741,2.739805306760441
5587,test,0,0.3249090318568051,0.25972009190008827,22.171035318928283,6.517787408786194,2.7388382096193693
5588,test,0,0.32116878824308515,0.25972009190008827,22.134249055224807,6.533443332534119,2.7397426246931627
5589,test,0,0.31374241085723037,0.25972009190008827,22.115854010678937,6.541249940954719,2.740191164715454
5590,test,0,0.3253751792944968,0.25972009190008827,22.060722933879333,6.564705694305987,2.7384965637648584
5591,test,0,0.30890662828460336,0.25972009190008827,22.042358797658217,6.57252685545669,2.7390522808200215
5592,test,0,0.3337833327241242,0.25972009190008827,21.987282283177095,6.595978626928585,2.7377577650819807
5593,test,0,0.2917283172719181,0.2968354944723921,21.95050048607235,6.611707630207648,2.737375731286811
5594,test,0,0.3127457895316184,0.2968354944723921,21.91383416095115,6.627379135981813,2.7367778094631015
5595,test,0,0.3259171270765365,0.2968354944723921,21.87706619292219,6.643162105369536,2.7352452923818906
5596,test,0,0.3179358285851777,0.2968354944723921,21.85871359290127,6.651053680455452,2.735409093018262
5597,test,0,0.32143287966027856,0.2968354944723921,21.82205141850736,6.666800672043725,2.7353252464732623
5598,test,0,0.30889748642221093,0.2968354944723921,21.766988724656212,6.690530631636683,2.734508275089635
5599,test,0,0.3186470088548959,0.33131636984210133,21.730304814729738,6.7063114519899685,2.735371345985411
5600,test,0,0.32567528495565057,0.33131636984210133,21.69363777708878,6.722101700913654,2.734510092793985
5601,test,0,0.3155801319517195,0.33131636984210133,21.656924511706684,6.737904398528725,2.7359338608509516
5602,test,0,0.30061715701594954,0.33131636984210133,21.62028896193716,6.753608056979855,2.736260087420317
5603,test,0,0.32397095346823335,0.33131636984210133,21.583503384549566,6.769381448746769,2.7367153289062167
5604,test,0,0.31448508286848664,0.33131636984210133,21.546774871430838,6.785059911678925,2.7392477708405223
5605,test,0,0.32656820118427277,0.36638503344703804,21.510095871119024,6.800659439862452,2.7393836201770085
5606,test,0,0.32529628649353987,0.36638503344703804,21.473280051049702,6.816285942417026,2.7412548037615774
5607,test,0,0.296412080526352,0.36638503344703804,21.436558340692102,6.831763540633029,2.7429391165487633
5608,test,0,0.3249830398708582,0.36638503344703804,21.399685220610074,6.847272307939709,2.7438512301536373
5609,test,0,0.3111592275090515,0.36638503344703804,21.362831573249654,6.862694315210981,2.746665551482318
5610,test,0,0.3202570886351168,0.36638503344703804,21.344477285071793,6.870328902500708,2.7468915078375558
5611,test,0,0.32350528473034496,0.4031904996166847,21.307558483819378,6.885692784364244,2.747276827161708
5612,test,0,0.3115497496910394,0.4031904996166847,21.25224777819905,6.9086105074530835,2.7493863815601864
5613,test,0,0.32460265653207904,0.4031904996166847,21.21533078438591,6.923881774288155,2.749123402342405
5614,test,0,0.3209143881686031,0.4031904996166847,21.196828915231468,6.931534167810223,2.7494720702167803
5615,test,0,0.31675394671037793,0.4031904996166847,21.15993693034656,6.946739275950079,2.7509115844643093
5616,test,0,0.3071140185929835,0.4031904996166847,21.10452046947838,6.969581932631494,2.7504890292627318
5617,test,0,0.29299601400271064,0.4297144871746183,21.086060084442956,6.977180645643149,2.751452960618547
5618,test,0,0.32547639729455113,0.4297144871746183,21.0307144529948,6.999918818840625,2.751105545337646
5619,test,0,0.3109857556410134,0.4297144871746183,20.993709473272812,7.015139173503247,2.7518644287510927
5620,test,0,0.3353907917626202,0.4297144871746183,20.956841028203232,7.030251948279638,2.752103302981428
5621,test,0,0.29144038120284677,0.4297144871746183,20.919821589320467,7.045452397884248,2.7517236967655507
5622,test,0,0.31607197085395455,0.4297144871746183,20.882847449094182,7.060610178458963,2.7532560518901636
5623,test,0,0.32809274876490235,0.4588722035295277,20.84597544460015,7.075698206625303,2.752457398449928
5624,test,0,0.30222954461351037,0.4588722035295277,20.808939006232524,7.0908859566873845,2.75257386362488
5625,test,0,0.3199980710633099,0.4588722035295277,20.772044214341072,7.105977617794966,2.7528136179845233
5626,test,0,0.3240137551911175,0.4588722035295277,20.735051326393556,7.121145786504602,2.751809976472728
5627,test,0,0.3205623836256564,0.4588722035295277,20.698056678001794,7.136329510038915,2.752527793679681
5628,test,0,0.3176238373853266,0.4588722035295277,20.661196978678902,7.151440483400764,2.7516092079190257
5629,test,0,0.27439418481662864,0.48783863889262574,20.62415730933234,7.166676621403605,2.7510011324601087
5630,test,0,0.31678257370367646,0.48783863889262574,20.587230682681817,7.181842486904258,2.7521207729098878
5631,test,0,0.3328233086504042,0.48783863889262574,20.550346455564803,7.196997869573772,2.7513114823656415
5632,test,0,0.32786164665594697,0.48783863889262574,20.513336930196505,7.212198925870807,2.7528067724519114
5633,test,0,0.3179067224264145,0.48783863889262574,20.494854133628152,7.219752181019446,2.7539883765411477
5634,test,0,0.3264254946261644,0.48783863889262574,20.45796580813438,7.23480303990295,2.7544044591100842
5635,test,0,0.3021868150681257,0.5148142796297064,20.420893585707418,7.249876355484736,2.756820524056586
5636,test,0,0.326540095731616,0.5148142796297064,20.365442870419738,7.272191946545928,2.7601406736034404
5637,test,0,0.27864400856196875,0.5148142796297064,20.346846955303437,7.279639201740596,2.761239269325494
5638,test,0,0.2962315119802952,0.5148142796297064,20.309709185716454,7.294399860548893,2.765610059818341
5639,test,0,0.32541111111640925,0.5148142796297064,20.25402403726324,7.31624480951023,2.7696675074386197
5640,test,0,0.31633035838603973,0.5148142796297064,20.216738824250044,7.330695409968174,2.7744545908677165
5641,test,0,0.30890861339867115,0.5420878478860977,20.198208679823445,7.337791435942878,2.7760140523492836
5642,test,0,0.32460157759487634,0.5420878478860977,20.160880277310067,7.352000458569086,2.779669843248934
5643,test,0,0.3089835811406374,0.5420878478860977,20.104804938007238,7.37298580614916,2.786903672924774
5644,test,0,0.3244604486972093,0.5420878478860977,20.067357969025743,7.386770110755874,2.7907451165304566
5645,test,0,0.29069076851010317,0.5420878478860977,20.029722979415194,7.400449706489335,2.795781022913348
5646,test,0,0.3156202118843794,0.5420878478860977,19.992261414474243,7.413832778379168,2.800209149312427
5647,test,0,0.3274144548922777,0.5703928363453076,19.95451770040556,7.427152743617622,2.804641374373686
5648,test,0,0.3230018690228462,0.5703928363453076,19.916794936794055,7.440228012094328,2.8109689579819097
5649,test,0,0.32408766075968737,0.5703928363453076,19.879092308919077,7.453043699424148,2.8168098454538533
5650,test,0,0.31032805517315865,0.5703928363453076,19.860097582484915,7.4594082533287365,2.8201491137617745
5651,test,0,0.32796809077262884,0.5703928363453076,19.80321513309129,7.477973049830627,2.831916298157575
5652,test,0,0.3003197908401489,0.5703928363453076,19.784219053919887,7.484007995249521,2.8360935013715007
5653,test,0,0.32303570955991745,0.603396395319774,19.745937244899377,7.4958984917654785,2.8456411997791333
5654,test,0,0.321909699589014,0.603396395319774,19.707811275445632,7.507299685430999,2.8559919413530452
5655,test,0,0.32138430699706083,0.603396395319774,19.650140670529403,7.523761205408654,2.871409032703127
5656,test,0,0.2896893508732319,0.603396395319774,19.61168135046786,7.534202365490421,2.8818995813582715
5657,test,0,0.305301271378994,0.603396395319774,19.573092397677303,7.544232675829174,2.8925918149769947
5658,test,0,0.3254339285194874,0.603396395319774,19.53419502077787,7.5539232088933135,2.903295419238479
5659,test,0,0.3149854317307472,0.6496688880300936,19.495532690687238,7.563074935280841,2.9149277243716343
5660,test,0,0.31302089244127274,0.6496688880300936,19.476074217809877,7.567498215680444,2.9211401230387892
5661,test,0,0.3316681906580925,0.6496688880300936,19.417455720021643,7.580035375560361,2.9407667681360152
5662,test,0,0.33077725023031235,0.6496688880300936,19.37841724940989,7.5876796032475005,2.9557294868918134
5663,test,0,0.32770318537950516,0.6496688880300936,19.339083704600576,7.594758257765073,2.9714224588537363
5664,test,0,0.333644799888134,0.6496688880300936,19.319434520997063,7.598055093294464,2.978851097137841
5665,test,0,0.3104851171374321,0.7131123023736944,19.2801430056616,7.604142698639305,2.9968465623255063
5666,test,0,0.3186744377017021,0.7131123023736944,19.220856016050245,7.6120305326794435,3.02039933715791
5667,test,0,0.30690961331129074,0.7131123023736944,19.18128923207752,7.61652579269465,3.036377279558202
5668,test,0,0.30139216035604477,0.7131123023736944,19.14164749233887,7.6203981169188,3.0506504661081753
5669,test,0,0.3229852691292762,0.7131123023736944,19.10186569494856,7.623785088463881,3.0623594967462284
5670,test,0,0.2874392047524452,0.8025774630303296,19.06209336350932,7.626669940679817,3.076248866654428
5671,test,0,0.33814671635627747,0.8025774630303296,19.02239070103966,7.629018095932185,3.088554313962444
5672,test,0,0.34018223732709885,0.8025774630303296,18.982473956415866,7.630846030428889,3.1037446329920613
5673,test,0,0.3207370266318321,0.8025774630303296,18.942757169907374,7.631988609079049,3.1209088226264736
5674,test,0,0.32833243161439896,0.8025774630303296,18.90289277279475,7.6324751370068915,3.1382059902882804
5675,test,0,0.33114128559827805,0.8025774630303296,18.862930619194884,7.632234015158061,-3.125496388131889
5676,test,0,0.3380938023328781,0.8025774630303296,18.823293061154583,7.631202258819355,-3.1060454648199713
5677,test,0,0.3207443654537201,0.911274570275081,18.783366044978177,7.6293796502677225,-3.085288366529237
5678,test,0,0.2954106330871582,0.911274570275081,18.743646101537188,7.626717021550933,-3.06393616479202
5679,test,0,0.33121003955602646,0.911274570275081,18.723871950273082,7.625072824477245,-3.0533256295638944
5680,test,0,0.3242725431919098,0.911274570275081,18.66423739557678,7.61880154994228,-3.0191989653512663
5681,test,0,0.3168998435139656,0.911274570275081,18.644596633251357,7.616263337463285,-3.007349339632043
5682,test,0,0.3198285326361656,0.911274570275081,18.585612838369077,7.607199017927048,-2.97091815520553
5683,test,0,0.3263801857829094,1.0476292233295053,18.546395957535786,7.599970276587514,-2.9478482445871474
5684,test,0,0.28747890144586563,1.0476292233295053,18.527014388565323,7.596036602366464,-2.9353262002149614
5685,test,0,0.31774207949638367,1.0476292233295053,18.468722232096756,7.5828023512461655,-2.903726528555222
5686,test,0,0.32077476382255554,1.0476292233295053,18.430121867685724,7.57308631619067,-2.8859368607504017
5687,test,0,0.31303735077381134,1.0476292233295053,18.391672973431408,7.562653788540142,-2.8673922904123157
5688,test,0,0.333196222782135,1.2148245195161964,18.35340803920428,7.551548079332075,-2.8512689999588154
5689,test,0,0.30801089107990265,1.2148245195161964,18.31534361236216,7.539808970368886,-2.832907525218848
5690,test,0,0.3124246224761009,1.2148245195161964,18.277560121481905,7.527346470239328,-2.8138167160420458
5691,test,0,0.32156259566545486,1.2148245195161964,18.239894972463862,7.51417116074126,-2.796079568155032
5692,test,0,0.31710581481456757,1.2148245195161964,18.221175568993363,7.507329444595381,-2.7863963183881664
5693,test,0,0.31986958533525467,1.2148245195161964,18.16557285564758,7.4857923250945735,-2.7588253501416995
5694,test,0,0.32184556871652603,1.2148245195161964,18.147069803498923,7.478250445135166,-2.750119278813583
5695,test,0,0.30121078342199326,1.392506209553611,18.110295066958017,7.462689826475064,-2.7313823373800394
5696,test,0,0.31923507899045944,1.392506209553611,18.05589173297532,7.4381775071885885,-2.70549729706052
5697,test,0,0.31866418570280075,1.392506209553611,18.019727814092917,7.420992182196815,-2.6882745060181423
5698,test,0,0.07957327365875244,1.392506209553611,18.001964633000753,7.412237931557405,-2.6799129380745588
5699,test,0,0.3168228045105934,1.392506209553611,17.94869299003819,7.3849245715923395,-2.6557488605715394
5700,test,0,0.31334085017442703,1.392506209553611,17.91360903037893,7.366064158500686,-2.6404692612402867
5701,test,0,0.31537239998579025,0.04722603235577272,17.878854143933605,7.346668344938651,-2.6248840751106743
5702,test,0,0.31620877236127853,0.04722603235577272,17.844209511197512,7.326653210970633,-2.61044619258347
5703,test,0,0.28059037029743195,0.04722603235577272,17.81011193340862,7.306278667887897,-2.5956508165198118
5704,test,0,0.31551532447338104,0.04722603235577272,17.776143443408134,7.285293166091652,-2.580820334425862
5705,test,0,0.31990794092416763,0.04722603235577272,17.759275521238596,7.274622342550095,-2.5745647856518414
5706,test,0,0.31243185698986053,0.04722603235577272,17.709237610681,7.242054633073426,-2.5543279582815908
5707,test,0,0.3111334703862667,0.2775508729886757,17.69263699845232,7.230926375549329,-2.5474553494606935
5708,test,0,0.32867661863565445,0.2775508729886757,17.64338744840285,7.197025382211142,-2.5299946484022953
5709,test,0,0.3139708302915097,0.2775508729886757,17.610894430657932,7.173911051567347,-2.5165257202137425
5710,test,0,0.3244423232972622,0.2775508729886757,17.594784785110143,7.162206210043556,-2.5108653658786038
5711,test,0,0.32620633393526083,0.2775508729886757,17.562671718780916,7.13847936964101,-2.4996640746213954
5712,test,0,0.3113829866051674,0.2775508729886757,17.515215939311414,7.102225767677323,-2.4799022008049048
5713,test,0,0.3265590444207191,0.5495445055804057,17.48384927744367,7.077516120293081,-2.468663634081288
5714,test,0,0.3177958130836487,0.5495445055804057,17.452852193113984,7.0524584036411895,-2.4548267821697953
5715,test,0,0.3303588479757309,0.5495445055804057,17.437534316831286,7.039809919879203,-2.4488193673361733
5716,test,0,0.32870013266801834,0.5495445055804057,17.39178469728409,7.001126203025216,-2.429799631764999
5717,test,0,0.33059885352849966,0.5495445055804057,17.361899808564313,6.974925387132481,-2.4147564599232716
5718,test,0,0.33154677599668503,0.5495445055804057,17.347079895513094,6.96165254203267,-2.4077184755220586
5719,test,0,0.3137666583061218,0.5495445055804057,17.30301026958977,6.921013102755481,-2.3840368259672213
5720,test,0,0.3278626352548599,0.8240670582743154,17.274390731602065,6.893485307801291,-2.3680431253542062
5721,test,0,0.3240170404314995,0.8240670582743154,17.24601129069106,6.86532342835299,-2.351478934142426
5722,test,0,0.32954687625169754,0.8240670582743154,17.218209297004293,6.836772108150764,-2.333488722849833
5723,test,0,0.3218223825097084,0.8240670582743154,17.190996570374082,6.8077718316392195,-2.315338397274194
5724,test,0,0.32352640479803085,0.8240670582743154,17.177505077560408,6.792998325545165,-2.306107972978879
5725,test,0,0.30828190594911575,0.8240670582743154,17.151015472447977,6.76319188928532,-2.2876232499947196
5726,test,0,0.2537437006831169,0.8240670582743154,17.125208660641256,6.73298504740397,-2.2679759904395094
5727,test,0,0.27694106101989746,1.0966013921641293,17.087434354178615,6.686520635678916,-2.239185798565375
5728,test,0,0.3169843330979347,1.0966013921641293,17.075237582049652,6.670904584189821,-2.2287910170773713
5729,test,0,0.22109244018793106,1.0966013921641293,17.051221106708667,6.639133212983774,-2.2071841790363855
5730,test,0,0.31201212853193283,1.0966013921641293,17.016485520680096,6.590568560412916,-2.1759236030490325
5731,test,0,0.31961751729249954,1.0966013921641293,16.994249031978093,6.557587236883596,-2.152071305069705
5732,test,0,0.3079539909958839,1.0966013921641293,16.983459192810926,6.540951905341098,-2.1410426673553045
5733,test,0,0.32340011745691305,1.0966013921641293,16.9520879185477,6.490113102879165,-2.1055096368818838
5734,test,0,0.27133469283580774,1.3744961688536579,16.932315649144833,6.455735593160161,-2.080778264065871
5735,test,0,0.2818975895643234,1.3744961688536579,16.913291027609333,6.420746932495683,-2.056723571303406
5736,test,0,0.2868663817644119,1.3744961688536579,16.895118776975654,6.385255306913224,-2.0309143029433243
5737,test,0,0.2867582365870476,1.3744961688536579,16.87795415487366,6.349530632294609,-2.006746225740442
5738,test,0,0.11612047255039215,1.3744961688536579,16.86150534393939,6.3131076522178375,-1.9828608950618298
5739,test,0,0.28820841014385223,1.3744961688536579,16.846008839155402,6.276511049663337,-1.959347521814605
5740,test,0,0.2714087963104248,0.08955386398957377,16.831371224607476,6.239527363611584,-1.9361251181653738
5741,test,0,0.3116336017847061,0.08955386398957377,16.81750534971092,6.202047430733785,-1.9135849339225235
5742,test,0,0.31673453003168106,0.08955386398957377,16.810951855332174,6.1833327362353705,-1.9028399128501734
5743,test,0,0.3121979460120201,0.08955386398957377,16.792401513235692,6.126548259940634,-1.8706985192614767
5744,test,0,0.23737981170415876,0.08955386398957377,16.78099227364209,6.088398073055836,-1.852591144980011
5745,test,0,0.20894495397806168,0.08955386398957377,16.770304053211046,6.050095281559269,-1.8336170687855202
5746,test,0,0.31534892320632935,0.08955386398957377,16.765194502231456,6.030779507267599,-1.8253165064048615
5747,test,0,0.2035752460360527,0.33331415788506763,16.75076781460083,5.972805438370654,-1.8036607282775854
5748,test,0,0.2145569771528244,0.33331415788506763,16.74625414851088,5.953411500016396,-1.7952476550191299
5749,test,0,0.2074181362986564,0.33331415788506763,16.73361113507555,5.8950044484042206,-1.773764110650764
5750,test,0,0.26326314359903336,0.33331415788506763,16.725858552643842,5.855861539452648,-1.758927020383109
5751,test,0,0.17942978441715243,0.33331415788506763,16.718712145340593,5.816737697402418,-1.7452512806849432
5752,test,0,0.3215706944465637,0.33331415788506763,16.71201228995261,5.777342978116685,-1.7332792129017902
5753,test,0,0.1644146516919136,0.5715213285522656,16.705835270072132,5.737936088933658,-1.7194746771397953
5754,test,0,0.16117020696401596,0.5715213285522656,16.70295725534947,5.718325673037477,-1.713902391946469
5755,test,0,0.20702901482582087,0.5715213285522656,16.694927298062407,5.658887294684198,-1.6956764437643201
5756,test,0,0.16739091649651525,0.5715213285522656,16.69024789457204,5.619422946066447,-1.683154181877233
5757,test,0,0.17033155634999275,0.5715213285522656,16.685988816017755,5.5797166628989645,-1.6719935228314682
5758,test,0,0.18895452097058296,0.5715213285522656,16.68401473639349,5.559755159627194,-1.6662445669979031
5759,test,0,0.1533983312547207,0.8137026798727853,16.678854325946855,5.5002918256369755,-1.6492215040739744
5760,test,0,0.17103633657097814,0.8137026798727853,16.675928413749695,5.460337620062621,-1.6378320489168618
5761,test,0,0.1394452415406704,0.8137026798727853,16.67349604817181,5.420577689122205,-1.6261215884934905
5762,test,0,0.1360311359167099,0.8137026798727853,16.671527604939474,5.380754705900934,-1.6143466211866782
5763,test,0,0.13737886399030685,0.8137026798727853,16.669998186960655,5.340689984790635,-1.6022044593295943
5764,test,0,0.16946469992399218,1.0520242929519008,16.669001029501892,5.300976366634049,-1.5898228652756432
5765,test,0,0.2167595699429512,1.0520242929519008,16.668687078860756,5.281020821973377,-1.5833739216355918
5766,test,0,0.16487738490104675,1.0520242929519008,16.668510825460608,5.22107672419435,-1.5638811989141925
5767,test,0,0.20481276512145996,1.0520242929519008,16.669072897849613,5.181286615849456,-1.5495695563816505
5768,test,0,0.28320708125829697,1.0520242929519008,16.670198487674178,5.141292504440795,-1.5356157323472297
5769,test,0,0.1417607739567757,1.0520242929519008,16.671871541070853,5.10153137787682,-1.5216639431171914
5770,test,0,0.22303270548582077,1.2828958683286102,16.674138463972138,5.061692575891972,-1.5061342906130313
5771,test,0,0.2934568300843238,1.2828958683286102,16.677004154665322,5.021849961682474,-1.4921357715683619
5772,test,0,0.2776780724525451,1.2828958683286102,16.680449105661108,4.982263213593744,-1.4760857364143005
5773,test,0,0.24000588804483408,1.2828958683286102,16.68454289005932,4.9425459169763775,-1.4606539425478382
5774,test,0,0.3147102743387222,1.2828958683286102,16.689197668073813,4.9029293760585215,-1.4469384969855663
5775,test,0,0.032350055873394026,1.2828958683286102,16.694435939949344,4.863473999737545,-1.4307014778588316
5776,test,0,0.06749260425567627,1.2828958683286102,16.70029287091304,4.8240392197313104,-1.4167919026846776
5777,test,0,0.07101809978485107,0.027172246123077125,16.706676001058156,4.78468010632141,-1.402914312487668
5778,test,0,0.0757410004734993,0.027172246123077125,16.71363436144644,4.7454552883305245,-1.3881441998024446
5779,test,0,0.07693534344434738,0.027172246123077125,16.72114694641569,4.706268707824332,-1.374282520750685
5780,test,0,0.07744688540697098,0.027172246123077125,16.729246335013606,4.667231604496882,-1.3577230881303162
5781,test,0,0.08096607774496078,0.027172246123077125,16.73796554085502,4.628433562840169,-1.3426157573360562
5782,test,0,0.08096607774496078,0.023289083561016773,16.747304096945147,4.589538408373942,-1.3271660141108534
5783,test,0,0.08714394271373749,0.023289083561016773,16.757240903783284,4.551024911454942,-1.3097774046182649
5784,test,0,0.24228399246931076,0.023289083561016773,16.732567328149493,4.548159814729441,-1.470139305994981
5785,test,0,0.11998653411865234,0.023289083561016773,16.716773483773956,4.552494254123115,-1.631491889848853
5786,test,0,0.03995537385344505,0.007812981609206095,16.716707202257112,4.532155270401505,-1.6080241481231796
5787,test,0,0.04539017006754875,0.007812981609206095,16.73816238931111,4.563609877119486,-1.5537364350095642
5788,test,0,0.06905509531497955,0.007812981609206095,16.73675266235689,4.558413040442849,-1.57221726793855
5789,test,0,0.06738056987524033,0.007812981609206095,16.73317552900618,4.54433123962022,-1.5467671390776792
5790,test,0,0.07020513713359833,0.007812981609206095,16.75841210933717,4.566489895087842,-1.632758467940148
5791,test,0,0.06951741129159927,0.007812981609206095,16.756615014031738,4.562255038735897,-1.4917143575955307
5792,test,0,0.06030348315834999,0.007812981609206095,16.754884686353577,4.548858145438249,-1.5896304034518467
5793,test,0,0.06849795579910278,0.007812981609206095,16.75466288669833,4.51915298946818,-1.5670303756443107
5794,test,0,0.07133639603853226,0.007812981609206095,16.721905915973647,4.626966332424974,-1.4656478409056923
5795,test,0,0.07199948281049728,0.07546702835607731,16.741715771046668,4.656345381296467,-1.0085354211621973
5796,test,0,0.09510085731744766,0.07546702835607731,16.745205421496077,4.673498195211296,-0.5364648706656573
5797,test,0,0.048671599477529526,0.14172624405371867,16.79219665046603,4.808210939142775,-0.39984621301288975
5798,test,0,0.013905664905905724,0.14172624405371867,16.831629014870707,4.816082129620859,-0.3739031994574267
5799,test,0,0.09477373212575912,0.35784737220136,16.89833951110171,4.812006354757397,-1.529086051291046
5800,test,0,0.08329632878303528,0.35784737220136,16.898110832585544,4.812992564904035,-1.5291505780833514
5801,test,0,0.08447567373514175,0.35784737220136,16.89811752496486,4.8131316382100815,-1.5292427008117608
5802,test,0,0.05509890243411064,0.35784737220136,16.898130101939504,4.813135506584622,-1.529431658354771
5803,test,0,0.06362399458885193,0.35784737220136,16.898152345588787,4.8131481240094836,-1.5297106077423168
5804,test,0,0.07223806530237198,0.35784737220136,16.89816650401273,4.813155214376573,-1.529897501865867
5805,test,0,0.0822594091296196,0.35784737220136,16.89817885843724,4.813158564100101,-1.5300668066129155
5806,test,0,0.07840324938297272,0.35784737220136,16.89818912346642,4.8131616105035535,-1.5301617680307984
5807,test,0,0.08200626820325851,0.35784737220136,16.898191161615912,4.813157428042493,-1.530190303570344
5808,test,0,0.07123491913080215,0.35784737220136,16.89820716797622,4.813169924482994,-1.5304712397145321
5809,test,0,0.07147808372974396,0.35784737220136,16.898226233203147,4.813177852715181,-1.5307229707061751
5810,test,0,0.08182694762945175,0.35784737220136,16.898235828713407,4.813178918715584,-1.5307295021337466
5811,test,0,0.08061181753873825,0.35784737220136,16.89825154834634,4.8131853968716305,-1.5308810812175482
5812,test,0,0.0817280188202858,0.35784737220136,16.898272505788402,4.813188661055781,-1.5311695812354693
5813,test,0,0.0839138999581337,0.35784737220136,16.898297332271245,4.813199778505848,-1.5314233324849418
5814,test,0,0.08631064742803574,0.35784737220136,16.89830695938523,4.813203866609103,-1.5315481823308144
5815,test,0,0.08631064742803574,0.35784737220136,16.898330638924772,4.813206658377099,-1.5319350376087266
5816,test,0,0.08145660907030106,0.35784737220136,16.8983367053531,4.813216123779877,-1.5319619832097784
5817,test,0,0.07859843969345093,0.35784737220136,16.898343068282763,4.813217324006971,-1.5319742217544345
5818,test,0,0.08168645203113556,0.35784737220136,16.898356000696953,4.8132200386294794,-1.5321512397302108
5819,test,0,0.08104784041643143,0.35784737220136,16.89836840226831,4.813221850029605,-1.5321615491258467
5820,test,0,0.08187180757522583,0.35784737220136,16.898386959987654,4.8132279067211154,-1.5323702948877007
5821,test,0,0.08219567686319351,0.35784737220136,16.898405414462285,4.813230228708605,-1.5327329137053631
5822,test,0,0.08219567686319351,0.35784737220136,16.898416095584157,4.813244588758916,-1.5328800942232792
5823,test,0,0.08103639632463455,0.35784737220136,16.898431226836294,4.813248779362161,-1.5330805136024432
5824,test,0,0.08190726488828659,0.35784737220136,16.89843215224033,4.813247078803449,-1.5331781276572782
5825,test,0,0.08200804144144058,0.35784737220136,16.89845374559772,4.813256812994917,-1.5333793461003682
5826,test,0,0.06374453753232956,0.35784737220136,16.898462690783592,4.8132578882512345,-1.5335219241823497
5827,test,0,0.08001802116632462,0.35784737220136,16.89848211976657,4.813264182473936,-1.5337948692750518
5828,test,0,0.08270607143640518,0.35784737220136,16.89850028526065,4.813269702391028,-1.5339656405981905
5829,test,0,0.07427719980478287,0.35784737220136,16.898504396486516,4.8132738858940955,-1.5339021510286823
5830,test,0,0.061665672808885574,0.35784737220136,16.898524457459327,4.8132742687729495,-1.5340965715139097
5831,test,0,0.07429575175046921,0.35784737220136,16.89853670014883,4.813276939568286,-1.5341715061205714
5832,test,0,0.08720401674509048,0.35784737220136,16.89855566176784,4.813280641386794,-1.5343264290723024
5833,test,0,0.08190400153398514,0.35784737220136,16.898561173871723,4.813285403730386,-1.5344310882496195
5834,test,0,0.08687110245227814,0.35784737220136,16.898569290063648,4.813289526799798,-1.5346126533653364
5835,test,0,0.0818660780787468,0.35784737220136,16.89859987501394,4.813303902119234,-1.534923655376636
5836,test,0,0.06036410853266716,0.35784737220136,16.89861385945767,4.813309322275021,-1.5351914661067012
5837,test,0,0.06610798090696335,0.35784737220136,16.898629856618236,4.813308949698487,-1.535261682969643
5838,test,0,0.08642806857824326,0.35784737220136,16.89864338116811,4.81330748909432,-1.535213613255887
5839,test,0,0.071021668612957,0.35784737220136,16.898663469481065,4.813314539437174,-1.5354478659644537
5840,test,0,0.08163032680749893,0.35784737220136,16.898674878949787,4.81331678734053,-1.5356319250403399
5841,test,0,0.07199478894472122,0.35784737220136,16.89868538692846,4.813327275666524,-1.535775823782899
5842,test,0,0.08409181982278824,0.35784737220136,16.89869822354425,4.813329793549649,-1.5359308956283935
5843,test,0,0.055821169167757034,0.35784737220136,16.898711640764105,4.81333274271902,-1.5359683390447985
5844,test,0,0.07592451572418213,0.35784737220136,16.898721437719672,4.813335721638351,-1.536101208938533
5845,test,0,0.0624406598508358,0.35784737220136,16.898733247930867,4.813339629257448,-1.536368816689391
5846,test,0,0.08183939009904861,0.35784737220136,16.898740102678588,4.813345954565715,-1.5364843719523287
5847,test,0,0.08336194604635239,0.35784737220136,16.898769800344986,4.813353255717062,-1.536826498201224
5848,test,0,0.06493984162807465,0.35784737220136,16.898792869949997,4.813355621488179,-1.5367849401612264
5849,test,0,0.061280254274606705,0.35784737220136,16.89881046210694,4.813350055343886,-1.5369358208155344
5850,test,0,0.04574824124574661,0.35784737220136,16.898813537574224,4.813362713045378,-1.5370666287248735
5851,test,0,0.08191739022731781,0.35784737220136,16.898825936924013,4.813367064445758,-1.5372200941149987
5852,test,0,0.09656156599521637,0.35784737220136,16.89883014298035,4.8133659477599124,-1.537378340455636
5853,test,0,0.08821333944797516,0.35784737220136,16.898840241490877,4.813374358078291,-1.5375129056122085
5854,test,0,0.07891053706407547,0.35784737220136,16.898860461588093,4.813378216728306,-1.5376041718130469
5855,test,0,0.07262266427278519,0.35784737220136,16.898870697993264,4.813380291685998,-1.537792196380047
5856,test,0,0.09752874821424484,0.35784737220136,16.898887311327343,4.813383806054695,-1.537887291403869
5857,test,0,0.08069507777690887,0.35784737220136,16.89889592698151,4.8133838820914345,-1.5380159774774684
5858,test,0,0.06311879307031631,0.35784737220136,16.89891645099368,4.813397240001404,-1.538344221272573
5859,test,0,0.08167874068021774,0.35784737220136,16.898925600636904,4.813401384569697,-1.5384679058672706
5860,test,0,0.08468960970640182,0.35784737220136,16.898925603856796,4.813401386619193,-1.5384679812964603
5861,test,0,0.08182578533887863,0.35784737220136,16.89892560707466,4.813401388668605,-1.538468056679378
5862,test,0,0.08232823014259338,0.35784737220136,16.898925610292878,4.813401390718075,-1.538468132070085
5863,test,0,0.03210735321044922,0.35784737220136,16.898925613511462,4.813401392767251,-1.5384682074695992
5864,test,0,0.03210735321044922,0.35784737220136,16.898925616729848,4.813401394816192,-1.538468282864598
5865,test,0,0.09186528623104095,0.35784737220136,16.89892561994918,4.813401396866072,-1.538468358281467
5866,test,0,0.07226862013339996,0.35784737220136,16.89892562316684,4.813401398915294,-1.5384684336597723
5867,test,0,0.08126156032085419,0.35784737220136,16.898925626384234,4.813401400964285,-1.5384685090313026
5868,test,0,0.08250264078378677,0.35784737220136,16.898925629602243,4.813401403013179,-1.538468584417263
5869,test,0,0.08237675577402115,0.35784737220136,16.898925632820102,4.813401405061778,-1.5384686597996715
5870,test,0,0.08656319230794907,0.35784737220136,16.89892563603852,4.813401407110996,-1.5384687351947768
5871,test,0,0.08241749554872513,0.35784737220136,16.898925639256046,4.813401409160033,-1.538468810569667
5872,test,0,0.08234057575464249,0.35784737220136,16.898925642472992,4.813401411208698,-1.538468885930721
5873,test,0,0.06095946207642555,0.35784737220136,16.898925645690117,4.813401413257128,-1.5384689612961169
5874,test,0,0.08195415139198303,0.35784737220136,16.898925648907653,4.813401415305588,-1.5384690366705436
5875,test,0,0.0609997920691967,0.35784737220136,16.898925652125055,4.813401417354132,-1.5384691120423661
5876,test,0,0.08129801601171494,0.35784737220136,16.898925653733574,4.813401418378409,-1.538469149723933
5877,test,0,0.08528093993663788,0.35784737220136,16.898925658558955,4.813401421451259,-1.5384692627644592
5878,test,0,0.09061015397310257,0.35784737220136,16.898925661775195,4.813401423499173,-1.538469338109115
5879,test,0,0.07804887741804123,0.35784737220136,16.898925664992227,4.813401425547435,-1.5384694134718508
5880,test,0,0.09147024899721146,0.35784737220136,16.898925668208896,4.813401427595526,-1.5384694888263923
5881,test,0,0.06496413052082062,0.35784737220136,16.898925671425054,4.813401429643484,-1.5384695641690205
5882,test,0,0.08197768777608871,0.35784737220136,16.898925674641855,4.813401431691836,-1.538469639527048
5883,test,0,0.05496519058942795,0.35784737220136,16.898925676249817,4.813401432715687,-1.5384696771956494
5884,test,0,0.05496519058942795,0.35784737220136,16.89892568107377,4.813401435787262,-1.5384697902024278
5885,test,0,0.08189981430768967,0.35784737220136,16.898925684289953,4.813401437835099,-1.538469865545276
5886,test,0,0.0846329927444458,0.35784737220136,16.898925687505233,4.813401439882424,-1.5384699408671247
5887,test,0,0.08915504068136215,0.35784737220136,16.898925690721647,4.813401441930384,-1.5384700162150768
5888,test,0,0.06514418870210648,0.35784737220136,16.898925693937162,4.813401443977729,-1.5384700915419782
5889,test,0,0.05007405951619148,0.35784737220136,16.898925695544733,4.81340144500136,-1.5384701292016238
5890,test,0,0.08236280083656311,0.35784737220136,16.898925700368068,4.813401448072739,-1.5384702421952718
5891,test,0,0.08236280083656311,0.35784737220136,16.898925703582666,4.813401450119625,-1.5384703175016987
5892,test,0,0.08287661522626877,0.35784737220136,16.89892570679827,4.813401452166952,-1.5384703928307286
5893,test,0,0.05976340174674988,0.35784737220136,16.898925710013653,4.813401454214131,-1.5384704681551344
5894,test,0,0.08192772418260574,0.35784737220136,16.89892571322854,4.81340145626126,-1.5384705434678312
5895,test,0,0.04197399318218231,0.35784737220136,16.898925716443163,4.813401458308376,-1.5384706187750556
5896,test,0,0.07655631750822067,0.35784737220136,16.898925719657374,4.813401460355045,-1.538470694072147
5897,test,0,0.08523668348789215,0.35784737220136,16.89892572287204,4.813401462401701,-1.5384707693799415
5898,test,0,0.08523668348789215,0.35784737220136,16.89892572608706,4.813401464448527,-1.5384708446950586
5899,test,0,0.09503372758626938,0.35784737220136,16.898925727694515,4.813401465472025,-1.538470882351686
5900,test,0,0.09197420626878738,0.35784737220136,16.89892573251545,4.813401468542073,-1.5384709952876705
5901,test,0,0.09956810623407364,0.35784737220136,16.898925735729176,4.813401470588537,-1.5384710705737337
5902,test,0,0.0950578823685646,0.35784737220136,16.898925738943195,4.813401472634687,-1.5384711458649476
5903,test,0,0.0741543099284172,0.35784737220136,16.898925742157374,4.813401474680886,-1.5384712211608924
5904,test,0,0.08234898000955582,0.35784737220136,16.898925745372093,4.813401476727787,-1.538471296469539
5905,test,0,0.08636865764856339,0.35784737220136,16.89892574697876,4.813401477750965,-1.5384713341080252
5906,test,0,0.06996078044176102,0.35784737220136,16.89892575179801,4.813401480820017,-1.538471447005219
5907,test,0,0.08538594096899033,0.35784737220136,16.89892575501153,4.813401482865886,-1.5384715222853644
5908,test,0,0.08231691271066666,0.35784737220136,16.89892575822479,4.813401484911446,-1.5384715975601269
5909,test,0,0.07994645088911057,0.35784737220136,16.898925761439095,4.81340148695799,-1.5384716728587993
5910,test,0,0.06514883786439896,0.35784737220136,16.898925764651732,4.813401489003899,-1.5384717481190227
5911,test,0,0.08043645322322845,0.35784737220136,16.898925767863936,4.813401491049525,-1.5384718233688615
5912,test,0,0.08237238973379135,0.35784737220136,16.89892577107693,4.81340149309514,-1.5384718986367427
5913,test,0,0.08193410933017731,0.35784737220136,16.89892577428961,4.813401495140293,-1.5384719738968744
5914,test,0,0.08391257375478745,0.35784737220136,16.898925777503006,4.813401497186215,-1.5384720491752715
5915,test,0,0.06725631654262543,0.35784737220136,16.89892578071549,4.8134014992319365,-1.5384721244318924
5916,test,0,0.061024878174066544,0.35784737220136,16.898925783927172,4.813401501277212,-1.53847219966968
5917,test,0,0.0804142951965332,0.35784737220136,16.898925787139323,4.813401503322387,-1.5384722749180113
5918,test,0,0.064902663230896,0.35784737220136,16.898925790351594,4.813401505367354,-1.53847235016906
5919,test,0,0.07690340280532837,0.35784737220136,16.898925793564068,4.81340150741261,-1.5384724254248892
5920,test,0,0.08185316622257233,0.35784737220136,16.89892579677608,4.813401509457943,-1.538472500670724
5921,test,0,0.06582050025463104,0.35784737220136,16.89892579998761,4.813401511503042,-1.5384725759048903
5922,test,0,0.08509650081396103,0.35784737220136,16.8989258031988,4.813401513547683,-1.5384726511315607
5923,test,0,0.05113252252340317,0.35784737220136,16.898925804804623,4.813401514569977,-1.5384726887493658
5924,test,0,0.06104598566889763,0.35784737220136,16.898925809622316,4.813401517637231,-1.5384728016098677
5925,test,0,0.08038323372602463,0.35784737220136,16.89892581283354,4.813401519681958,-1.538472876836774
5926,test,0,0.054952412843704224,0.35784737220136,16.898925816045036,4.813401521726914,-1.5384729520695053
5927,test,0,0.07891813665628433,0.35784737220136,16.898925819255602,4.813401523771144,-1.5384730272811107
5928,test,0,0.09640977531671524,0.35784737220136,16.89892582086096,4.813401524793259,-1.5384730648887195
5929,test,0,0.0824127048254013,0.35784737220136,16.89892582407248,4.8134015268379535,-1.5384731401227192
5930,test,0,0.08248905092477798,0.35784737220136,16.898930629193767,4.813403978013386,-1.5385682224607695
5931,test,0,0.07987029105424881,0.35784737220136,16.898953741269022,4.81341048698978,-1.5388627408169018
5932,test,0,0.08168600499629974,0.35784737220136,16.89895575547589,4.813409741417347,-1.5389023199728142
5933,test,0,0.08557780086994171,0.35784737220136,16.898960648587753,4.813414292213334,-1.538908537444887
5934,test,0,0.05884450674057007,0.35784737220136,16.898973157932932,4.813419062480107,-1.5391908489549644
5935,test,0,0.07803555577993393,0.35784737220136,16.898973506672395,4.813419695997164,-1.5391282575292684
5936,test,0,0.060390714555978775,0.35784737220136,16.898990953554332,4.813424670013896,-1.5394186396874554
5937,test,0,0.0813438892364502,0.35784737220136,16.899001757925873,4.813428062135115,-1.5394550153453137
5938,test,0,0.07564375549554825,0.35784737220136,16.899001752154334,4.813428060814077,-1.5394548807489712
5939,test,0,0.09029991179704666,0.35784737220136,16.899001733855908,4.813428095274501,-1.5394544819066025
5940,test,0,0.08540996164083481,0.35784737220136,16.89900172418853,4.813428040515691,-1.5394542181493542
5941,test,0,0.08710180968046188,0.35784737220136,16.899001711893423,4.813428065503861,-1.5394539514784158
5942,test,0,0.08208918571472168,0.35784737220136,16.89900170050667,4.813428065181421,-1.5394536873688724
5943,test,0,0.08170478790998459,0.35784737220136,16.89900169028247,4.813428026597795,-1.5394534224404508
5944,test,0,0.0442560650408268,0.35784737220136,16.899001678247192,4.813428043260366,-1.5394531557921594
5945,test,0,0.0931745320558548,0.35784737220136,16.899001668129337,4.813428005721306,-1.5394528941323913
5946,test,0,0.08738798648118973,0.35784737220136,16.89900166251902,4.8134280018961535,-1.5394527614523827
5947,test,0,0.08043114095926285,0.35784737220136,16.89900164509876,4.813428005612756,-1.5394523607449369
5948,test,0,0.08513379842042923,0.35784737220136,16.89900163322148,4.813428020368733,-1.5394520962099716
5949,test,0,0.08147381246089935,0.35784737220136,16.899001622250612,4.813428006050679,-1.5394518317449457
5950,test,0,0.06929967552423477,0.35784737220136,16.89900161170129,4.813427978357921,-1.5394515671154128
5951,test,0,0.09482734650373459,0.35784737220136,16.899001604606305,4.813428019897206,-1.5394514329286373
5952,test,0,0.08159279078245163,0.35784737220136,16.89900158900048,4.813427971470255,-1.539451036139592
5953,test,0,0.08958383649587631,0.35784737220136,16.899001582510067,4.813427995726162,-1.5394509034094992
5954,test,0,0.08275707811117172,0.35784737220136,16.899001566276997,4.8134279716942325,-1.5394505097916378
5955,test,0,0.0809408575296402,0.35784737220136,16.89900155507892,4.813427964232195,-1.5394502450157124
5956,test,0,0.08560807257890701,0.35784737220136,16.89900154993241,4.813427944332088,-1.5394501113935177
5957,test,0,0.0828288346529007,0.35784737220136,16.899001533077143,4.813427935111558,-1.5394497141394512
5958,test,0,0.0888778418302536,0.35784737220136,16.899001521215336,4.813427947364967,-1.539449448199004
5959,test,0,0.08890651911497116,0.35784737220136,16.899001516468818,4.813427917152637,-1.539449316142021
5960,test,0,0.07888055592775345,0.35784737220136,16.89900149884909,4.813427934481402,-1.5394489205774537
5961,test,0,0.0822439193725586,0.35784737220136,16.899001488664826,4.813427896892393,-1.5394486574171653
5962,test,0,0.0804055705666542,0.35784737220136,16.899001476802784,4.813427911327834,-1.5394483930939271
5963,test,0,0.053656790405511856,0.35784737220136,16.899001465480833,4.813427909036281,-1.5394481291177247
5964,test,0,0.08175382018089294,0.35784737220136,16.899001460655754,4.813427881230967,-1.539447997173233
5965,test,0,0.08195830136537552,0.35784737220136,16.899001443203343,4.813427892109862,-1.5394476007451259
5966,test,0,0.07733414322137833,0.35784737220136,16.899001432646084,4.813427864047156,-1.5394473357195548
5967,test,0,0.08272793143987656,0.35784737220136,16.899001420714946,4.8134278821522205,-1.5394470725500207
5968,test,0,0.08162400871515274,0.35784737220136,16.899001414126104,4.813427907841399,-1.5394469385229597
5969,test,0,0.08169922977685928,0.35784737220136,16.899001397530053,4.813427886531968,-1.539446538468951
5970,test,0,0.0955120250582695,0.35784737220136,16.899001387990157,4.813427828313772,-1.5394462752055778
5971,test,0,0.07108837366104126,0.35784737220136,16.899001381491676,4.813427851686463,-1.5394461417658052
5972,test,0,0.08165555447340012,0.35784737220136,16.89900136533535,4.813427821068491,-1.5394457454060353
5973,test,0,0.09164247661828995,0.35784737220136,16.89900135421036,4.813427812209354,-1.5394454813397949
5974,test,0,0.08177410066127777,0.35784737220136,16.899001348005445,4.8134278287759695,-1.5394453497010443
5975,test,0,0.07715918868780136,0.35784737220136,16.89900133736799,4.813427800678683,-1.5394450828879886
5976,test,0,0.08324763923883438,0.35784737220136,16.899001324686886,4.813427842708883,-1.5394448195505623
5977,test,0,0.0646899864077568,0.35784737220136,16.899001308695066,4.813427804297857,-1.5394444209940579
5978,test,0,0.05323629826307297,0.35784737220136,16.899001298053687,4.813427778168472,-1.5394441553194596
5979,test,0,0.0824674591422081,0.35784737220136,16.89900128604745,4.813427795827259,-1.5394438900080973
5980,test,0,0.08994259685277939,0.35784737220136,16.899001275893617,4.813427760906266,-1.539443629383214
5981,test,0,0.0827251449227333,0.35784737220136,16.89900126853955,4.813427811398063,-1.539443495757369
5982,test,0,0.09604997932910919,0.35784737220136,16.89900125259486,4.813427776668104,-1.5394431011303908
5983,test,0,0.07487403601408005,0.35784737220136,16.899001240597524,4.813427794285773,-1.5394428359776295
5984,test,0,0.08171188086271286,0.35784737220136,16.89900122952835,4.813427783617449,-1.5394425718463842
5985,test,0,0.08219364285469055,0.35784737220136,16.899001218744026,4.813427763776079,-1.5394423075791825
5986,test,0,0.09032542258501053,0.35784737220136,16.899001208179943,4.813427740025091,-1.5394420455301756
5987,test,0,0.08534323424100876,0.35784737220136,16.89900119654115,4.813427747931023,-1.539441781591452
5988,test,0,0.08140792697668076,0.35784737220136,16.899001186466514,4.813427708641462,-1.539441519659586
5989,test,0,0.06785809248685837,0.35784737220136,16.899001175580665,4.813427692235269,-1.5394412554369288
5990,test,0,0.07001825422048569,0.35784737220136,16.89900116282089,4.813427734943512,-1.5394409908082254
5991,test,0,0.1013614758849144,0.35784737220136,16.8990011531812,4.8134276817438515,-1.539440728779402
5992,test,0,0.07848213613033295,0.35784737220136,16.89900114065018,4.813427717632449,-1.539440464485928
5993,test,0,0.08200005441904068,0.35784737220136,16.89900112944921,4.81342771153444,-1.539440200415538
5994,test,0,0.09134436398744583,0.35784737220136,16.899001119588366,4.813427663848762,-1.5394399372491716
5995,test,0,0.08431565761566162,0.35784737220136,16.89900110779061,4.813427677344792,-1.5394396737569866
5996,test,0,0.07403814047574997,0.35784737220136,16.899001097487567,4.8134276429445935,-1.5394394100488134
5997,test,0,0.07985332608222961,0.35784737220136,16.89900108482622,4.813427679708603,-1.5394391433945482
5998,test,0,0.05431918054819107,0.35784737220136,16.899001078591294,4.813427696584654,-1.5394390111144935
5999,test,0,0.0828268900513649,0.35784737220136,16.899001062987107,4.813427655220966,-1.5394386195021568
6000,test,0,0.07859398424625397,0.35784737220136,16.899001052925577,4.813427614887282,-1.5394383569933754
6001,test,0,0.07845518738031387,0.35784737220136,16.899001046528376,4.813427633193967,-1.5394382221239495
6002,test,0,0.0829734280705452,0.35784737220136,16.899004685314665,4.813428001481485,-1.5394519733990784
6003,test,0,0.10135006159543991,0.35784737220136,16.899010361739155,4.813424192231647,-1.5395705959825405
6004,test,0,0.08277600258588791,0.35784737220136,16.89901628265334,4.813432419153367,-1.5396180686950867
6005,test,0,0.0818336233496666,0.35784737220136,16.899016276174,4.81343242725701,-1.539617924573408
6006,test,0,0.08176600933074951,0.35784737220136,16.89901625899772,4.8134324025611965,-1.539617509070656
6007,test,0,0.08406058698892593,0.35784737220136,16.899016246597952,4.813432408398743,-1.5396172262464443
6008,test,0,0.0789804607629776,0.35784737220136,16.899016241222668,4.813432392427279,-1.5396170903127846
6009,test,0,0.07826327532529831,0.35784737220136,16.89901622367016,4.813432374896602,-1.5396166712523542
6010,test,0,0.11018642038106918,0.35784737220136,16.899016217624233,4.813432379670022,-1.5396165346932886
6011,test,0,0.0773579478263855,0.35784737220136,16.89901619970367,4.8134323712886635,-1.5396161138288833
6012,test,0,0.08174776285886765,0.35784737220136,16.899016187442946,4.813432370931859,-1.5396158297535216
6013,test,0,0.07577893137931824,0.35784737220136,16.899016175866162,4.813432361756645,-1.5396155550283617
6014,test,0,0.08392202854156494,0.35784737220136,16.899016164208494,4.8134323492245095,-1.5396152760954875
6015,test,0,0.090245321393013,0.35784737220136,16.89901615799993,4.813432351772864,-1.5396151342277855
6016,test,0,0.0818273276090622,0.35784737220136,16.899016140788373,4.813432327977533,-1.5396147185337832
6017,test,0,0.06215158477425575,0.35784737220136,16.899016128512304,4.813432326904343,-1.539614433573129
6018,test,0,0.0621463842689991,0.35784737220136,16.89901611727105,4.813432312149029,-1.5396141626342448
6019,test,0,0.09106352180242538,0.35784737220136,16.89901610542229,4.813432308751509,-1.539613885851697
6020,test,0,0.08216190338134766,0.35784737220136,16.899016093191157,4.813432311620181,-1.5396136047474445
6021,test,0,0.08182554692029953,0.35784737220136,16.899016081379376,4.813432302833321,-1.5396133248385626
6022,test,0,0.09473701566457748,0.35784737220136,16.899016070350186,4.813432279405256,-1.5396130523972602
6023,test,0,0.09108487516641617,0.35784737220136,16.899016058623562,4.813432273306197,-1.5396127763018592
6024,test,0,0.09739258140325546,0.35784737220136,16.899016052173224,4.8134322847924995,-1.5396126352204529
6025,test,0,0.08355244994163513,0.35784737220136,16.89901603503225,4.813432257599759,-1.5396122187875025
6026,test,0,0.07068883627653122,0.35784737220136,16.899016022695655,4.8134322647207375,-1.5396119383731182
6027,test,0,0.0916052907705307,0.35784737220136,16.89901601070795,4.81343225712404,-1.5396116554265944
6028,test,0,0.08117356151342392,0.35784737220136,16.899016005417952,4.8134322422184175,-1.5396115220585973
6029,test,0,0.08642467111349106,0.35784737220136,16.89901598751931,4.813432236904972,-1.5396111036641213
6030,test,0,0.08393973857164383,0.35784737220136,16.8990159755296,4.813432237198106,-1.5396108260835937
6031,test,0,0.09891752898693085,0.35784737220136,16.89901596964822,4.813432233616253,-1.5396106872961883
6032,test,0,0.0801260694861412,0.35784737220136,16.899015952537646,4.813432208164872,-1.5396102726724528
6033,test,0,0.04561261087656021,0.35784737220136,16.899015946699482,4.813432202829134,-1.5396101336929424
6034,test,0,0.08047989010810852,0.35784737220136,16.89901592893519,4.813432195499623,-1.5396097170706773
6035,test,0,0.08715487271547318,0.35784737220136,16.899015916795157,4.813432198663288,-1.5396094382835652
6036,test,0,0.08694381266832352,0.35784737220136,16.899015911214228,4.813432187485453,-1.539609300975422
6037,test,0,0.07824590802192688,0.35784737220136,16.89901589364682,4.81343217655277,-1.539608886364534
6038,test,0,0.0922541618347168,0.35784737220136,16.899015882074735,4.813432161717904,-1.5396086076930668
6039,test,0,0.08651556819677353,0.35784737220136,16.899015869917317,4.813432167356508,-1.5396083302821129
6040,test,0,0.07072611898183823,0.35784737220136,16.89901585815112,4.813432160528761,-1.5396080529294751
6041,test,0,0.07962106913328171,0.35784737220136,16.89901584631252,4.81343215078806,-1.539607771863015
6042,test,0,0.0798572227358818,0.35784737220136,16.899015835063647,4.813432132354037,-1.53960749812309
6043,test,0,0.055264171212911606,0.35784737220136,16.899015822781543,4.813432140904839,-1.5396072197940358
6044,test,0,0.09466706216335297,0.35784737220136,16.899015816823233,4.813432135745378,-1.5396070781601512
6045,test,0,0.07759875804185867,0.35784737220136,16.899015799266234,4.813432126034675,-1.5396066645568696
6046,test,0,0.08184362202882767,0.35784737220136,16.89901578786675,4.8134321102606075,-1.5396063892504832
6047,test,0,0.05800550803542137,0.35784737220136,16.899015775802855,4.813432111384163,-1.5396061107006598
6048,test,0,0.08009659498929977,0.35784737220136,16.899015764635426,4.813432089988895,-1.5396058366545027
6049,test,0,0.09206118434667587,0.35784737220136,16.899015758239532,4.813432097765682,-1.539605694187394
6050,test,0,0.08128732442855835,0.35784737220136,16.89901574074904,4.813432085933339,-1.539605280677667
6051,test,0,0.07628467679023743,0.35784737220136,16.899015729510925,4.8134320713037475,-1.5396050098621519
6052,test,0,0.08178050071001053,0.35784737220136,16.899015717877163,4.813432061101225,-1.5396047331419287
6053,test,0,0.08175096660852432,0.35784737220136,16.899015711966108,4.813432056132409,-1.539604592720103
6054,test,0,0.08154777437448502,0.35784737220136,16.899015699777237,4.813432060324357,-1.5396043136226993
6055,test,0,0.09152334183454514,0.35784737220136,16.899015682116833,4.813432051225445,-1.539603898186675
6056,test,0,0.0810789242386818,0.35784737220136,16.899015671269712,4.813432032116397,-1.5396036329784972
6057,test,0,0.08973418921232224,0.35784737220136,16.899015659686153,4.813432020897348,-1.5396033566920657
6058,test,0,0.08182474225759506,0.35784737220136,16.899015647846817,4.813432014621175,-1.5396030781033578
6059,test,0,0.08181013911962509,0.35784737220136,16.899015635557998,4.813432016566998,-1.5396027950815607
6060,test,0,0.08174388855695724,0.35784737220136,16.899015623641663,4.813432014896483,-1.539602518033372
6061,test,0,0.07490173727273941,0.35784737220136,16.899015617881563,4.8134320091525105,-1.539602380486175
6062,test,0,0.08353380113840103,0.35784737220136,16.89901560065786,4.813431985737547,-1.539601964880969
6063,test,0,0.09058299660682678,0.35784737220136,16.899015594312772,4.81343199342478,-1.5396018236124414
6064,test,0,0.09146997332572937,0.35784737220136,16.899029020835325,4.813437152582579,-1.5398352967182898
6065,test,0,0.04873410984873772,0.35784737220136,16.899033505390218,4.81343571809593,-1.5397327329267043
6066,test,0,0.09905721992254257,0.35784737220136,16.899057206096515,4.813443194824972,-1.5400199367494574
6067,test,0,0.08188606053590775,0.35784737220136,16.89906788818958,4.813440777824984,-1.5401280221425613
6068,test,0,0.08261892199516296,0.35784737220136,16.899076663103873,4.813436076156002,-1.5401857752715802
6069,test,0,0.08267595618963242,0.35784737220136,16.899075708055165,4.813445639232693,-1.540133780457539
6070,test,0,0.07104956358671188,0.35784737220136,16.899085879357376,4.8134467150424,-1.540181259759885
6071,test,0,0.08188416063785553,0.35784737220136,16.899098568939277,4.813447150420369,-1.5403372076962125
6072,test,0,0.0831061527132988,0.35784737220136,16.899117859499487,4.8134582527695216,-1.5405709477914131
6073,test,0,0.07488063722848892,0.35784737220136,16.899124841320393,4.8134562006641,-1.5405616893236633
6074,test,0,0.08166836202144623,0.35784737220136,16.89914327569895,4.813458854255359,-1.5406960198710131
6075,test,0,0.10939008742570877,0.35784737220136,16.899151370741684,4.813466785307174,-1.5408791828493456
6076,test,0,0.09002434462308884,0.35784737220136,16.899164377658686,4.813456843463673,-1.5409359820021635
6077,test,0,0.0644528791308403,0.35784737220136,16.899163757466237,4.813467731673544,-1.5410069612942354
6078,test,0,0.05583949014544487,0.35784737220136,16.89916375735007,4.81346773160805,-1.5410069588184976
6079,test,0,0.08171770721673965,0.35784737220136,16.899163757233758,4.81346773154274,-1.5410069563361115
6080,test,0,0.08572763949632645,0.35784737220136,16.899163757117115,4.813467731477667,-1.5410069538399405
6081,test,0,0.06507380306720734,0.35784737220136,16.899163756999528,4.813467731412084,-1.5410069513207603
6082,test,0,0.08572763949632645,0.35784737220136,16.899163756882242,4.8134677313462735,-1.5410069488142988
6083,test,0,0.08171770721673965,0.35784737220136,16.899163756766317,4.81346773128088,-1.5410069463452747
6084,test,0,0.08259908854961395,0.35784737220136,16.899163756649894,4.813467731215382,-1.5410069438612775
6085,test,0,0.06507380306720734,0.35784737220136,16.89916375653351,4.813467731150455,-1.5410069413711227
6086,test,0,0.08259908854961395,0.35784737220136,16.899163756416122,4.813467731085051,-1.5410069388559866
6087,test,0,0.06507380306720734,0.35784737220136,16.899163756298393,4.813467731019072,-1.5410069363379286
6088,test,0,0.07942547649145126,0.35784737220136,16.89916375618258,4.81346773095375,-1.5410069338712116
6089,test,0,0.07406312972307205,0.35784737220136,16.899163756066205,4.813467730888203,-1.5410069313899109
6090,test,0,0.07942547649145126,0.35784737220136,16.899163755949772,4.8134677308231755,-1.5410069288993231
6091,test,0,0.07942547649145126,0.35784737220136,16.89916375583276,4.813467730757995,-1.541006926392379
6092,test,0,0.06507380306720734,0.35784737220136,16.899163755714937,4.813467730692022,-1.5410069238706992
6093,test,0,0.06507380306720734,0.35784737220136,16.899163755598828,4.813467730626597,-1.5410069213957054
6094,test,0,0.08171770721673965,0.35784737220136,16.89916375548266,4.81346773056114,-1.541006918919779
6095,test,0,0.07018708437681198,0.35784737220136,16.899163755424336,4.813467730528462,-1.5410069176738599
6096,test,0,0.07018708437681198,0.35784737220136,16.899163755249237,4.813467730430834,-1.5410069139258735
6097,test,0,0.06507380306720734,0.35784737220136,16.899163755131696,4.813467730365078,-1.5410069114102825
6098,test,0,0.07018708437681198,0.35784737220136,16.899163755073282,4.813467730332241,-1.5410069101628312
6099,test,0,0.07942547649145126,0.35784737220136,16.899163754899046,4.813467730234093,-1.54100690644781
6100,test,0,0.08171770721673965,0.35784737220136,16.899163754782624,4.813467730168863,-1.5410069039595788
6101,test,0,0.07942547649145126,0.35784737220136,16.899163754665658,4.813467730103592,-1.5410069014560521
6102,test,0,0.07018708437681198,0.35784737220136,16.899163754607116,4.813467730070882,-1.5410069002029059
6103,test,0,0.07018708437681198,0.35784737220136,16.899163754431832,4.813467729972522,-1.5410068964593742
6104,test,0,0.08171770721673965,0.35784737220136,16.899163754315385,4.813467729907042,-1.5410068939746144
6105,test,0,0.07942547649145126,0.35784737220136,16.899163754199165,4.813467729841903,-1.5410068914925739
6106,test,0,0.06507380306720734,0.35784737220136,16.89916375414068,4.813467729809184,-1.5410068902416763
6107,test,0,0.07018708437681198,0.35784737220136,16.899163753965386,4.813467729711114,-1.5410068864924733
6108,test,0,0.06507380306720734,0.35784737220136,16.8991637538488,4.813467729645665,-1.5410068840023696
6109,test,0,0.06507380306720734,0.35784737220136,16.89916375373185,4.813467729580027,-1.5410068815042632
6110,test,0,0.07942547649145126,0.35784737220136,16.899163753615777,4.813467729514973,-1.541006879025075
6111,test,0,0.08571115881204605,0.35784737220136,16.89916375355736,4.813467729482239,-1.5410068777761303
6112,test,0,0.08571115881204605,0.35784737220136,16.89916375338209,4.813467729384017,-1.5410068740298124
6113,test,0,0.07018708437681198,0.35784737220136,16.8991637532659,4.8134677293188455,-1.5410068715495122
6114,test,0,0.08571115881204605,0.35784737220136,16.899163753148663,4.813467729253165,-1.5410068690421386
6115,test,0,0.07018708437681198,0.35784737220136,16.89916375309038,4.813467729220559,-1.5410068677960662
6116,test,0,0.07896795868873596,0.35784737220136,16.899163752973948,4.813467729155329,-1.5410068653087017
6117,test,0,0.07896795868873596,0.35784737220136,16.899163752856854,4.8134677290895755,-1.541006862807127
6118,test,0,0.06507380306720734,0.35784737220136,16.89916375268287,4.8134677289919265,-1.5410068590935462
6119,test,0,0.06507380306720734,0.35784737220136,16.899163752565794,4.813467728926434,-1.5410068565880752
6120,test,0,0.08571115881204605,0.35784737220136,16.899163752448928,4.813467728861121,-1.5410068540876554
6121,test,0,0.06507380306720734,0.35784737220136,16.8991637523321,4.81346772879557,-1.5410068515917816
6122,test,0,0.07896795868873596,0.35784737220136,16.899163752215667,4.813467728730033,-1.541006849107934
6123,test,0,0.08571115881204605,0.35784737220136,16.89916375209972,4.813467728664924,-1.5410068466342037
6124,test,0,0.08571115881204605,0.35784737220136,16.89916375198305,4.813467728599745,-1.5410068441382736
6125,test,0,0.07018708437681198,0.35784737220136,16.89916375186577,4.813467728534326,-1.541006841626992
6126,test,0,0.08571205288171768,0.35784737220136,16.899163751748727,4.813467728468681,-1.5410068391251386
6127,test,0,0.06507380306720734,0.35784737220136,16.899163751632617,4.813467728403239,-1.541006836650319
6128,test,0,0.07018708437681198,0.35784737220136,16.899163751574637,4.813467728370565,-1.5410068354143807
6129,test,0,0.07018708437681198,0.35784737220136,16.89916375140017,4.81346772827296,-1.5410068316856014
6130,test,0,0.06201582029461861,0.35784737220136,16.899163751282995,4.813467728207668,-1.541006829175348
6131,test,0,0.06504817306995392,0.35784737220136,16.89916375122408,4.813467728174727,-1.5410068279140452
6132,test,0,0.07018708437681198,0.35784737220136,16.899163751049525,4.813467728076505,-1.5410068241920853
6133,test,0,0.06504817306995392,0.35784737220136,16.899163750933372,4.813467728011076,-1.5410068217166835
6134,test,0,0.08571205288171768,0.35784737220136,16.89916375081707,4.813467727946085,-1.541006819229695
6135,test,0,0.07018708437681198,0.35784737220136,16.89916375070022,4.813467727881035,-1.5410068167271107
6136,test,0,0.06504817306995392,0.35784737220136,16.899163750582396,4.813467727815096,-1.5410068142041358
6137,test,0,0.08571205288171768,0.35784737220136,16.8991637504664,4.8134677277497495,-1.5410068117316826
6138,test,0,0.08571205288171768,0.35784737220136,16.899163750408576,4.813467727717101,-1.5410068105006922
6139,test,0,0.06504817306995392,0.35784737220136,16.899163750234006,4.813467727619201,-1.5410068067723801
6140,test,0,0.06201582029461861,0.35784737220136,16.89916375011746,4.813467727554317,-1.541006804277001
6141,test,0,0.08242876827716827,0.35784737220136,16.89916374999968,4.813467727488485,-1.541006801754848
6142,test,0,0.06201582029461861,0.35784737220136,16.899163749883314,4.813467727422998,-1.541006799272289
6143,test,0,0.08571205288171768,0.35784737220136,16.89916374976749,4.81346772735768,-1.5410067968049599
6144,test,0,0.06504817306995392,0.35784737220136,16.89916374970925,4.813467727324987,-1.5410067955621387
6145,test,0,0.08571205288171768,0.35784737220136,16.89916374953452,4.813467727227507,-1.5410067918236894
6146,test,0,0.06504817306995392,0.35784737220136,16.899163749417177,4.813467727161951,-1.5410067893114745
6147,test,0,0.06504817306995392,0.35784737220136,16.899163749300467,4.813467727096367,-1.541006786819656
6148,test,0,0.06504817306995392,0.35784737220136,16.899163749242465,4.813467727063684,-1.5410067855836347
6149,test,0,0.08242876827716827,0.35784737220136,16.899163749126426,4.813467726998404,-1.541006783108721
6150,test,0,0.06504817306995392,0.35784737220136,16.89916374895157,4.813467726900693,-1.5410067793693225
6151,test,0,0.08242876827716827,0.35784737220136,16.899163748834596,4.813467726835362,-1.5410067768669924
6152,test,0,0.08571205288171768,0.35784737220136,16.899163748717946,4.813467726769867,-1.5410067743752944
6153,test,0,0.06201582029461861,0.35784737220136,16.899163748601474,4.813467726704363,-1.5410067718901352
6154,test,0,0.06504817306995392,0.35784737220136,16.89916374848552,4.81346772663931,-1.5410067694146585
6155,test,0,0.06201582029461861,0.35784737220136,16.89916374836873,4.813467726573979,-1.5410067669172192
6156,test,0,0.07917824387550354,0.35784737220136,16.899163748251972,4.813467726508677,-1.5410067644196417
6157,test,0,0.08186613768339157,0.35784737220136,16.899163748135678,4.813467726443455,-1.5410067619366468
6158,test,0,0.08186613768339157,0.35784737220136,16.8991637480772,4.813467726410617,-1.541006760687987
6159,test,0,0.06201582029461861,0.35784737220136,16.89916374790268,4.813467726312783,-1.5410067569607018
6160,test,0,0.0827542096376419,0.35784737220136,16.89916374784455,4.81346772628021,-1.5410067557190519
6161,test,0,0.08186613768339157,0.35784737220136,16.899163747669203,4.813467726181968,-1.5410067519713602
6162,test,0,0.08186613768339157,0.35784737220136,16.899163747553366,4.813467726117001,-1.5410067494988158
6163,test,0,0.08186613768339157,0.35784737220136,16.899163747436344,4.8134677260514245,-1.5410067469973738
6164,test,0,0.0827542096376419,0.35784737220136,16.89916374737793,4.813467726018758,-1.5410067457485124
6165,test,0,0.06201582029461861,0.35784737220136,16.899163747203325,4.813467725920919,-1.541006742017114
6166,test,0,0.06201582029461861,0.35784737220136,16.8991637470866,4.813467725855353,-1.5410067395247495
6167,test,0,0.06201582029461861,0.35784737220136,16.899163746970874,4.813467725790418,-1.5410067370557579
6168,test,0,0.08186613768339157,0.35784737220136,16.89916374685416,4.813467725725097,-1.5410067345602447
6169,test,0,0.0827542096376419,0.35784737220136,16.899163746737223,4.8134677256598,-1.5410067320584524
6170,test,0,0.08726944774389267,0.35784737220136,16.899163746620584,4.813467725594433,-1.5410067295658954
6171,test,0,0.08726944774389267,0.35784737220136,16.899163746504094,4.813467725528882,-1.5410067270804109
6172,test,0,0.0827542096376419,0.35784737220136,16.899163746388293,4.81346772546378,-1.541006724610995
6173,test,0,0.08897440880537033,0.35784737220136,16.89916374633026,4.813467725431276,-1.5410067233710374
6174,test,0,0.08897440880537033,0.35784737220136,16.89916374621355,4.81346772536617,-1.5410067208732239
6175,test,0,0.0827542096376419,0.35784737220136,16.89916374603782,4.813467725267913,-1.5410067171126005
6176,test,0,0.08726944774389267,0.35784737220136,16.899163745921722,4.813467725202523,-1.5410067146375168
6177,test,0,0.08186613768339157,0.35784737220136,16.899163745805843,4.813467725137233,-1.5410067121673932
6178,test,0,0.08186613768339157,0.35784737220136,16.89916374568966,4.813467725072266,-1.5410067096843068
6179,test,0,0.08726944774389267,0.35784737220136,16.89916374557296,4.813467725007285,-1.5410067071850533
6180,test,0,0.08897440880537033,0.35784737220136,16.89916374545529,4.813467724941494,-1.5410067046661362
6181,test,0,0.08897440880537033,0.35784737220136,16.89916374533924,4.813467724876158,-1.5410067021922327
6182,test,0,0.08897440880537033,0.35784737220136,16.899163745223472,4.813467724810858,-1.5410066997266938
6183,test,0,0.08726944774389267,0.35784737220136,16.89916374516526,4.813467724778192,-1.5410066984838002
6184,test,0,0.08186613768339157,0.35784737220136,16.899163744990854,4.813467724681005,-1.541006694751194
6185,test,0,0.08186613768339157,0.35784737220136,16.89916374493207,4.813467724648214,-1.5410066934914228
6186,test,0,0.08726944774389267,0.35784737220136,16.899163744756766,4.8134677245498025,-1.5410066897476362
6187,test,0,0.04412107169628143,0.35784737220136,16.89916374464117,4.813467724484581,-1.5410066872858708
6188,test,0,0.04412107169628143,0.35784737220136,16.899163744524827,4.813467724419367,-1.5410066848019974
6189,test,0,0.0827542096376419,0.35784737220136,16.89916374440858,4.813467724354618,-1.541006682314073
6190,test,0,0.07648364454507828,0.35784737220136,16.899163744291183,4.813467724289083,-1.5410066797997701
6191,test,0,0.0827542096376419,0.35784737220136,16.899163744174505,4.813467724223528,-1.5410066773081315
6192,test,0,0.04412107169628143,0.35784737220136,16.8991637440588,4.813467724158303,-1.5410066748434421
6193,test,0,0.04412107169628143,0.35784737220136,16.89916374394269,4.813467724093118,-1.5410066723650024
6194,test,0,0.08726944774389267,0.35784737220136,16.89916374388456,4.813467724060662,-1.541006671121967
6195,test,0,0.0827542096376419,0.35784737220136,16.899163743709344,4.813467723962919,-1.5410066673712592
6196,test,0,0.07648364454507828,0.35784737220136,16.89916374359262,4.813467723897418,-1.5410066648778262
6197,test,0,0.08726944774389267,0.35784737220136,16.899163743476514,4.813467723832058,-1.5410066624022065
6198,test,0,0.0827542096376419,0.35784737220136,16.899163743360592,4.813467723766984,-1.54100665992823
6199,test,0,0.08726944774389267,0.35784737220136,16.899163743244053,4.813467723701845,-1.5410066574364503
6200,test,0,0.08181434869766235,0.35784737220136,16.8991637431273,4.813467723636616,-1.541006654938856
6201,test,0,0.06498625129461288,0.35784737220136,16.899163743010998,4.813467723571404,-1.5410066524549322
6202,test,0,0.08726944774389267,0.35784737220136,16.899163742894327,4.813467723505862,-1.5410066499642623
6203,test,0,0.07648364454507828,0.35784737220136,16.89916374283625,4.813467723473283,-1.5410066487249705
6204,test,0,0.08181434869766235,0.35784737220136,16.89916374272033,4.8134677234083485,-1.5410066462499112
6205,test,0,0.06957775354385376,0.35784737220136,16.899163742545113,4.813467723310266,-1.541006642504003
6206,test,0,0.08726944774389267,0.35784737220136,16.899163742487207,4.813467723277828,-1.5410066412677081
6207,test,0,0.06500392407178879,0.35784737220136,16.89916374231246,4.813467723179813,-1.5410066375354798
6208,test,0,0.06500392407178879,0.35784737220136,16.899163742196166,4.81346772311471,-1.5410066350505591
6209,test,0,0.08726944774389267,0.35784737220136,16.899163742138203,4.813467723082246,-1.5410066338127868
6210,test,0,0.08726944774389267,0.35784737220136,16.899163741963065,4.813467722984019,-1.5410066300712058
6211,test,0,0.08181434869766235,0.35784737220136,16.899163741847463,4.813467722919172,-1.5410066276050838
6212,test,0,0.08726944774389267,0.35784737220136,16.89916374173093,4.8134677228538925,-1.5410066251140948
6213,test,0,0.08181434869766235,0.35784737220136,16.89916374161417,4.813467722788647,-1.5410066226159427
6214,test,0,0.08726944774389267,0.35784737220136,16.89916374149779,4.813467722723452,-1.5410066201292232
6215,test,0,0.08726944774389267,0.35784737220136,16.89916374138126,4.813467722657918,-1.5410066176415378
6216,test,0,0.08572878688573837,0.35784737220136,16.89916374126561,4.813467722592919,-1.541006615175303
6217,test,0,0.08572878688573837,0.35784737220136,16.899163741149454,4.813467722527926,-1.5410066126931836
6218,test,0,0.08181434869766235,0.35784737220136,16.89916374103256,4.813467722462732,-1.5410066101903988
6219,test,0,0.06500392407178879,0.35784737220136,16.899163740974064,4.813467722430057,-1.5410066089389876
6220,test,0,0.08572878688573837,0.35784737220136,16.899163740857443,4.8134677223646,-1.5410066064487893
6221,test,0,0.08572878688573837,0.35784737220136,16.899163740683726,4.813467722266757,-1.5410066027465896
6222,test,0,0.06500392407178879,0.35784737220136,16.899163740567726,4.813467722201838,-1.5410066002680132
6223,test,0,0.06500392407178879,0.35784737220136,16.89916374045114,4.81346772213691,-1.5410065977718839
6224,test,0,0.06500392407178879,0.35784737220136,16.899163740392424,4.813467722104153,-1.5410065965146176
6225,test,0,0.08572878688573837,0.35784737220136,16.899163740217645,4.8134677220059725,-1.5410065927831185
6226,test,0,0.08241187781095505,0.35784737220136,16.899163740159945,4.8134677219734066,-1.541006591554666
6227,test,0,0.08241187781095505,0.35784737220136,16.899163739985955,4.813467721875718,-1.5410065878407067
6228,test,0,0.08572878688573837,0.35784737220136,16.89916373992799,4.81346772184344,-1.5410065866004614
6229,test,0,0.08572878688573837,0.35784737220136,16.899163739752204,4.813467721745412,-1.5410065828355577
6230,test,0,0.08572878688573837,0.35784737220136,16.899163739635842,4.813467721679993,-1.5410065803523323
6231,test,0,0.07920729368925095,0.35784737220136,16.89916373957826,4.813467721647489,-1.5410065791268335
6232,test,0,0.06500392407178879,0.35784737220136,16.89916373940423,4.813467721549674,-1.5410065754145492
6233,test,0,0.08181434869766235,0.35784737220136,16.899163739288216,4.813467721485068,-1.5410065729319764
6234,test,0,0.06500392407178879,0.35784737220136,16.899163739170884,4.813467721419627,-1.541006570419407
6235,test,0,0.08572878688573837,0.35784737220136,16.899163739054153,4.813467721354088,-1.5410065679264184
6236,test,0,0.08181434869766235,0.35784737220136,16.899163738938718,4.813467721288985,-1.541006565468595
6237,test,0,0.08181434869766235,0.35784737220136,16.899163738822622,4.81346772122379,-1.541006562991425
6238,test,0,0.06816793233156204,0.35784737220136,16.899163738706452,4.81346772115901,-1.5410065605066463
6239,test,0,0.06816793233156204,0.35784737220136,16.899163738589536,4.813467721093821,-1.5410065580044447
6240,test,0,0.07920729368925095,0.35784737220136,16.89916373847278,4.813467721028331,-1.5410065555094612
6241,test,0,0.07920729368925095,0.35784737220136,16.89916373835695,4.813467720963087,-1.5410065530404575
6242,test,0,0.08572878688573837,0.35784737220136,16.899163738299073,4.813467720930525,-1.541006551806245
6243,test,0,0.08572878688573837,0.35784737220136,16.899163738124855,4.813467720833034,-1.5410065480827027
6244,test,0,0.07920729368925095,0.35784737220136,16.89916373800818,4.813467720767894,-1.541006545586053
6245,test,0,0.08180057257413864,0.35784737220136,16.899163737891815,4.8134677207026835,-1.5410065431003788
6246,test,0,0.08180057257413864,0.35784737220136,16.899163737775407,4.813467720637248,-1.5410065406163742
6247,test,0,0.08572878688573837,0.35784737220136,16.89916373765957,4.8134677205722625,-1.5410065381448388
6248,test,0,0.06816793233156204,0.35784737220136,16.899163737543336,4.813467720507202,-1.5410065356611982
6249,test,0,0.08572878688573837,0.35784737220136,16.899163737426612,4.813467720441905,-1.5410065331648626
6250,test,0,0.08572878688573837,0.35784737220136,16.89916373731078,4.8134677203770035,-1.5410065306919967
6251,test,0,0.08180057257413864,0.35784737220136,16.89916373719417,4.813467720311567,-1.5410065282015313
6252,test,0,0.06816793233156204,0.35784737220136,16.89916373707801,4.813467720246493,-1.5410065257196253
6253,test,0,0.08180057257413864,0.35784737220136,16.899163736961963,4.813467720181487,-1.5410065232414858
6254,test,0,0.08572878688573837,0.35784737220136,16.89916373684518,4.81346772011601,-1.5410065207456864
6255,test,0,0.08572878688573837,0.35784737220136,16.899163736729616,4.813467720051216,-1.5410065182803314
6256,test,0,0.06816793233156204,0.35784737220136,16.89916373661326,4.813467719986008,-1.5410065157942758
6257,test,0,0.08180057257413864,0.35784737220136,16.899163736496636,4.813467719920806,-1.5410065132998187
6258,test,0,0.08572878688573837,0.35784737220136,16.899163736380494,4.813467719855777,-1.5410065108187778
6259,test,0,0.08572878688573837,0.35784737220136,16.899163736322162,4.813467719823018,-1.541006509573059
6260,test,0,0.06816793233156204,0.35784737220136,16.899163736148363,4.813467719725358,-1.5410065058654883
6261,test,0,0.08164889365434647,0.35784737220136,16.899163736090536,4.813467719692953,-1.5410065046311658
6262,test,0,0.06816793233156204,0.35784737220136,16.89916373591561,4.813467719595264,-1.5410065008883824
6263,test,0,0.0915917232632637,0.35784737220136,16.899163735799014,4.813467719530048,-1.5410064983958136
6264,test,0,0.08572878688573837,0.35784737220136,16.899163735682745,4.813467719464663,-1.5410064959152825
6265,test,0,0.07920729368925095,0.35784737220136,16.899163735567125,4.813467719399573,-1.5410064934513785
6266,test,0,0.08178818970918655,0.35784737220136,16.899163735451275,4.813467719334717,-1.5410064909774732
6267,test,0,0.08178818970918655,0.35784737220136,16.89916373539315,4.813467719302322,-1.5410064897336389
6268,test,0,0.08178818970918655,0.35784737220136,16.899163735276204,4.81346771923715,-1.5410064872297584
6269,test,0,0.06502516567707062,0.35784737220136,16.899163735101492,4.813467719139068,-1.5410064834992119
6270,test,0,0.05583464726805687,0.35784737220136,16.89916373498601,4.813467719073951,-1.541006481040288
6271,test,0,0.05583464726805687,0.35784737220136,16.899163734928024,4.8134677190413795,-1.5410064798031882
6272,test,0,0.07920729368925095,0.35784737220136,16.899163734812113,4.81346771897669,-1.5410064773251329
6273,test,0,0.05583464726805687,0.35784737220136,16.899163734636616,4.813467718878861,-1.5410064735671638
6274,test,0,0.06502516567707062,0.35784737220136,16.899163734520222,4.813467718813468,-1.5410064710829694
6275,test,0,0.06502516567707062,0.35784737220136,16.899163734404947,4.813467718748432,-1.541006468629784
6276,test,0,0.07920729368925095,0.35784737220136,16.8991637342889,4.813467718683284,-1.541006466152706
6277,test,0,0.05583464726805687,0.35784737220136,16.899163734173065,4.813467718618766,-1.5410064636740837
6278,test,0,0.05583464726805687,0.35784737220136,16.899163734055897,4.813467718553448,-1.5410064611644638
6279,test,0,0.08178818970918655,0.35784737220136,16.899163733939115,4.8134677184879155,-1.5410064586697287
6280,test,0,0.08178818970918655,0.35784737220136,16.899163733823922,4.813467718422933,-1.5410064562178827
6281,test,0,0.07920729368925095,0.35784737220136,16.89916373370792,4.813467718357735,-1.5410064537436028
6282,test,0,0.07920729368925095,0.35784737220136,16.899163733649956,4.813467718325369,-1.5410064525041949
6283,test,0,0.06502516567707062,0.35784737220136,16.899163733475223,4.813467718228039,-1.54100644876396
6284,test,0,0.08178818970918655,0.35784737220136,16.899163733358307,4.813467718162505,-1.5410064462649105
6285,test,0,0.09143004566431046,0.35784737220136,16.899163733300473,4.81346771812994,-1.5410064450327763
6286,test,0,0.07932250946760178,0.35784737220136,16.899163733127022,4.8134677180323315,-1.5410064413363007
6287,test,0,0.07920729368925095,0.35784737220136,16.899163733011004,4.813467717967518,-1.5410064388555276
6288,test,0,0.054428067058324814,0.35784737220136,16.899163732894454,4.81346771790253,-1.5410064363610496
6289,test,0,0.08178818970918655,0.35784737220136,16.899163732777822,4.813467717837223,-1.541006433868163
6290,test,0,0.08178818970918655,0.35784737220136,16.89916373266179,4.813467717771948,-1.5410064313943406
6291,test,0,0.08178818970918655,0.35784737220136,16.899163732546132,4.813467717706955,-1.5410064289275758
6292,test,0,0.06225990876555443,0.35784737220136,16.899163732430118,4.813467717642051,-1.541006426448935
6293,test,0,0.09031740576028824,0.35784737220136,16.899163732313554,4.813467717576935,-1.5410064239546055
6294,test,0,0.09031740576028824,0.35784737220136,16.899163732197493,4.813467717511959,-1.5410064214756003
6295,test,0,0.09031740576028824,0.35784737220136,16.89916373208115,4.8134677174466125,-1.5410064189922696
6296,test,0,0.08178818970918655,0.35784737220136,16.89916373196519,4.813467717381569,-1.5410064165167785
6297,test,0,0.09031740576028824,0.35784737220136,16.89916373184938,4.813467717316716,-1.5410064140436723
6298,test,0,0.09031740576028824,0.35784737220136,16.899163731732635,4.8134677172513625,-1.5410064115480906
6299,test,0,0.08178818970918655,0.35784737220136,16.8991637316747,4.81346771721892,-1.5410064103111185
6300,test,0,0.07892303913831711,0.35784737220136,16.899163731559117,4.813467717154115,-1.5410064078445784
6301,test,0,0.08178818970918655,0.35784737220136,16.899163731384373,4.813467717056241,-1.5410064041096794
6302,test,0,0.07932250946760178,0.35784737220136,16.899163731326546,4.813467717023885,-1.5410064028745312
6303,test,0,0.07932250946760178,0.35784737220136,16.899163731151962,4.8134677169259685,-1.5410063991456937
6304,test,0,0.07892303913831711,0.35784737220136,16.899163731036413,4.813467716861121,-1.541006396680491
6305,test,0,0.07892303913831711,0.35784737220136,16.899163730920606,4.813467716796231,-1.5410063942075516
6306,test,0,0.09031740576028824,0.35784737220136,16.899163730862238,4.813467716763601,-1.5410063929586233
6307,test,0,0.09031740576028824,0.35784737220136,16.8991637307458,4.813467716698583,-1.5410063904684466
6308,test,0,0.07747883349657059,0.35784737220136,16.899163730629528,4.813467716633406,-1.5410063879851585
6309,test,0,0.09031740576028824,0.35784737220136,16.8991637304558,4.813467716535687,-1.5410063842807156
6310,test,0,0.09031740576028824,0.35784737220136,16.899163730340202,4.813467716470923,-1.541006381813119
6311,test,0,0.07932250946760178,0.35784737220136,16.899163730223773,4.813467716406,-1.5410063793211888
6312,test,0,0.07932250946760178,0.35784737220136,16.899163730106967,4.813467716340764,-1.5410063768216564
6313,test,0,0.07747883349657059,0.35784737220136,16.899163729990807,4.813467716275489,-1.541006374343048
6314,test,0,0.0903472900390625,0.35784737220136,16.899163729875376,4.813467716210427,-1.5410063718845435
6315,test,0,0.07747883349657059,0.35784737220136,16.899163729759664,4.813467716145534,-1.541006369414841
6316,test,0,0.07747883349657059,0.35784737220136,16.899163729701762,4.813467716113258,-1.541006368176433
6317,test,0,0.0903472900390625,0.35784737220136,16.899163729585275,4.81346771604839,-1.5410063656817012
6318,test,0,0.09031740576028824,0.35784737220136,16.899163729410194,4.813467715950256,-1.5410063619401793
6319,test,0,0.07747883349657059,0.35784737220136,16.899163729295058,4.813467715885294,-1.5410063594896037
6320,test,0,0.09031740576028824,0.35784737220136,16.899163729179158,4.813467715820203,-1.541006357016789
6321,test,0,0.08568967133760452,0.35784737220136,16.899163729063464,4.813467715755752,-1.541006354541604
6322,test,0,0.09031740576028824,0.35784737220136,16.899163728946505,4.813467715690579,-1.5410063520367412
6323,test,0,0.09031740576028824,0.35784737220136,16.899163728829713,4.813467715625079,-1.5410063495416313
6324,test,0,0.07747883349657059,0.35784737220136,16.89916372871462,4.813467715560171,-1.5410063470920363
6325,test,0,0.09031740576028824,0.35784737220136,16.89916372859882,4.813467715495053,-1.5410063446223465
6326,test,0,0.09031740576028824,0.35784737220136,16.899163728540895,4.813467715462698,-1.5410063433840766
6327,test,0,0.07747883349657059,0.35784737220136,16.89916372836643,4.813467715365529,-1.5410063396503522
6328,test,0,0.0903472900390625,0.35784737220136,16.89916372830786,4.81346771533277,-1.5410063383973016
6329,test,0,0.0903472900390625,0.35784737220136,16.899163728134134,4.813467715235029,-1.541006334693078
6330,test,0,0.07747883349657059,0.35784737220136,16.899163728018543,4.813467715170031,-1.5410063322286365
6331,test,0,0.08568967133760452,0.35784737220136,16.89916372790263,4.813467715105258,-1.5410063297510581
6332,test,0,0.08568967133760452,0.35784737220136,16.899163727786213,4.813467715040345,-1.5410063272599432
6333,test,0,0.09031740576028824,0.35784737220136,16.899163727669837,4.81346771497518,-1.5410063247727197
6334,test,0,0.09031740576028824,0.35784737220136,16.8991637276118,4.813467714942558,-1.541006323534463
6335,test,0,0.08568967133760452,0.35784737220136,16.89916372743819,4.813467714845021,-1.5410063198327022
6336,test,0,0.09031740576028824,0.35784737220136,16.89916372738041,4.81346771481266,-1.541006318599123
6337,test,0,0.07747883349657059,0.35784737220136,16.89916372720582,4.813467714715079,-1.541006314866266
6338,test,0,0.061717767268419266,0.35784737220136,16.899163727090016,4.813467714650262,-1.5410063123937292
6339,test,0,0.061717767268419266,0.35784737220136,16.89916372697377,4.813467714585014,-1.5410063099120643
6340,test,0,0.07747883349657059,0.35784737220136,16.899163726857847,4.813467714519997,-1.541006307436814
6341,test,0,0.07747883349657059,0.35784737220136,16.899163726800126,4.813467714487697,-1.5410063062055206
6342,test,0,0.08568967133760452,0.35784737220136,16.899163726625563,4.81346771438994,-1.5410063024753824
6343,test,0,0.08168505132198334,0.35784737220136,16.899163726567647,4.813467714357508,-1.5410063012388473
6344,test,0,0.07915303856134415,0.35784737220136,16.899163726452247,4.813467714292823,-1.5410062987769757
6345,test,0,0.08568967133760452,0.35784737220136,16.899163726335725,4.813467714227531,-1.5410062962863587
6346,test,0,0.08568967133760452,0.35784737220136,16.899163726161962,4.813467714130296,-1.5410062925740522
6347,test,0,0.07915303856134415,0.35784737220136,16.8991637260455,4.813467714064942,-1.5410062900871004
6348,test,0,0.08168505132198334,0.35784737220136,16.899163725930013,4.8134677140001205,-1.5410062876240196
6349,test,0,0.08168505132198334,0.35784737220136,16.899163725814407,4.813467713935352,-1.5410062851561788
6350,test,0,0.08168505132198334,0.35784737220136,16.899163725697825,4.813467713870262,-1.5410062826625173
6351,test,0,0.07915303856134415,0.35784737220136,16.89916372558164,4.8134677138053235,-1.5410062801793594
6352,test,0,0.08168505132198334,0.35784737220136,16.899163725465495,4.813467713740067,-1.5410062777004718
6353,test,0,0.07747883349657059,0.35784737220136,16.899163725407654,4.813467713707511,-1.5410062764674604
6354,test,0,0.07747883349657059,0.35784737220136,16.899163725292365,4.81346771364274,-1.5410062740095554
6355,test,0,0.08568967133760452,0.35784737220136,16.899163725118335,4.813467713545577,-1.5410062702872265
6356,test,0,0.08168505132198334,0.35784737220136,16.89916372500162,4.813467713480421,-1.5410062677894794
6357,test,0,0.08568967133760452,0.35784737220136,16.899163724885533,4.813467713415209,-1.541006265312046
6358,test,0,0.08184987306594849,0.35784737220136,16.899163724827883,4.813467713382711,-1.5410062640844604
6359,test,0,0.08184987306594849,0.35784737220136,16.8991637246546,4.8134677132853625,-1.5410062603900687
6360,test,0,0.08184987306594849,0.35784737220136,16.89916372453884,4.813467713220869,-1.5410062579131072
6361,test,0,0.08243420720100403,0.35784737220136,16.89916372442189,4.813467713155661,-1.5410062554085582
6362,test,0,0.08184987306594849,0.35784737220136,16.8991637243055,4.813467713090336,-1.5410062529230442
6363,test,0,0.07892511039972305,0.35784737220136,16.89916372419051,4.8134677130254655,-1.5410062504758324
6364,test,0,0.07892511039972305,0.35784737220136,16.899163724074732,4.813467712960426,-1.5410062480068103
6365,test,0,0.0629877820611,0.35784737220136,16.899163723959138,4.813467712896036,-1.5410062455349471
6366,test,0,0.0629877820611,0.35784737220136,16.899163723842403,4.813467712831011,-1.5410062430351419
6367,test,0,0.08168505132198334,0.35784737220136,16.89916372372561,4.813467712765552,-1.541006240539545
6368,test,0,0.0629877820611,0.35784737220136,16.899163723610616,4.81346771270071,-1.5410062380921437
6369,test,0,0.08332360535860062,0.35784737220136,16.899163723494944,4.813467712635652,-1.5410062356267662
6370,test,0,0.08168505132198334,0.35784737220136,16.899163723379285,4.813467712571135,-1.5410062331538819
6371,test,0,0.0629877820611,0.35784737220136,16.899163723262934,4.8134677125063305,-1.5410062306625774
6372,test,0,0.07892511039972305,0.35784737220136,16.899163723146046,4.813467712440898,-1.5410062281640198
6373,test,0,0.08332360535860062,0.35784737220136,16.899163723030746,4.813467712375948,-1.5410062257078534
6374,test,0,0.05416126921772957,0.35784737220136,16.89916372291532,4.813467712310989,-1.5410062232476003
6375,test,0,0.0629877820611,0.35784737220136,16.899163722799607,4.813467712246319,-1.541006220774784
6376,test,0,0.08332360535860062,0.35784737220136,16.899163722683397,4.813467712181575,-1.5410062182879254
6377,test,0,0.07892511039972305,0.35784737220136,16.89916372262506,4.813467712148987,-1.5410062170399887
6378,test,0,0.05416126921772957,0.35784737220136,16.89916372245111,4.81346771205125,-1.5410062133276132
6379,test,0,0.0629877820611,0.35784737220136,16.899163722393357,4.8134677120187686,-1.5410062120977472
6380,test,0,0.05416126921772957,0.35784737220136,16.899163722220003,4.813467711921635,-1.5410062083981138
6381,test,0,0.0765339657664299,0.35784737220136,16.899163722161926,4.813467711889216,-1.5410062071556527
6382,test,0,0.0765339657664299,0.35784737220136,16.899163721987662,4.813467711791843,-1.5410062034302294
6383,test,0,0.0765339657664299,0.35784737220136,16.899163721871627,4.813467711726687,-1.5410062009549552
6384,test,0,0.0765339657664299,0.35784737220136,16.899163721813665,4.813467711694118,-1.5410061997185553
6385,test,0,0.08332360535860062,0.35784737220136,16.899163721640477,4.813467711597068,-1.5410061960225119
6386,test,0,0.08332360535860062,0.35784737220136,16.899163721524033,4.813467711531955,-1.5410061935329409
6387,test,0,0.05416126921772957,0.35784737220136,16.899163721408378,4.813467711467222,-1.5410061910626964
6388,test,0,0.0823606327176094,0.35784737220136,16.89916372129248,4.813467711402241,-1.5410061885895536
6389,test,0,0.05416126921772957,0.35784737220136,16.899163721176308,4.813467711337122,-1.541006186108413
6390,test,0,0.08332360535860062,0.35784737220136,16.89916372106095,4.813467711272538,-1.54100618364644
6391,test,0,0.05416126921772957,0.35784737220136,16.89916372094456,4.81346771120732,-1.5410061811591431
6392,test,0,0.0823606327176094,0.35784737220136,16.89916372082892,4.813467711142532,-1.541006178691027
6393,test,0,0.0823606327176094,0.35784737220136,16.89916372071344,4.813467711077809,-1.5410061762275165
6394,test,0,0.0629877820611,0.35784737220136,16.89916372059697,4.81346771101265,-1.541006173737681
6395,test,0,0.0823606327176094,0.35784737220136,16.89916372048131,4.813467710947978,-1.5410061712676406
6396,test,0,0.05416126921772957,0.35784737220136,16.8991637204233,4.813467710915464,-1.54100617002893
6397,test,0,0.05416126921772957,0.35784737220136,16.899163720249454,4.813467710817858,-1.5410061663199117
6398,test,0,0.05416126921772957,0.35784737220136,16.89916372013426,4.8134677107532795,-1.5410061638615902
6399,test,0,0.0629877820611,0.35784737220136,16.899163720017917,4.813467710688277,-1.5410061613735202
6400,test,0,0.08215265721082687,0.35784737220136,16.899163719901853,4.813467710623441,-1.541006158891837
6401,test,0,0.0629877820611,0.35784737220136,16.899163719785797,4.813467710558324,-1.5410061564141115
6402,test,0,0.0629877820611,0.35784737220136,16.899163719670202,4.813467710493309,-1.5410061539506585
6403,test,0,0.08215265721082687,0.35784737220136,16.899163719555002,4.813467710428686,-1.5410061514937945
6404,test,0,0.0823606327176094,0.35784737220136,16.89916371943901,4.813467710363967,-1.5410061490141465
6405,test,0,0.0823606327176094,0.35784737220136,16.899163719322495,4.813467710299,-1.541006146520967
6406,test,0,0.08535628020763397,0.35784737220136,16.89916371920629,4.813467710233833,-1.5410061440391198
6407,test,0,0.0629877820611,0.35784737220136,16.899163719091003,4.813467710168887,-1.541006141584177
6408,test,0,0.0629877820611,0.35784737220136,16.89916371897562,4.813467710104062,-1.541006139124467
6409,test,0,0.0823606327176094,0.35784737220136,16.899163718860056,4.813467710039591,-1.5410061366532728
6410,test,0,0.08535628020763397,0.35784737220136,16.89916371880197,4.813467710007268,-1.5410061354099203
6411,test,0,0.08535628020763397,0.35784737220136,16.899163718685024,4.813467709941989,-1.5410061329070994
6412,test,0,0.08535628020763397,0.35784737220136,16.899163718511865,4.813467709844538,-1.5410061292173347
6413,test,0,0.08215265721082687,0.35784737220136,16.89916371845426,4.813467709812065,-1.541006127991256
6414,test,0,0.08535628020763397,0.35784737220136,16.89916371828093,4.813467709715121,-1.5410061242892168
6415,test,0,0.08535628020763397,0.35784737220136,16.899163718164765,4.813467709650471,-1.5410061218019826
6416,test,0,0.0823606327176094,0.35784737220136,16.899163718047724,4.813467709585005,-1.5410061192993094
6417,test,0,0.0629877820611,0.35784737220136,16.899163717932648,4.813467709520184,-1.5410061168487956
6418,test,0,0.08535628020763397,0.35784737220136,16.89916371781739,4.813467709455244,-1.541006114393915
6419,test,0,0.0629877820611,0.35784737220136,16.89916371770177,4.813467709390637,-1.5410061119234706
6420,test,0,0.08189278095960617,0.35784737220136,16.89916371758592,4.813467709326158,-1.5410061094437357
6421,test,0,0.0823606327176094,0.35784737220136,16.899163717469015,4.81346770926081,-1.541006106942594
6422,test,0,0.0823606327176094,0.35784737220136,16.899163717353527,4.813467709195839,-1.5410061044812
6423,test,0,0.08535628020763397,0.35784737220136,16.899163717296048,4.813467709163437,-1.541006103257846
6424,test,0,0.08535628020763397,0.35784737220136,16.899163717122775,4.81346770906628,-1.5410060995601509
6425,test,0,0.08220557868480682,0.35784737220136,16.89916371706492,4.813467709034039,-1.5410060983225873
6426,test,0,0.07629192620515823,0.35784737220136,16.899163716890502,4.813467708936676,-1.5410060945914528
6427,test,0,0.08347059786319733,0.35784737220136,16.899163716774662,4.813467708871594,-1.5410060921201165
6428,test,0,0.08173903822898865,0.35784737220136,16.899163716659306,4.813467708806706,-1.5410060896616629
6429,test,0,0.07629192620515823,0.35784737220136,16.899163716543928,4.813467708742074,-1.541006087199183
6430,test,0,0.08535628020763397,0.35784737220136,16.899163716427847,4.813467708677246,-1.5410060847163354
6431,test,0,0.08173903822898865,0.35784737220136,16.899163716369767,4.813467708644827,-1.5410060834748738
6432,test,0,0.08347059786319733,0.35784737220136,16.899163716254098,4.813467708580047,-1.5410060810049
6433,test,0,0.08347059786319733,0.35784737220136,16.899163716138116,4.813467708514905,-1.5410060785299442
6434,test,0,0.08173903822898865,0.35784737220136,16.899163716022695,4.813467708450188,-1.5410060760670388
6435,test,0,0.07629192620515823,0.35784737220136,16.899163715848893,4.813467708352906,-1.541006072354264
6436,test,0,0.08173903822898865,0.35784737220136,16.89916371573318,4.8134677082881385,-1.5410060698826424
6437,test,0,0.08173903822898865,0.35784737220136,16.899163715617842,4.813467708223464,-1.5410060674213002
6438,test,0,0.07629192620515823,0.35784737220136,16.899163715559663,4.8134677081908555,-1.541006066178742
6439,test,0,0.07629192620515823,0.35784737220136,16.89916371538618,4.813467708093775,-1.54100606247361
6440,test,0,0.0790581926703453,0.35784737220136,16.89916371527017,4.813467708028743,-1.5410060599959603
6441,test,0,0.08347059786319733,0.35784737220136,16.899163715154426,4.8134677079638255,-1.5410060575257427
6442,test,0,0.08347059786319733,0.35784737220136,16.899163715039425,4.813467707899351,-1.5410060550727496
6443,test,0,0.08347059786319733,0.35784737220136,16.899163714923166,4.813467707834348,-1.541006052587673
6444,test,0,0.07833068072795868,0.35784737220136,16.89916371480729,4.813467707769622,-1.5410060501104725
6445,test,0,0.07833068072795868,0.35784737220136,16.899163714691433,4.813467707704636,-1.5410060476365228
6446,test,0,0.05421129986643791,0.35784737220136,16.899163714633495,4.81346770767206,-1.5410060464005861
6447,test,0,0.05421129986643791,0.35784737220136,16.89916371446083,4.813467707575114,-1.5410060427187873
6448,test,0,0.07629192620515823,0.35784737220136,16.899163714403013,4.813467707542792,-1.5410060414835327
6449,test,0,0.0790581926703453,0.35784737220136,16.899163714228713,4.81346770744556,-1.541006037754422
6450,test,0,0.0790581926703453,0.35784737220136,16.89916371411264,4.813467707380525,-1.5410060352761714
6451,test,0,0.07629192620515823,0.35784737220136,16.8991637139973,4.8134677073155805,-1.5410060328186872
6452,test,0,0.05421129986643791,0.35784737220136,16.899163713882178,4.813467707250881,-1.541006030364734
6453,test,0,0.0790581926703453,0.35784737220136,16.899163713766658,4.813467707186416,-1.541006027895851
6454,test,0,0.0790581926703453,0.35784737220136,16.899163713650363,4.813467707121639,-1.5410060254063616
6455,test,0,0.07833068072795868,0.35784737220136,16.89916371353386,4.813467707056423,-1.5410060229164968
6456,test,0,0.07833068072795868,0.35784737220136,16.89916371341879,4.8134677069916085,-1.5410060204664124
6457,test,0,0.0790581926703453,0.35784737220136,16.899163713361297,4.813467706959193,-1.541006019242545
6458,test,0,0.07629192620515823,0.35784737220136,16.899163713188177,4.813467706862328,-1.5410060155467096
6459,test,0,0.07833068072795868,0.35784737220136,16.899163713072216,4.813467706797797,-1.5410060130640506
6460,test,0,0.05421129986643791,0.35784737220136,16.899163712955307,4.8134677067324265,-1.5410060105632166
6461,test,0,0.05421129986643791,0.35784737220136,16.89916371284027,4.813467706667647,-1.541006008112886
6462,test,0,0.07833068072795868,0.35784737220136,16.899163712725194,4.813467706602795,-1.5410060056630548
6463,test,0,0.0790581926703453,0.35784737220136,16.89916371260971,4.81346770653823,-1.5410060031961441
6464,test,0,0.07833068072795868,0.35784737220136,16.899163712494058,4.813467706473901,-1.541006000721383
6465,test,0,0.0790581926703453,0.35784737220136,16.89916371237714,4.813467706408584,-1.5410059982190365
6466,test,0,0.0790581926703453,0.35784737220136,16.899163712261704,4.813467706343674,-1.5410059957591977
6467,test,0,0.0790581926703453,0.35784737220136,16.899163712146773,4.813467706278908,-1.541005993313544
6468,test,0,0.07833068072795868,0.35784737220136,16.899163712031243,4.813467706214223,-1.5410059908469618
6469,test,0,0.0790581926703453,0.35784737220136,16.89916371191564,4.813467706149878,-1.5410059883744849
6470,test,0,0.07833068072795868,0.35784737220136,16.89916371179914,4.813467706084824,-1.5410059858810503
6471,test,0,0.06616432964801788,0.35784737220136,16.899163711683347,4.813467706019794,-1.541005983411335
6472,test,0,0.09036117047071457,0.35784737220136,16.89916371162584,4.8134677059874065,-1.5410059821870528
6473,test,0,0.06616432964801788,0.35784737220136,16.899163711510653,4.8134677059226645,-1.5410059797327809
6474,test,0,0.07833068072795868,0.35784737220136,16.89916371133721,4.813467705825814,-1.5410059760254649
6475,test,0,0.09036117047071457,0.35784737220136,16.899163711221117,4.8134677057610125,-1.5410059735429587
6476,test,0,0.09036117047071457,0.35784737220136,16.89916371110532,4.8134677056960555,-1.5410059710723638
6477,test,0,0.07833068072795868,0.35784737220136,16.89916371104751,4.813467705663548,-1.5410059698397467
6478,test,0,0.06616432964801788,0.35784737220136,16.89916371087474,4.813467705566618,-1.541005966154438
6479,test,0,0.07833068072795868,0.35784737220136,16.89916371075884,4.8134677055018384,-1.5410059636778755
6480,test,0,0.07978463917970657,0.35784737220136,16.899163710700787,4.8134677054694075,-1.5410059624363535
6481,test,0,0.06616432964801788,0.35784737220136,16.899163710527624,4.813467705372416,-1.5410059587397147
6482,test,0,0.09036117047071457,0.35784737220136,16.899163710469587,4.813467705339848,-1.54100595750102
6483,test,0,0.09036117047071457,0.35784737220136,16.899163710296445,4.813467705242856,-1.541005953805932
6484,test,0,0.06616432964801788,0.35784737220136,16.899163710180616,4.8134677051780015,-1.541005951332094
6485,test,0,0.07833068072795868,0.35784737220136,16.89916371012251,4.813467705145455,-1.5410059500906865
6486,test,0,0.09036117047071457,0.35784737220136,16.899163709949836,4.813467705048708,-1.541005946406461
6487,test,0,0.07978463917970657,0.35784737220136,16.899163709891877,4.813467705016224,-1.5410059451688536
6488,test,0,0.07978463917970657,0.35784737220136,16.899163709718163,4.813467704919078,-1.541005941457009
6489,test,0,0.06616432964801788,0.35784737220136,16.89916370960251,4.813467704854275,-1.541005938987921
6490,test,0,0.08283945173025131,0.35784737220136,16.8991637094867,4.8134677047892644,-1.5410059365167428
6491,test,0,0.07978463917970657,0.35784737220136,16.89916370937193,4.813467704724888,-1.54100593406972
6492,test,0,0.07978463917970657,0.35784737220136,16.899163709256094,4.813467704660132,-1.5410059315950166
6493,test,0,0.08283945173025131,0.35784737220136,16.899163709140055,4.81346770459539,-1.5410059291137337
6494,test,0,0.0826788917183876,0.35784737220136,16.89916370902429,4.813467704530547,-1.5410059266415104
6495,test,0,0.08247099071741104,0.35784737220136,16.899163708908755,4.813467704465574,-1.5410059241789866
6496,test,0,0.08247099071741104,0.35784737220136,16.899163708851273,4.813467704433257,-1.541005922954848
6497,test,0,0.08247099071741104,0.35784737220136,16.89916370867842,4.813467704336552,-1.5410059192648635
6498,test,0,0.08247099071741104,0.35784737220136,16.89916370856228,4.813467704271855,-1.5410059167794357
6499,test,0,0.07978463917970657,0.35784737220136,16.899163708446025,4.813467704206809,-1.541005914294758
6500,test,0,0.08247099071741104,0.35784737220136,16.89916370838834,4.813467704174355,-1.54100591306452
6501,test,0,0.07269354909658432,0.35784737220136,16.89916370821586,4.813467704077246,-1.541005909392336
6502,test,0,0.07269354909658432,0.35784737220136,16.899163708100584,4.813467704012842,-1.5410059069300677
6503,test,0,0.08132287859916687,0.35784737220136,16.89916370798476,4.813467703948395,-1.5410059044512665
6504,test,0,0.06616432964801788,0.35784737220136,16.899163707926338,4.813467703915802,-1.5410059032006145
6505,test,0,0.07978463917970657,0.35784737220136,16.89916370775295,4.813467703818385,-1.5410058995020843
6506,test,0,0.07269354909658432,0.35784737220136,16.89916370763807,4.813467703753624,-1.5410058970567264
6507,test,0,0.07269354909658432,0.35784737220136,16.899163707522685,4.813467703689097,-1.5410058945933187
6508,test,0,0.07269354909658432,0.35784737220136,16.899163707465117,4.813467703657078,-1.5410058933620896
6509,test,0,0.07978463917970657,0.35784737220136,16.89916370729039,4.813467703559658,-1.541005889622369
6510,test,0,0.06616432964801788,0.35784737220136,16.899163707232386,4.813467703527106,-1.5410058883843716
6511,test,0,0.07978463917970657,0.35784737220136,16.899163707060257,4.813467703430111,-1.541005884722004
6512,test,0,0.07269354909658432,0.35784737220136,16.899163707002504,4.81346770339769,-1.5410058834906513
6513,test,0,0.06616432964801788,0.35784737220136,16.899163706829448,4.813467703301268,-1.541005879791548
6514,test,0,0.06616432964801788,0.35784737220136,16.899163706712937,4.813467703236261,-1.541005877297476
6515,test,0,0.09050620347261429,0.35784737220136,16.89916370665481,4.813467703203673,-1.5410058760556846
6516,test,0,0.07269354909658432,0.35784737220136,16.89916370653985,4.813467703138949,-1.5410058736074175
6517,test,0,0.09050620347261429,0.35784737220136,16.899163706367137,4.813467703041949,-1.541005869926263
6518,test,0,0.07269354909658432,0.35784737220136,16.89916370625163,4.813467702977585,-1.5410058674569187
6519,test,0,0.09050620347261429,0.35784737220136,16.899163706135536,4.813467702912836,-1.5410058649737783
6520,test,0,0.06616432964801788,0.35784737220136,16.899163706019745,4.813467702847887,-1.5410058625021466
6521,test,0,0.07269354909658432,0.35784737220136,16.899163705904513,4.813467702783083,-1.5410058600475427
6522,test,0,0.07269354909658432,0.35784737220136,16.899163705789526,4.813467702718568,-1.541005857594951
6523,test,0,0.06616432964801788,0.35784737220136,16.899163705673903,4.8134677026539885,-1.541005855124154
6524,test,0,0.07269354909658432,0.35784737220136,16.89916370555807,4.813467702589315,-1.5410058526471375
6525,test,0,0.07908634841442108,0.35784737220136,16.899163705442618,4.813467702524618,-1.541005850182739
6526,test,0,0.06616432964801788,0.35784737220136,16.899163705326934,4.813467702459638,-1.5410058477147623
6527,test,0,0.09050620347261429,0.35784737220136,16.899163705211937,4.813467702395191,-1.5410058452622435
6528,test,0,0.07908634841442108,0.35784737220136,16.899163705096335,4.813467702330528,-1.541005842793435
6529,test,0,0.09050620347261429,0.35784737220136,16.89916370498048,4.813467702265722,-1.5410058403177307
6530,test,0,0.08099213242530823,0.35784737220136,16.899163704865522,4.813467702201331,-1.5410058378660427
6531,test,0,0.07908634841442108,0.35784737220136,16.899163704749604,4.813467702136354,-1.5410058353909073
6532,test,0,0.08099213242530823,0.35784737220136,16.899163704691738,4.813467702103982,-1.541005834155394
6533,test,0,0.06616432964801788,0.35784737220136,16.899163704518816,4.81346770200719,-1.5410058304641312
6534,test,0,0.06616432964801788,0.35784737220136,16.899163704402923,4.813467701942216,-1.5410058279901009
6535,test,0,0.08099213242530823,0.35784737220136,16.899163704288217,4.81346770187792,-1.5410058255440602
6536,test,0,0.09050620347261429,0.35784737220136,16.899163704172523,4.813467701813161,-1.5410058230734818
6537,test,0,0.09050620347261429,0.35784737220136,16.899163704056694,4.813467701748477,-1.5410058205973043
6538,test,0,0.09050620347261429,0.35784737220136,16.89916370394122,4.813467701683831,-1.5410058181316877
6539,test,0,0.08099213242530823,0.35784737220136,16.899163703825547,4.813467701618847,-1.5410058156648452
6540,test,0,0.08247090131044388,0.35784737220136,16.899163703710798,4.813467701554415,-1.541005813219671
6541,test,0,0.06404601037502289,0.35784737220136,16.89916370359551,4.8134677014899525,-1.5410058107577005
6542,test,0,0.09050620347261429,0.35784737220136,16.899163703537535,4.813467701457641,-1.541005809517418
6543,test,0,0.07832779735326767,0.35784737220136,16.899163703421554,4.81346770139292,-1.5410058070361814
6544,test,0,0.06959142535924911,0.35784737220136,16.89916370324835,4.813467701295623,-1.541005803341905
6545,test,0,0.07832779735326767,0.35784737220136,16.899163703133517,4.813467701231005,-1.541005800896017
6546,test,0,0.07832779735326767,0.35784737220136,16.89916370301841,4.813467701166645,-1.5410057984384855
6547,test,0,0.09050620347261429,0.35784737220136,16.899163702902662,4.813467701102231,-1.5410057959623265
6548,test,0,0.06959142535924911,0.35784737220136,16.89916370278621,4.813467701037175,-1.5410057934709631
6549,test,0,0.09050620347261429,0.35784737220136,16.899163702671043,4.81346770097241,-1.5410057910170047
6550,test,0,0.09050620347261429,0.35784737220136,16.89916370255632,4.813467700907743,-1.5410057885752622
6551,test,0,0.06959142535924911,0.35784737220136,16.899163702441083,4.813467700843257,-1.5410057861158635
6552,test,0,0.08099213242530823,0.35784737220136,16.89916370232576,4.813467700779132,-1.5410057836494462
6553,test,0,0.07832779735326767,0.35784737220136,16.899163702209073,4.813467700714029,-1.5410057811520512
6554,test,0,0.08099213242530823,0.35784737220136,16.899163702093627,4.813467700649176,-1.5410057786910483
6555,test,0,0.07832779735326767,0.35784737220136,16.899163701979127,4.813467700584598,-1.5410057762551943
6556,test,0,0.07545310258865356,0.35784737220136,16.899163701863827,4.813467700519962,-1.5410057737947018
6557,test,0,0.07832779735326767,0.35784737220136,16.899163701748694,4.813467700455907,-1.5410057713327938
6558,test,0,0.07545310258865356,0.35784737220136,16.899163701690643,4.813467700423583,-1.5410057700898774
6559,test,0,0.07545310258865356,0.35784737220136,16.899163701516496,4.81346770032602,-1.541005766369999
6560,test,0,0.09050620347261429,0.35784737220136,16.899163701401957,4.813467700261468,-1.5410057639331851
6561,test,0,0.09050620347261429,0.35784737220136,16.89916370128672,4.813467700196821,-1.5410057614763528
6562,test,0,0.089923195540905,0.35784737220136,16.899163701229117,4.813467700164691,-1.5410057602453984
6563,test,0,0.0700964406132698,0.35784737220136,16.899163701055528,4.813467700067936,-1.541005756530893
6564,test,0,0.07545310258865356,0.35784737220136,16.8991637009975,4.813467700035457,-1.5410057552909506
6565,test,0,0.089923195540905,0.35784737220136,16.89916370082474,4.813467699938315,-1.5410057516096458
6566,test,0,0.089923195540905,0.35784737220136,16.8991637007098,4.813467699873811,-1.5410057491592382
6567,test,0,0.0700964406132698,0.35784737220136,16.899163700594393,4.8134676998093555,-1.5410057466927911
6568,test,0,0.0700964406132698,0.35784737220136,16.89916370047865,4.813467699744762,-1.5410057442174445
6569,test,0,0.09050620347261429,0.35784737220136,16.89916370036318,4.813467699680103,-1.5410057417530798
6570,test,0,0.089923195540905,0.35784737220136,16.89916370024768,4.813467699615217,-1.541005739290221
6571,test,0,0.06616160273551941,0.35784737220136,16.899163700132753,4.813467699550796,-1.5410057368394856
6572,test,0,0.089923195540905,0.35784737220136,16.899163700017425,4.813467699486282,-1.54100573437736
6573,test,0,0.06616160273551941,0.35784737220136,16.89916369990158,4.813467699421534,-1.5410057319018142
6574,test,0,0.08168496936559677,0.35784737220136,16.899163699786666,4.813467699357195,-1.5410057294502537
6575,test,0,0.06171506270766258,0.35784737220136,16.89916369967096,4.813467699292293,-1.541005726980224
6576,test,0,0.06507813185453415,0.35784737220136,16.89916369955573,4.8134676992277905,-1.5410057245207678
6577,test,0,0.06507813185453415,0.35784737220136,16.899163699440575,4.813467699163327,-1.5410057220632267
6578,test,0,0.06616160273551941,0.35784737220136,16.899163699382544,4.813467699130821,-1.5410057208237165
6579,test,0,0.06171506270766258,0.35784737220136,16.899163699267266,4.813467699066254,-1.5410057183635997
6580,test,0,0.06171506270766258,0.35784737220136,16.899163699094466,4.813467698969464,-1.541005714676166
6581,test,0,0.06616160273551941,0.35784737220136,16.899163698978843,4.813467698904821,-1.5410057122052314
6582,test,0,0.06171506270766258,0.35784737220136,16.899163698863724,4.813467698840384,-1.5410057097478722
6583,test,0,0.06507813185453415,0.35784737220136,16.89916369874794,4.813467698775427,-1.5410057072775392
6584,test,0,0.089923195540905,0.35784737220136,16.89916369863325,4.8134676987110945,-1.5410057048327666
6585,test,0,0.06616160273551941,0.35784737220136,16.899163698575872,4.813467698678955,-1.5410057036094331
6586,test,0,0.07908635586500168,0.35784737220136,16.899163698402216,4.813467698581993,-1.5410056998973074
6587,test,0,0.06616160273551941,0.35784737220136,16.899163698286728,4.813467698517425,-1.5410056974305515
6588,test,0,0.07908635586500168,0.35784737220136,16.899163698228953,4.813467698484994,-1.54100569619821
6589,test,0,0.07908635586500168,0.35784737220136,16.899163698056512,4.813467698388051,-1.5410056925239215
6590,test,0,0.07908635586500168,0.35784737220136,16.899163697941603,4.81346769832375,-1.541005690071818
6591,test,0,0.07908635586500168,0.35784737220136,16.8991636978259,4.813467698259291,-1.5410056875968763
6592,test,0,0.089923195540905,0.35784737220136,16.899163697709877,4.8134676981945,-1.5410056851157494
6593,test,0,0.089923195540905,0.35784737220136,16.899163697594584,4.813467698129719,-1.5410056826577607
6594,test,0,0.06507813185453415,0.35784737220136,16.899163697537283,4.813467698097428,-1.5410056814384856
6595,test,0,0.07908635586500168,0.35784737220136,16.89916369736494,4.813467698000742,-1.5410056777641454
6596,test,0,0.06507813185453415,0.35784737220136,16.89916369724972,4.813467697936603,-1.5410056752992545
6597,test,0,0.07732007652521133,0.35784737220136,16.899163697133332,4.81346769787169,-1.5410056728084218
6598,test,0,0.07908635586500168,0.35784737220136,16.899163697017876,4.8134676978068605,-1.5410056703458563
6599,test,0,0.06616160273551941,0.35784737220136,16.899163696903443,4.813467697742352,-1.5410056679124229
6600,test,0,0.07732007652521133,0.35784737220136,16.899163696788303,4.813467697677784,-1.5410056654570017
6601,test,0,0.07732007652521133,0.35784737220136,16.899163696673387,4.8134676976138175,-1.5410056629991997
6602,test,0,0.07732007652521133,0.35784737220136,16.899163696557075,4.813467697549022,-1.5410056605096616
6603,test,0,0.07908635586500168,0.35784737220136,16.899163696441246,4.813467697484054,-1.541005658037124
6604,test,0,0.06616160273551941,0.35784737220136,16.89916369632695,4.813467697419621,-1.541005655606603
6605,test,0,0.07653670012950897,0.35784737220136,16.899163696269472,4.813467697387268,-1.5410056543825021
6606,test,0,0.06616160273551941,0.35784737220136,16.899163696154343,4.813467697322899,-1.5410056519242892
6607,test,0,0.08988017588853836,0.35784737220136,16.899163695980942,4.813467697226381,-1.5410056482144183
6608,test,0,0.07653670012950897,0.35784737220136,16.8991636958649,4.81346769716137,-1.5410056457360015
6609,test,0,0.08988017588853836,0.35784737220136,16.899163695807548,4.813467697129097,-1.5410056445151843
6610,test,0,0.06616160273551941,0.35784737220136,16.899163695635433,4.813467697032298,-1.5410056408503137
6611,test,0,0.07908635586500168,0.35784737220136,16.899163695577897,4.8134676970001475,-1.541005639621869
6612,test,0,0.07908635586500168,0.35784737220136,16.89916369540467,4.813467696903647,-1.541005635917324
6613,test,0,0.07908635586500168,0.35784737220136,16.899163695288895,4.81346769683884,-1.5410056334441624
6614,test,0,0.08705492317676544,0.35784737220136,16.899163695173833,4.81346769677414,-1.5410056309927767
6615,test,0,0.06616160273551941,0.35784737220136,16.899163695059062,4.813467696709689,-1.5410056285472349
6616,test,0,0.08705492317676544,0.35784737220136,16.899163694943958,4.813467696645346,-1.5410056260898182
6617,test,0,0.07908635586500168,0.35784737220136,16.89916369482827,4.813467696580812,-1.5410056236164418
6618,test,0,0.06616160273551941,0.35784737220136,16.899163694713042,4.813467696516346,-1.5410056211564855
6619,test,0,0.07908635586500168,0.35784737220136,16.899163694655364,4.813467696483983,-1.5410056199262923
6620,test,0,0.08267230540513992,0.35784737220136,16.89916369448259,4.813467696387066,-1.5410056162425916
6621,test,0,0.08705492317676544,0.35784737220136,16.899163694425287,4.813467696354984,-1.5410056150199023
6622,test,0,0.07908635586500168,0.35784737220136,16.89916369425187,4.81346769625799,-1.5410056113149686
6623,test,0,0.08774978667497635,0.35784737220136,16.899163694137073,4.813467696193746,-1.541005608866155
6624,test,0,0.08267230540513992,0.35784737220136,16.899163694079576,4.813467696161516,-1.5410056076401222
6625,test,0,0.08705492317676544,0.35784737220136,16.899163693906264,4.813467696064467,-1.5410056039392561
6626,test,0,0.08705492317676544,0.35784737220136,16.899163693791383,4.813467696000196,-1.5410056014878553
6627,test,0,0.07908635586500168,0.35784737220136,16.899163693675604,4.813467695935307,-1.5410055990165052
6628,test,0,0.062257397919893265,0.35784737220136,16.89916369361811,4.813467695903068,-1.5410055977901291
6629,test,0,0.062257397919893265,0.35784737220136,16.899163693445928,4.813467695806637,-1.5410055941178644
6630,test,0,0.07908635586500168,0.35784737220136,16.899163693330163,4.8134676957419735,-1.54100559164334
6631,test,0,0.08705492317676544,0.35784737220136,16.899163693215048,4.813467695677608,-1.5410055891846712
6632,test,0,0.062257397919893265,0.35784737220136,16.899163693099517,4.813467695612774,-1.5410055867204697
6633,test,0,0.062257397919893265,0.35784737220136,16.899163692984793,4.813467695548333,-1.5410055842758996
6634,test,0,0.08705492317676544,0.35784737220136,16.89916369287008,4.813467695484107,-1.5410055818286015
6635,test,0,0.07908635586500168,0.35784737220136,16.899163692754428,4.813467695419613,-1.5410055793556026
6636,test,0,0.08705492317676544,0.35784737220136,16.899163692696558,4.81346769538735,-1.5410055781182128
6637,test,0,0.062257397919893265,0.35784737220136,16.899163692523448,4.81346769529029,-1.5410055744236568
6638,test,0,0.0857165977358818,0.35784737220136,16.899163692466093,4.813467695258004,-1.5410055732029966
6639,test,0,0.0857165977358818,0.35784737220136,16.89916369235149,4.813467695193601,-1.5410055707622423
6640,test,0,0.07615771144628525,0.35784737220136,16.89916369217885,4.813467695097336,-1.5410055670734188
6641,test,0,0.07908635586500168,0.35784737220136,16.899163692062718,4.813467695032602,-1.5410055645890608
6642,test,0,0.07615771144628525,0.35784737220136,16.89916369194727,4.813467694967823,-1.541005562126278
6643,test,0,0.07615771144628525,0.35784737220136,16.899163691832953,4.81346769490337,-1.5410055596938028
6644,test,0,0.06814521551132202,0.35784737220136,16.89916369177552,4.813467694871078,-1.5410055584706959
6645,test,0,0.0857165977358818,0.35784737220136,16.89916369160315,4.813467694774948,-1.541005554788392
6646,test,0,0.054177455604076385,0.35784737220136,16.899163691487082,4.813467694710304,-1.54100555230381
6647,test,0,0.0857165977358818,0.35784737220136,16.899163691371243,4.813467694645382,-1.541005549831084
6648,test,0,0.07615771144628525,0.35784737220136,16.89916369125705,4.813467694581012,-1.5410055474026605
6649,test,0,0.0857165977358818,0.35784737220136,16.899163691199682,4.813467694548701,-1.5410055461812635
6650,test,0,0.07615771144628525,0.35784737220136,16.899163691027322,4.813467694452458,-1.5410055424996956
6651,test,0,0.07615771144628525,0.35784737220136,16.89916369091158,4.813467694388039,-1.541005540022597
6652,test,0,0.0857165977358818,0.35784737220136,16.899163690795483,4.813467694323036,-1.5410055375420835
6653,test,0,0.06814521551132202,0.35784737220136,16.899163690681146,4.813467694258633,-1.5410055351092635
6654,test,0,0.06814521551132202,0.35784737220136,16.899163690623876,4.8134676942263805,-1.5410055338908206
6655,test,0,0.06860319525003433,0.35784737220136,16.89916369045146,4.813467694129971,-1.5410055302101615
6656,test,0,0.0908052921295166,0.35784737220136,16.899163690336028,4.813467694065706,-1.541005527740243
6657,test,0,0.06814521551132202,0.35784737220136,16.899163690277984,4.813467694033283,-1.5410055264987237
6658,test,0,0.06814521551132202,0.35784737220136,16.89916369010529,4.813467693936283,-1.5410055228175847
6659,test,0,0.07615771144628525,0.35784737220136,16.899163690048024,4.813467693904055,-1.541005521598827
6660,test,0,0.06860319525003433,0.35784737220136,16.89916368987571,4.8134676938076,-1.54100551792269
6661,test,0,0.0908052921295166,0.35784737220136,16.899163689760286,4.813467693743264,-1.5410055154541022
6662,test,0,0.0908052921295166,0.35784737220136,16.899163689644805,4.813467693678711,-1.5410055129876397
6663,test,0,0.0908052921295166,0.35784737220136,16.899163689529622,4.8134676936140215,-1.541005510532161
6664,test,0,0.0908052921295166,0.35784737220136,16.899163689472147,4.813467693581728,-1.5410055093071562
6665,test,0,0.06814521551132202,0.35784737220136,16.89916368930007,4.813467693485359,-1.5410055056362966
6666,test,0,0.0908052921295166,0.35784737220136,16.899163689242272,4.81346769345307,-1.5410055044016657
6667,test,0,0.0908052921295166,0.35784737220136,16.899163689069496,4.813467693356508,-1.5410055007127592
6668,test,0,0.07615771144628525,0.35784737220136,16.899163689012052,4.813467693324307,-1.5410054994879276
6669,test,0,0.06814521551132202,0.35784737220136,16.899163688839003,4.8134676932273335,-1.541005495795668
6670,test,0,0.06814521551132202,0.35784737220136,16.8991636887244,4.813467693163205,-1.5410054933509543
6671,test,0,0.0908052921295166,0.35784737220136,16.89916368860874,4.813467693098452,-1.5410054908810018
6672,test,0,0.07615771144628525,0.35784737220136,16.89916368849399,4.813467693034201,-1.5410054884335698
6673,test,0,0.07615771144628525,0.35784737220136,16.899163688379186,4.813467692969878,-1.5410054859843723
6674,test,0,0.07615771144628525,0.35784737220136,16.899163688263553,4.813467692905217,-1.5410054835137004
6675,test,0,0.07615771144628525,0.35784737220136,16.899163688148732,4.813467692841029,-1.5410054810628524
6676,test,0,0.08744259178638458,0.35784737220136,16.899163688033283,4.8134676927762845,-1.5410054785991767
6677,test,0,0.0908052921295166,0.35784737220136,16.899163687918524,4.813467692711881,-1.5410054761528753
6678,test,0,0.08744259178638458,0.35784737220136,16.899163687804062,4.813467692647758,-1.5410054737118013
6679,test,0,0.07615771144628525,0.35784737220136,16.899163687746324,4.813467692615513,-1.5410054724778872
6680,test,0,0.08275127410888672,0.35784737220136,16.899163687573104,4.813467692518852,-1.541005468775167
6681,test,0,0.0908052921295166,0.35784737220136,16.89916368751545,4.8134676924865465,-1.5410054675447533
6682,test,0,0.08275127410888672,0.35784737220136,16.899163687400417,4.813467692421879,-1.5410054650935832
6683,test,0,0.08749976754188538,0.35784737220136,16.899163687286002,4.813467692357585,-1.5410054626568868
6684,test,0,0.07929409295320511,0.35784737220136,16.899163687113568,4.813467692261358,-1.541005458972928
6685,test,0,0.08749976754188538,0.35784737220136,16.89916368699768,4.8134676921967845,-1.5410054564945426
6686,test,0,0.07929409295320511,0.35784737220136,16.899163686882307,4.813467692132071,-1.5410054540322522
6687,test,0,0.07929409295320511,0.35784737220136,16.899163686768023,4.813467692067661,-1.5410054516001521
6688,test,0,0.08749976754188538,0.35784737220136,16.899163686710722,4.813467692035427,-1.541005450379871
6689,test,0,0.07615771144628525,0.35784737220136,16.899163686595973,4.813467691971281,-1.5410054479302517
6690,test,0,0.08749976754188538,0.35784737220136,16.89916368648084,4.813467691907259,-1.541005445467482
6691,test,0,0.07615771144628525,0.35784737220136,16.899163686306927,4.813467691809983,-1.5410054417501426
6692,test,0,0.08749976754188538,0.35784737220136,16.89916368619283,4.813467691745686,-1.5410054393238042
6693,test,0,0.08749976754188538,0.35784737220136,16.899163686078037,4.813467691681161,-1.5410054368790442
6694,test,0,0.07545201480388641,0.35784737220136,16.899163685963313,4.813467691617242,-1.5410054344282627
6695,test,0,0.07545201480388641,0.35784737220136,16.899163685847732,4.813467691552972,-1.5410054319562598
6696,test,0,0.07929409295320511,0.35784737220136,16.89916368573164,4.81346769148801,-1.5410054294754687
6697,test,0,0.07881578058004379,0.35784737220136,16.899163685617427,4.813467691423681,-1.5410054270448086
6698,test,0,0.07881578058004379,0.35784737220136,16.899163685502863,4.813467691359212,-1.5410054246051348
6699,test,0,0.07929409295320511,0.35784737220136,16.89916368538801,4.813467691295126,-1.541005422152743
6700,test,0,0.07545201480388641,0.35784737220136,16.899163685272768,4.813467691230996,-1.5410054196874954
6701,test,0,0.07545201480388641,0.35784737220136,16.89916368515687,4.813467691166195,-1.5410054172101628
6702,test,0,0.07545201480388641,0.35784737220136,16.899163685042197,4.813467691101694,-1.5410054147672623
6703,test,0,0.07929409295320511,0.35784737220136,16.899163684927743,4.8134676910373235,-1.541005412330433
6704,test,0,0.08749976754188538,0.35784737220136,16.89916368481292,4.813467690973135,-1.5410054098795658
6705,test,0,0.08240600675344467,0.35784737220136,16.899163684697665,4.813467690908907,-1.5410054074146975
6706,test,0,0.07929409295320511,0.35784737220136,16.899163684639934,4.8134676908766885,-1.5410054061807053
6707,test,0,0.08098696917295456,0.35784737220136,16.899163684467197,4.813467690779821,-1.5410054024967879
6708,test,0,0.08240600675344467,0.35784737220136,16.899163684352526,4.813467690715424,-1.541005400053374
6709,test,0,0.07929409295320511,0.35784737220136,16.899163684237944,4.81346769065129,-1.5410053976084583
6710,test,0,0.09141851216554642,0.35784737220136,16.899163684122456,4.813467690586813,-1.541005395140856
6711,test,0,0.0889761671423912,0.35784737220136,16.89916368406488,4.813467690554658,-1.5410053939112835
6712,test,0,0.07929409295320511,0.35784737220136,16.899163683892567,4.813467690458105,-1.5410053902359364
6713,test,0,0.09141851216554642,0.35784737220136,16.899163683834836,4.813467690425741,-1.5410053890042408
6714,test,0,0.08098696917295456,0.35784737220136,16.899163683720182,4.81346769036156,-1.5410053865582247
6715,test,0,0.07929409295320511,0.35784737220136,16.899163683547393,4.813467690264854,-1.5410053828698382
6716,test,0,0.0889761671423912,0.35784737220136,16.89916368343268,4.813467690200631,-1.5410053804228132
6717,test,0,0.07925295829772949,0.35784737220136,16.899163683318058,4.813467690136432,-1.541005377979306
6718,test,0,0.0889761671423912,0.35784737220136,16.899163683202524,4.813467690071824,-1.541005375510855
6719,test,0,0.09141851216554642,0.35784737220136,16.8991636831451,4.813467690039759,-1.5410053742850025
6720,test,0,0.07925295829772949,0.35784737220136,16.899163682972468,4.8134676899430575,-1.541005370601359
6721,test,0,0.07925295829772949,0.35784737220136,16.89916368291492,4.813467689910762,-1.5410053693747754
6722,test,0,0.07925295829772949,0.35784737220136,16.89916368280073,4.813467689846717,-1.5410053669418124
6723,test,0,0.09141851216554642,0.35784737220136,16.899163682628007,4.813467689750238,-1.5410053632526768
6724,test,0,0.08098696917295456,0.35784737220136,16.899163682512707,4.813467689685898,-1.5410053607883687
6725,test,0,0.0889761671423912,0.35784737220136,16.89916368245513,4.813467689653638,-1.541005359559339
6726,test,0,0.0889761671423912,0.35784737220136,16.899163682340163,4.813467689589041,-1.541005357110368
6727,test,0,0.06860807538032532,0.35784737220136,16.8991636821686,4.813467689492755,-1.5410053534557462
6728,test,0,0.08098696917295456,0.35784737220136,16.899163682053636,4.813467689428695,-1.5410053509986397
6729,test,0,0.09141851216554642,0.35784737220136,16.899163681937953,4.813467689364227,-1.5410053485236366
6730,test,0,0.06860807538032532,0.35784737220136,16.8991636818801,4.813467689331859,-1.5410053472878227
6731,test,0,0.06860807538032532,0.35784737220136,16.8991636817084,4.813467689235229,-1.5410053436320987
6732,test,0,0.06860807538032532,0.35784737220136,16.899163681593826,4.813467689170897,-1.541005341191124
6733,test,0,0.07925295829772949,0.35784737220136,16.899163681479187,4.81346768910704,-1.5410053387418081
6734,test,0,0.07925295829772949,0.35784737220136,16.899163681363543,4.813467689042678,-1.541005336267155
6735,test,0,0.06860807538032532,0.35784737220136,16.89916368124777,4.813467688977853,-1.5410053337942538
6736,test,0,0.07925295829772949,0.35784737220136,16.899163681133757,4.813467688913617,-1.5410053313693264
6737,test,0,0.07825995981693268,0.35784737220136,16.899163681019168,4.813467688849178,-1.54100532892943
6738,test,0,0.07825995981693268,0.35784737220136,16.899163680904582,4.813467688785296,-1.5410053264816275
6739,test,0,0.09141851216554642,0.35784737220136,16.89916368078927,4.813467688721173,-1.541005324014714
6740,test,0,0.08276341110467911,0.35784737220136,16.89916368067323,4.81346768865626,-1.541005321534101
6741,test,0,0.06860807538032532,0.35784737220136,16.899163680559038,4.813467688591985,-1.5410053191045834
6742,test,0,0.06860807538032532,0.35784737220136,16.899163680501992,4.813467688559829,-1.5410053178912988
6743,test,0,0.08276341110467911,0.35784737220136,16.899163680387236,4.813467688495478,-1.5410053154445518
6744,test,0,0.07905128598213196,0.35784737220136,16.89916368027258,4.813467688431665,-1.5410053129940806
6745,test,0,0.07825995981693268,0.35784737220136,16.899163680099065,4.813467688334816,-1.5410053092829021
6746,test,0,0.07825995981693268,0.35784737220136,16.89916367998445,4.8134676882703795,-1.5410053068417513
6747,test,0,0.07825995981693268,0.35784737220136,16.899163679927366,4.8134676882382355,-1.541005305627384
6748,test,0,0.09141851216554642,0.35784737220136,16.89916367975549,4.813467688141943,-1.5410053019615364
6749,test,0,0.08751320093870163,0.35784737220136,16.89916367964039,4.813467688077839,-1.5410052995009276
6750,test,0,0.08276341110467911,0.35784737220136,16.89916367952503,4.813467688013422,-1.5410052970369204
6751,test,0,0.08276341110467911,0.35784737220136,16.899163679467502,4.813467687981164,-1.5410052958101463
6752,test,0,0.08267121762037277,0.35784737220136,16.899163679352718,4.81346768791666,-1.5410052933648943
6753,test,0,0.07825995981693268,0.35784737220136,16.89916367918103,4.813467687820489,-1.5410052897048652
6754,test,0,0.09141851216554642,0.35784737220136,16.899163679123443,4.813467687788334,-1.5410052884748149
6755,test,0,0.09141851216554642,0.35784737220136,16.89916367895087,4.8134676876919364,-1.541005284789033
6756,test,0,0.09141851216554642,0.35784737220136,16.899163678893565,4.813467687659832,-1.5410052835673966
6757,test,0,0.07966611534357071,0.35784737220136,16.89916367872095,4.813467687563045,-1.5410052798849592
6758,test,0,0.09141851216554642,0.35784737220136,16.899163678606616,4.813467687499087,-1.5410052774468523
6759,test,0,0.08751320093870163,0.35784737220136,16.899163678491263,4.813467687434531,-1.5410052749836445
6760,test,0,0.0773434266448021,0.35784737220136,16.899163678376564,4.813467687370332,-1.5410052725372625
6761,test,0,0.0773434266448021,0.35784737220136,16.89916367826213,4.813467687306244,-1.541005270097769
6762,test,0,0.0773434266448021,0.35784737220136,16.899163678146696,4.813467687241683,-1.541005267632279
6763,test,0,0.08238913863897324,0.35784737220136,16.899163678032092,4.813467687177644,-1.541005265186382
6764,test,0,0.07966611534357071,0.35784737220136,16.899163677916917,4.813467687113112,-1.5410052627295898
6765,test,0,0.07966611534357071,0.35784737220136,16.899163677802196,4.813467687048759,-1.5410052602845892
6766,test,0,0.08751320093870163,0.35784737220136,16.899163677688065,4.813467686984825,-1.5410052578520055
6767,test,0,0.07380621135234833,0.35784737220136,16.899163677572783,4.813467686920463,-1.5410052553885354
6768,test,0,0.07966611534357071,0.35784737220136,16.89916367745763,4.813467686856225,-1.541005252928248
6769,test,0,0.08238913863897324,0.35784737220136,16.899163677342575,4.81346768679174,-1.54100525047444
6770,test,0,0.07380621135234833,0.35784737220136,16.89916367728519,4.813467686759477,-1.5410052492520712
6771,test,0,0.08751320093870163,0.35784737220136,16.899163677170975,4.813467686695299,-1.5410052468202833
6772,test,0,0.07966611534357071,0.35784737220136,16.899163676998988,4.81346768659927,-1.541005243148207
6773,test,0,0.08238913863897324,0.35784737220136,16.89916367694128,4.813467686567157,-1.5410052419139606
6774,test,0,0.08751320093870163,0.35784737220136,16.8991636767682,4.813467686470345,-1.54100523821727
6775,test,0,0.07380621135234833,0.35784737220136,16.89916367665401,4.813467686406046,-1.5410052357878075
6776,test,0,0.07986399531364441,0.35784737220136,16.899163676539604,4.813467686341797,-1.5410052333514388
6777,test,0,0.0819389671087265,0.35784737220136,16.899163676425097,4.813467686277976,-1.5410052309051516
6778,test,0,0.07966611534357071,0.35784737220136,16.899163676309662,4.81346768621375,-1.5410052284352684
6779,test,0,0.0819389671087265,0.35784737220136,16.899163676193933,4.813467686148984,-1.5410052259629592
6780,test,0,0.05417713150382042,0.35784737220136,16.899163676136826,4.813467686116855,-1.541005224747401
6781,test,0,0.05417713150382042,0.35784737220136,16.899163675965564,4.813467686020444,-1.541005221103693
6782,test,0,0.05417713150382042,0.35784737220136,16.89916367590824,4.813467685988411,-1.5410052198802737
6783,test,0,0.05417713150382042,0.35784737220136,16.899163675735952,4.8134676858926095,-1.5410052161969023
6784,test,0,0.0819389671087265,0.35784737220136,16.899163675619963,4.813467685827767,-1.5410052137169574
6785,test,0,0.05417713150382042,0.35784737220136,16.899163675505818,4.813467685763538,-1.5410052112882167
6786,test,0,0.0819389671087265,0.35784737220136,16.899163675391616,4.813467685699227,-1.5410052088583182
6787,test,0,0.05417713150382042,0.35784737220136,16.899163675276995,4.813467685635213,-1.5410052064115682
6788,test,0,0.07966611534357071,0.35784737220136,16.899163675162196,4.813467685571392,-1.5410052039567121
6789,test,0,0.0819389671087265,0.35784737220136,16.89916367504627,4.813467685506654,-1.5410052014776392
6790,test,0,0.07917749136686325,0.35784737220136,16.899163674931774,4.813467685442294,-1.541005199038963
6791,test,0,0.07966611534357071,0.35784737220136,16.89916367481769,4.813467685378067,-1.5410051966121487
6792,test,0,0.07917749136686325,0.35784737220136,16.899163674703082,4.813467685313961,-1.5410051941670018
6793,test,0,0.05417713150382042,0.35784737220136,16.899163674588277,4.81346768525007,-1.5410051917129644
6794,test,0,0.07966611534357071,0.35784737220136,16.899163674530552,4.813467685217903,-1.5410051904785986
6795,test,0,0.07917749136686325,0.35784737220136,16.899163674357936,4.8134676851211555,-1.541005186796187
6796,test,0,0.07917749136686325,0.35784737220136,16.899163674243685,4.8134676850569,-1.5410051843639767
6797,test,0,0.07917749136686325,0.35784737220136,16.89916367412933,4.8134676849928555,-1.5410051819249544
6798,test,0,0.0792045071721077,0.35784737220136,16.899163674071932,4.8134676849608224,-1.5410051806984895
6799,test,0,0.0792045071721077,0.35784737220136,16.89916367395678,4.813467684896624,-1.5410051782372038
6800,test,0,0.07917749136686325,0.35784737220136,16.89916367384194,4.813467684832395,-1.5410051757866492
6801,test,0,0.07917749136686325,0.35784737220136,16.899163673669747,4.813467684735746,-1.5410051721165146
6802,test,0,0.0792045071721077,0.35784737220136,16.899163673555556,4.813467684671823,-1.541005169682323
6803,test,0,0.07917749136686325,0.35784737220136,16.899163673440455,4.813467684607501,-1.5410051672245324
6804,test,0,0.05417713150382042,0.35784737220136,16.899163673382848,4.813467684575324,-1.5410051659943182
6805,test,0,0.0792045071721077,0.35784737220136,16.899163673268504,4.813467684511362,-1.5410051635551931
6806,test,0,0.0875014066696167,0.35784737220136,16.899163673096,4.813467684414693,-1.5410051598753443
6807,test,0,0.07917749136686325,0.35784737220136,16.899163673038764,4.813467684382679,-1.5410051586542253
6808,test,0,0.0819389671087265,0.35784737220136,16.89916367286675,4.813467684286422,-1.5410051549841772
6809,test,0,0.0819389671087265,0.35784737220136,16.89916367280911,4.8134676842541415,-1.541005153753853
6810,test,0,0.03987471014261246,0.35784737220136,16.899163672637883,4.813467684158244,-1.5410051501042341
6811,test,0,0.0875014066696167,0.35784737220136,16.89916367258031,4.813467684126047,-1.5410051488752212
6812,test,0,0.07917749136686325,0.35784737220136,16.899163672465132,4.813467684061687,-1.541005146414711
6813,test,0,0.0875014066696167,0.35784737220136,16.899163672293064,4.813467683965424,-1.5410051427440383
6814,test,0,0.07917749136686325,0.35784737220136,16.899163672178247,4.813467683900984,-1.541005140296789
6815,test,0,0.08717464655637741,0.35784737220136,16.899163672121304,4.813467683869045,-1.5410051390841508
6816,test,0,0.07917749136686325,0.35784737220136,16.89916367200705,4.813467683805099,-1.541005136647384
6817,test,0,0.03987471014261246,0.35784737220136,16.89916367183428,4.813467683708769,-1.5410051329543464
6818,test,0,0.07917749136686325,0.35784737220136,16.899163671719386,4.813467683644434,-1.5410051305029477
6819,test,0,0.08717464655637741,0.35784737220136,16.899163671604835,4.813467683580044,-1.541005128063509
6820,test,0,0.03987471014261246,0.35784737220136,16.899163671490793,4.813467683516014,-1.5410051256351474
6821,test,0,0.07917749136686325,0.35784737220136,16.89916367137627,4.813467683452107,-1.5410051231892323
6822,test,0,0.03987471014261246,0.35784737220136,16.899163671261036,4.813467683387956,-1.5410051207248494
6823,test,0,0.08541292697191238,0.35784737220136,16.899163671145722,4.813467683323456,-1.5410051182622573
6824,test,0,0.08541292697191238,0.35784737220136,16.89916367103145,4.813467683259166,-1.5410051158295301
6825,test,0,0.08717464655637741,0.35784737220136,16.89916367091732,4.813467683194975,-1.5410051134006897
6826,test,0,0.07917749136686325,0.35784737220136,16.89916367086013,4.81346768316298,-1.5410051121805655
6827,test,0,0.08541292697191238,0.35784737220136,16.89916367068798,4.81346768306722,-1.5410051085007173
6828,test,0,0.08541292697191238,0.35784737220136,16.899163670572126,4.813467683002519,-1.541005106024422
6829,test,0,0.07618823647499084,0.35784737220136,16.899163670514813,4.81346768297033,-1.5410051048032174
6830,test,0,0.09350033849477768,0.35784737220136,16.899163670343956,4.813467682874092,-1.5410051011697068
6831,test,0,0.09350033849477768,0.35784737220136,16.89916367022945,4.813467682810118,-1.5410050987266486
6832,test,0,0.06225213035941124,0.35784737220136,16.89916367011485,4.813467682746438,-1.5410050962766615
6833,test,0,0.07971780747175217,0.35784737220136,16.89916366999892,4.8134676826817495,-1.5410050937971473
6834,test,0,0.07971780747175217,0.35784737220136,16.899163669884473,4.813467682617434,-1.541005091359052
6835,test,0,0.09350033849477768,0.35784737220136,16.899163669770644,4.813467682553302,-1.5410050889387057
6836,test,0,0.06225213035941124,0.35784737220136,16.89916366965607,4.813467682489198,-1.5410050864954
6837,test,0,0.06225213035941124,0.35784737220136,16.899163669541597,4.813467682425526,-1.5410050840484972
6838,test,0,0.07618823647499084,0.35784737220136,16.89916366942599,4.8134676823610745,-1.541005081576385
6839,test,0,0.07618823647499084,0.35784737220136,16.89916366931118,4.813467682296641,-1.541005079128712
6840,test,0,0.06225213035941124,0.35784737220136,16.899163669254264,4.8134676822645845,-1.541005077917853
6841,test,0,0.07618823647499084,0.35784737220136,16.899163669082945,4.813467682168437,-1.5410050742680264
6842,test,0,0.06225213035941124,0.35784737220136,16.89916366896835,4.81346768210459,-1.541005071818762
6843,test,0,0.07971780747175217,0.35784737220136,16.89916366885319,4.813467682040382,-1.5410050693566848
6844,test,0,0.07971780747175217,0.35784737220136,16.8991636687383,4.813467681975992,-1.541005066906758
6845,test,0,0.06225213035941124,0.35784737220136,16.899163668681094,4.813467681943828,-1.541005065688479
6846,test,0,0.0541737824678421,0.35784737220136,16.8991636685099,4.8134676818477695,-1.541005062040873
6847,test,0,0.07971780747175217,0.35784737220136,16.899163668395154,4.813467681783733,-1.5410050595908513
6848,test,0,0.07971780747175217,0.35784737220136,16.899163668280206,4.813467681719606,-1.5410050571348766
6849,test,0,0.07971780747175217,0.35784737220136,16.899163668165663,4.813467681655458,-1.5410050546919287
6850,test,0,0.07971780747175217,0.35784737220136,16.899163668050825,4.813467681591026,-1.5410050522442926
6851,test,0,0.0541737824678421,0.35784737220136,16.899163667993708,4.813467681559015,-1.5410050510265136
6852,test,0,0.07971780747175217,0.35784737220136,16.899163667822023,4.813467681463015,-1.5410050473654304
6853,test,0,0.07971780747175217,0.35784737220136,16.899163667707054,4.813467681398765,-1.541005044910293
6854,test,0,0.07971780747175217,0.35784737220136,16.899163667592976,4.813467681334903,-1.5410050424785744
6855,test,0,0.07971780747175217,0.35784737220136,16.8991636674779,4.813467681270459,-1.541005040024042
6856,test,0,0.0541737824678421,0.35784737220136,16.899163667363453,4.8134676812064825,-1.5410050375826208
6857,test,0,0.07971780747175217,0.35784737220136,16.899163667248956,4.8134676811423995,-1.5410050351406273
6858,test,0,0.07971780747175217,0.35784737220136,16.899163667133948,4.813467681077983,-1.5410050326865616
6859,test,0,0.07971780747175217,0.35784737220136,16.89916366702011,4.813467681014236,-1.541005030261682
6860,test,0,0.07971780747175217,0.35784737220136,16.89916366696286,4.813467680982199,-1.54100502904097
6861,test,0,0.07971780747175217,0.35784737220136,16.89916366679036,4.8134676808858785,-1.5410050253566243
6862,test,0,0.07971780747175217,0.35784737220136,16.899163666733156,4.813467680853913,-1.541005024136096
6863,test,0,0.0791853815317154,0.35784737220136,16.899163666561,4.813467680757341,-1.5410050204657553
6864,test,0,0.0541737824678421,0.35784737220136,16.899163666447162,4.8134676806934795,-1.5410050180414492
6865,test,0,0.07971780747175217,0.35784737220136,16.8991636663327,4.8134676806295245,-1.541005015598431
6866,test,0,0.0541737824678421,0.35784737220136,16.899163666275165,4.813467680597448,-1.541005014368111
6867,test,0,0.07971780747175217,0.35784737220136,16.89916366610276,4.8134676805011685,-1.5410050106858169
6868,test,0,0.0791853815317154,0.35784737220136,16.899163665988258,4.813467680436829,-1.541005008246545
6869,test,0,0.07833176106214523,0.35784737220136,16.899163665931262,4.813467680404772,-1.541005007033894
6870,test,0,0.0791853815317154,0.35784737220136,16.899163665817262,4.813467680340862,-1.5410050046054058
6871,test,0,0.07971780747175217,0.35784737220136,16.899163665645176,4.8134676802450445,-1.541005000927882
6872,test,0,0.0791853815317154,0.35784737220136,16.899163665529727,4.813467680180594,-1.54100499846064
6873,test,0,0.0791853815317154,0.35784737220136,16.899163665415408,4.813467680116353,-1.5410049960263887
6874,test,0,0.07833176106214523,0.35784737220136,16.89916366530154,4.813467680052239,-1.5410049936047012
6875,test,0,0.0791853815317154,0.35784737220136,16.899163665187277,4.813467679988334,-1.5410049911672328
6876,test,0,0.0541737824678421,0.35784737220136,16.89916366507281,4.813467679924703,-1.5410049887200332
6877,test,0,0.09336742758750916,0.35784737220136,16.899163665015006,4.81346767989252,-1.5410049874832077
6878,test,0,0.0541737824678421,0.35784737220136,16.899163664899504,4.8134676798279035,-1.5410049850168215
6879,test,0,0.0541737824678421,0.35784737220136,16.899163664728956,4.813467679731825,-1.541004981389683
6880,test,0,0.07833176106214523,0.35784737220136,16.899163664614537,4.813467679667753,-1.5410049789503704
6881,test,0,0.07833176106214523,0.35784737220136,16.899163664500303,4.81346767960426,-1.5410049765094245
6882,test,0,0.0791853815317154,0.35784737220136,16.899163664442646,4.813467679572194,-1.5410049752760904
6883,test,0,0.0541737824678421,0.35784737220136,16.899163664269825,4.813467679475423,-1.5410049715868217
6884,test,0,0.0791853815317154,0.35784737220136,16.899163664156273,4.81346767941144,-1.5410049691731686
6885,test,0,0.0791853815317154,0.35784737220136,16.899163664041875,4.813467679347293,-1.5410049667357963
6886,test,0,0.0933908224105835,0.35784737220136,16.899163663927645,4.813467679283718,-1.5410049642950443
6887,test,0,0.0947616919875145,0.35784737220136,16.899163663812406,4.81346767921955,-1.5410049618305734
6888,test,0,0.0791853815317154,0.35784737220136,16.89916366369735,4.813467679155089,-1.541004959375831
6889,test,0,0.0791853815317154,0.35784737220136,16.899163663583522,4.813467679091018,-1.541004956953998
6890,test,0,0.0791853815317154,0.35784737220136,16.89916366352651,4.81346767905898,-1.5410049557406185
6891,test,0,0.0933908224105835,0.35784737220136,16.899163663354955,4.813467678963182,-1.541004952079519
6892,test,0,0.0791853815317154,0.35784737220136,16.899163663297518,4.813467678931216,-1.5410049508520494
6893,test,0,0.0791853815317154,0.35784737220136,16.899163663125268,4.813467678834919,-1.5410049471744487
6894,test,0,0.08538249135017395,0.35784737220136,16.89916366301086,4.813467678770646,-1.5410049447377345
6895,test,0,0.08538249135017395,0.35784737220136,16.899163662896903,4.813467678706732,-1.5410049423093661
6896,test,0,0.08538249135017395,0.35784737220136,16.89916366278245,4.813467678642789,-1.5410049398666816
6897,test,0,0.08538249135017395,0.35784737220136,16.899163662667544,4.813467678578664,-1.541004937412164
6898,test,0,0.08538249135017395,0.35784737220136,16.899163662553335,4.813467678514766,-1.5410049349767552
6899,test,0,0.07833857834339142,0.35784737220136,16.89916366243854,4.813467678450403,-1.5410049325294455
6900,test,0,0.08234796673059464,0.35784737220136,16.899163662324305,4.813467678386461,-1.5410049300936943
6901,test,0,0.09475036710500717,0.35784737220136,16.89916366221002,4.813467678322542,-1.5410049276560394
6902,test,0,0.09475036710500717,0.35784737220136,16.899163662095,4.813467678258197,-1.5410049252009697
6903,test,0,0.07833857834339142,0.35784737220136,16.899163661981234,4.813467678194498,-1.5410049227763845
6904,test,0,0.07833857834339142,0.35784737220136,16.899163661866552,4.813467678130308,-1.5410049203299612
6905,test,0,0.07833857834339142,0.35784737220136,16.899163661809038,4.8134676780981644,-1.5410049191015072
6906,test,0,0.08167412877082825,0.35784737220136,16.89916366163759,4.81346767800232,-1.54100491544339
6907,test,0,0.08234796673059464,0.35784737220136,16.899163661522728,4.813467677937906,-1.5410049129938157
6908,test,0,0.08234796673059464,0.35784737220136,16.89916366140898,4.813467677874129,-1.5410049105710637
6909,test,0,0.08167412877082825,0.35784737220136,16.899163661294708,4.813467677810227,-1.541004908133382
6910,test,0,0.08234796673059464,0.35784737220136,16.899163661179717,4.813467677746125,-1.5410049056759838
6911,test,0,0.0790652260184288,0.35784737220136,16.899163661122397,4.813467677714138,-1.5410049044517695
6912,test,0,0.08167412877082825,0.35784737220136,16.899163660950556,4.813467677617757,-1.5410049007887499
6913,test,0,0.0790652260184288,0.35784737220136,16.899163660893585,4.813467677585722,-1.541004899576083
6914,test,0,0.0813058391213417,0.35784737220136,16.89916366072265,4.813467677490039,-1.5410048959336329
6915,test,0,0.08234796673059464,0.35784737220136,16.899163660607858,4.8134676774261544,-1.5410048934797103
6916,test,0,0.07833857834339142,0.35784737220136,16.89916366049263,4.8134676773618565,-1.5410048910174887
6917,test,0,0.0813058391213417,0.35784737220136,16.899163660435285,4.813467677329702,-1.5410048897951671
6918,test,0,0.07833857834339142,0.35784737220136,16.899163660321456,4.8134676772656375,-1.5410048873741746
6919,test,0,0.08234796673059464,0.35784737220136,16.899163660207492,4.813467677201619,-1.541004884947888
6920,test,0,0.07625095546245575,0.35784737220136,16.89916366003607,4.813467677106195,-1.5410048812863646
6921,test,0,0.0790652260184288,0.35784737220136,16.899163659920518,4.81346767704179,-1.5410048788150332
6922,test,0,0.07625095546245575,0.35784737220136,16.899163659806003,4.813467676977526,-1.5410048763749218
6923,test,0,0.07625095546245575,0.35784737220136,16.899163659692487,4.813467676913568,-1.5410048739627804
6924,test,0,0.07625095546245575,0.35784737220136,16.89916365963535,4.813467676881481,-1.541004872746241
6925,test,0,0.07833857834339142,0.35784737220136,16.89916365946415,4.8134676767861215,-1.541004869089805
6926,test,0,0.0790652260184288,0.35784737220136,16.89916365940664,4.813467676754134,-1.5410048678591795
6927,test,0,0.07829121500253677,0.35784737220136,16.899163659233817,4.813467676657445,-1.5410048641705112
6928,test,0,0.07829121500253677,0.35784737220136,16.89916365917714,4.81346767662552,-1.541004862965735
6929,test,0,0.07625095546245575,0.35784737220136,16.899163659006174,4.813467676529463,-1.5410048593269452
6930,test,0,0.0790652260184288,0.35784737220136,16.89916365889206,4.813467676465951,-1.5410048568895616
6931,test,0,0.0790652260184288,0.35784737220136,16.899163658834727,4.813467676434072,-1.5410048556633786
6932,test,0,0.0813058391213417,0.35784737220136,16.899163658661983,4.813467676337497,-1.5410048519742268
6933,test,0,0.07829121500253677,0.35784737220136,16.899163658548254,4.813467676273506,-1.5410048495556559
6934,test,0,0.07829121500253677,0.35784737220136,16.899163658434276,4.813467676209523,-1.5410048471284834
6935,test,0,0.0790652260184288,0.35784737220136,16.899163658320006,4.813467676145807,-1.541004844688872
6936,test,0,0.0813058391213417,0.35784737220136,16.899163658205236,4.813467676081893,-1.5410048422356895
6937,test,0,0.0813058391213417,0.35784737220136,16.899163658090472,4.813467676017693,-1.5410048397868572
6938,test,0,0.06502389162778854,0.35784737220136,16.89916365803331,4.813467675985583,-1.5410048385690007
6939,test,0,0.07829121500253677,0.35784737220136,16.899163657862395,4.8134676758896235,-1.541004834928899
6940,test,0,0.0813058391213417,0.35784737220136,16.89916365774813,4.813467675825797,-1.541004832490896
6941,test,0,0.0790652260184288,0.35784737220136,16.899163657633324,4.8134676757617685,-1.5410048300382806
6942,test,0,0.0813058391213417,0.35784737220136,16.899163657519082,4.81346767569789,-1.5410048276017758
6943,test,0,0.0790652260184288,0.35784737220136,16.899163657404507,4.813467675633622,-1.5410048251594857
6944,test,0,0.0813058391213417,0.35784737220136,16.899163657290384,4.813467675569704,-1.5410048227269306
6945,test,0,0.07829121500253677,0.35784737220136,16.8991636571763,4.813467675505915,-1.5410048202942044
6946,test,0,0.08246558159589767,0.35784737220136,16.899163657118805,4.813467675473763,-1.5410048190664076
6947,test,0,0.08293256908655167,0.35784737220136,16.899163656947607,4.813467675378002,-1.5410048154151372
6948,test,0,0.0813058391213417,0.35784737220136,16.899163656833128,4.813467675313887,-1.5410048129739056
6949,test,0,0.08246558159589767,0.35784737220136,16.899163656718546,4.813467675249833,-1.5410048105280003
6950,test,0,0.0813058391213417,0.35784737220136,16.899163656604518,4.813467675186076,-1.5410048080962544
6951,test,0,0.0813058391213417,0.35784737220136,16.89916365648968,4.813467675121729,-1.5410048056469137
6952,test,0,0.08293256908655167,0.35784737220136,16.899163656375986,4.813467675058008,-1.5410048032245436
6953,test,0,0.0813058391213417,0.35784737220136,16.899163656261887,4.81346767499418,-1.5410048007917199
6954,test,0,0.0813058391213417,0.35784737220136,16.899163656146975,4.813467674930097,-1.541004798337231
6955,test,0,0.0813058391213417,0.35784737220136,16.899163656032595,4.813467674866208,-1.5410047958962445
6956,test,0,0.07829121500253677,0.35784737220136,16.899163655918073,4.813467674801939,-1.541004793455401
6957,test,0,0.07829121500253677,0.35784737220136,16.899163655804294,4.81346767473804,-1.541004791033402
6958,test,0,0.08293256908655167,0.35784737220136,16.89916365569042,4.813467674674357,-1.541004788606097
6959,test,0,0.08246558159589767,0.35784737220136,16.899163655575695,4.813467674610487,-1.5410047861546265
6960,test,0,0.07829121500253677,0.35784737220136,16.899163655518205,4.813467674578462,-1.541004784925828
6961,test,0,0.07829121500253677,0.35784737220136,16.899163655346392,4.813467674482181,-1.5410047812624625
6962,test,0,0.06993409991264343,0.35784737220136,16.89916365528957,4.813467674450186,-1.5410047800537585
6963,test,0,0.08246558159589767,0.35784737220136,16.899163655118777,4.81346767435444,-1.5410047764165529
6964,test,0,0.08181233704090118,0.35784737220136,16.899163655061752,4.813467674322695,-1.5410047751985319
6965,test,0,0.08246558159589767,0.35784737220136,16.899163654889215,4.813467674226644,-1.5410047715090696
6966,test,0,0.08246558159589767,0.35784737220136,16.899163654831685,4.813467674194439,-1.5410047702815615
6967,test,0,0.08181233704090118,0.35784737220136,16.899163654661272,4.813467674098525,-1.5410047666582243
6968,test,0,0.08181233704090118,0.35784737220136,16.89916365454721,4.813467674034561,-1.5410047642272016
6969,test,0,0.07544641941785812,0.35784737220136,16.899163654433277,4.813467673971203,-1.5410047617931761
6970,test,0,0.08181233704090118,0.35784737220136,16.89916365431803,4.813467673907069,-1.541004759328371
6971,test,0,0.061611782759428024,0.35784737220136,16.89916365420311,4.813467673842693,-1.5410047568772705
6972,test,0,0.07924596220254898,0.35784737220136,16.899163654089808,4.813467673778888,-1.541004754470488
6973,test,0,0.07544641941785812,0.35784737220136,16.899163653975716,4.813467673714848,-1.5410047520412349
6974,test,0,0.07924596220254898,0.35784737220136,16.899163653861777,4.813467673651418,-1.5410047496076704
6975,test,0,0.061611782759428024,0.35784737220136,16.899163653804543,4.813467673619622,-1.541004748384196
6976,test,0,0.061611782759428024,0.35784737220136,16.899163653631792,4.813467673523111,-1.5410047446943342
6977,test,0,0.061611782759428024,0.35784737220136,16.899163653518297,4.813467673459229,-1.5410047422807893
6978,test,0,0.061611782759428024,0.35784737220136,16.89916365340443,4.813467673395266,-1.5410047398574092
6979,test,0,0.07924596220254898,0.35784737220136,16.899163653290366,4.813467673331668,-1.5410047374225722
6980,test,0,0.08181233704090118,0.35784737220136,16.89916365317572,4.8134676732679,-1.5410047349724716
6981,test,0,0.061611782759428024,0.35784737220136,16.899163653060768,4.813467673203646,-1.5410047325189582
6982,test,0,0.08181233704090118,0.35784737220136,16.899163652946797,4.813467673139598,-1.5410047300929433
6983,test,0,0.061611782759428024,0.35784737220136,16.899163652833078,4.813467673075726,-1.5410047276722034
6984,test,0,0.061611782759428024,0.35784737220136,16.899163652719043,4.813467673012022,-1.541004725239188
6985,test,0,0.07924596220254898,0.35784737220136,16.89916365260441,4.813467672948189,-1.5410047227904689
6986,test,0,0.03807779401540756,0.35784737220136,16.89916365248996,4.813467672884228,-1.5410047203473947
6987,test,0,0.05585944652557373,0.35784737220136,16.899163652375616,4.813467672820082,-1.5410047179115294
6988,test,0,0.061611782759428024,0.35784737220136,16.899163652318588,4.813467672788063,-1.541004716697503
6989,test,0,0.07544641941785812,0.35784737220136,16.89916365214788,4.813467672692527,-1.541004713059296
6990,test,0,0.07544641941785812,0.35784737220136,16.899163652033142,4.813467672628513,-1.54100471060886
6991,test,0,0.0661444142460823,0.35784737220136,16.899163651976018,4.813467672596612,-1.5410047093892334
6992,test,0,0.0661444142460823,0.35784737220136,16.899163651804756,4.813467672500695,-1.5410047057383907
6993,test,0,0.06866466253995895,0.35784737220136,16.899163651747454,4.813467672468585,-1.5410047045168827
6994,test,0,0.07544641941785812,0.35784737220136,16.899163651576753,4.813467672373091,-1.5410047008783037
6995,test,0,0.06866466253995895,0.35784737220136,16.899163651461958,4.813467672308907,-1.5410046984282662
6996,test,0,0.05585944652557373,0.35784737220136,16.89916365140482,4.813467672276962,-1.5410046972095304
6997,test,0,0.0661444142460823,0.35784737220136,16.899163651234034,4.813467672181367,-1.5410046935692667
6998,test,0,0.0661444142460823,0.35784737220136,16.899163651176593,4.8134676721492236,-1.5410046923434448
6999,test,0,0.06866466253995895,0.35784737220136,16.8991636510056,4.813467672053646,-1.5410046886958588
7000,test,0,0.0661444142460823,0.35784737220136,16.899163650948395,4.813467672021621,-1.5410046874758163
