step,mode,loss,angle_error(rad),distance(m),x(m),y(m),the(rad),direction
1,training,0.11606497317552567,0.11099579930305475,0.0,0.00017857427599128443,0.0005293585184195498,0.003219584259191704
2,training,0.015551427379250526,0.04396834969520569,0.0,0.057929858525172934,0.0015305524166947665,0.04856019377865676
3,training,0.003918317146599293,0.18001687526702886,0.0,0.11668496614869409,0.007231736638161338,0.14672065646712437
4,training,0.036229874938726425,0.2876445949077606,0.04400063250962041,0.21279456255129078,0.029177060169538502,0.30201590212432256
5,training,0.050362877547740936,0.30226609855890274,0.04400063250962041,0.3062322053240769,0.06266185565950057,0.3776484751112079
6,training,0.011377990245819092,0.12367367930710316,0.04400063250962041,0.39797797112389866,0.10157796934225068,0.41978094844450775
7,training,0.03275398164987564,0.05450076796114445,0.04955778937830808,0.4885980796877187,0.14326953689701322,0.43782601832157075
8,training,0.035982005298137665,0.08432525768876076,0.04955778937830808,0.5426787072250113,0.16859776515682223,0.43640075958850283
9,training,0.023033447563648224,0.10715774074196814,0.04955778937830808,0.5972281182469009,0.19363851957104522,0.4226635864430873
10,training,0.021945960819721222,0.11086306348443031,0.07260977145717885,0.6522904349667796,0.21783899722391087,0.4040524872572519
11,training,0.021837910637259483,0.05634332448244095,0.07260977145717885,0.7263485217831926,0.24820425187185627,0.37419679265513434
12,training,0.020972469821572304,0.032940959092229605,0.07260977145717885,0.8199794930017347,0.28362493822199863,0.3530630905374983
13,training,0.028877299278974533,0.014232628047466278,0.07420878697430904,0.9328007353609955,0.32462598674576215,0.3464047052071295
14,training,0.013720312155783176,0.01939903572201728,0.07420878697430904,1.008168823774444,0.35141656282497147,0.33566485368267623
15,training,0.01966773346066475,0.04479868337512016,0.055803205962850475,1.1031617303246093,0.3831694321961609,0.30910156106066183
16,training,0.01696208491921425,0.05571874976158142,0.055803205962850475,1.1985794180283555,0.41309420204213193,0.30053780250903
17,training,0.010951402597129345,0.039049639366567135,0.055803205962850475,1.2748988595516801,0.43702226319612864,0.3095579104368461
18,training,0.010062402114272118,0.09479695372283459,0.06106561591969837,1.3701949311690917,0.46736133167986804,0.3022919280053569
19,training,0.004694064613431692,0.07681173610035331,0.06106561591969837,1.446940072859479,0.49049038804745454,0.2801387268980553
20,training,0.012107075192034245,0.11991951614618301,0.06106561591969837,1.5047062792193797,0.5064742167441845,0.2584115867993372
21,training,0.0020731869153678417,0.15598488599061966,0.038858425362070674,1.5824645301959326,0.5259222169382992,0.2324752504771308
22,training,0.009981254115700722,0.15133460611104965,0.038858425362070674,1.641214187661248,0.5390571692326239,0.20486269386363107
23,training,0.005569400731474161,0.13124418631196022,0.038858425362070674,1.7002077134918097,0.5505013524922414,0.17890382266512583
24,training,0.010758688673377037,0.1355678103864193,0.008782280057295602,1.7793043608281576,0.5635297768101762,0.14902253152341421
25,training,0.0104935048148036,0.16161363571882248,0.008782280057295602,1.8786302552348377,0.5764803948278103,0.11110992327585625
26,training,0.004419873468577862,0.0957462340593338,0.008782280057295602,1.978310322834344,0.5859432194314087,0.07940060752955762
27,training,0.012558650225400925,0.2162076011300087,0.022963304907529417,2.0382656570791267,0.5902234941723966,0.06355635728125195
28,training,0.017782870680093765,0.19119086489081383,0.022963304907529417,2.098203544726166,0.5937439908911433,0.05445279781069068
29,training,0.011182771064341068,0.1450199279934168,0.022963304907529417,2.1981361935923713,0.5983649941006306,0.03799904052236939
30,training,0.008380596525967121,0.1534512359648943,0.01925402936658846,2.2780619938758813,0.6009918516017979,0.028308259596991025
31,training,0.004946829751133919,0.14928956562653184,0.01925402936658846,2.3382110190744494,0.6025565243350796,0.023900978456591886
32,training,0.013553432188928127,0.1575553836300969,0.01925402936658846,2.4181610709264363,0.6043747561285712,0.021760484271416147
33,training,0.007910782471299171,0.12029993021860719,0.02401391979937692,2.4780419197607992,0.6055932407070204,0.018663786153683287
34,training,0.010248394683003426,0.08907238952815533,0.02401391979937692,2.5580990750082035,0.6069861069444622,0.016419500406634525
35,training,0.010539133101701736,0.07331287395209074,0.02401391979937692,2.6181219819371098,0.607865457489784,0.012512474673365262
36,training,0.005311099346727133,0.08253971999511123,0.02401391979937692,2.678047051898727,0.6085496567705326,0.010861633669294872
37,training,0.003816128708422184,0.2091378439217806,0.023821050369835648,2.7581313914605494,0.6093495238662412,0.009296441144935979
38,training,0.002946012420579791,0.058083868119865656,0.023821050369835648,2.838194605837772,0.6099254929068647,0.004522181065421339
39,training,0.006578110158443451,0.0556844025850296,0.019822893240954584,2.9381771312994074,0.6102049870441348,0.001469063222908297
40,training,0.017660994082689285,0.06736775627359748,0.019822893240954584,3.018046602997343,0.6103133615632692,0.00146086075741993
41,training,0.0036525926552712917,0.03213074803352356,0.01790594578998642,3.118035672211203,0.6103458849762611,-0.0012153099236041664
42,training,0.002849733456969261,0.11623860895633698,0.01790594578998642,3.1980076825334667,0.6102107842181386,-0.0018919945732970304
43,training,0.009131252765655518,0.10958359390497208,0.01790594578998642,3.25815567357433,0.6100953262085266,-0.0020072727876674643
44,training,0.002743544988334179,0.09459491074085236,0.009876627117160896,3.338022974968886,0.6099295725888291,-0.0022194694225082215
45,training,0.0025521228089928627,0.04377922788262367,0.009876627117160896,3.417940083897201,0.6097365075989948,-0.002538544710850734
46,training,0.013799312524497509,0.007593613117933273,0.009876627117160896,3.4979567453830325,0.609523865677028,-0.0028809964184565006
47,training,0.0028603526297956705,0.07549217715859413,0.01794594241512546,3.597827936029638,0.6101107251179599,0.01833306014428673
48,training,0.003351467428728938,0.02653816156089306,0.01794594241512546,3.6778066835211227,0.6122762524501962,0.03539625574786021
49,training,0.001779753714799881,0.02702232077717781,0.01794594241512546,3.737428190011448,0.6146237505076465,0.042152558038107794
50,training,0.003370683640241623,0.000835697166621685,0.013543328774594075,3.8371064179707646,0.6196394277960314,0.061191000024959405
51,training,0.002875047270208597,0.014894168125465512,0.013543328774594075,3.9367674190491084,0.6262964004490258,0.0689074227254399
52,training,0.001800797414034605,0.03706224728375673,0.016639888747802846,3.99672939903082,0.6304474764781406,0.06834146003581437
53,training,0.008669687435030937,0.003390315920114517,0.016639888747802846,4.07653650362488,0.6356970675298672,0.06079421476250799
54,training,0.0016092100413516164,0.06824183277785778,0.016639888747802846,4.156345079543091,0.6400583773689601,0.04851670106797197
55,training,0.007228118367493153,0.033389898017048836,0.006612524583586823,4.256260010077026,0.6443546385364043,0.03798231636020357
56,training,0.0011588974157348275,0.03504961170256138,0.006612524583586823,4.3362122520998225,0.6471721418243181,0.03314277581174819
57,training,0.010471420362591743,0.07696796441450715,0.006612524583586823,4.416274651884931,0.6496496466152101,0.028503577726071854
58,training,0.00204639695584774,0.007310196757316588,0.009105547149732426,4.496303711034417,0.6518347899038156,0.02616401831602924
59,training,0.0024371573235839605,0.013600070029497147,0.009105547149732426,4.576188450156506,0.6537594345924246,0.02172430008114596
60,training,0.0015845907619222999,0.000898798927664755,0.009105547149732426,4.6561666629295635,0.6552549634356458,0.015218919442756154
61,training,0.0009650952415540814,0.0025077475875150412,0.011085131110849966,4.71636069477839,0.6560581942246836,0.012188213417706106
62,training,0.0006875911494717002,0.007363856770098211,0.011085131110849966,4.796254102057066,0.6570122409447717,0.011778127142257015
63,training,0.0005787790287286043,0.008688102010637522,0.011085131110849966,4.85614848108846,0.6576676622292585,0.010064331834716344
64,training,0.0016397411236539483,0.023648472502827644,0.01618180477528119,4.956160672502175,0.6584546324754433,0.005772238531457918
65,training,0.0008644527988508344,0.015685420017689466,0.01618180477528119,5.016326249874056,0.6587005234787617,0.002343236522956617
66,training,0.00042114616371691227,0.050385668873786926,0.01618180477528119,5.076156631772625,0.6588125514391725,0.0014677802261073142
67,training,0.00046899952576495707,0.025323618203401572,0.01618180477528119,5.156181341567841,0.6589189378805986,0.0015078756789884975
68,training,0.004745449870824814,0.01786678284406662,0.01707668302034174,5.216208423066103,0.6592765708138573,0.012517377774053248
69,training,0.00036418717354536057,0.014672510325908661,0.01707668302034174,5.316050354599788,0.6614271464716396,0.030661407872087234
70,training,0.002873394638299942,0.02152630314230919,0.013640356542589424,5.415827980825475,0.6652691177093933,0.0460255083637487
71,training,0.0012482610763981938,0.05125435208901763,0.013640356542589424,5.495592266510353,0.6691352402549667,0.049011025638099656
72,training,0.00014864107652101666,0.014323404058814049,0.013640356542589424,5.5356988078525555,0.6710955330212921,0.04825692063692672
73,training,0.003276524133980274,0.06134389108046889,0.013640356542589424,5.615450627443394,0.6749360809520015,0.048273504520933166
74,training,0.000645567080937326,0.0763887520879507,0.006323071535992944,5.715296405945408,0.679676366318278,0.04620571537107392
75,training,0.0012427645269781351,0.13033348694443703,0.006323071535992944,5.775225140727182,0.6823637350692929,0.043015164645524476
76,training,0.0007381096947938204,0.1087331660091877,0.006323071535992944,5.855418562054593,0.6853023001726741,0.02651785704965119
77,training,0.0011064864229410887,0.04776181466877461,0.016908017323727025,5.935420892320152,0.6866728976183639,0.008096793985776982
78,training,0.0029121441766619682,0.04325941577553749,0.016908017323727025,5.995391313567953,0.6868226421714899,-0.0025427566940040783
79,training,0.0012382706627249718,0.028555652126669884,0.01507342831600864,6.095473493790941,0.6858722679753906,-0.01586063990451924
80,training,0.001043233904056251,0.01788026513531804,0.01507342831600864,6.1954718093099395,0.6839193228616137,-0.02272863304133401
81,training,0.0011824029497802258,0.12510082125663757,0.01507342831600864,6.275547339687258,0.6819839882257739,-0.025287988113782148
82,training,0.0010494703892618418,0.1470714807510376,0.0004857567566670473,6.355492776688473,0.67992140027711,-0.026093261546416398
83,training,0.0031234598718583584,0.17946021258831024,0.0004857567566670473,6.415313730531264,0.6783632029454212,-0.02639032482188903
84,training,0.002956120064482093,0.12503832578659058,0.0004857567566670473,6.515245085355514,0.6757188414416813,-0.026826934397893416
85,training,0.002092854818329215,0.17861893773078918,0.012208896844724502,6.5753796343119975,0.67410037272467,-0.026952975135767384
86,training,0.0009962236508727074,0.15152698988094926,0.012208896844724502,6.655213314797691,0.6719391805094531,-0.02746609030291266
87,training,0.0010200808756053448,0.13451722543686628,0.012208896844724502,6.755119194257956,0.6693032349473458,-0.02502429882582553
88,training,0.0008149008499458432,0.15324499970301986,0.016088035143298894,6.815027583871268,0.6679106672147271,-0.021340922900574977
89,training,0.0017139629926532507,0.13275566697120667,0.016088035143298894,6.89509130743534,0.6663274997015313,-0.01855767238808363
90,training,0.00014298944734036922,0.0952775701880455,0.016088035143298894,6.954939948102582,0.6652326105210898,-0.01851398764248666
91,training,0.0015194038860499859,0.057836296036839485,0.020455488274071513,7.01494336564135,0.6641169557623551,-0.0187930770627336
92,training,0.002421703189611435,0.06230560131371021,0.020455488274071513,7.074949582107158,0.6630374324419892,-0.016941427566464703
93,training,0.003385366639122367,0.07868890464305878,0.020455488274071513,7.134802763329464,0.6621192749969341,-0.013326621206348728
94,training,0.0014802590012550354,0.07030636072158813,0.015737279624583128,7.2547518574636305,0.6606453923220451,-0.012544661218885702
95,training,0.0015387852909043431,0.026908904314041138,0.015737279624583128,7.314837134658774,0.6598855996657893,-0.01291109902430243
96,training,0.0011888183653354645,0.04708829149603844,0.015737279624583128,7.374752416211368,0.659114803574266,-0.013078152445978559
97,training,0.0018417742103338242,0.009366216138005257,0.01648253299792678,7.434722256669419,0.658321334486307,-0.013446710611848394
98,training,0.00024769562878645957,0.10719702625647187,0.01648253299792678,7.5148228950705915,0.657236485278008,-0.013745179672999167
99,training,0.0009812372736632824,0.058622242882847786,0.01648253299792678,7.614782107908926,0.6559708176501543,-0.010986262507592411
100,training,0.0017099120886996388,0.06319481646642089,0.016663347099445346,7.674569742454086,0.6554124740287907,-0.0073536190186529755
101,training,0.0020742088090628386,0.05416480218991637,0.016663347099445346,7.774511882907626,0.6549088139420975,-0.0034264402951192565
102,training,0.0017954433569684625,0.06243519484996796,0.016663347099445346,7.834599208628972,0.6547176315643969,-0.003450827699452153
103,training,0.003220910206437111,0.04313326254487038,0.01565764334474832,7.934590936046838,0.6543524623133776,-0.003967567002859545
104,training,0.0022665965370833874,0.057161323726177216,0.01565764334474832,7.974461272903453,0.6541977958886244,-0.0040386877174251054
105,training,0.0017259197775274515,0.0654449611902237,0.01565764334474832,8.07443958551978,0.6537784951383894,-0.004445541407512861
106,training,0.0020984106231480837,0.05308814346790314,0.008368098876455766,8.174420443294007,0.6533189559524895,-0.004868519474111882
107,training,0.0023293986450880766,0.005815559066832066,0.008368098876455766,8.234578966714146,0.6530196829264896,-0.005026832564845551
108,training,0.0005510618211701512,0.04405943304300308,0.008368098876455766,8.294397952816519,0.6527146970012907,-0.005321574036432019
109,training,0.0010909968987107277,0.1073525883257389,0.01379892968589196,8.394369437720657,0.6521620865762352,-0.0057717455239598104
110,training,0.0017278800951316953,0.11243699863553047,0.01379892968589196,8.49444215078756,0.6510185714214843,-0.020662432441947796
111,training,0.0017548406030982733,0.11003943718969822,0.01379892968589196,8.55462857945018,0.649477399369519,-0.0305557454661731
112,training,0.0011790938442572951,0.09834870754275471,0.01406788395376189,8.614501514212092,0.6474029216462092,-0.03849869834583848
113,training,0.0003747489827219397,0.09919757908210158,0.01406788395376189,8.67445913878771,0.644994078770732,-0.04076771995971838
114,training,0.002567852847278118,0.1047864705324173,0.01406788395376189,8.75449207855162,0.6416402034151722,-0.043315766554751556
115,training,0.0016357502900063992,0.10784183442592621,0.01406788395376189,8.83426691314588,0.6381488783368913,-0.04426337932873614
116,training,0.00112363719381392,0.11244472349062562,0.007485134372380175,8.934094129047535,0.6337286660065687,-0.04475036308472106
117,training,0.003827925305813551,0.10991627164185047,0.007485134372380175,9.033909007722354,0.6294135668300463,-0.04201055890538284
118,training,0.0016146257985383272,0.051419395953416824,0.018138598166542105,9.093782466790582,0.6270040980843299,-0.038542419737707945
119,training,0.0030737612396478653,0.04350832477211952,0.018138598166542105,9.193580890965464,0.6241999195986832,-0.014165011714497446
120,training,0.0013058660551905632,0.06471406295895576,0.018138598166542105,9.253540634697764,0.6238041725943381,0.0008481950329623648
121,training,0.005402594804763794,0.030123133212327957,0.02160976337124049,9.333311178852382,0.6245565080820327,0.01764849600778584
122,training,0.0012014878448098898,0.04547581449151039,0.02160976337124049,9.41313811699669,0.6266465823991189,0.03572827123127122
123,training,0.00048775674076750875,0.0058729215525090694,0.02160976337124049,9.473157869252839,0.6291623662226483,0.04765913180910075
124,training,0.002656308002769947,0.06886727921664715,0.02101569817000954,9.572851056469819,0.6342873487005604,0.05190182050709746
125,training,0.001825760817155242,0.08302292972803116,0.02101569817000954,9.652609170563437,0.6378438958737308,0.034232469529746026
126,training,0.0009248271235264838,0.06945459544658661,0.02101569817000954,9.732683677048426,0.6396429680021539,0.010586381969092118
127,training,0.0019096264149993658,0.05723453499376774,0.021277314865560545,9.832800123674717,0.6396764242628986,-0.007972891296837748
128,training,0.0010074644815176725,0.053417766466736794,0.021277314865560545,9.93286122992854,0.638253011681084,-0.020273820153116788
129,training,0.0025302781723439693,0.07614185847342014,0.021277314865560545,9.993034549006643,0.6368502924771408,-0.026053931003871288
130,training,0.0009217953193001449,0.08039378607645631,0.009927653648458115,10.072890936853865,0.6345543177038953,-0.031183497681220907
131,training,0.0008233567932620645,0.051956962794065475,0.009927653648458115,10.132797263936201,0.6326557007840379,-0.03239154079624343
132,training,0.004600375425070524,0.03316021338105202,0.009927653648458115,10.212776365736067,0.6305222296680463,-0.018693140465025453
133,training,0.0013093473389744759,0.02703553065657615,0.009309059143229157,10.312632259466953,0.6297851691203072,0.00435149001474658
134,training,0.0008551187347620726,0.030273023992776878,0.009309059143229157,10.372360601702878,0.6305493014468003,0.021171025954237668
135,training,0.0042201196774840355,0.01555063109844923,0.009309059143229157,10.432280778032645,0.6322238821327072,0.03361792199532831
136,training,0.00041155831422656775,0.010669002309441566,0.009309059143229157,10.512259991903719,0.6352637762571814,0.040955859564048534
137,training,0.001631830120459199,0.016155113000422716,0.016485995196816736,10.552005134521945,0.6369201491784785,0.04170099626077123
138,training,0.001274957088753581,0.033931199461221695,0.016485995196816736,10.651898844855234,0.6410423135054828,0.040099900699064356
139,training,0.0023027544375509024,0.04012892581522465,0.016485995196816736,10.711998800992395,0.6433573753315441,0.03621412728410603
140,training,0.0012808707542717457,0.016345495358109474,0.015422124808984248,10.771815601440732,0.6454319673877922,0.03347792033236177
141,training,0.0005876624491065741,0.010351033415645361,0.015422124808984248,10.871787857291705,0.6484920523785428,0.027221257869862202
142,training,0.0016232908237725496,0.017750175669789314,0.015422124808984248,10.931962328714391,0.6500477986730562,0.02478711597933545
143,training,0.0016949903219938278,0.008058827370405197,0.01577102498429938,10.991775302683106,0.6514582284378749,0.02148884404426081
144,training,0.0008290394907817245,0.002253202721476555,0.01577102498429938,11.071753943188979,0.6530312475768189,0.01872528738380656
145,training,0.0007175289792940021,0.013089427258819342,0.01577102498429938,11.13191108848082,0.6541186300000824,0.017470957960805802
146,training,0.0006601717323064804,0.009687259327620268,0.011614281519401706,11.21177948277929,0.6553982284137357,0.013811811046040031
147,training,0.0006188073894008994,0.020412249490618706,0.011614281519401706,11.291694022569663,0.6564688020220487,0.013158248909999734
148,training,0.00045398081419989467,0.020257832075003535,0.011614281519401706,11.371728292760947,0.6574349085323011,0.010582248254680873
149,training,0.0010295624379068613,0.0009493771940469742,0.014090304453101667,11.451856662581106,0.6581984584200784,0.00962851707456812
150,training,0.0016467970563098788,0.008170098066329956,0.014090304453101667,11.511679466713444,0.6587352820818969,0.007627278913198583
151,training,0.0010015631560236216,0.0008894056081771851,0.014090304453101667,11.611642038311697,0.6595183581409346,0.00814367286898956
152,training,0.00223809783346951,0.055357348173856735,0.013954527708999666,11.71162804407771,0.6602541007156832,0.005866019173532621
153,training,0.0016365990741178393,0.005984675604850053,0.013954527708999666,11.811606506368436,0.6608122663856008,0.0058353102824898325
154,training,0.0014511353801935911,0.050237949937582016,0.02214679110972074,11.891636945767754,0.6612060800830025,0.003969029966256859
155,training,0.001282018143683672,0.03504999866709113,0.02214679110972074,11.99163905870878,0.6615439043664445,0.003609173256526198
156,training,0.0005852582398802042,0.0002985084429383278,0.02214679110972074,12.05170910227911,0.6617368118330951,0.002197409724983225
157,training,0.0018549186643213034,0.015674459747970104,0.0222188887451341,12.131597642075153,0.6618914441305909,0.0020177427219072058
158,training,0.0031738828402012587,0.015999286551959813,0.0222188887451341,12.211594649537451,0.6619915593214739,0.00011733419745015875
159,training,0.0015991476830095053,0.007287349551916129,0.02461699936071589,12.31158990157059,0.6619453384628364,-0.0007204986519158288
160,training,0.0011126133613288403,0.02994270157068967,0.02461699936071589,12.391605613519074,0.6623699964275969,0.013246731770680012
161,training,0.001953955739736557,0.07590062730014324,0.02461699936071589,12.451439510197018,0.6634864199953086,0.023670753412055445
162,training,0.0013247625902295113,0.0484454408288002,0.02461699936071589,12.531260718496329,0.6658229344436979,0.03470436710406573
163,training,0.0016162283718585968,0.005618341267108917,0.020088928373254086,12.61118176284296,0.6689075314019035,0.042497489761956
164,training,0.001452433643862605,0.02084696665406227,0.020088928373254086,12.671070091871197,0.6717828087622038,0.05456790759664672
165,training,0.0010003407951444387,0.02407289540860802,0.020088928373254086,12.730806533121646,0.6752991383283016,0.06212569508729613
166,training,0.0013983558164909482,0.0011860057711601257,0.01483872761849863,12.81065969804765,0.6804345337132244,0.06419445504211861
167,training,0.0008284574141725898,0.026391244493424892,0.01483872761849863,12.870512502536831,0.6842277872131887,0.06163289741969105
168,training,0.0010838527232408524,0.011409707367420197,0.01483872761849863,12.970328585468229,0.689991954153653,0.053432928180098004
169,training,0.0005607764469459653,0.031772082671523094,0.01387337020047789,13.070236720438281,0.6947818531534451,0.04206738344953708
170,training,0.0006084156921133399,0.012393735349178314,0.01387337020047789,13.170176344013099,0.6985932007336509,0.03467065499299036
171,training,0.00011775882740039378,0.013034060597419737,0.01387337020047789,13.250145217591482,0.7010884027405098,0.027255129462967775
172,training,0.0006704728002659976,0.012514008209109306,0.01270712017410759,13.310319855529073,0.7026246361627417,0.024041634971728856
173,training,0.0009406358585692942,0.01975184492766857,0.01270712017410759,13.370123197555317,0.703942248488197,0.019215665929761767
174,training,0.0005598487914539874,0.009383039083331823,0.01270712017410759,13.470114643130284,0.7055997151441094,0.014378687054093406
175,training,0.0018962683388963342,0.003777181729674341,0.012871883450885373,13.55012039315323,0.7066927922392611,0.01374229512675678
176,training,0.0004389581736177206,0.13614563830196857,0.012871883450885373,13.630232669258069,0.7077015439972696,0.011461423493027765
177,training,0.0007081710500642657,0.0024513262324035176,0.012871883450885373,13.710223683779265,0.7084489192192889,0.006808155683913022
178,training,0.0008909056195989251,0.0804173992946744,0.0032640826526629477,13.770093725237883,0.7088284028613994,0.005986052272679379
179,training,0.0015426239697262645,0.08045397186651826,0.0032640826526629477,13.830281554121004,0.709101038662024,0.0032768973195273668
180,training,0.0009265420958399773,0.07252613268792629,0.0032640826526629477,13.890107038684876,0.7092744690964861,0.002365181269041072
181,training,0.0007423550123348832,0.045350708067417145,0.007460977876835833,13.970119791037892,0.7093695305708522,-0.0003106135309797122
182,training,0.001400514505803585,0.07702094316482544,0.007460977876835833,14.030257989141345,0.7093200320494979,-0.0010089402710588764
183,training,0.0006286881980486214,0.03255343437194824,0.007460977876835833,14.110129505435523,0.7092306869327579,-0.0014186565078015499
184,training,0.0015524092596024275,0.02765539661049843,0.007460977876835833,14.190065166128203,0.7091067410373215,-0.0017601693541015795
185,training,0.0008194284746423364,8.709914982318878e-05,0.012796716466254313,14.29004655223491,0.7089165007010296,-0.0021723034009347372
186,training,0.0011180631117895246,0.0338236466050148,0.012796716466254313,14.350210283784739,0.7087778052270544,-0.0023698972561190424
187,training,0.0009771190816536546,0.04258906841278076,0.016016276813477295,14.410034769856269,0.7086371582012354,-0.0026336157397135913
188,training,0.001168899005278945,0.01644023135304451,0.016016276813477295,14.510006883930407,0.7083594697085511,-0.0030321759654501814
189,training,0.00011674471898004413,0.05401862040162086,0.016016276813477295,14.590001878811073,0.7081073527870563,-0.003385869167120021
190,training,0.0018255118047818542,0.04128408804535866,0.016187328341088488,14.689903654341142,0.70837866665962,0.011584546268847772
191,training,0.0010034373262897134,0.054220350459218025,0.016187328341088488,14.789899200851822,0.7095500866670109,0.01000654928656464
192,training,0.0002151975641027093,0.06231836695224047,0.016187328341088488,14.870046619008434,0.7101337673359578,0.00517698444156379
193,training,0.0010821152245625854,0.03438122943043709,0.013771296453403244,14.929886715274376,0.7104153497297954,0.003731945971803564
194,training,0.00047524599358439445,0.04305874742567539,0.013771296453403244,14.98993708906171,0.7106220957527104,0.003731900229391513
195,training,0.00021428120089694858,0.050255754533282015,0.013771296453403244,15.07003403247638,0.7108399318906315,0.0012431686857083705
196,training,0.0008790484862402081,0.05191685492172837,0.008454960892958678,15.129852110481751,0.7109228368648719,0.0013230349471163758
197,training,0.0010116973426192999,0.04466912895441055,0.008454960892958678,15.209874666397571,0.7109667097312404,-0.0005453977504151337
198,training,0.0017036005156114697,0.007158389315009117,0.008454960892958678,15.28996529917649,0.7108691634197178,-0.0014844160302375838
199,training,0.0007404967909678817,0.013441384362522513,0.010501857686148959,15.369969834529785,0.7106450586431429,-0.004593426583346255
200,training,0.0007142997346818447,0.04020575433969498,0.010501857686148959,15.44984017922196,0.7102232463686813,-0.00574649492825691
201,training,0.0009303389815613627,0.041548699140548706,0.011309275876578075,15.529800778468713,0.7097475276881082,-0.006217254544748458
202,training,0.000670500798150897,0.04403107613325119,0.011309275876578075,15.589958337956732,0.7093675434719092,-0.006357362606136136
203,training,0.0018350171158090234,0.04241320490837097,0.011309275876578075,15.669827948614335,0.708847691936941,-0.006805452699582461
204,training,0.0004103727696929127,0.0160263292491436,0.005658305417929855,15.76978131010976,0.7081499034509054,-0.007262750373537674
205,training,0.0009369910694658756,0.03210585564374924,0.005658305417929855,15.84970166536895,0.7075581635223352,-0.007651747203385658
206,training,0.0009689590078778565,0.011946565471589565,0.005658305417929855,15.929722575940291,0.7069374901484133,-0.008023796730759978
207,training,0.0006634567398577929,0.03453900991007686,0.006524674758887042,15.989781809597536,0.7064551428961818,-0.008216653801219727
208,training,0.00011532881762832403,0.03858952037990093,0.006524674758887042,16.06963212690091,0.7058423402634578,-0.006578564474924603
209,training,0.00030262419022619724,0.0238947793841362,0.006524674758887042,16.129647527433526,0.705548410701777,-0.002868417049351041
210,training,0.0006823396543040872,0.029083948582410812,0.011459535651351861,16.18962825799397,0.7054187156260817,-0.002301979871265438
211,training,0.00041554379276931286,0.024564560502767563,0.011459535651351861,16.24955368350473,0.7052726319984732,-0.002592189035856774
212,training,0.0005367544945329428,0.012399398721754551,0.011459535651351861,16.329635259615202,0.7050586445406384,-0.0029172389680635386
213,training,0.0007360869203694165,0.0010544592514634132,0.011847064710873996,16.389553445833254,0.7048864159959277,-0.003088521356902363
214,training,0.0008214780827984214,0.03960716724395752,0.011847064710873996,16.469491158266276,0.7046275048745846,-0.0034462550692198586
215,training,0.0009667049162089825,0.015957403928041458,0.011847064710873996,16.52964292959438,0.7044126665170677,-0.003691027958756068
216,training,0.0013646853622049093,0.010554876178503036,0.011847064710873996,16.609567793332314,0.7041158214031518,-0.003966065429279787
217,training,0.0004666059394367039,0.030687622725963593,0.023150563595193997,16.68945280872226,0.7037852721596372,-0.004355469012741899
218,training,0.0007566673448309302,0.02117801085114479,0.023150563595193997,16.749514544705228,0.7035174528134311,-0.004682303300009725
219,training,0.00040145491948351264,0.011229997035115957,0.023150563595193997,16.8295736573578,0.7031363223897092,-0.004886506830984763
220,training,0.0010840921895578504,0.013979963958263399,0.02252240291228507,16.889370515276212,0.7028778730960927,-0.003477389658775023
221,training,0.0021030264906585217,0.0060089463368058205,0.02252240291228507,16.94945022275459,0.7027698916567352,0.00018437413224750421
222,training,0.0005577662959694862,0.017116371542215347,0.02252240291228507,17.029436211029736,0.7029085283510671,0.001961491733421491
223,training,0.0007129525765776634,0.013115588575601578,0.02252240291228507,17.089286557614813,0.7030375770652424,0.0022807628481153327
224,training,0.001092940685339272,0.030412673950195312,0.020494302046296133,17.149453169371622,0.7031683580472534,0.0024553292087619947
225,training,0.0006250565638765693,0.0025132466107606888,0.020494302046296133,17.209277195040222,0.7033391261676846,0.0026979724099006155
226,training,0.0015264104586094618,0.0021942323073744774,0.020494302046296133,17.289256050271096,0.7035681289171426,0.003117397304481716
227,training,0.0005121285794302821,0.001104903407394886,0.009957523588368166,17.34940897809273,0.7037545114740613,0.0032224700371867874
228,training,0.0013202817644923925,0.0248781256377697,0.009957523588368166,17.409225412828764,0.7039707793228264,0.003597049381336642
229,training,0.0013007170055061579,0.017574108205735683,0.009957523588368166,17.50930619899147,0.7037740048984551,-0.011130799716110164
230,training,0.0009470550576224923,0.059486908838152885,0.016248038212441036,17.60925058370923,0.7026189235412709,-0.008017254518837664
231,training,0.0015178974717855453,0.0066240280866622925,0.016248038212441036,17.689371792749913,0.7017994133537964,-0.016756403950617928
232,training,0.0003492199466563761,0.04928991384804249,0.015224666484177168,17.769539473850912,0.6998635192234878,-0.030666889685284818
233,training,0.000129837091662921,0.02915548102464527,0.015224666484177168,17.829333389551188,0.6977863844575043,-0.03882554121653444
234,training,0.0008579021668992937,0.061937952414155006,0.015224666484177168,17.889312094227733,0.6953895414551029,-0.04047185920984182
235,training,0.000256922299740836,0.09288985515013337,0.008832595402351068,17.949234715864335,0.6929037982467441,-0.04332169112242164
236,training,0.002483224496245384,0.062097568064928055,0.008832595402351068,18.04906410048999,0.6884121810827931,-0.04662774300224325
237,training,0.0006479251896962523,0.038439339492470026,0.008832595402351068,18.12885481252246,0.6846724723870444,-0.0473982201562524
238,training,0.0005140340654179454,0.05105786304920912,0.01864567361674651,18.208737113883107,0.6809438282862921,-0.04585186039952211
239,training,0.0005845293635502458,0.07568434812128544,0.01864567361674651,18.288719103648823,0.6773602731256353,-0.04328659935321203
240,training,0.0009801668347790837,0.06722291000187397,0.01864567361674651,18.348422765352137,0.6748853361977624,-0.03945756111893106
241,training,0.0002467477461323142,0.10450495593249798,0.01864567361674651,18.428263627290914,0.6720669752368229,-0.03099833138454795
242,training,0.0007066521793603897,0.004589981399476528,0.026382565695953847,18.5082582620362,0.6697276733222445,-0.027855760539680093
243,training,0.0002616682613734156,0.05892190895974636,0.026382565695953847,18.608170566568106,0.6672943749425085,-0.020457242856290338
244,training,0.0016201963881030679,0.05774535611271858,0.01165902085460388,18.728006236530046,0.6651727584682586,-0.015475700612099704
245,training,0.0008745369268581271,0.06983628869056702,0.01165902085460388,18.78806252270101,0.6642659333556665,-0.015253163752123003
246,training,0.0011063981801271439,0.05660300701856613,0.005080253371397827,18.888002083531056,0.6627246765818449,-0.015704227489454006
247,training,0.00045953187509439886,0.0691853417083621,0.005080253371397827,18.927957454859712,0.6620955905251907,-0.015902236678389945
248,training,0.0011977305402979255,0.025562270544469357,0.005080253371397827,19.00802041583909,0.6608426049124198,-0.01501811897724325
249,training,0.0002527823962736875,0.05643836548551917,0.005080253371397827,19.06779166012499,0.660025971829985,-0.012277012415205735
250,training,0.0014689958188682795,0.06854357570409775,0.008614473861019524,19.12786981191184,0.6593260454728864,-0.011500418250512547
251,training,0.0007900780183263123,0.04887018958106637,0.008614473861019524,19.207883485630997,0.6584156749189825,-0.01154404460667909
252,training,0.00027047403273172677,0.07423915900290012,0.008614473861019524,19.26769210629209,0.6577483423216083,-0.0103421696366102
253,training,0.000716363952960819,0.10123226046562195,0.008614473861019524,19.347685511347805,0.6570877503365576,-0.00557986637278846
254,training,0.0006311081233434379,0.10702954977750778,0.005980656581631053,19.427785887216846,0.6566909837175492,-0.005061915827242758
255,training,0.0010421979241073132,0.08307689428329468,0.005980656581631053,19.46760442437901,0.6564900083579985,-0.0053092673046373695
256,training,0.0010777768911793828,0.06726077944040298,0.005980656581631053,19.54766582031504,0.6560575106298532,-0.00571835436446667
257,training,0.00029296340653672814,0.10069743357598782,0.0040842809535267775,19.607636715520442,0.655717203259217,-0.0058470922609724935
258,training,0.0009914052207022905,0.07074182748328894,0.0040842809535267775,19.707613838583093,0.6550141800278309,-0.009159918899332495
259,training,0.0005512990173883736,0.06597920507192612,0.0040842809535267775,19.76757535494498,0.6544236768805104,-0.010267067644833814
260,training,0.0006357045494951308,0.1160680241882801,0.007052507294148747,19.86763839413209,0.6527381541534388,-0.023785593280366654
261,training,0.001116851344704628,0.10963220056146383,0.007052507294148747,19.947790313513114,0.6502998221099232,-0.03705741873662582
262,training,0.0020431941375136375,0.11639745766296983,0.019164386425004797,20.047649606468187,0.6462432137647336,-0.04331633000194911
263,training,0.000498384702950716,0.07466351240873337,0.019164386425004797,20.127423329851165,0.6426949117645838,-0.045599382206343415
264,training,0.0005506440065801144,0.143278568983078,0.019164386425004797,20.227236879484344,0.6381135629852778,-0.0464666754243216
265,training,0.003214290365576744,0.126302155200392,0.03395839952479961,20.307024375184586,0.6344118157019828,-0.04685586065077802
266,training,0.0008073058561421931,0.10023381747305393,0.03395839952479961,20.367060319076707,0.6316282879016856,-0.04545259129969455
267,training,0.0011855693301185966,0.0487626139074564,0.03395839952479961,20.486731950640234,0.6266391042628443,-0.03650073787071677
268,training,0.0008652461692690849,0.05183823546394706,0.025242790271616987,20.586614653272694,0.6233094585944692,-0.03051635113774815
269,training,0.002826408017426729,0.06087998487055302,0.025242790271616987,20.686536381691827,0.6204133664778047,-0.027876036372326943
270,training,0.0009792958153411746,0.09800578001886606,0.009464137675698887,20.74646207566669,0.6188393029317526,-0.024364422264510917
271,training,0.0005834385519847274,0.06444858945906162,0.009464137675698887,20.826365906144122,0.6168652201206701,-0.02700183601928942
272,training,0.001299734809435904,0.06949092634022236,0.009464137675698887,20.88652186437642,0.614939171118649,-0.03766918750577437
273,training,0.0009417228866368532,0.0019460967741906634,0.014244101312109743,20.966484417268006,0.6114087714717488,-0.05020611292259401
274,training,0.002103467471897602,0.015504419803619385,0.014244101312109743,21.046242570317954,0.6072280402637179,-0.054096315317887674
275,training,0.001041911542415619,0.023516517598181963,0.014244101312109743,21.10612979329681,0.6039890384870684,-0.05434539849787279
276,training,0.00025098188780248165,0.051914896816015244,0.014244101312109743,21.186081045394623,0.5996029236169798,-0.055266994169924116
277,training,0.0013677551178261638,0.056833597365766764,0.005476299498907723,21.285842711822625,0.5940480834954222,-0.05602019412609685
278,training,0.0009596493910066783,0.023008884862065315,0.005476299498907723,21.34550176048088,0.5907403797042486,-0.055056475917253656
279,training,0.0009179345797747374,0.05981830321252346,0.005476299498907723,21.405470821054696,0.5875223736625285,-0.05185308784638394
280,training,0.00028367218328639865,0.000193081796169281,0.015767139477666888,21.485320422192395,0.5835253394321617,-0.04820716485130704
281,training,0.0013196602230891585,0.03572767600417137,0.015767139477666888,21.565063023977956,0.5805757238490392,-0.024354250318269523
282,training,0.001202578074298799,0.07172293215990067,0.015767139477666888,21.624974989049857,0.5796206957017476,-0.007494163176391835
283,training,0.0008023930713534355,0.026989087462425232,0.024639208649696397,21.704980429081605,0.5796502436687055,0.006770546552941741
284,training,0.0007614635396748781,0.037438474595546715,0.024639208649696397,21.784726504175758,0.5809687944597068,0.027607237841959092
285,training,0.0005273949936963618,0.02058842405676841,0.024639208649696397,21.84453512761389,0.5829630996934996,0.03854322113209642
286,training,0.0006733243935741484,0.006026327610015869,0.0025429785826372488,21.924434240362444,0.5866414425204507,0.05406632865404244
287,training,0.0022686906158924103,0.024599501863121986,0.0025429785826372488,21.984141282733848,0.5902409736007559,0.06520965843127138
288,training,0.0003765700093936175,0.018618013709783554,0.0025429785826372488,22.043852830820367,0.5944242064786759,0.0756083237289548
289,training,0.005467704962939024,0.01335163600742817,0.01642280194581369,22.143422714410573,0.6024377459823597,0.08081931069204211
290,training,0.0012361368862912059,0.04845751356333494,0.01642280194581369,22.203182218290664,0.6074667032743386,0.08900313410786112
291,training,0.0013365589547902346,0.036709151696413755,0.01642280194581369,22.26273365773048,0.6129751792238709,0.09464429328299657
292,training,0.0012645540991798043,0.009900940582156181,0.01642280194581369,22.34240029714954,0.6205759390810395,0.09341512814826464
293,training,0.002761790994554758,0.035406481474637985,0.00774893757650609,22.402113093740212,0.6260739363159291,0.08923337800884434
294,training,0.0016364565817639232,0.0034151170402765274,0.00774893757650609,22.461881231942858,0.6311073493325845,0.07812459093887024
295,training,0.0013216076185926795,0.022964096628129482,0.00774893757650609,22.52188762870049,0.6355059185491996,0.06827552339117568
296,training,0.0025607410352677107,0.004587663337588314,0.00774893757650609,22.601644166592514,0.6405073607688658,0.057920809045965936
297,training,0.0018990365788340569,0.03001650050282478,0.014794505683897575,22.661578483227565,0.643727860261844,0.04919424169952208
298,training,0.0014652854297310114,0.05802311562001705,0.014794505683897575,22.74165224255102,0.6473324599443974,0.04104618026813608
299,training,0.0006848329212516546,0.061140308156609535,0.014794505683897575,22.801453428161043,0.6496122055555983,0.03441960681863304
300,training,0.0007301662117242813,0.030537386424839497,0.028182272811485637,22.881433991202485,0.6520704737664581,0.0277644096237909
301,training,0.0005188374198041856,0.016182348132133484,0.028182272811485637,22.961520106886308,0.6540702396325968,0.022135484238565734
302,training,0.0003043566830456257,0.039129020646214485,0.028182272811485637,23.021474107228777,0.655323590709593,0.019747427227511605
303,training,0.0008700701873749495,0.0028563770465552807,0.025656677588545448,23.121460957707747,0.6570063525823044,0.01341759454917325
304,training,0.0011068370658904314,0.0312583027407527,0.025656677588545448,23.221435079060065,0.6581673358870319,0.010383202600387813
305,training,0.0010942926164716482,0.06427237251773477,0.027696171302089075,23.321433325469627,0.6589673641543967,0.0050397999861824805
306,training,0.0009384276927448809,0.08448297530412674,0.027696171302089075,23.381479737707902,0.6592113135189175,0.003835450812265793
307,training,0.0006760793039575219,0.08174472860991955,0.027696171302089075,23.481484700330736,0.6595759446302764,0.003974551084316546
308,training,0.0003054903936572373,0.07091072201728821,0.03243534375679889,23.561567710155998,0.6598054490716442,0.001361442225164067
309,training,0.0004696497053373605,0.08224974386394024,0.03243534375679889,23.64144397513036,0.6599238276824553,0.0015150993169925184
310,training,0.0006035945261828601,0.04446516931056976,0.03243534375679889,23.72139269657758,0.6599728319799638,-0.0006338905986734377
311,training,0.0011997343972325325,0.04310445114970207,0.034172635664569524,23.781519827709182,0.6599184929306309,-0.0010159020597250879
312,training,0.001577132847160101,0.11048249900341034,0.034172635664569524,23.841391445371993,0.6598609816528052,-0.0012214545224239442
313,training,0.0007886833045631647,0.040837377309799194,0.034172635664569524,23.921348567997025,0.6597498438548177,-0.0015626322177740434
314,training,0.000958670862019062,0.040978919714689255,0.029561942395459343,23.981508425711375,0.6596473063155687,-0.001759752463111524
315,training,0.0019303568406030536,0.05273977667093277,0.029561942395459343,24.061392905832726,0.6595060988551033,-0.002004547808992512
316,training,0.002036028541624546,0.08506164699792862,0.029561942395459343,24.1412997475149,0.6593317057841566,-0.0023267158999920297
317,training,0.0015441630966961384,0.0841173380613327,0.02065511908808324,24.241274895884242,0.6590839049599201,-0.0026913495677332333
318,training,0.0010906270472332835,0.07071281224489212,0.02065511908808324,24.321296275606638,0.6588581493639739,-0.0030413643791599642
319,training,0.0019465324003249407,0.08748024702072144,0.018396631751981047,24.42128948708881,0.658545048553653,-0.00342261291658677
320,training,0.0009833693038672209,0.034284144639968865,0.018396631751981047,24.501394138096117,0.6582632162783375,-0.0036581879726938073
321,training,0.0006412041839212179,0.09027198702096939,0.018396631751981047,24.601216600277606,0.658825866754389,0.01919036251244481
322,training,0.0003945786156691611,0.067453159019351,0.014216047014156692,24.66094446785945,0.6603131294717983,0.029627120980459384
323,training,0.0015217113541439176,0.02009327709674836,0.014216047014156692,24.7807710589536,0.6648052867437129,0.045098861841472125
324,training,0.001737265381962061,0.010489970445632948,0.014216047014156692,24.840542931664785,0.6678675971040464,0.05875203961509986
325,training,0.0003035457630176097,0.050915010273456573,0.003773974905255516,24.920090982805277,0.6740438489429614,0.09800724943028939
326,training,0.0008558181580156088,0.05977870523929596,0.003773974905255516,25.018939126055866,0.6857265154781564,0.1337425818265098
327,training,0.00042099153506569564,0.06019132584333421,0.003773974905255516,25.09777971232289,0.6974364636965937,0.1613615019650398
328,training,0.0009335498325526714,0.05434634536504747,0.02359043142999968,25.195786960936257,0.7152230298103831,0.20030104958467002
329,training,0.0005341880023479462,0.02481292188167572,0.02359043142999968,25.27358218140749,0.7324226544096567,0.23726606746088075
330,training,0.00023076854995451868,0.06020776182413101,0.02359043142999968,25.331365662437896,0.7473452044830347,0.2673448331225075
331,training,0.0006645553512498736,0.06289714947342874,0.06720960248553637,25.407505769489383,0.7702783426541293,0.3203700716648621
332,training,0.0008482702542096376,0.09701837040483949,0.06720960248553637,25.464112366943947,0.7900417282166563,0.35172449682328727
333,training,0.001956633059307933,0.12949828431010246,0.06720960248553637,25.538030579205426,0.8191981255046402,0.4009647573734431
334,training,0.0007271186332218349,0.1486932411789894,0.09591536209921306,25.627941177821484,0.861309484653886,0.4799935609815838
335,training,0.002112941350787878,0.20045753382146356,0.09591536209921306,25.696831626552925,0.900486869470461,0.5588926509178884
336,training,0.00010736467083916068,0.2063811011612415,0.09591536209921306,25.746099900853594,0.9335652198572488,0.6229687356525343
337,training,0.0008426617132499814,0.26272465288639074,0.10430709282886572,25.808058143355705,0.9827482632706799,0.7213506658736126
338,training,0.00018942769384011626,0.31440041214227676,0.10430709282886572,25.851087326303716,1.0237017848839218,0.8007028159534699
339,training,0.0013432262931019068,0.3105035647749901,0.1279882562744266,25.91499494448735,1.098783930226493,0.9300817422720429
340,training,0.0015599231701344252,0.1894125808030367,0.1279882562744266,25.959203533983075,1.1644955612894878,1.0263289812896466
341,training,0.0018061669543385506,0.19658794999122617,0.16648597205510937,26.00614601560387,1.2518465338530875,1.1271862021361398
342,training,0.0014291554689407349,0.24757913500070572,0.16648597205510937,26.037601516847932,1.3246613938821856,1.1956042498819348
343,training,0.00043348525650799274,0.1914931684732437,0.16648597205510937,26.07050057378882,1.4182541694123216,1.2689776662008976
344,training,0.00027466274332255125,0.07004599273204803,0.13993063807830453,26.09230493636451,1.4948326880938625,1.318744985905688
345,training,0.0009491087403148413,0.03953620046377182,0.13993063807830453,26.106224996421734,1.5528276974783541,1.350738971674734
346,training,0.0009820007253438234,0.0007560104131698608,0.13993063807830453,26.11838717559551,1.6113126978563121,1.3800462501386783
347,training,0.0001961725647561252,0.016581095755100236,0.13993063807830453,26.131757435340145,1.6899786363117104,1.4278747581949696
348,training,0.0008396364864893258,0.003677874803543091,0.0854131426859983,26.139154299146544,1.7490435741470924,1.4638407898579282
349,training,0.0014754942385479808,0.02487163245677948,0.0854131426859983,26.14607674114559,1.8284393706522757,1.502634728426936
350,training,0.0009049447253346443,0.03949303925037384,0.0854131426859983,26.149926792343766,1.908091813402048,1.541861850242931
351,training,0.001556407194584608,0.05246847867965697,0.05881597323090641,26.150376842500318,1.9875952751281116,1.5882881597957148
352,training,0.0026541678234934807,0.14202450588345528,0.05881597323090641,26.148470854785856,2.0473309904388266,1.617567270231344
353,training,0.0009033887181431055,0.03742817416787146,0.05881597323090641,26.1447315124704,2.1068180159561964,1.6499357084939419
354,training,0.0018527222564443946,0.102213638368994,0.05881597323090641,26.13676440400269,2.186036181651283,1.6894037287824766
355,training,0.00028000050224363804,0.10193587280809879,0.05285360143372104,26.128839925632732,2.2453788182048506,1.7192424600175715
356,training,0.0004974764888174832,0.1808672398328781,0.05285360143372104,26.115637735409752,2.3239382824996815,1.7522873951075653
357,training,0.00042334149475209415,0.17446326464414597,0.07175846789506889,26.095675144332844,2.4215665885059687,1.793001198542311
358,training,0.0015509065706282854,0.16564014181494713,0.07175846789506889,26.0768008533803,2.4989856741881953,1.8281814697643406
359,training,0.004503645468503237,0.06269235536456108,0.07175846789506889,26.055580025523014,2.575992370156928,1.8495968940468914
360,training,0.0006631933501921594,0.11178645119071007,0.07175846789506889,26.03276510218934,2.652564422088478,1.8708910063980244
361,training,0.000703226076439023,0.14336930913850665,0.07003680565783743,26.02089265556288,2.6903917928967322,1.8770592439107143
362,training,0.004699178971350193,0.16712065879255533,0.07003680565783743,25.996676788182544,2.7666590852345725,1.8769142398024654
363,training,0.0007801069878041744,0.15910418331623077,0.07003680565783743,25.96636617826747,2.86185330545321,1.881770291388215
364,training,0.0018027083715423942,0.16070940345525742,0.04460404978897162,25.947774477110784,2.918678850901133,1.892924710352803
365,training,0.0045972950756549835,0.12641515024006367,0.04460404978897162,25.915626256152176,3.013208893610678,1.9033861440496112
366,training,0.0004719091230072081,0.09817710146307945,0.021046941536492905,25.882727079739215,3.1074714114790907,1.910195011564583
367,training,0.0015309745213016868,0.14509623497724533,0.021046941536492905,25.848582815096446,3.2011020201202802,1.9349093340605779
368,training,0.0004686860484071076,0.13756952062249184,0.021046941536492905,25.826690791544035,3.256790977940127,1.9565717849790687
369,training,0.0009585653897374868,0.17664998769760132,0.021046941536492905,25.79573154484391,3.3302309311290825,1.977541541661839
370,training,0.003005371429026127,0.07987580075860023,0.02371567540945796,25.763035115651324,3.402885275188592,2.0137376338369117
371,training,0.0011083990102633834,0.002268850803375251,0.02371567540945796,25.727958068315502,3.4745258303274156,2.0362444908803035
372,training,0.0012621658388525248,0.1155334822833538,0.02371567540945796,25.691587722913617,3.5455760007079444,2.0501508248808675
373,training,0.0008162971935234964,0.10983111336827278,0.04636473003088598,25.663671756916536,3.59842621129091,2.0624820079616297
374,training,0.002140594646334648,0.07224121317267418,0.04636473003088598,25.625388673274042,3.668549455222129,2.0804127657027602
375,training,0.002649313770234585,0.03257187828421593,0.04636473003088598,25.58584231805738,3.7379303014420957,2.0973553692856677
376,training,0.008784949779510498,0.025201037526130676,0.05949746625123284,25.555418211404923,3.7893042113624085,2.1125655022131262
377,training,0.0024228256661444902,0.017783347517251982,0.05949746625123284,25.51336678444564,3.857186089022189,2.1401085619421245
378,training,0.0006474369438365102,0.0605754517018795,0.05949746625123284,25.46933191340394,3.923868430095001,2.169476755944234
379,training,0.0014945443253964186,0.08903858810663223,0.049988830358576486,25.43534942537381,3.9728825791703795,2.182098676503791
380,training,0.0035796419251710176,0.01969804707914591,0.049988830358576486,25.3772969408545,4.054069801742302,2.2020440178938188
381,training,0.0013705883175134659,0.001356690190732479,0.049988830358576486,25.318248728320103,4.1347242955811225,2.1995195135879375
382,training,0.0005903440760448575,0.030153696425259113,0.03510310044350629,25.271316051217113,4.199523440435233,2.1963237060995047
383,training,0.0004081008955836296,0.04534098692238331,0.03510310044350629,25.224352119473895,4.2643546613925825,2.199938533388583
384,training,0.004462705459445715,0.09079655446112156,0.03510310044350629,25.177080557883805,4.328702588160831,2.2088700314316085
385,training,0.0011006834683939815,0.10624097287654877,0.03510310044350629,25.144293287203368,4.373471404584129,2.1887999310128663
386,training,0.002174016088247299,0.08785346150398254,0.0142332719869879,25.08575054298806,4.45438087462486,2.207394295311479
387,training,0.0011071341577917337,0.09491347335278988,0.0142332719869879,25.0502533383174,4.501843116105754,2.218912748045831
388,training,0.0126389991492033,0.0644612330943346,0.0142332719869879,24.989476141221573,4.580943242754628,2.233225651969008
389,training,0.0024411368649452925,0.014984102919697762,0.015786496162283115,24.940277124824004,4.643780026551494,2.2337712389431474
390,training,0.0012394329532980919,0.0539964996278286,0.015786496162283115,24.89128798720897,4.706970915302619,2.226582480017986
391,training,0.0027399880345910788,0.09238111600279808,0.015786496162283115,24.854597008173986,4.754484392159378,2.2311913326613713
392,training,0.002680569887161255,0.12272017076611519,0.015786496162283115,24.781512935196982,4.849410256596993,2.217288865613698
393,training,0.0017813334707170725,0.24901405349373817,0.03519679916793667,24.745630117586927,4.897559170094294,2.2043216669174313
394,training,0.0017243633046746254,0.18131888564676046,0.03519679916793667,24.68726101661301,4.978797440307629,2.184460621377349
395,training,0.002359963720664382,0.21161863207817078,0.03519679916793667,24.652876713858785,5.027922610849069,2.1796407548059826
396,training,0.0022362074814736843,0.13864936120808125,0.025464795662623933,24.607099000342004,5.093624847735651,2.178999306606193
397,training,0.0014839291106909513,0.13262369483709335,0.025464795662623933,24.572847021482477,5.142689071332467,2.1815163049815625
398,training,0.003091390011832118,0.17067192308604717,0.025464795662623933,24.5267921883585,5.2079019199769245,2.1921501636333094
399,training,0.0015174148138612509,0.17715641157701612,0.025464795662623933,24.468053215077763,5.28863218891427,2.207301503168234
400,training,0.0021548590157181025,0.15186445601284504,0.010379128033199535,24.43223105665139,5.3368488882727965,2.210660252716104
401,training,0.004408594220876694,0.10795996710658073,0.010379128033199535,24.37229106261375,5.416723906792958,2.218823646436233
402,training,0.001681257737800479,0.20090719684958458,0.010379128033199535,24.335942195122666,5.464069528606286,2.234619456224854
403,training,0.0022781165316700935,0.17762171477079391,0.019987497713961227,24.273402143158727,5.541729911667334,2.262774551300606
404,training,0.005738276522606611,0.09267282858490944,0.019987497713961227,24.234856351351347,5.587619870905359,2.274436384220316
405,training,0.0011733616702258587,0.1052332893013954,0.019987497713961227,24.169571918028893,5.663001778175061,2.2935212319201317
406,training,0.009326181374490261,0.04459892399609089,0.012735181183284853,24.102593809299936,5.736844282847509,2.3227771739970327
407,training,0.004675019532442093,0.12113331258296967,0.012735181183284853,24.06142764779155,5.7802933944551524,2.334161641698005
408,training,0.001855944050475955,0.039321161806583405,0.012735181183284853,23.9916844055269,5.851391190104235,2.3642194895107065
409,training,0.0011361632496118546,0.021978452801704407,0.012735181183284853,23.94869713064396,5.892882497873384,2.382534844376777
410,training,0.003378532826900482,0.06747527234256268,0.012735181183284853,23.89014610023495,5.946930576724446,2.40943639967669
411,training,0.009851675480604172,0.003222893923521042,0.014907582923291316,23.845395881069724,5.986912133408172,2.4152383098254524
412,training,0.00040455011185258627,0.011897902935743332,0.014907582923291316,23.785450019742495,6.03938380599864,2.433061913187394
413,training,0.0023486523423343897,0.004147373139858253,0.014907582923291316,23.7242610728675,6.0904452658503,2.459053109024471
414,training,0.0004487664846237749,0.018265914171934128,0.01561892300415632,23.661829206223423,6.140279945251458,2.4760058235675664
415,training,0.0037560525815933943,0.04892643354833126,0.01561892300415632,23.614397062858426,6.176983303858694,2.4909873630162873
416,training,0.0005372098530642688,0.04466724069789052,0.01561892300415632,23.55076584675783,6.225066003923554,2.491762577777839
417,training,0.0014368356205523014,0.14662626758217814,0.01561892300415632,23.503018184158986,6.261491512707786,2.4891236288161775
418,training,0.0023122935090214014,0.0860324911773205,0.01561892300415632,23.455726015050516,6.297013177470732,2.517362489629084
419,training,0.0018890865612775087,0.0770185776054859,0.08247175128850887,23.406552503853778,6.330969980050941,2.553962003052561
420,training,0.00037714195786975324,0.14494893327355385,0.08247175128850887,23.33928284647108,6.373872593985215,2.5924607746530697
421,training,0.0010232680942863226,0.008787081576883793,0.08247175128850887,23.252964115041678,6.423024784315971,2.6555355971100894
422,training,0.000872282893396914,0.058563534170389175,0.07589277491457604,23.18242322448399,6.459233312613321,2.6711109822207875
423,training,0.0019115369068458676,0.025548502802848816,0.07589277491457604,23.12907146577264,6.48650974310342,2.6659633597758763
424,training,0.0018525354098528624,0.05359602905809879,0.07589277491457604,23.058016466952065,6.523100011095823,2.668405437732145
425,training,0.0021049180068075657,0.06896623224020004,0.06097289450406544,23.004595383860256,6.550174964280988,2.676232387172352
426,training,0.008937296457588673,0.02492833137512207,0.06097289450406544,22.933213102316998,6.585906667618399,2.6780385411830228
427,training,0.0050211502239108086,0.032093366608023643,0.06097289450406544,22.86179029039386,6.621410406809493,2.68465877518593
428,training,0.004258356988430023,0.01938483119010926,0.05629831520188753,22.771978623775166,6.664978240292971,2.6926566262166753
429,training,0.0007971519371494651,0.06979649886488914,0.05629831520188753,22.717995280491092,6.690688505443038,2.701311542128579
430,training,0.001218033954501152,0.08994128089398146,0.05629831520188753,22.62761088317768,6.733211551562841,2.6979829362786725
431,training,0.0013024068903177977,0.0557251637801528,0.04546911919093812,22.519559239374974,6.785139422668013,2.689627558502352
432,training,0.0024107019416987896,0.1018255720846355,0.04546911919093812,22.465603762107925,6.811225682611232,2.6940775050146994
433,training,0.003503772895783186,0.021852336823940277,0.04546911919093812,22.393505513169504,6.845805572889216,2.692714287926085
434,training,0.0013112617889419198,0.03469372191466391,0.034455189315026676,22.321645252151,6.880895515175976,2.6790978719936964
435,training,0.0018547512590885162,0.01978423073887825,0.034455189315026676,22.232365361967805,6.925729606713685,2.674434492033566
436,training,0.004334744065999985,0.021557041443884373,0.034455189315026676,22.17878986311885,6.9526019121891265,2.6816700272733605
437,training,0.0008189924410544336,0.0852251760661602,0.022264256487311024,22.107124000429994,6.987759989418238,2.688111696371398
438,training,0.0021715445909649134,0.034183133859187365,0.022264256487311024,22.053358120721715,7.014328467336779,2.674541173894038
439,training,0.0007761945016682148,0.016372891142964363,0.022264256487311024,21.982053193249516,7.050577500143716,2.670418859911196
440,training,0.002410212531685829,0.012251017615199089,0.02290387529979689,21.893131813176762,7.096036246863645,2.6692961233728223
441,training,0.0012005278840661049,0.019415745977312326,0.02290387529979689,21.822088392536394,7.132686220440721,2.661554182717265
442,training,0.0045268600806593895,0.0004467358812689781,0.02290387529979689,21.768934077793634,7.160425563932355,2.6591969760319247
443,training,0.0018534371629357338,0.12695115245878696,0.023229979128663765,21.68036134627763,7.2064696537052075,2.665179781127413
444,training,0.005011561326682568,0.016825731843709946,0.023229979128663765,21.609440304132413,7.24316687689462,2.659699174469413
445,training,0.004807727877050638,0.015560620988253504,0.023229979128663765,21.55648575091185,7.271078015218703,2.6544070567721354
446,training,0.001693991362117231,0.03646004945039749,0.025202902902679417,21.485861755339897,7.308536347740293,2.6526186033635994
447,training,0.00243363156914711,0.005954561289399862,0.025202902902679417,21.3976679496963,7.355388677919371,2.652228331997406
448,training,0.001586959115229547,0.03269068803638219,0.025202902902679417,21.344757156416918,7.383526507662979,2.6532719215360916
449,training,0.0010751660447567701,0.010200689081102608,0.019793219064811438,21.274363320544392,7.421404117672796,2.640790236608468
450,training,0.000357211654772982,0.042282987385988235,0.019793219064811438,21.20436427299926,7.460057137736534,2.634432362967502
451,training,0.0010019843466579914,0.01792157767340541,0.019793219064811438,21.134393247142857,7.498534751924824,2.6433905990405275
452,training,0.0034673691261559725,0.025204563047736883,0.02393885685790984,21.046705276418884,7.546139345805874,2.6408545265383063
453,training,0.002056244295090437,0.07832581037655473,0.02393885685790984,20.976615818396542,7.584625776925942,2.6390325156710737
454,training,0.000913224823307246,0.000876937061548233,0.02393885685790984,20.90667842441188,7.623103199894264,2.6399569705496346
455,training,0.0022085641976445913,2.487609162926674e-05,0.019154038686239043,20.85408041257151,7.651899846814869,2.6397514773301514
456,training,0.0027574135456234217,0.015129915904253721,0.019154038686239043,20.784010298967015,7.690283634762212,2.6402860567104804
457,training,0.0010570483282208443,0.008064783178269863,0.019154038686239043,20.696445403037483,7.738386719817802,2.638367733093733
458,training,0.0007082025986164808,0.009579272940754887,0.025044955078923816,20.608932268871094,7.78647102985256,2.641456618099705
459,training,0.0012332235928624868,0.04352145828306675,0.025044955078923816,20.556402439619784,7.815087639841993,2.6455211749825214
460,training,0.0017629789654165506,0.05701468884944916,0.025044955078923816,20.468390048286015,7.862193683310266,2.6535242407887587
461,training,0.0011294202413409948,0.004166001919656992,0.024423760195351748,20.41543292223203,7.89021349192563,2.6543610002449287
462,training,0.0028036402072757483,0.005651669576764107,0.024423760195351748,20.36249958727112,7.918276579133186,2.6543702156808924
463,training,0.002043326385319233,0.03609579661861062,0.024423760195351748,20.291899311734827,7.955720768445506,2.652558984245027
464,training,0.0024587700609117746,0.006168118678033352,0.030455639051838082,20.238973323646505,7.983855512275091,2.652471226506963
465,training,0.0011217902647331357,0.012849375139921904,0.030455639051838082,20.186110155332063,8.011965964183402,2.6544251397160563
466,training,0.006245296914130449,0.054485016502439976,0.030455639051838082,20.133128390313846,8.03998039469837,2.654080341305824
467,training,0.00037846926716156304,0.008242838084697723,0.030455639051838082,20.04462372327086,8.086160335750398,2.669860609650497
468,training,0.011964601464569569,0.007109568454325197,0.03136024070229544,19.95558869417497,8.131343590990262,2.6715803032646703
469,training,0.0006805046577937901,0.00019564107060432434,0.03136024070229544,19.884273856459078,8.167425523618794,2.676050774854146
470,training,0.0010558750946074724,0.051088836044073105,0.032520330969566545,19.830730642408387,8.194540662140358,2.66875553884284
471,training,0.00042427005246281624,0.06850665155798197,0.032520330969566545,19.75958927456537,8.230828283343524,2.6710018401336066
472,training,0.0006528057856485248,0.03587074833922088,0.032520330969566545,19.652588052245754,8.284757116856449,2.6773131905162297
473,training,0.0009654808090999722,0.03474496677517891,0.025911459405799638,19.598992315124963,8.31151778396675,2.678163823601661
474,training,0.0017485233256593347,0.14393595606088638,0.025911459405799638,19.545445327070116,8.338445047159729,2.6719432595902837
475,training,0.0029213177040219307,0.09649664722383022,0.025911459405799638,19.4753900791469,8.37410342728262,2.6751744216948965
476,training,0.0010446514934301376,0.07277817279100418,0.025911459405799638,19.42185607937799,8.400726698239717,2.6824690128758615
477,training,0.00269785663112998,0.0763856889680028,0.020284215134493244,19.31450016703916,8.4537945092076,2.682112958121125
478,training,0.002926346380263567,0.07488817675039172,0.020284215134493244,19.242795998743446,8.489090895753026,2.6874243627997796
479,training,0.000921090948395431,0.07315115164965391,0.021719893690450902,19.171018360689406,8.52421688834711,2.6848321568975497
480,training,0.0035217376425862312,0.10930855572223663,0.021719893690450902,19.081440174866948,8.568393956421376,2.681571088818331
481,training,0.0008772662840783596,0.09328796342015266,0.021719893690450902,18.973855365386974,8.62100682818354,2.6941138715251345
482,training,0.0021508752834051847,0.060723161324858665,0.027376767208089507,18.91980897545604,8.646636404615075,2.7026667434219083
483,training,0.002097289077937603,0.018905861303210255,0.027376767208089507,18.865455250912284,8.671915528390185,2.70922081784215
484,training,0.00072040333179757,0.08830997534096241,0.027376767208089507,18.811042013932834,8.696867393789153,2.715059138040144
485,training,0.0007428145036101341,0.07846330339089036,0.019795045000260917,18.73827110017484,8.729493445380237,2.722874134523986
486,training,0.0006143773789517581,0.053138501942157745,0.019795045000260917,18.665282246488268,8.761954776681064,2.721706443564567
487,training,0.002062250394374132,0.0640085763297975,0.019795045000260917,18.555909381412285,8.81089426558477,2.7201519884660295
488,training,0.0006193613517098129,0.09916494600474834,0.012109338928422773,18.50114470184094,8.835421316375498,2.721691006221519
489,training,0.0008773733861744404,0.11827617138624191,0.012109338928422773,18.446512606911945,8.859742923010241,2.7235221933664415
490,training,0.0009185260278172791,0.0961474422365427,0.012109338928422773,18.355056034019295,8.89965515374893,2.7371576854227953
491,training,0.0017780519556254148,0.08889047242701054,0.009639764932489074,18.281526844814685,8.930661165558023,2.746515035130835
492,training,0.0007379357703030109,0.04892805777490139,0.009639764932489074,18.226077490112893,8.953618864114084,2.7521468816509596
493,training,0.008750533685088158,0.08342206478118896,0.009639764932489074,18.152129165960947,8.98374073625559,2.7556738926737383
494,training,0.0007005507941357791,0.09731614589691162,0.003095439966970753,18.078083360627296,9.013429084319432,2.7653117488107295
495,training,0.002076706849038601,0.10075259953737259,0.003095439966970753,18.02212785559932,9.035087921716464,2.7813807088023763
496,training,0.0010241703130304813,0.1395692676305771,0.003095439966970753,17.966074138200124,9.05580102341184,2.792072439483617
497,training,0.0015877560945227742,0.0852302759885788,0.003095439966970753,17.90967105541566,9.07594733147473,2.8063822574676274
498,training,0.003024925012141466,0.0017471350729465467,0.01882545271961915,17.833895569473857,9.101488833427974,2.8272229186962847
499,training,0.001538595650345087,0.018837610259652138,0.01882545271961915,17.77697789852237,9.119796900755528,2.8317472284151353
500,training,0.007112372666597366,0.00591112673282624,0.01882545271961915,17.681709902061776,9.149880819784102,2.8400227560520666
501,training,0.0011899650562554598,0.024217627942562107,0.016246608935498525,17.605254335673752,9.173093414660222,2.855106020041411
502,training,0.0010532049927860498,0.05261723883450031,0.016246608935498525,17.490042945778015,9.206107309404103,2.8675695821016043
503,training,0.0010836743749678135,0.0972734373062849,0.008424592367845277,17.393727588831585,9.23259854470713,2.8792883370311335
504,training,0.0021756980568170547,0.11675601545721292,0.008424592367845277,17.335646188432484,9.248035685901398,2.8839367585936384
505,training,0.00160789187066257,0.09049707464873791,0.008424592367845277,17.258373277564107,9.268334711026569,2.8828739471784512
506,training,0.00257843267172575,0.09726652503013611,0.008424592367845277,17.200483463012258,9.28382399321258,2.8772052427815415
507,training,0.0013292055809870362,0.1608569398522377,0.02240536623682465,17.084760163051957,9.315395418434445,2.874807094046953
508,training,0.004817239008843899,0.08471068693324924,0.02240536623682465,17.026776236137135,9.331435301916027,2.8677496444017114
509,training,0.002449142513796687,0.03352039493620396,0.02240536623682465,16.949814557526917,9.353303016979183,2.862888799796324
510,training,0.002236190950497985,0.027714692056179043,0.008757159373929914,16.89227673588536,9.369901032384913,2.8584326782500358
511,training,0.002217877423390746,0.07926123030483723,0.008757159373929914,16.777009688491937,9.402901131145079,2.870207742550575
512,training,0.004088691435754299,0.014003230258822441,0.016389527464699582,16.69999847097054,9.424769447887188,2.8585861356177227
513,training,0.0010616686195135117,0.0664787907153368,0.016389527464699582,16.623103881574895,9.446983445299376,2.8627481626812847
514,training,0.00084265525219962,0.05710613401606679,0.016389527464699582,16.565469327258167,9.463308266584903,2.8686411095516866
515,training,0.0011186318006366491,0.04590117931365967,0.01647594656304133,16.469122008121726,9.490140424857769,2.8693242750770733
516,training,0.0016970152501016855,0.03400114644318819,0.01647594656304133,16.392152169863976,9.511907789285349,2.860821810118104
517,training,0.0037012670654803514,0.010676160454750061,0.01647594656304133,16.334379701986485,9.528789604713607,2.854113711082808
518,training,0.000978320837020874,0.05517662689089775,0.006472304578406702,16.238483185178634,9.556823419061324,2.865429215357292
519,training,0.0006825040327385068,0.009362881304696202,0.006472304578406702,16.161562863879077,9.577966272853368,2.8819184611491244
520,training,0.0012433541705831885,0.017852935008704662,0.006472304578406702,16.10366696072076,9.593290971981322,2.883078944243248
521,training,0.005656426772475243,0.05842525511980057,0.006472304578406702,16.04553897265765,9.608566975978754,2.886351857454442
522,training,0.0014402607921510935,0.01251888275146484,0.011650988804432105,15.968269375363858,9.62821559392556,2.902340473543261
523,training,0.0017995914677157998,0.05345567874610424,0.011650988804432105,15.91000951474913,9.642119478829164,2.911365281168339
524,training,0.001752191805280745,0.0014405521797016263,0.011650988804432105,15.851532161247512,9.655659787998259,2.9156836185103945
525,training,0.0007739093853160739,0.18460126966238022,0.008491580522456499,15.79321018460698,9.669062463150455,2.915572250182391
526,training,0.0032035603653639555,0.05483230575919151,0.008491580522456499,15.715237567574494,9.686721062425182,2.9233088605826136
527,training,0.004358561709523201,0.04529383033514023,0.008491580522456499,15.656661299481918,9.699708767086335,2.9213110471511876
528,training,0.0019982829689979553,0.09824565798044205,0.008491580522456499,15.578769616414833,9.717535330636084,2.912044553636687
529,training,0.0026840632781386375,0.013098761904984713,0.017195720084572864,15.520289073887977,9.731550930413267,2.898849306663374
530,training,0.0006031275261193514,0.11998924612998964,0.017195720084572864,15.442664745225693,9.751007957484275,2.8944090223619527
531,training,0.0008046205621212721,0.18713068217039108,0.017195720084572864,15.36537888059504,9.771199860236738,2.8736818171922995
532,training,0.0009556018630973995,0.214678592979908,0.05244683575067999,15.269259151205253,9.800134521500453,2.8195090317628315
533,training,0.001880813855677843,0.131380507722497,0.05244683575067999,15.175149798733582,9.835258704692723,2.7472836322224197
534,training,0.005811409093439579,0.14686843007802963,0.017311409017301063,15.083680061577464,9.876531683464368,2.6899443214524825
535,training,0.0005097134853713214,0.20376405119895935,0.017311409017301063,14.99448110879319,9.922169213432024,2.6495599863610235
536,training,0.0006112391129136086,0.11002774350345135,0.017311409017301063,14.924344494123078,9.96096407124724,2.6235122614113897
537,training,0.00048769282875582576,0.0014687813818454742,0.012971084554550743,14.87254888393182,9.99084634927575,2.6151379653517015
538,training,0.004559459630399942,0.013740030815824866,0.012971084554550743,14.820675191212986,10.020870491488823,2.619319499285475
539,training,0.0023851441219449043,0.07266884983982891,0.012971084554550743,14.751306170244876,10.060492578374662,2.6258688401194252
540,training,0.006122190970927477,0.08886839356273414,0.012971084554550743,14.682327615200775,10.10013923400989,2.607211445892773
541,training,0.002001476939767599,0.08151173451915383,0.013380236985333773,14.613996685192602,10.142001588425641,2.575953028284941
542,training,0.0013726515462622046,0.002177245914936052,0.013380236985333773,14.546884560235933,10.186004442805666,2.545378926151346
543,training,0.0038370578549802303,0.08396804705262184,0.013380236985333773,14.497643339498318,10.220279641578891,2.521305177464145
544,training,0.0018733335891738534,0.03945551812648773,0.028124059967471325,14.433012069422977,10.267566417360968,2.501522152508734
545,training,0.0007842793129384518,0.09023404866456985,0.028124059967471325,14.384979995492733,10.304007193875574,2.4831558376182628
546,training,0.00452490895986557,0.15316912345588207,0.028124059967471325,14.3065286190968,10.366149469184212,2.4618942435433793
547,training,0.0007623253623023629,0.17739026620984077,0.06632999078541134,14.24469730965786,10.416798012033123,2.4489963467201203
548,training,0.003073954489082098,0.140288595110178,0.06632999078541134,14.183508219151696,10.468291059271179,2.434190868772353
549,training,0.0009754098136909306,0.06773178838193417,0.06632999078541134,14.123096422265025,10.520875410500318,2.4160291496462145
550,training,0.003304579760879278,0.014566258527338505,0.044916642396174884,14.04884074860667,10.587824260465782,2.401595751315137
551,training,0.0004247794859111309,0.008327420800924301,0.044916642396174884,13.989986719319221,10.642054833227636,2.39351139060686
552,training,0.0012810619082301855,0.06106337904930115,0.044916642396174884,13.917213316419536,10.710586214822046,2.3780588963366975
553,training,0.0015704301185905933,0.024757718667387962,0.044916642396174884,13.874010232440583,10.751968719796759,2.3769352274955873
554,training,0.0029880600050091743,0.053023017942905426,0.02247906158551748,13.830741699768403,10.793567074511616,2.3747564639122642
555,training,0.008747529238462448,0.10063698701560497,0.02247906158551748,13.77329079033668,10.849096072591761,2.3726965363263597
556,training,0.0011414096225053072,0.02258574077859521,0.02247906158551748,13.71597839870733,10.904686022364206,2.3683407201681987
557,training,0.0009882454760372639,0.025579892098903656,0.02247906158551748,13.658895414481817,10.960527873776151,2.3653046642021636
558,training,0.001762337051331997,0.10756704397499561,0.015047819078789382,13.601862957819549,11.016558015976148,2.36550815423267
559,training,0.0008082443382591009,0.03145380690693855,0.015047819078789382,13.544615850024282,11.072152079790824,2.384372249356127
560,training,0.001961496425792575,0.07433835044503212,0.015047819078789382,13.486153548741903,11.126758117871695,2.39207300434514
561,training,0.0010697039542719722,0.0725470185279846,0.012558346847618841,13.427312959605253,11.180639777898682,2.4093531610629175
562,training,0.0013151237508282065,0.09169437736272812,0.012558346847618841,13.382333585997786,11.22027837935684,2.432383980376553
563,training,0.004408261273056269,0.10583356022834778,0.012558346847618841,13.32101823948367,11.271279064812958,2.462359695552353
564,training,0.0014212516834959388,0.19951876904815435,0.012558346847618841,13.274197930350999,11.308357123489964,2.479353085563196
565,training,0.0018179647158831358,0.10645059496164322,0.014655274267647254,13.226677101615014,11.345222922946268,2.4810827606172543
566,training,0.004712517373263836,0.033649370074272156,0.014655274267647254,13.163321581254984,11.393546884751759,2.50944399480574
567,training,0.001582698430866003,0.08499278873205185,0.014655274267647254,13.114480610028872,11.427582814351183,2.558488117695005
568,training,0.000984836369752884,0.020585328340530396,0.014655274267647254,13.029999816929672,11.480271487999202,2.6073913466360827
569,training,0.001024653553031385,0.06594135239720345,0.015338243652481088,12.978120448738768,11.509686698624215,2.6444538447846684
570,training,0.0011637749848887324,0.0448734350502491,0.015338243652481088,12.925153924383142,11.537187318910114,2.6814936327654664
571,training,0.0018633935833349824,0.06791854649782182,0.015338243652481088,12.83490225311865,11.579737523752057,2.715476325543822
572,training,0.0002569121425040066,0.007263287901878357,0.014314349447072333,12.76198573935719,11.611595567616341,2.745822947456343
573,training,0.0037852583918720484,0.04482625424861909,0.014314349447072333,12.688041728195179,11.641071191260735,2.7769682707638093
574,training,0.0009384423028677702,0.08249945566058159,0.014314349447072333,12.631766859800802,11.661717203635702,2.8046196902911316
575,training,0.0013248117174953222,0.09364322200417519,0.014314349447072333,12.575214050289313,11.68081691994103,2.825906316387358
576,training,0.004503068048506975,0.22674189135432243,0.00649800099723772,12.49907708114331,11.704772434041555,2.845800219027063
577,training,0.0007022128556855023,0.22437940165400505,0.00649800099723772,12.422403096107281,11.727387551057967,2.8645046514704173
578,training,0.003949953708797693,0.15146882459521294,0.00649800099723772,12.345300785189012,11.748430115132333,2.886225611347594
579,training,0.0027595616411417723,0.043657438829541206,0.011448389807562005,12.287448511517685,11.763255703706944,2.8932969843303606
580,training,0.0021411622874438763,0.18426060676574707,0.011448389807562005,12.22921693894614,11.777917492713742,2.8956310480344674
581,training,0.0009807447204366326,0.17048268765211105,0.011448389807562005,12.112766533295252,11.80530669988663,2.928753138216856
582,training,0.009079850278794765,0.07219521375373006,0.00944474364182931,12.054076184045348,11.817582130719925,2.940394016372477
583,training,0.003317513968795538,0.06888724863529205,0.00944474364182931,11.995446670998355,11.829535476599384,2.9395332641813154
584,training,0.000724691606592387,0.05466592311859131,0.00944474364182931,11.897571268136286,11.849356100540888,2.9462262223912
585,training,0.0017630017828196287,0.021836211904883388,0.009427539853364494,11.838709363091708,11.860888389011963,2.947457640968884
586,training,0.004116415046155453,0.06575830280780792,0.009427539853364494,11.760275187117006,11.876509281715691,2.940618769185393
587,training,0.0005525723681785166,0.04645935399457812,0.009427539853364494,11.701574855343752,11.888879198698014,2.9265304417042666
588,training,0.0023010168224573135,0.21971630305051804,0.01564798521865714,11.623448540942862,11.906346216501856,2.918907674734183
589,training,0.0013192808255553246,0.006243538111448288,0.01564798521865714,11.545444345389662,11.923823821329695,2.924585836337931
590,training,0.0021631442941725254,0.1201981883496046,0.01564798521865714,11.487038666987708,11.936924489679841,2.9155591589707828
591,training,0.0021187500096857548,0.06915545061929151,0.01564798521865714,11.409115134675522,11.95533898130614,2.903383211566932
592,training,0.0007786779897287488,0.09274555742740631,0.030251910874235302,11.33137484100655,11.974297352003308,2.9015500703730424
593,training,0.004980931524187326,0.1026131920516491,0.030251910874235302,11.234255795864335,11.997610437611453,2.9116378549840327
594,training,0.0007724466267973185,0.07854284159839153,0.01999200979339393,11.156415635278309,12.01531799763704,2.9250900154780153
595,training,0.0012910111108794808,0.062195517122745514,0.01999200979339393,11.097911643070168,12.027939619197205,2.9330089245388824
596,training,0.0024927633348852396,0.04184250067919493,0.01999200979339393,11.039183496364883,12.040045099526981,2.9437926003005863
597,training,0.002016922924667597,0.12089991848915815,0.01999200979339393,10.941174697123548,12.059218811697182,2.951824748182132
598,training,0.004458362702280283,0.04026130586862564,0.018697374661907896,10.862755554520184,12.074219438552452,2.9537526002844348
599,training,0.0015233037993311882,0.0901661366224289,0.018697374661907896,10.80379876226668,12.085502036840808,2.9494482665727064
600,training,0.002773835090920329,0.0933997081592679,0.018697374661907896,10.725349457213655,12.100816439566326,2.947848267526312
601,training,0.0010882116621360183,0.08563015423715115,0.004605580340880836,10.66657628568415,12.11227023000898,2.9508613691473515
602,training,0.003153627971187234,0.13124278839677572,0.004605580340880836,10.607683736678847,12.123476406205791,2.9554711621979703
603,training,0.0014703780179843307,0.16812854260206223,0.004605580340880836,10.548764650017498,12.134500426042015,2.955652663623494
604,training,0.0014845062978565693,0.10022252053022385,0.004605580340880836,10.470331469465751,12.149288706151019,2.957825494111148
605,training,0.0006503998883999884,0.1357628032565117,0.028962142113139966,10.391732834092169,12.163840539739589,2.957573867614129
606,training,0.0012751977192237973,0.1373737584799528,0.028962142113139966,10.293489361367536,12.181704243986772,2.965973933490913
607,training,0.0010814676061272621,0.0829140730202198,0.028962142113139966,10.234443921161086,12.191941803101853,2.973386945714802
608,training,0.003000372089445591,0.17704944079741836,0.015430524898932096,10.155711973651183,12.205364677998794,2.969880157671222
609,training,0.0007940101204439998,0.21815434843301773,0.015430524898932096,10.05732417180392,12.222712157476478,2.9650248965617143
610,training,0.0009098212467506528,0.20647770911455154,0.015430524898932096,9.998291930364097,12.233084351758544,2.9698711296912688
611,training,0.0022027939558029175,0.09319736901670694,0.01468224648626166,9.939238064677896,12.243006714448507,2.9811682516401263
612,training,0.0010740390280261636,0.13689502701163292,0.01468224648626166,9.860379234328642,12.255659524159396,2.9799983842128874
613,training,0.0008234524866566062,0.0878246407955885,0.01468224648626166,9.80122231854161,12.265130877785712,2.9851787241274526
614,training,0.0006706492858938873,0.06416964530944824,0.012245915649073014,9.722267498874107,12.277688460984992,2.980265044455501
615,training,0.01010864693671465,0.030660830438137054,0.012245915649073014,9.643452290270249,12.291110437806935,2.965546363134198
616,training,0.0010782995959743857,0.053154587745666504,0.012245915649073014,9.584111621125057,12.302206688023047,2.941220698079887
617,training,0.003976954612880945,0.34950806200504303,0.03559238021973853,9.48634581373571,12.32439600835536,2.8959024274629557
618,training,0.0011966228485107422,0.22786862216889855,0.03559238021973853,9.428398302086391,12.338554884298821,2.9269005301701725
619,training,0.0017638243734836578,0.19144257716834545,0.03559238021973853,9.369974701526978,12.349442217960116,2.9894248775572874
620,training,0.0015276221092790365,0.21853096038103104,0.03559238021973853,9.31107867672606,12.356531455229833,3.050737849931626
621,training,0.0018877594266086817,0.2095937430858612,0.07795448824723765,9.23162568784517,12.361236245720784,3.110292594214608
622,training,0.0017109066247940063,0.22952437400817874,0.07795448824723765,9.171978912156177,12.362104904932934,-3.140506988197872
623,training,0.005821364466100931,0.2205216884613037,0.07795448824723765,9.112250556457928,12.360932852497722,-3.1005309476168903
624,training,0.0029318174347281456,0.08500081114470959,0.07257639892420108,8.993189020326781,12.351865150432433,-3.0340199325070767
625,training,0.003998222295194864,0.04659929871559143,0.07257639892420108,8.894112925637158,12.340036749814475,-3.0152481039890624
626,training,0.001064083888195455,0.0507908061845228,0.07257639892420108,8.834445892692193,12.332489831153456,-3.019160124297391
627,training,0.0018456854159012437,0.07562321610748768,0.047098194578449874,8.755053451202436,12.323294890984505,-3.0355430316382397
628,training,0.003006506944075227,0.0783006101846695,0.047098194578449874,8.67539885223571,12.315690533842352,-3.057155392048646
629,training,0.003363080555573106,0.024003330618143075,0.047098194578449874,8.59549265039662,12.309667657310687,-3.0750166568106443
630,training,0.0014654536498710513,0.10443831793963909,0.023732616154253,8.535425159829744,12.30597988631801,-3.0855465414726013
631,training,0.0006140448385849595,0.03162485151551664,0.023732616154253,8.475633642850923,12.302842386196359,-3.092762747884604
632,training,0.0029861158691346645,0.03147973958402872,0.023732616154253,8.395572481181931,12.299407770493374,-3.104830506411048
633,training,0.003354255110025406,0.01944949571043253,0.013122892691019428,8.335522191116445,12.297412978392394,-3.1118650864030357
634,training,0.005436182953417301,0.0028201527893543243,0.013122892691019428,8.27562600765414,12.295769809366872,-3.1162073477666143
635,training,0.001394157879985869,0.023199735209345818,0.013122892691019428,8.195531770016636,12.294045674660927,-3.1240289164906527
636,training,0.0012665650574490428,0.01575759192928672,0.010549159251465339,8.115459194792868,12.292931131004686,-3.1300999233245705
637,training,0.0030214786529541016,0.027259930968284607,0.010549159251465339,8.035604003601954,12.29206301947463,-3.1319861108942435
638,training,0.0025725180748850107,0.014214965980499983,0.010549159251465339,7.935653778166177,12.291272791834231,-3.137059234578626
639,training,0.0006414463277906179,0.2084943330846727,0.009987246522964103,7.875649715822649,12.291048667665143,-3.138509029448745
640,training,0.0022909953258931637,0.030077602714300156,0.009987246522964103,7.795589192526807,12.290865544870677,-3.13945125450519
641,training,0.0013447193196043372,0.007248579524457455,0.009987246522964103,7.695602064710753,12.290649186543206,-3.139495472408482
642,training,0.001329709542915225,0.0043052565306425095,0.015987689384821938,7.635714359122823,12.29056688497246,3.1412426115733556
643,training,0.0018540892051532865,0.04888671636581421,0.015987689384821938,7.535742102672504,12.290710940111152,3.139058865947431
644,training,0.0014277994632720947,0.019206004217267036,0.015828111454538055,7.43579294000519,12.290980525523793,3.1383793180183677
645,training,0.003246529260650277,0.10335591435432434,0.015828111454538055,7.335845244074565,12.291301980325692,3.137929796439552
646,training,0.0016693978104740381,0.15522674843668938,0.015828111454538055,7.275722259027007,12.291528658947023,3.137967787686119
647,training,0.0016437539597973228,0.11084551364183426,0.020820356492725085,7.19587891766571,12.29150938764954,-3.133853917786405
648,training,0.004576593171805143,0.07096130028367043,0.020820356492725085,7.136108365111633,12.290610817286927,-3.119470581950861
649,training,0.007554769050329924,0.11832738667726517,0.020820356492725085,7.056176018485103,12.288154749309141,-3.102491277391066
650,training,0.0016654178034514189,0.03479547239840031,0.02107287761040043,6.996401477735792,12.28535204585146,-3.0854668804768113
651,training,0.0023426569532603025,0.030042361468076706,0.02107287761040043,6.916695647354989,12.280248244810444,-3.0723099790978172
652,training,0.005979123990982771,0.05606261920183897,0.02107287761040043,6.876651482682049,12.277452012828164,-3.071818655297358
653,training,0.004643697757273912,0.04249437712132931,0.016639217603575722,6.756931312411248,12.269214127724565,-3.0746942696294113
654,training,0.0022372580133378506,0.021267184987664226,0.016639217603575722,6.677143897375007,12.264059708854965,-3.0801748455570728
655,training,0.007388389203697443,0.005693281069397923,0.016639217603575722,6.617349364450307,12.260532085166062,-3.085619501296068
656,training,0.004588569980114698,0.10325462743639946,0.016639217603575722,6.5373056224459765,12.256469200599657,-3.0963220301234142
657,training,0.0009366492158733308,0.08699978329241276,0.0117174958776262,6.477446660411824,12.25358480452957,-3.0894174642753014
658,training,0.0020509110763669014,0.12240170314908028,0.0117174958776262,6.397733699112874,12.249020453816852,-3.0800479863897903
659,training,0.0013344921171665192,0.1371469497680664,0.0117174958776262,6.337847302498199,12.244930660008725,-3.063943544127165
660,training,0.0021531013771891594,0.17370711266994476,0.008785761432789996,6.278266509899683,12.239843503120174,-3.0502190350278315
661,training,0.0031011125538498163,0.1342647597193718,0.008785761432789996,6.198971946429505,12.231772081890016,-3.0274003176657067
662,training,0.0010452232090756297,0.13956211507320404,0.008785761432789996,6.119724484299455,12.221819227959068,-3.0077858061371705
663,training,0.000761431991122663,0.16008760780096054,0.008785761432789996,6.040563133377873,12.210599715917954,-2.995651457312857
664,training,0.0012200894998386502,0.14104265719652176,0.013401419926185806,5.981589149131933,12.20146037208896,-2.9795079936763806
665,training,0.001665777526795864,0.13387075439095497,0.013401419926185806,5.90289643268453,12.188001703693626,-2.9657363399423584
666,training,0.003438719781115651,0.06571712903678417,0.013401419926185806,5.824303110464791,12.173453587032279,-2.952480295191
667,training,0.00607585022225976,0.15398479998111725,0.024898443997221294,5.7262282213720574,12.154542592516586,-2.9548673111933823
668,training,0.0005638138973154128,0.1536341831088066,0.024898443997221294,5.667460232039582,12.143202148975659,-2.94421669791962
669,training,0.0010690578492358327,0.05892604775726795,0.024898443997221294,5.589279398190128,12.127096282989486,-2.9335169500852896
670,training,0.00256676715798676,0.13977739214897156,0.0012252945829017551,5.510969066499367,12.11056643125131,-2.9390619195575494
671,training,0.002642729552462697,0.09211907535791397,0.0012252945829017551,5.452350989083374,12.09840278212509,-2.931259742570682
672,training,0.0007494126912206411,0.058648061007261276,0.0012252945829017551,5.354794986051101,12.077174989891027,-2.926077137160006
673,training,0.001890228595584631,0.09023251011967659,0.021761912229786292,5.256966062467778,12.056501077613271,-2.9411766829919
674,training,0.0007191823096945882,0.07051054388284683,0.021761912229786292,5.198123477759943,12.044906105776823,-2.952657988943206
675,training,0.0033417996019124985,0.12918159272521734,0.021761912229786292,5.119258093833496,12.030513043358507,-2.9720518542967804
676,training,0.014246624894440174,0.09492818778380752,0.02130672968033652,5.020670927927985,12.014061973076716,-2.977981109162434
677,training,0.005183452740311623,0.06072668172419071,0.02130672968033652,4.941838276180276,12.001072308439081,-2.9788029681543526
678,training,0.003346701618283987,0.11004214733839035,0.02130672968033652,4.882743651386049,11.991453066245768,-2.9815767550121195
679,training,0.014736112207174301,0.1576092429459095,0.026948984158362447,4.803781506314843,11.978550005468865,-2.9766545927561157
680,training,0.003630036721006036,0.18532292544841766,0.026948984158362447,4.72525016047312,11.964620373636274,-2.954669388110984
681,training,0.0008244100608862936,0.16883312910795212,0.026948984158362447,4.6862130962164485,11.956926694006903,-2.938467813976035
682,training,0.00205907691270113,0.1635938249528408,0.010327832881917945,4.608499724211347,11.93934135519517,-2.899677853302341
683,training,0.000704533071257174,0.1938224472105503,0.010327832881917945,4.5508508316239515,11.923995953327584,-2.8621688804874985
684,training,0.0017245912458747625,0.06067351438105108,0.010327832881917945,4.49384573491191,11.906417989272375,-2.822781485833748
685,training,0.0060194553807377815,0.14314505085349083,0.010327832881917945,4.419011544573066,11.879884557671708,-2.7827038027743956
686,training,0.0014188284985721111,0.04710684157907962,0.044279295407674155,4.36322973146461,11.858054584195315,-2.7529359620655067
687,training,0.0020524938590824604,0.14327013492584229,0.044279295407674155,4.289838562638334,11.826764688386962,-2.726824078699168
688,training,0.001485019689425826,0.1328234188258648,0.044279295407674155,4.217546593886321,11.793469472196952,-2.6905794627221247
689,training,0.0010913474252447486,0.03663607686758042,0.0971711355974535,4.146342109105894,11.757616132346222,-2.6601244466069494
690,training,0.0016419957391917706,0.0885542631149292,0.0971711355974535,4.076033643606914,11.719750094298492,-2.6364493313846666
691,training,0.0011876230128109455,0.14221952855587006,0.0971711355974535,4.006702886754954,11.680274562037585,-2.6122067258804385
692,training,0.0016237304080277681,0.08118613809347153,0.060310815562710285,3.9555023594957435,11.649597416391867,-2.5907241274708257
693,training,0.004396785981953144,0.13666103035211563,0.060310815562710285,3.9046579388428726,11.617873015932158,-2.579138023734747
694,training,0.0022651192266494036,0.09359135664999485,0.060310815562710285,3.8377644781011173,11.57456965322924,-2.5536852193229995
695,training,0.0031037491280585527,0.10026626102626324,0.032132253767925154,3.7715014285375204,11.530013732443802,-2.5455300072155054
696,training,0.003860094817355275,0.10889380797743797,0.032132253767925154,3.72201907829172,11.496241827955275,-2.539373111332347
697,training,0.007805374450981617,0.03675256296992302,0.032132253767925154,3.6730777529558756,11.461977859419463,-2.5210317008546115
698,training,0.001587199978530407,0.047560252249240875,0.032132253767925154,3.608497132398431,11.415050485602606,-2.506752371357773
699,training,0.0007351021049544215,0.02664785087108612,0.032132253767925154,3.5602715072767768,11.379500179759628,-2.5073049991915224
700,training,0.002357823308557272,0.06383434124290943,0.011765169373365086,3.5121088693208016,11.343897161474004,-2.5018737548042203
701,training,0.0004938021302223206,0.1050831526517868,0.011765169373365086,3.4322487426617867,11.284012371109133,-2.4936876488892397
702,training,0.003937702160328627,0.04255698621273042,0.011765169373365086,3.368949523175398,11.235438522528224,-2.47549757386303
703,training,0.002420472213998437,0.03326262533664704,0.014006850576437179,3.3224600156106034,11.198008663500937,-2.452255129992656
704,training,0.0009277237113565207,0.26644711196422577,0.014006850576437179,3.276644101371419,11.159423292932711,-2.4323358118948124
705,training,0.0042978255078196526,0.26814162731170654,0.014006850576437179,3.2146424141959864,11.108303406527002,-2.4908014862481775
706,training,0.0009448762284591794,0.17543113976716995,0.014006850576437179,3.148625913290745,11.062133387824861,-2.573084270111989
707,training,0.0021678642369806767,0.20963843911886215,0.014006850576437179,3.097192357168586,11.030768271009688,-2.6117317137301477
708,training,0.0013840653700754046,0.1598096303641796,0.008446255051309935,3.027030651307521,10.991971139818224,-2.6606561935753876
709,training,0.005793566349893808,0.1389903426170349,0.008446255051309935,2.9729764669271983,10.965025179463261,-2.6981370461322425
710,training,0.0028875211719423532,0.13534114509820938,0.008446255051309935,2.899770619581986,10.932139858371826,-2.737553116897567
711,training,0.0010135918855667114,0.12559327855706215,0.01239890742517466,2.8444150867264137,10.909092214156043,-2.7563675017766047
712,training,0.0018697669729590416,0.17205948382616043,0.01239890742517466,2.7886051958528806,10.88671513731063,-2.7627911032560557
713,training,0.012148630805313587,0.13607453368604183,0.01239890742517466,2.7140117462268996,10.8577038055103,-2.780246856891677
714,training,0.0010477483738213778,0.07417833805084229,0.01818471789781706,2.6580276738257775,10.836585425772803,-2.7780196810727684
715,training,0.002210998674854636,0.021121591329574585,0.01818471789781706,2.565345182771222,10.799813631490851,-2.744092920031669
716,training,0.005126530304551125,0.02901607751846315,0.01818471789781706,2.492426988908497,10.767539998088184,-2.696464440600398
717,training,0.0017133747460320592,0.048352427780628204,0.01818471789781706,2.439089970244975,10.740930360803636,-2.662156456884387
718,training,0.0026842618826776743,0.10928554832935333,0.0370166524456998,2.3692266010581804,10.702782694585062,-2.62080315188159
719,training,0.00044046880793757737,0.1065744906663895,0.0370166524456998,2.3024789298657486,10.660170848526082,-2.524178033042245
720,training,0.0007670848863199353,0.07240977883338928,0.0370166524456998,2.2555274647908554,10.624132105202673,-2.4516522211442773
721,training,0.007443176582455635,0.010939210653305081,0.0781647828748253,2.183146092930144,10.556691992446272,-2.3294910256619685
722,training,0.0006492392858490348,0.10336422920227051,0.0781647828748253,2.1312906313408844,10.496767468035168,-2.240014790201309
723,training,0.0019830423407256603,0.017305880784988403,0.11857602969399218,2.0959062620165696,10.449266511811688,-2.1848141494477984
724,training,0.0014974826481193304,0.06628747284412384,0.11857602969399218,2.0525756408402467,10.382860562721985,-2.1106997217357995
725,training,0.006318060215562582,0.07768318057060242,0.11857602969399218,2.0235159794762314,10.331129832876146,-2.055759177664415
726,training,0.0030615474097430706,0.058401510119438144,0.10549269200320158,1.9885240759466447,10.25961552950636,-2.00029897492472
727,training,0.0012884358875453472,0.02156895399093628,0.10549269200320158,1.9573997461249135,10.186308328170425,-1.9432881396878978
728,training,0.0010187099687755108,0.10210109502077103,0.10549269200320158,1.9370418656132953,10.130415837533215,-1.8966046137846617
729,training,0.002053410280495882,0.05388337373733519,0.10549269200320158,1.9187895158275692,10.073465017289873,-1.8692239045243766
730,training,0.0010102924425154924,0.05823118239641191,0.06286065699447134,1.8968899546982942,9.996981402662541,-1.830329432558583
731,training,0.0034093549475073814,0.05818153917789459,0.06286065699447134,1.8777047954581043,9.919594862983322,-1.7973623322844474
732,training,0.0024283730890601873,0.012801826000213623,0.06286065699447134,1.864892365410897,9.861201723894272,-1.7760980408411013
733,training,0.0010411471594125032,0.014839395880699165,0.015436319659975724,1.8534661709119507,9.80264960274247,-1.7518669405463485
734,training,0.0007347121136263013,0.02611800655722618,0.015436319659975724,1.840095281932771,9.72390939314934,-1.7276633016322611
735,training,0.001669995253905654,0.05151643231511115,0.015436319659975724,1.8311248488493188,9.664782925433032,-1.715003259938449
736,training,0.0057974099181592464,0.07515107840299606,0.015436319659975724,1.8204570984766033,9.585766165920033,-1.6953797918260185
737,training,0.0033711655996739864,0.09082583710551262,0.016724028346875964,1.8132824159384373,9.526135143387222,-1.686338275606852
738,training,0.000698448158800602,0.028993895277380943,0.016724028346875964,1.8016305204500112,9.42685321939658,-1.691328070783857
739,training,0.0014317338354885578,0.014210302382707596,0.016724028346875964,1.7921661551365824,9.347578744552218,-1.684859199993653
740,training,0.008004138246178627,0.06904282420873642,0.015824393160408276,1.7816401920987752,9.248324138349812,-1.6683781445575732
741,training,0.0019130358705297112,0.10060752928256989,0.015824393160408276,1.7758505599967478,9.188711937533492,-1.6679203922055048
742,training,0.0011739077745005488,0.10365444421768188,0.015824393160408276,1.769811595026836,9.128813846723006,-1.67726777687401
743,training,0.000634869618806988,0.027075366117060184,0.014928997184449828,1.7585241715189384,9.029508928632298,-1.6889854094481211
744,training,0.003080697264522314,0.008562538772821426,0.014928997184449828,1.751369239931594,8.970116399764992,-1.6928678208012913
745,training,0.00047026597894728184,0.04547587130218744,0.014928997184449828,1.7417617920952817,8.890752998450305,-1.6865913463547426
746,training,0.001735694007948041,0.052221933379769325,0.009573597584296675,1.7326448379777306,8.811218189600467,-1.6832676700220328
747,training,0.0022223414853215218,0.04488351009786129,0.009573597584296675,1.7185446446229822,8.692163901763319,-1.697866481839534
748,training,0.006104668602347374,0.01882053166627884,0.009573597584296675,1.710721036290046,8.632667717207719,-1.7050105465758991
749,training,0.0012597909662872553,0.004689952358603481,0.004818135848273003,1.702978046448103,8.573333890128094,-1.6956144273432048
750,training,0.0011525526642799377,0.03206141805276275,0.004818135848273003,1.6956736547122342,8.513700688023501,-1.6903361454986698
751,training,0.0030361893586814404,0.04789622873067856,0.004818135848273003,1.6862885962664667,8.434438815404894,-1.6880756955095184
752,training,0.010221760720014572,0.056715019047260284,0.004818135848273003,1.6792927686248897,8.37491371341398,-1.6881243040544816
753,training,0.0019136383198201656,0.11359223909676075,0.01133040561372751,1.6671792654240378,8.275658666646471,-1.6974759471356857
754,training,0.0005206635105423629,0.04632384981960058,0.01133040561372751,1.6594754732042238,8.216122451433876,-1.7011350488300736
755,training,0.001659725559875369,0.08845620788633823,0.004698648092913374,1.6491600224141787,8.137015773212623,-1.6987209224394892
756,training,0.004769136197865009,0.1026893425732851,0.004698648092913374,1.6392581514969353,8.057741840892424,-1.6913934970913742
757,training,0.0032438826747238636,0.0061714015901088715,0.004698648092913374,1.6269765543809698,7.958515325996033,-1.6998189670468686
758,training,0.008590204641222954,0.058950466103851795,0.007498258302079326,1.616677588957922,7.8791297123861606,-1.696831353385454
759,training,0.0013899439945816994,0.10202680760994554,0.007498258302079326,1.6091204595286233,7.819753263949417,-1.6991071333332015
760,training,0.004522743169218302,0.0840888088569045,0.007498258302079326,1.6014105510122314,7.7602930404416295,-1.7004963846632046
761,training,0.002801991067826748,0.0740649001672864,0.007498258302079326,1.5936776123135714,7.7007727063842815,-1.6985237984874049
762,training,0.004567318595945835,0.10617107711732388,0.010897355931569737,1.5861105827021755,7.641362747557346,-1.6990444722225417
763,training,0.0050068506971001625,0.07533703371882439,0.010897355931569737,1.575576783087934,7.5619971443501965,-1.707528597537077
764,training,0.001127799041569233,0.10789810121059418,0.010897355931569737,1.5621932230935656,7.4629963961528825,-1.7004568105910263
765,training,0.0030021159909665585,0.12590422108769417,0.0067021182354003355,1.5493326858741283,7.363876163811339,-1.6997965955796095
766,training,0.002582074608653784,0.047552816569805145,0.0067021182354003355,1.5413524420434026,7.304487173836035,-1.7107411131372219
767,training,0.003261641599237919,0.014374077320098877,0.0067021182354003355,1.5267227289039664,7.205565976001374,-1.7232032772784225
768,training,0.0010947512928396463,0.028466686606407166,0.023505623497617853,1.518346800127395,7.146342693677097,-1.6949773233809962
769,training,0.003401982132345438,0.07372112385928631,0.023505623497617853,1.5075155727508183,7.047127316120116,-1.6697546470044387
770,training,0.0006426451727747917,0.05007610097527504,0.023505623497617853,1.4983572427739122,6.947643856217405,-1.6557443895029738
771,training,0.006383601576089859,0.013161817565560341,0.005339107576364143,1.492122638419174,6.867932652159644,-1.6416370997616883
772,training,0.0050497460179030895,0.07093635760247707,0.005339107576364143,1.4869386605878452,6.788306958414043,-1.6302100315798271
773,training,0.0039462437853217125,0.0749757643789053,0.02044620466849207,1.4824972874042641,6.708552843536336,-1.622615433546511
774,training,0.0007255132077261806,0.05618469603359699,0.02044620466849207,1.4767723246224727,6.588761789828403,-1.6150257022252998
775,training,0.002097254851832986,0.06757792551070452,0.02044620466849207,1.474295274507268,6.528823883622462,-1.6093959123679606
776,training,0.0016709885094314814,0.01428511552512646,0.03562495743172439,1.4715038819655832,6.448881013832816,-1.6035989974526943
777,training,0.0012769753811880946,0.041407675482332706,0.03562495743172439,1.4696946288164674,6.38908575022332,-1.5979602352188298
778,training,0.0012478490825742483,0.03744867956265807,0.03562495743172439,1.4682153926954666,6.329063911158018,-1.594080262611822
779,training,0.0004974660696461797,0.023019165731966496,0.03977562372098121,1.4661038491303702,6.229152818596939,-1.5918914577044008
780,training,0.003724465612322092,0.024967500008642673,0.03977562372098121,1.4649312320925372,6.16926822137175,-1.5885776687087694
781,training,0.0012726517161354423,0.07256253063678741,0.03977562372098121,1.4639111287561037,6.109321873421322,-1.5877615696320704
782,training,0.0014262201730161905,0.0351615808904171,0.0408257052245401,1.4626231148045867,6.029326963535579,-1.5876049361018167
783,training,0.0019265790469944477,0.01656375778838992,0.0408257052245401,1.4616256377764119,5.969447356989992,-1.5874043410592784
784,training,0.00790534820407629,0.029198977164924145,0.0408257052245401,1.4603576950131247,5.889520999124071,-1.5852629202184432
785,training,0.004389413632452488,0.07938847690820694,0.0408257052245401,1.4596255798343651,5.829493617226452,-1.5814687209868685
786,training,0.0007566573331132531,0.08516323566436768,0.039512283729989224,1.458659295821564,5.729567439247976,-1.5805983968063841
787,training,0.005158419255167246,0.010697567835450172,0.039512283729989224,1.4578503587230758,5.649668292674823,-1.5808094454201755
788,training,0.0021657226607203484,0.11008268967270851,0.03524374860493153,1.4573091246972198,5.589737763400457,-1.5789661076494916
789,training,0.0028673631604760885,0.07790669426321983,0.03524374860493153,1.456312536123003,5.50956457358561,-1.5920337567486855
790,training,0.001954249804839492,0.05577195901423693,0.035830635131457116,1.4540603290262926,5.429591721363861,-1.6058490041622353
791,training,0.00046106823720037937,0.05609025701414794,0.035830635131457116,1.4499577064140436,5.329615407707487,-1.614786988626655
792,training,0.0031520449556410313,0.08623469388112426,0.035830635131457116,1.4463262248495017,5.249806540538598,-1.6167237211174097
793,training,0.0013128718128427863,0.07804188877344131,0.030217491092924396,1.4425597451846937,5.1698997158128295,-1.619751765301262
794,training,0.0028823837637901306,0.08393511082977057,0.030217491092924396,1.4386203783754257,5.089932151296053,-1.6208777767321492
795,training,0.0010335486149415374,0.06991440569981933,0.030217491092924396,1.4356899644901877,5.030125951397658,-1.6181581995596588
796,training,0.0036337615456432104,0.024221891537308693,0.030217491092924396,1.4319861587051497,4.950289865804406,-1.6166310712869074
797,training,0.00551593117415905,0.06456901691854,0.028866518422331445,1.4285053942589667,4.870362316182418,-1.612215732755324
798,training,0.001080173533409834,0.0908962544053793,0.028866518422331445,1.425493647859281,4.790437999463757,-1.604922250852838
799,training,0.00208265264518559,0.09661631751805544,0.028866518422331445,1.4230239676418475,4.710591537317726,-1.5988300371691357
800,training,0.003939371556043625,0.12036570999771357,0.02117690310081327,1.4213953652230362,4.65070839105185,-1.5973632328115996
801,training,0.0006693638861179352,0.019797849003225565,0.02117690310081327,1.4197797542586792,4.590628510731513,-1.5999739937241688
802,training,0.001760025741532445,0.03693548962473869,0.02117690310081327,1.4179288176805969,4.5308158596436625,-1.6026745443130157
803,training,0.0028260177932679653,0.10584358125925064,0.0097033011715196,1.4146705721697983,4.430908308982884,-1.6039362400135087
804,training,0.0015000994317233562,0.08897815085947514,0.0097033011715196,1.411838595258572,4.350896852387783,-1.6111241675246712
805,training,0.0012826391030102968,0.07183071412146091,0.0097033011715196,1.4092068289197912,4.290895827195153,-1.6184592035928558
806,training,0.0005248526576906443,0.06174852512776852,0.0097033011715196,1.4061549336537509,4.231085851408022,-1.6245638858515605
807,training,0.0020761287305504084,0.06251009413972497,0.008723223484594303,1.4028326896279055,4.171033479637604,-1.627828716539564
808,training,0.000869040610268712,0.05563032999634743,0.008723223484594303,1.3993602648208636,4.111304540460249,-1.6296212450583452
809,training,0.0023112271446734667,0.03343435004353523,0.008723223484594303,1.395808175931327,4.051330380070915,-1.6307020692168193
810,training,0.004467150662094355,0.01281641609966755,0.008723223484594303,1.3923467118646802,3.991538832475551,-1.625932100439112
811,training,0.000507437507621944,0.006206012330949305,0.006733857792775601,1.3891458285144929,3.9316839418687697,-1.6229948018645572
812,training,0.001820790464989841,0.009448339231312275,0.006733857792775601,1.3849439692564385,3.8517245676902463,-1.6260275254179246
813,training,0.0020534833893179893,0.0071952370926737785,0.006733857792775601,1.3793649199712852,3.7519032803674346,-1.6279484726536109
814,training,0.0027749575674533844,0.028587616980075836,0.005498975131552378,1.3760025891327434,3.6921457632297874,-1.626214985611663
815,training,0.0041085295379161835,0.05290197394788265,0.005498975131552378,1.3728428293275825,3.632226772779031,-1.6196321956248063
816,training,0.005680670030415058,0.0036551635712385143,0.005498975131552378,1.3693600060342275,3.5523322422657357,-1.610764835223322
817,training,0.008628218434751034,0.01564724650233984,0.03486161781474564,1.3665275534942798,3.4725467498845455,-1.600760864989699
818,training,0.0029064847622066736,0.02989458106458187,0.03486161781474564,1.364909014111139,3.412666154960171,-1.5952233593115315
819,training,0.00309915654361248,0.0052965120412409306,0.03486161781474564,1.3629070679346371,3.312782567177307,-1.5880497001875815
820,training,0.0008280304027721286,8.648214861750603e-05,0.033646686542267115,1.3617021418657398,3.232819475873004,-1.58551785148788
821,training,0.0029340737964957952,0.027258558198809624,0.033646686542267115,1.3608459338563108,3.172935432957358,-1.5849506354181262
822,training,0.002340120729058981,0.018131077289581306,0.033646686542267115,1.3598134506189237,3.0930361363342933,-1.5821320777182177
823,training,0.0022371807135641575,0.01195501908659935,0.026671908561623353,1.359519437971396,3.0131380871213866,-1.5651146043333577
824,training,0.0008509677136316895,0.0682203657925129,0.026671908561623353,1.3603753215158298,2.953307231901088,-1.5477678032754172
825,training,0.0008738794131204486,0.03663648013025522,0.026671908561623353,1.3628163074813642,2.8736048062032267,-1.533041217534094
826,training,0.0007919803611002862,0.030157297849655144,0.026671908561623353,1.3661227294379954,2.793752726900387,-1.5265899758025978
827,training,0.002391219139099121,0.08850109530612826,0.008293495913741428,1.3714162848301357,2.6940596084596784,-1.5086745538888076
828,training,0.0016315211541950703,0.05077747628092766,0.008293495913741428,1.378078638019858,2.5944255381552046,-1.5026499334675665
829,training,0.0009027841151691973,0.05674502067267895,0.013455185684747352,1.3839551501422593,2.5148270046495753,-1.4921337951768125
830,training,0.002072483766824007,0.032237887382507324,0.013455185684747352,1.3923965760806063,2.4153777644020824,-1.4807097706735677
831,training,0.0034975321032106876,0.08186795189976692,0.013455185684747352,1.3978032853202638,2.355714337891302,-1.4797729660436738
832,training,0.0022610605228692293,0.061773914843797684,0.015350693387999168,1.407408232597619,2.256384214344578,-1.4664300367135759
833,training,0.0010498036863282323,0.024640857242047783,0.015350693387999168,1.4158926783300583,2.176872065240593,-1.4651143011436136
834,training,0.0006430101348087192,0.019712960347533223,0.015350693387999168,1.4220792335990726,2.117337354473761,-1.4713796677669322
835,training,0.0006974388379603624,0.017068635672330856,0.019364581087554057,1.4277332024641445,2.0576236596436415,-1.4807189476514733
836,training,0.0027422974817454815,0.03856480959802866,0.019364581087554057,1.4328623025733194,1.9977872366580356,-1.4913882422093983
837,training,0.00481083057820797,0.016049722209572792,0.019364581087554057,1.440555017516606,1.898076230844714,-1.4914284964580777
838,training,0.0011513002682477236,0.04989418014883995,0.019364581087554057,1.4453158119119893,1.838367190786501,-1.490576790837994
839,training,0.0017823671223595738,0.10610592365264893,0.021439278610057608,1.4503947071623116,1.7786716309979487,-1.4801937834496517
840,training,0.0006751078180968761,0.10282331518828866,0.021439278610057608,1.4619765346627867,1.6797159805416497,-1.4232787821653416
841,training,0.0029246690683066845,0.13852779986336827,0.021439278610057608,1.4757130955936608,1.6013785209730245,-1.3707123204570262
842,training,0.002706771483644843,0.21848861873149872,0.016430609340991425,1.4887255765607343,1.5429586580011965,-1.3318790177990467
843,training,0.0012819082476198673,0.13961589615792036,0.016430609340991425,1.5042279782667534,1.4856839375477697,-1.278387710662291
844,training,0.0008648334769532084,0.2445039600133896,0.016430609340991425,1.5366110481990332,1.3917592097605807,-1.2014522421912446
845,training,0.0028909884858876467,0.22674278914928436,0.0730803708377439,1.5594795050735444,1.3366630128019965,-1.1534194726176854
846,training,0.0065841455943882465,0.33129801601171494,0.0730803708377439,1.5847645402096546,1.2827216275166171,-1.1125246319044735
847,training,0.0035515641793608665,0.2773291878402233,0.0730803708377439,1.6124897980098394,1.2304689766783754,-1.0486466426969634
848,training,0.001159725827164948,0.29944228380918503,0.11966837513641232,1.6552048601750702,1.1639787050946342,-0.9509233981023865
849,training,0.0009112628758884966,0.24291790463030338,0.11966837513641232,1.69147679836242,1.1166541547203757,-0.8843783570447562
850,training,0.005278666038066149,0.2206096015870571,0.11966837513641232,1.744269578272349,1.0577542006125753,-0.7956155792649945
851,training,0.0057024178095161915,0.191261138767004,0.12096957184986144,1.8021527180041774,1.0038416755130708,-0.7004728988712168
852,training,0.0010013725841417909,0.15405968949198723,0.12096957184986144,1.881287620580437,0.9441510973729859,-0.5938718910179634
853,training,0.0014606229960918427,0.08896142989397046,0.12096957184986144,1.9486633186155407,0.9024890328046312,-0.5141068965785252
854,training,0.0016418262384831905,0.020991012454032898,0.11789866435760869,2.0190539879121157,0.8659355084978376,-0.4437473028875394
855,training,0.004525630734860897,0.013804040849208832,0.11789866435760869,2.091778939539024,0.8334537399497398,-0.39961594890992747
856,training,0.00935506634414196,0.09800416603684425,0.11789866435760869,2.147056884864131,0.8111500642071958,-0.3686872891701547
857,training,0.0034118525218218565,0.09786452353000641,0.10229703133287074,2.2219701355757353,0.7843797760281828,-0.315583359316526
858,training,0.001093692029826343,0.03741820156574248,0.10229703133287074,2.2790894967111,0.767001705300682,-0.2750677284020706
859,training,0.0024031728971749544,0.016403302550315857,0.10229703133287074,2.3175214910871147,0.7566287923328344,-0.2522951102247211
860,training,0.005333408247679472,0.01662015169858934,0.10229703133287074,2.3951718264895234,0.7384147092241485,-0.20793076420535103
861,training,0.001793930889107287,0.015540331602096558,0.07347323709223434,2.4733304952647144,0.7234394746295234,-0.1716828992443875
862,training,0.001931315055117011,0.057389676570892334,0.07347323709223434,2.5718013940278706,0.7090077115956092,-0.11702910576603308
863,training,0.001009226543828845,0.07546628266572952,0.05363167459421942,2.6312340629977595,0.7025569994592209,-0.10018485529908044
864,training,0.0011084722355008125,0.03845996782183647,0.05363167459421942,2.7107022541238908,0.695337362357844,-0.08479450472819013
865,training,0.00028401450254023075,0.02170736901462078,0.05363167459421942,2.8101654264670426,0.6878230170727712,-0.06672089635309882
866,training,0.0009019532008096576,0.025610314682126045,0.02909140331523609,2.909761164371554,0.6819667494820011,-0.05189648143482589
867,training,0.0012345651630312204,0.031515588983893394,0.02909140331523609,2.989587152227186,0.6782168415759763,-0.04188224886655638
868,training,0.0028429704252630472,0.04557035071775317,0.02909140331523609,3.0693767415122974,0.6751350269969082,-0.034084575115798335
869,training,0.0043320911936461926,0.004470495972782374,0.007185141674425867,3.1492497393000343,0.67261480131599,-0.031358959930953195
870,training,0.0004443233774509281,0.0034579215571284294,0.007185141674425867,3.229038540099281,0.6702584403485637,-0.029067230657042125
871,training,0.0008939323015511036,0.006139986217021942,0.007185141674425867,3.3088750269678116,0.6681522886921362,-0.023717313558256365
872,training,0.0017152121290564537,0.012578376568853855,0.013578680694990013,3.368861813299969,0.6668153088253879,-0.021025612765185355
873,training,0.005776090547442436,0.04117728769779205,0.013578680694990013,3.448676986388658,0.6653219128272468,-0.017351101950779883
874,training,0.0026226998306810856,0.04893215233460069,0.013578680694990013,3.5085526027659046,0.6643601094390597,-0.01621184672056356
875,training,0.0018662528600543737,0.061462728306651115,0.020490968645773718,3.5885184049820276,0.6629976986600478,-0.01718037312978017
876,training,0.0021924497559666634,0.028598470613360405,0.020490968645773718,3.6483107603962077,0.6620016978690709,-0.015955940795847327
877,training,0.0016420286847278476,0.008832426741719246,0.020490968645773718,3.708286153943421,0.6611949954102959,-0.010682343139376329
878,training,0.005843457765877247,0.019453249871730804,0.020490968645773718,3.7881825798242414,0.6603887261910395,-0.010082235511463124
879,training,0.0035023395903408527,0.0032219570130109787,0.015862139317356895,3.8680733036083246,0.6595807445725228,-0.01107369605076068
880,training,0.003801502753049135,0.013102145167067647,0.015862139317356895,3.9479240629191086,0.6587398518980623,-0.011276408450094717
881,training,0.001936346641741693,0.03134063770994544,0.015862139317356895,4.027839219255193,0.657877222748876,-0.010503508357359055
882,training,0.0012961998581886292,0.016774973832070827,0.015508923175090065,4.107836773741974,0.657035943046918,-0.009917234493101309
883,training,0.0009474557009525597,0.006275140680372715,0.015508923175090065,4.187685571839946,0.6563125509362346,-0.00815864344097167
884,training,0.01136263832449913,0.021989356726408005,0.015508923175090065,4.247479532672272,0.6559734989281437,-0.004402642168966133
885,training,0.0011986042372882366,0.031202031299471855,0.02551529848526858,4.347408011602092,0.6555798241959517,-0.004195632179000102
886,training,0.0021162552293390036,0.002330673858523369,0.02551529848526858,4.427436513578475,0.6552155055282126,-0.0042034199803834
887,training,0.0008824171382002532,0.02957412227988243,0.02551529848526858,4.507388339392166,0.6548268978310382,-0.005432860424174886
888,training,0.003666465636342764,0.03969874605536461,0.02404321975760559,4.56723852869075,0.6545313438821341,-0.005649209633634777
889,training,0.0017758626490831375,0.0034642955288290995,0.02404321975760559,4.647203729678132,0.6540815044575546,-0.005686026312047383
890,training,0.0030712902080267668,0.0184151753783226,0.02404321975760559,4.707212026980448,0.6538053349784883,-0.0029559501045332568
891,training,0.0018525574123486876,0.00817489717155695,0.020713896069539994,4.7870979315287245,0.6537699894250123,-0.0005112143980352224
892,training,0.003642003983259201,5.35622239112854e-05,0.020713896069539994,4.887037304191869,0.6537504643596956,-0.0006551733641515127
893,training,0.002041296334937215,0.021770164370536804,0.020713896069539994,4.966998211210738,0.6537189594234787,-0.00044684117659877804
894,training,0.0005124558228999376,0.02455716207623481,0.012914383174207159,5.047034285331644,0.6536610162480789,-0.0003809391540569481
895,training,0.0014914434868842363,0.01243828609585762,0.012914383174207159,5.127004899274825,0.6533265025113588,-0.010459811100475393
896,training,0.0017867946298792958,0.01942103542387485,0.012914383174207159,5.186819069728148,0.6527050064665907,-0.011199210577359196
897,training,0.0008093706564977765,0.012426497414708141,0.012214658760436536,5.286824007867496,0.6511209117707637,-0.022641375425235585
898,training,0.000425521720899269,0.02129340684041381,0.012214658760436536,5.36679703188497,0.6493739845238587,-0.018373358118808362
899,training,0.001374273793771863,0.033488500863313675,0.012214658760436536,5.466718406905391,0.6471490716159218,-0.026484146775986147
900,training,0.0003669804718811065,0.018311509862542152,0.012609650112424362,5.586507714474908,0.6431799434385957,-0.03954913214869905
901,training,0.0009952830150723457,0.021888202521950006,0.012609650112424362,5.646480904841004,0.6407181378689423,-0.04206957678228988
902,training,0.0015635550953447819,0.002511322032660246,0.029742271666797163,5.706286267721562,0.6382079614686395,-0.04311336942511108
903,training,0.015438872389495373,0.07928560301661491,0.029742271666797163,5.8060788793160585,0.6338836030266011,-0.043995543420102985
904,training,0.0032113888300955296,0.05109453806653619,0.029742271666797163,5.885820666186676,0.6314777950996135,-0.011620041367840938
905,training,0.0012194393202662468,0.07502520829439163,0.029742271666797163,5.945697647444976,0.631225036167731,0.002698187062437215
906,training,0.0005518646212294698,0.04761205054819584,0.03790996461205011,6.00543261967467,0.631877473302516,0.01838663778801642
907,training,0.0006422616424970329,0.0399760864675045,0.03790996461205011,6.085359100608487,0.63394629604072,0.03204452785929975
908,training,0.0011985388118773699,0.006999789271503687,0.03790996461205011,6.165273031935508,0.6368181985567555,0.03973692404259214
909,training,0.00041866383980959654,0.02984319906681776,0.03321246743742141,6.245090388184044,0.6401619581373662,0.040931874370644473
910,training,0.0031855497509241104,0.002222220879048109,0.03321246743742141,6.305024042278073,0.6425407422824759,0.0379953482129681
911,training,0.0034811878576874733,0.030899303033947945,0.03321246743742141,6.365047651681896,0.6447250002492658,0.03508873856032465
912,training,0.007065539248287678,0.07627013511955738,0.029307185683707337,6.424865245212661,0.6467855380647966,0.03208641843460004
913,training,0.006906882394105196,0.025187524501234293,0.029307185683707337,6.524781968290661,0.6497153234542756,0.02707423371610703
914,training,0.002239314839243889,0.022627865429967642,0.029307185683707337,6.584814349511788,0.6512751353859537,0.025810628816644875
915,training,0.0003905611811205745,0.017376861535012722,0.027933377470086663,6.684776676242087,0.6535811503529332,0.01946376543748341
916,training,0.0015339775709435344,0.04591684602200985,0.027933377470086663,6.7446327150961825,0.654704700439184,0.016984732427020387
917,training,0.0006747571751475334,0.003002703655511141,0.027933377470086663,6.804673238203097,0.6555938876097764,0.012983134764397148
918,training,0.0012982115149497986,0.012130410876125097,0.027933377470086663,6.904603740215326,0.6566732459586948,0.010267929720107639
919,training,0.0011582695879042149,0.03300173394382,0.02816022191548793,7.004541649634834,0.6574596215040848,0.005332364097313192
920,training,0.0014936007792130113,0.034497419372200966,0.02816022191548793,7.0644791876926405,0.6576060458040206,-0.0014061867845682494
921,training,0.0017481897957623005,0.017049845773726702,0.02816022191548793,7.124506850965537,0.6573920718979781,-0.005346849902155652
922,training,0.0014154441887512803,0.0018509910441935062,0.03227797637505738,7.18450929158108,0.6569257085598775,-0.010103168139197658
923,training,0.0006083055632188916,0.0338546596467495,0.03227797637505738,7.244391073196438,0.6563053355901165,-0.010956543000516943
924,training,0.0013137502828612924,0.008582787588238716,0.03227797637505738,7.32435334043188,0.6557600985705784,0.00224039777718479
925,training,0.0006593854632228613,0.006506826262921095,0.028316981692522537,7.404339780302606,0.6560089662089932,0.002712810722519004
926,training,0.0012774323113262653,0.004017928149551153,0.028316981692522537,7.48422647645535,0.6562833380132981,0.0028985629855680516
927,training,0.002336813835427165,0.004450484644621611,0.028316981692522537,7.564145797479105,0.6565679963470664,0.0035387126171022992
928,training,0.00494935130700469,0.018595841247588396,0.018293417826301926,7.664090775722996,0.6569418101136755,0.0038947505593603915
929,training,0.0030673237051814795,0.020669340156018734,0.018293417826301926,7.764040555956821,0.6572853687523326,0.0030116559174439366
930,training,0.0009085844503715634,0.0306126712821424,0.0147410130007694,7.844055711383906,0.6574492529294139,0.0018525594169589961
931,training,0.0017852394375950098,0.014849602710455656,0.0147410130007694,7.924042994626068,0.6575030606757047,-0.000773434287822037
932,training,0.001383763737976551,0.011590037494897842,0.0147410130007694,7.983898726064405,0.6574735673866028,-0.0011364475438693509
933,training,0.004627016372978687,0.011909270659089088,0.011876962787027826,8.083842867718008,0.6573598929412812,-0.0013940867498145393
934,training,0.002846375573426485,0.016432469710707664,0.011876962787027826,8.143913984033897,0.6572662010473254,-0.0014088069020907676
935,training,0.0016517817275598645,0.014649670571088791,0.011876962787027826,8.223841621681625,0.6571482495042261,-0.0021919303035370387
936,training,0.0025079098995774984,0.046498171985149384,0.020335490891967505,8.323766544743593,0.6569749668735168,-0.0024620841857390624
937,training,0.0005953580839559436,0.005155693739652634,0.020335490891967505,8.403647675538071,0.6568205789880956,-0.00241651105980986
938,training,0.001034466316923499,0.009599281940609217,0.020335490891967505,8.463709235380541,0.6566748780605882,-0.002045624879314604
939,training,0.000963079568464309,0.018081139773130417,0.01568860103361925,8.543666692512964,0.6564689272176529,-0.0034502024723459712
940,training,0.0017148174811154604,0.014924755319952965,0.01568860103361925,8.603610071454147,0.6559673891197235,-0.015194749248426304
941,training,0.0020857141353189945,0.008593929931521416,0.01568860103361925,8.663694708589679,0.6546587672679185,-0.02739244889266529
942,training,0.0001472760777687654,0.029088937677443024,0.01568860103361925,8.723626622846476,0.6527156675862889,-0.037386038251632975
943,training,0.0005781673826277256,0.03537340322509408,0.024269781755163904,8.803521311703156,0.6493822372890493,-0.046322864981112336
944,training,0.00108648173045367,0.02574248984456061,0.024269781755163904,8.863484575511885,0.646452119308775,-0.05007547013544502
945,training,0.0021650614216923714,0.010609764605760581,0.024269781755163904,8.942712316988844,0.6430114018683072,-0.03135146722707798
946,training,0.0005764960078522563,0.01055288314819336,0.02690492831681295,9.02238032878169,0.6413453710386426,-0.013254824928049113
947,training,0.003674685023725033,0.009590666741132736,0.02690492831681295,9.08236790463812,0.6409599018913917,0.0016860448796026809
948,training,0.0022204958368092775,0.020081268157809976,0.02690492831681295,9.14213258096479,0.6414048459127711,0.011872973478266182
949,training,0.001305204234085977,0.00825435109436512,0.02690492831681295,9.221979188297448,0.6428181589475865,0.022091135463938816
950,training,0.0013914545997977257,0.0100387972779572,0.019387628340295265,9.32188000358722,0.6451138003423617,0.0219068949311577
951,training,0.006064887624233961,0.0009333430789411072,0.019387628340295265,9.381922745027131,0.6463362549991759,0.01945872441629122
952,training,0.0034786290489137173,0.013673433102667332,0.019387628340295265,9.461837278426085,0.6478562440808462,0.017705149730411072
953,training,0.0005305107333697379,0.024331158463610336,0.014871037662116034,9.521717472578352,0.6489617942747654,0.018703346599085326
954,training,0.0008935453370213509,0.12841488420963287,0.014871037662116034,9.581773304973,0.6500675427799294,0.018316696792134175
955,training,0.0007446457748301327,0.060620402917265885,0.014871037662116034,9.641700389828367,0.6510656768845887,0.00954317796499366
956,training,0.0022894437424838543,0.001269026193767786,0.03259131300468156,9.721829449502318,0.6509926274833326,-0.010413126320096366
957,training,0.0008478867821395397,0.00771807227283716,0.03259131300468156,9.781847711005359,0.6502820330495163,-0.012425059875540696
958,training,0.002818428911268711,0.00041013583540916443,0.03259131300468156,9.841720785243753,0.6495216071389637,-0.014835640208968362
959,training,0.0010183234699070454,0.008393939584493637,0.03259131300468156,9.921776369314726,0.6480034362657702,-0.02340144878755324
960,training,0.0021356260403990746,0.0018564523197710514,0.017561342429196942,9.981756299297233,0.6463399702376567,-0.032167329149093454
961,training,0.005918225739151239,0.04534008540213108,0.017561342429196942,10.041608152398172,0.6442995683899131,-0.03573791410051251
962,training,0.002358729485422373,0.03353486582636833,0.017561342429196942,10.14146391942311,0.6404585088305841,-0.04177882499151757
963,training,0.0011234900448471308,0.04674045369029045,0.0058006752779544415,10.20142680633994,0.6378896310396698,-0.04326962494099382
964,training,0.0005347104743123055,0.042456272989511504,0.0058006752779544415,10.261206432520721,0.6353338294519864,-0.04355732061485582
965,training,0.0006215624744072556,0.01772521808743477,0.0058006752779544415,10.360776945925428,0.6327871503583441,-0.004836536470236358
966,training,0.000791615922935307,0.0011799819767475093,0.017357713858981955,10.440616052677733,0.6334090209847147,0.02056508585842307
967,training,0.0009188029216602445,0.04058720916509628,0.017357713858981955,10.540425757331398,0.6363625981831976,0.03713690983451009
968,training,0.0012540491297841072,0.0018119015730917454,0.017357713858981955,10.640299114575056,0.6401917272270403,0.039170480888048045
969,training,0.0008596183033660054,0.006540240719914436,0.011906328050525628,10.740189957571355,0.6439702703263915,0.03686229222584177
970,training,0.00038785155629739165,0.030903050675988197,0.011906328050525628,10.800085354802972,0.6460762648335167,0.03265918490287373
971,training,0.0013851082185283303,0.004568437114357948,0.011906328050525628,10.87997613179628,0.6485839393515191,0.029926943847847703
972,training,0.0006979641621001065,0.001800142228603363,0.009669662583917753,10.959972826509913,0.6507949957426713,0.025547862433264963
973,training,0.002199251437559724,0.001257406547665596,0.009669662583917753,11.039967247420789,0.6525472829138399,0.018868778080589246
974,training,0.00042900710832327604,0.023428155574947596,0.006319418193069406,11.15985069661841,0.6545822636077917,0.016909607746549267
975,training,0.0008755099843256176,0.03929748525843024,0.006319418193069406,11.219800865663194,0.6555290213362583,0.014267411046644436
976,training,0.0011609205976128578,0.008384676650166512,0.006319418193069406,11.319692388385745,0.6569921280054105,0.014015775803379966
977,training,0.0012515434063971043,0.009497390128672123,0.009924793794366655,11.419583380657846,0.6582733645752533,0.00960901862825074
978,training,0.005174197722226381,0.049271659925580025,0.009924793794366655,11.49950639320551,0.658946540101532,0.007042268503787441
979,training,0.002927814144641161,0.006880893371999264,0.009924793794366655,11.559550227369236,0.6592646432723309,0.004190381362844491
980,training,0.0016643678536638618,0.02182120643556118,0.008562418799861735,11.619448779773402,0.6594756928630243,0.0023898490137770493
981,training,0.0029363837093114853,0.0225484655238688,0.008562418799861735,11.69940493041365,0.659677664014586,0.002602486934630168
982,training,0.0021350409369915724,0.011551832780241966,0.008562418799861735,11.759449665553264,0.6598009333946008,0.0017593623836718085
983,training,0.011759194545447826,0.049037255346775055,0.002775774784075755,11.81931462745035,0.6599340795110391,0.001761150972401244
984,training,0.002258880762383342,0.03923641797155142,0.002775774784075755,11.899298901732196,0.6600928760451776,0.002220823304209057
985,training,0.0015398559626191854,0.0062836273573338985,0.002775774784075755,11.95934418403682,0.6601569796198173,-0.0005598360617481582
986,training,0.0044171130284667015,0.010398291051387787,0.002775774784075755,12.059263026345524,0.6600605876759462,-0.002180407798099783
987,training,0.002192724496126175,0.0360402911901474,0.0103406477756363,12.119138096894934,0.6599575251619201,-0.0021161762249676612
988,training,0.0006305112037807703,0.017254037782549858,0.0103406477756363,12.219080824975817,0.6597387015107445,-0.0023844397419679284
989,training,0.0027572151739150286,0.005549499299377203,0.011317332124889464,12.319023315315164,0.6594862075440081,-0.0026932483550250173
990,training,0.0015902299201115966,0.02120446227490902,0.011317332124889464,12.399063919145135,0.6592276166203265,-0.003277357995958928
991,training,0.001192200928926468,0.03808988258242607,0.011317332124889464,12.45895447426872,0.6590095927197902,-0.00449104737338389
992,training,0.0011033229529857635,0.01946234703063965,0.01182051813532292,12.538851399436608,0.6586829968669047,-0.00458399320032922
993,training,0.0031522526405751705,0.0052555868969648145,0.01182051813532292,12.618839530368097,0.6583076059565649,-0.004674550213057445
994,training,0.0014698882587254047,0.015427205711603165,0.01182051813532292,12.67884166013651,0.6580013284901224,-0.005757285919689474
995,training,0.0033765025436878204,0.005414025858044624,0.01182051813532292,12.738709465909741,0.6576952294291178,-0.005573456605604899
996,training,0.0015604300424456596,0.014118390157818794,0.009145864427353849,12.81874398095535,0.6572294226419807,-0.005530494540244025
997,training,0.003174644662067294,0.04821151867508888,0.009145864427353849,12.878659915406633,0.6568662961401632,-0.0067884841050147166
998,training,0.0012311602476984262,0.038903795182704926,0.009145864427353849,12.958528842027645,0.656361471129694,-0.006919532502221683
999,training,0.001090086530894041,0.03998692333698273,0.020006899327237922,13.03849156809739,0.6558125174890915,-0.006987231354317434
1000,training,0.0012645089300349355,0.051417762879282236,0.020006899327237922,13.098522838103495,0.6553705841656546,-0.007887529938746564
1001,training,0.003304732497781515,0.0053878300823271275,0.020006899327237922,13.178336352032833,0.6548199983656456,-0.006569322976759792
1002,training,0.0007899591000750661,0.008669629693031311,0.024504123736271696,13.278234797669,0.6542577731391479,-0.006186197899046277
1003,training,0.001505304011516273,0.02320004068315029,0.024504123736271696,13.358165167837003,0.6537813905418862,-0.006245567097820986
1004,training,0.0017440509982407093,0.010283274576067924,0.024504123736271696,13.438202642531838,0.6532582111951156,-0.006229572728246286
1005,training,0.0006679994403384626,0.03724062582477927,0.02974336075343572,13.518149556983701,0.6527103557768722,-0.007450407539836261
1006,training,0.003363089170306921,0.04171166382730007,0.02974336075343572,13.597973451870889,0.652190408119459,-0.006519798162181096
1007,training,0.0010734046809375286,0.018092582002282143,0.02974336075343572,13.65787749857283,0.6518872431251698,-0.0040966429319286915
1008,training,0.0017110219923779368,0.009319733828306198,0.021367465636222036,13.757773441213544,0.6517123114889823,0.0011358760655035614
1009,training,0.0015379926189780235,0.007259413134306669,0.021367465636222036,13.817759003528986,0.6518105849955943,0.0012976932188501088
1010,training,0.0024829392787069082,0.01034750510007143,0.021367465636222036,13.897638376074578,0.6519701530180171,0.0015723812473221904
1011,training,0.0013109783176332712,0.016126928385347128,0.009381439679730272,13.957680643725864,0.6520756865467473,0.002203918157068737
1012,training,0.004811449442058802,0.01752174086868763,0.009381439679730272,14.037660888841321,0.6522102355903612,0.001077042574589855
1013,training,0.0007749057840555906,0.02301730401813984,0.009381439679730272,14.097507839697926,0.6523030944925632,0.0010819801246738042
1014,training,0.000616962555795908,0.03575025126338005,0.004326894238211994,14.197453832028671,0.6524292065268384,0.0010883861740718997
1015,training,0.005997548811137676,0.016947444528341293,0.004326894238211994,14.317411867811666,0.6525713198237507,0.0007947374715948556
1016,training,0.0009966493817046285,0.006320273503661156,0.004326894238211994,14.377423906053187,0.6526365477634178,0.0013667111409832724
1017,training,0.001315433531999588,0.001212211325764656,0.016160153626837048,14.477390971145287,0.6527438269102992,0.0013511848215596101
1018,training,0.002416023286059499,0.01755865290760994,0.016160153626837048,14.577343886060406,0.6528051875945716,0.0003307049248277876
1019,training,0.0004620124236680567,0.03573443368077278,0.02399259076974788,14.677315997504842,0.6528014110040894,9.761644722489154e-05
1020,training,0.0027616380248218775,0.03524806722998619,0.02399259076974788,14.737210652319318,0.6527987958848737,-0.000657612344406566
1021,training,0.0017731515690684319,0.021591322496533394,0.02399259076974788,14.837148468070646,0.6527645469944572,-0.0008420300313497558
1022,training,0.001752614276483655,0.015291865915060043,0.03290944435948438,14.897146430250544,0.65272982195984,-0.00045968745196611364
1023,training,0.004330293275415897,0.021416695788502693,0.03290944435948438,14.97716905431078,0.6526669561760737,-0.0009158506888631699
1024,training,0.006131501868367195,0.006154684349894524,0.03290944435948438,15.037022634724362,0.6526269238338965,-0.0012229818672999711
1025,training,0.0015860828571021557,0.01419287733733654,0.03290944435948438,15.136958777080238,0.6525229241521492,-0.0014170922507935274
1026,training,0.0022056291345506907,0.06757312268018723,0.030530948616174676,15.197030439122544,0.6524380832220509,-0.0010469379260717203
1027,training,0.0013234838843345642,0.026788532733917236,0.030530948616174676,15.29686637613838,0.6530694142869523,0.017858727356014008
1028,training,0.0024952986277639866,0.06777453608810902,0.030530948616174676,15.376759713687356,0.6546641934669137,0.019655005149595454
1029,training,0.001086242264136672,0.07480530813336372,0.03738632508679775,15.456584912725555,0.6561844645021113,0.016699821495370457
1030,training,0.0007934171007946134,0.049506202340126045,0.03738632508679775,15.536472938878498,0.6577426288453118,0.024638536280069893
1031,training,0.0011426779674366117,0.044101499021053314,0.036433841363191694,15.636293714266953,0.6610658751898176,0.04314401367614757
1032,training,0.004309015814214945,0.030328142922371626,0.036433841363191694,15.69630057833564,0.6638778417812428,0.050254989531650675
1033,training,0.0007901790086179972,0.010305956006050108,0.036433841363191694,15.775948092688665,0.6683546183163932,0.06181061399015976
1034,training,0.0023114411160349846,0.03461070545017719,0.036433841363191694,15.855599552731166,0.673512885223785,0.06365754558780976
1035,training,0.0002622367755975574,0.02317689172923565,0.02650366188636976,15.935525966349875,0.6783236354689756,0.056698748613576516
1036,training,0.002795503241941333,0.027673013508319848,0.02650366188636976,16.035546775244047,0.6829333759799598,0.03371680155711337
1037,training,0.0006096342112869024,0.01830364018678665,0.012481234608133992,16.115643276741743,0.6847453226117229,0.012140816437249324
1038,training,0.0015744189731776714,0.026094657368957996,0.012481234608133992,16.175585071563173,0.6851460487099136,0.0012895184318890676
1039,training,0.0005077485693618655,0.024865937884896994,0.012481234608133992,16.295642743597874,0.684358672441243,-0.015082869405517276
1040,training,0.0009454225655645132,0.00813140394166112,0.01397579815294807,16.355591899836394,0.6832862833175987,-0.021335343337438264
1041,training,0.0011728390818461776,0.008025059010833502,0.01397579815294807,16.395584125287584,0.68238001074777,-0.023954738849117634
1042,training,0.0010884299408644438,0.02776671200990677,0.01397579815294807,16.475424372715274,0.6804095793343078,-0.026157271548687425
1043,training,0.0003737718507181853,0.035862202290445566,0.01397579815294807,16.535456602958337,0.6788213795046428,-0.02624656036986117
1044,training,0.0010095329489558935,0.020322445780038834,0.013669267966554589,16.615313515972474,0.6766775068706946,-0.028084968511195768
1045,training,0.0051163677126169205,0.016487397253513336,0.013669267966554589,16.695105464200754,0.6744681897369339,-0.028622672010953355
1046,training,0.00035210695932619274,0.0019142339006066305,0.0172703098497184,16.774968677825782,0.672198906109598,-0.02887945002163811
1047,training,0.0010051460703834891,0.015386240556836128,0.0172703098497184,16.87479006819332,0.6694217361058074,-0.026033764749374144
1048,training,0.000759706599637866,0.011983437463641167,0.0172703098497184,16.93479867714459,0.6679093499934844,-0.024314353975631108
1049,training,0.0009166994132101536,0.007507409900426865,0.015648544274223592,17.054586833662828,0.6655098011929219,-0.015343990665007183
1050,training,0.00036259868647903204,0.016561385244131088,0.015648544274223592,17.15450520341333,0.664031527580172,-0.015013746564638523
1051,training,0.002056847559288144,0.019245286006480455,0.015648544274223592,17.234355967311625,0.6628056416752744,-0.016283849574430416
1052,training,0.0026759468019008636,0.027680544182658195,0.017640944367426536,17.314153410874106,0.6615761878359224,-0.015397292075111195
1053,training,0.0008587296470068395,0.03193706274032593,0.017640944367426536,17.413990186254225,0.6602192437620651,-0.012220569479505004
1054,training,0.0024045808240771294,0.0018680086359381676,0.017640944367426536,17.49391258402478,0.6592596774984332,-0.012368166978599982
1055,training,0.001167793059721589,0.004157193936407566,0.01339208431591807,17.57391427584055,0.6584123569548403,-0.0074496675674368094
1056,training,0.002390481997281313,0.0005815755575895309,0.01339208431591807,17.653778434851535,0.6578912103491775,-0.007087966712988834
1057,training,0.0016592933097854257,0.0008460059762001038,0.01339208431591807,17.733624505510175,0.6573611285780381,-0.007379301640000786
1058,training,0.002090059220790863,0.05185313522815704,0.009578587334321566,17.793643092951466,0.6569292144010748,-0.007032205008717032
1059,training,0.0024977612774819136,0.02598511427640915,0.009578587334321566,17.853583897105192,0.6564790742898613,-0.00815999376194085
1060,training,0.001261735102161765,0.00023170094937086105,0.009578587334321566,17.93343830005111,0.6558622420403806,-0.008364860207506207
1061,training,0.0007077801274135709,0.003423008602112532,0.017955411854994555,18.013362297535966,0.6552432621149499,-0.0072602211727708175
1062,training,0.0005290596163831651,0.00400378927588463,0.017955411854994555,18.073407178930488,0.6548174279938,-0.007066600917578799
1063,training,0.0009709902224130929,0.013185610063374043,0.017955411854994555,18.153189187327982,0.6543853539092148,-0.004336188886156809
1064,training,0.0014528955798596144,0.00376998633146286,0.02273000169227204,18.25310989227536,0.6540225275409051,-0.004305559107219942
1065,training,0.0006280560046434402,0.017618566751480103,0.02273000169227204,18.33303803295549,0.6536968201031362,-0.004414160754710935
1066,training,0.0018443099688738585,0.021134830079972744,0.02273000169227204,18.413074714534705,0.6533264894819261,-0.0044490098803321235
1067,training,0.0018416541861370206,0.005995352752506733,0.025172041148810203,18.493037601403756,0.653037549069373,-0.0021391660471738786
1068,training,0.0037198560312390327,7.538031786680222e-05,0.025172041148810203,18.552868646537245,0.6529652614861009,-0.0016581367138310866
1069,training,0.003230266971513629,0.010523112490773201,0.025172041148810203,18.632856042260446,0.6528408335767807,-0.001590425600252373
1070,training,0.0006063672481104732,0.007439699489623308,0.012754275805433176,18.69289977432517,0.6527274443341156,-0.00228175384644846
1071,training,0.003002182813361287,0.023601576685905463,0.012754275805433176,18.77283232491342,0.652517833041439,-0.004856559769026644
1072,training,0.0003249272995162755,0.004614450968801975,0.012754275805433176,18.852824603379965,0.6516960368240943,-0.01735035780870231
1073,training,0.003334631212055683,0.022426088340580463,0.008290126531798407,18.93285704363178,0.6501454043507572,-0.019231384006977943
1074,training,0.002422297839075327,0.016157113015651703,0.008290126531798407,19.012722665553397,0.6488141900813114,-0.011374395913380244
1075,training,0.0017444414552301168,0.030580517835915085,0.009974078879174304,19.092776808674067,0.6478571285277092,-0.01803345196230276
1076,training,0.0012173588620498776,0.10059657134115696,0.009974078879174304,19.172705630431434,0.6460169735343274,-0.02878797519592977
1077,training,0.0013670438202098012,0.046773867681622505,0.009974078879174304,19.232784952483275,0.6440512247775356,-0.03599168061265562
1078,training,0.0009005711763165891,0.016002107411623,0.010350045181316178,19.312630770674126,0.6408236736887916,-0.04467786858909993
1079,training,0.005158992018550634,0.0718396925367415,0.010350045181316178,19.412412475587733,0.6362119643806865,-0.04743751597226665
1080,training,0.0006124061765149236,0.07640467816963792,0.010350045181316178,19.512164546053068,0.6315830918085606,-0.04657375758861027
1081,training,0.0015053930692374706,0.0886858869343996,0.01965137823742603,19.61191230780362,0.627113658677597,-0.04422305842599154
1082,training,0.0008380797225981951,0.07313488610088825,0.01965137823742603,19.711656969504684,0.6229580199306689,-0.0403139852666755
1083,training,0.0005739509942941368,0.053437890484929085,0.01965137823742603,19.771485562665926,0.6206841333671144,-0.03642532476103212
1084,training,0.0010889748809859157,0.03123858012259007,0.021389653753360507,19.851410504744685,0.617970661132027,-0.03027741942736777
1085,training,0.0009422007715329528,0.03489425964653492,0.021389653753360507,19.951203557958415,0.6154663497485846,-0.019375358434628058
1086,training,0.0006991703994572163,0.05124021228402853,0.021389653753360507,20.01096883497117,0.6144313439251875,-0.016239601222179056
1087,training,0.0011265254579484463,0.010880770161747932,0.03166886864079574,20.11089730010427,0.6125170403817349,-0.02329169245892528
1088,training,0.0036472557112574577,0.009952019900083542,0.03166886864079574,20.190791133249622,0.6106116295693468,-0.024314217859005127
1089,training,0.0007821822655387223,0.024128645658493042,0.04052716750303916,20.27086764723158,0.6082201388812347,-0.036270699556884174
1090,training,0.0007265206659212708,0.013303473126143217,0.04052716750303916,20.33070743730036,0.6057728136094247,-0.04561510003333912
1091,training,0.001302603748627007,0.012336931191384792,0.04052716750303916,20.410517956067114,0.6019457096801514,-0.04992874716247195
1092,training,0.0012948827352374792,0.027369074523448944,0.04052716750303916,20.470486758188976,0.5989278704001184,-0.0500748467315863
1093,training,0.0018710908479988575,0.011529524810612202,0.05013729296079702,20.53024685540614,0.5959255724524882,-0.051194117810227834
1094,training,0.0017815136816352606,0.000897431222256273,0.05013729296079702,20.59018528065238,0.5928687499912186,-0.05055551001335206
1095,training,0.0010223089484497905,0.014736086130142212,0.05013729296079702,20.68993669174087,0.5877069792931069,-0.05172221790812521
1096,training,0.000845010916236788,0.036447251215577126,0.03763430104613248,20.789653873369218,0.5826739745040369,-0.046951154206535194
1097,training,0.0023922978434711695,0.08498990256339312,0.03763430104613248,20.84938744062804,0.5800118222852939,-0.04221331308086233
1098,training,0.0009747065487317741,0.005594535730779171,0.03763430104613248,20.929126709803075,0.5769066214993417,-0.03759143829654348
1099,training,0.000715812377166003,0.008556049317121506,0.026349614381971573,20.989134104380284,0.5747356681863184,-0.0339137331768034
1100,training,0.001642186427488923,0.0036514122039079666,0.026349614381971573,21.08892864206795,0.5716130222544473,-0.028336207461081963
1101,training,0.0022439053282141685,0.020587196107953787,0.026349614381971573,21.148664119025046,0.5700535643864487,-0.02432183834532497
1102,training,0.0023913257755339146,0.014872950501739979,0.02167354623280697,21.2484890567128,0.5678704337009521,-0.021067353507291678
1103,training,0.0011698066955432296,0.020742767490446568,0.02167354623280697,21.30854133393549,0.566623916026909,-0.02038646463220541
1104,training,0.0007999545778147876,0.023352204356342554,0.02167354623280697,21.38841238292705,0.565039973277109,-0.017749196765609526
1105,training,0.00036521273432299495,0.03705413639545441,0.021365966759894207,21.468200254404717,0.5637326915658095,-0.016539523905185087
1106,training,0.002068782690912485,0.021061448380351067,0.021365966759894207,21.54804261097632,0.562455824929524,-0.016569537185549155
1107,training,0.0028906173538416624,0.0706767812371254,0.021365966759894207,21.608128150991515,0.5614495734819603,-0.01664876863052349
1108,training,0.0011054776841774583,0.021945323795080185,0.026566689135994644,21.68782460878122,0.560542025003808,-0.0011436853584066901
1109,training,0.0014068923192098737,0.02106010541319847,0.026566689135994644,21.767539114576838,0.5613566410325782,0.019914886271379266
1110,training,0.0017158236587420106,0.004215004853904247,0.026566689135994644,21.867333129985045,0.5643152494023238,0.03912688992995165
1111,training,0.006841735448688269,0.047018918208777905,0.0026873544645363867,21.947233145165832,0.5676942220993767,0.045366415182238065
1112,training,0.0011264232452958822,0.02136277500540018,0.0026873544645363867,22.027165942074205,0.571690517383055,0.057880276998507944
1113,training,0.0005322356591932476,0.010092400014400482,0.0026873544645363867,22.106919087316957,0.5766170499131765,0.06407941748397188
1114,training,0.0004086741537321359,0.00995811261236668,0.017502428969421797,22.18661992401263,0.5818061307694754,0.06518698895063182
1115,training,0.0006047774222679436,0.016917744651436806,0.017502428969421797,22.266497091012955,0.5867985229258551,0.05823315760917871
1116,training,0.00043954967986792326,0.04936420917510986,0.017502428969421797,22.366399889944102,0.5921878329665056,0.049949936927676276
1117,training,0.0017935722135007381,0.024129783734679222,0.007193781791098994,22.44647203521123,0.5957733641796197,0.03964491157610951
1118,training,0.0003134356811642647,0.0182803594507277,0.007193781791098994,22.506374842353523,0.5979413855311515,0.03290145781516306
1119,training,0.0010576782515272498,0.025549796409904957,0.007193781791098994,22.586285456858345,0.6003843268825507,0.02809171624619159
1120,training,0.000334803422447294,0.038908688351511955,0.032593385819464124,22.666207534041057,0.602919402349798,0.0377283197032494
1121,training,0.0008846735581755638,0.009808874689042568,0.032593385819464124,22.72621602641286,0.6051172792806234,0.03315987390916336
1122,training,0.0018313832115381956,0.05904992856085301,0.032593385819464124,22.846051707569238,0.6092089519079303,0.03869594009690793
1123,training,0.003178626298904419,0.0346147920936346,0.03846972124309855,22.90568342704495,0.611883445415472,0.05257198280134674
1124,training,0.006215446162968874,0.05944899283349514,0.03846972124309855,22.985406640267463,0.616878452952177,0.0728082802869766
1125,training,0.0007854317664168775,0.05722467973828316,0.03846972124309855,23.04547969398222,0.6209320346597862,0.05882844419770283
1126,training,0.0016562181990593672,0.02359771728515625,0.03156637041388873,23.145572447428652,0.6252759632394977,0.0268502815359224
1127,training,0.001336373738013208,0.02786664292216301,0.03156637041388873,23.205544662316168,0.6265096015031303,0.014157841644824911
1128,training,0.000618920661509037,0.03068716265261173,0.029812286709919637,23.305599095756904,0.6270219000146886,-0.0034304500740023557
1129,training,0.0009868522174656391,0.06343336589634418,0.029812286709919637,23.365700697130777,0.6265789761881874,-0.010447570031573662
1130,training,0.0008464946877211332,0.04272575490176678,0.029812286709919637,23.445671443008624,0.6254597803317162,-0.018216855885160095
1131,training,0.0004928832640871406,0.05629395693540573,0.029812286709919637,23.505549246627954,0.6242786316482206,-0.022042696641968916
1132,training,0.000814546481706202,0.07410532981157303,0.03763142335424062,23.58557360751683,0.6224423821430359,-0.02269291396262975
1133,training,0.0013855681754648685,0.05017057806253433,0.03763142335424062,23.66545587289288,0.6205687189726777,-0.024155642686959418
1134,training,0.0002724234072957188,0.050217720214277506,0.03763142335424062,23.72522434333516,0.6191487751668444,-0.024501951158927192
1135,training,0.0014770796988159418,0.06200176244601607,0.03821867192231907,23.805147721343502,0.6172209450115809,-0.023617737118735705
1136,training,0.0011440282687544823,0.06781568564474583,0.03821867192231907,23.865118841700866,0.615813744478153,-0.023349864353588008
1137,training,0.0020726232323795557,0.051893437281250954,0.03821867192231907,23.944887934998984,0.6141013965605683,-0.020391677065275064
1138,training,0.00016715985839255154,0.05478828866034746,0.03100852915260091,24.024746631238205,0.6126758150448978,-0.01550536646080424
1139,training,0.001087383832782507,0.07360360771417618,0.03100852915260091,24.084810467935924,0.6118357956020912,-0.012302871502102916
1140,training,0.0011592379305511713,0.06314824521541595,0.03100852915260091,24.164660682884374,0.6109491342682304,-0.011718224387224653
1141,training,0.0010048109106719494,0.011552844196557999,0.034716363056773884,24.284601278841677,0.6095405304478055,-0.012514377295408424
1142,training,0.0007390555110760033,0.013525459915399558,0.034716363056773884,24.36430626847527,0.6092031073290588,0.005662772935935122
1143,training,0.0012162176426500082,0.029200790449976918,0.034716363056773884,24.44411930802884,0.6103403546637943,0.022305719554210943
1144,training,0.0009336415678262711,0.030811987817287438,0.03288097915730135,24.524057905859472,0.612664810450078,0.03592699407070136
1145,training,0.0007851467235013843,0.016452733427286148,0.03288097915730135,24.583852703151393,0.6152882369969348,0.05229485378923154
1146,training,0.0013490649871528149,0.07973473146557808,0.03288097915730135,24.643607011615586,0.6188921474611409,0.06812016191988561
1147,training,0.002095381263643503,0.04176764748990536,0.028452371308546286,24.723423661433795,0.6247114027796105,0.07562881359293715
1148,training,0.0013827893417328596,0.06513653509318829,0.028452371308546286,24.80312434625571,0.6310075863727753,0.08238005134562261
1149,training,0.0011100803967565298,0.0504363290965557,0.028452371308546286,24.882667788793746,0.637800104892205,0.0873985665822581
1150,training,0.0036177742294967175,0.07256166264414787,0.02077924605172788,24.942342918768396,0.6434319551850262,0.10222353933592909
1151,training,0.0011097886599600315,0.027578264474868774,0.02077924605172788,25.02182102661379,0.6523288364779858,0.12019487106973607
1152,training,0.0017864012625068426,0.05751157552003859,0.012049088909704218,25.120432583777358,0.6661544944857815,0.16291368824456065
1153,training,0.0005977022228762507,0.09370279684662819,0.012049088909704218,25.198689509322122,0.6805261907010673,0.20004699756054173
1154,training,0.001855290262028575,0.01708459854125978,0.012049088909704218,25.276761637074557,0.6971405254441417,0.21729025617514358
1155,training,0.000632665294688195,0.002335846424102783,0.012049088909704218,25.334979036603904,0.710845709472688,0.24531699018288805
1156,training,0.0007588927983306348,0.025371752679347978,0.03146351869838052,25.41174397442211,0.7318105765271166,0.28819748205330237
1157,training,0.0005987163749523461,0.03948241472244263,0.03146351869838052,25.48754795772024,0.7561929593456247,0.33632677190740873
1158,training,0.0006100214086472988,0.17462638765573496,0.03146351869838052,25.561989236902576,0.7843899649552418,0.3881186592088445
1159,training,0.000717496732249856,0.2129305973649025,0.062370361980956905,25.634022716678302,0.8170094215340082,0.47310883923412395
1160,training,0.001611030544154346,0.2203698828816414,0.062370361980956905,25.68577620759826,0.8460429760614003,0.550428290599434
1161,training,0.001041172887198627,0.17534188553690913,0.05755884757526421,25.766452873834087,0.9030316400189808,0.6773768423927683
1162,training,0.0022888167295604944,0.1756824515759945,0.05755884757526421,25.8112467228077,0.9417649233181443,0.7466194283545032
1163,training,0.0006645326502621174,0.21748277917504313,0.05755884757526421,25.86731596813908,0.9980931059248932,0.826903477723356
1164,training,0.002601096173748374,0.1615152806043625,0.07671929112974661,25.90598748434515,1.042974454276714,0.8946608141438889
1165,training,0.0023229247890412807,0.11423606425523758,0.07671929112974661,25.95302082178301,1.1068856046834357,0.9757880351930313
1166,training,0.0049263774417340755,0.19018030539155006,0.07671929112974661,25.984914300077005,1.1569979235655945,1.0304992301312297
1167,training,0.00036482702125795186,0.10229089856147769,0.10764670092765574,26.014183149221143,1.2089621481231798,1.0864861898597693
1168,training,0.0005006658029742539,0.07673035562038422,0.10764670092765574,26.05672919570729,1.2987775785238491,1.1676920395864943
1169,training,0.0004767045029439032,0.05418974161148073,0.10764670092765574,26.08580742861525,1.3726973672354055,1.222446142797031
1170,training,0.000541785208042711,0.0009472593665122986,0.09203793606171408,26.11110860276086,1.4480742866635026,1.2720089631494014
1171,training,0.002331316703930497,0.008762456476688399,0.09203793606171408,26.137870878874566,1.5439156706503896,1.3241736794809789
1172,training,0.0003632939187809825,0.04566504806280136,0.06045204403007624,26.159857744583455,1.6410303903635044,1.3719891932614638
1173,training,0.004102672450244427,0.009854294359684004,0.06045204403007624,26.17428552937096,1.7194364238259945,1.4035149831406029
1174,training,0.0006853502709418535,0.0257370099425316,0.06045204403007624,26.183295012348253,1.7783989245995666,1.435570428941256
1175,training,0.0010260491399094462,0.011372506618499756,0.03654673469968023,26.190408027224922,1.837883324109839,1.4683941629449844
1176,training,0.0010710774222388864,0.03358882665634155,0.03654673469968023,26.1965728285483,1.9170958205048154,1.519310932642527
1177,training,0.001321981893852353,0.06149173527956009,0.03654673469968023,26.19864513513989,1.9768275807697642,1.5524168297303476
1178,training,0.0012069864897057414,0.08708779513835906,0.03654673469968023,26.197508463371623,2.0763606066459523,1.6117708868829903
1179,training,0.0014686729991808534,0.043012358248233795,0.033741671124093674,26.19267273268137,2.1559510269766995,1.6474008897718262
1180,training,0.0013518991181626916,0.02787881344556807,0.033741671124093674,26.182852651035482,2.2550343864536724,1.6920635067434113
1181,training,0.0004006648377981037,0.06125790625810623,0.033741671124093674,26.17476676734669,2.3142028143926585,1.7228182639009317
1182,training,0.0023515853099524975,0.021857172250747695,0.050097108469727133,26.161475732406842,2.3929700749021814,1.750475811466254
1183,training,0.002790797268971801,0.05595812201499939,0.050097108469727133,26.150059308403137,2.451514175931607,1.7757201571001464
1184,training,0.0005601416924037039,0.04582907259464264,0.06797452012341956,26.123289814004305,2.56810561700541,1.815968177878613
1185,training,0.0020710667595267296,0.0433826819062233,0.06797452012341956,26.09672359235059,2.6640650516559345,1.866961475920583
1186,training,0.005634499713778496,0.019154559820890427,0.06797452012341956,26.066116700401587,2.7590123866146894,1.8946303135486031
1187,training,0.0009784861467778683,0.0002225004136562278,0.04434165415862899,26.040114576246566,2.8345710484646265,1.909911530098258
1188,training,0.0015376947121694684,0.024152483791112907,0.04434165415862899,26.012866406673012,2.9097634613087733,1.9268706720808326
1189,training,0.0007446552626788616,0.004640400409698486,0.04434165415862899,25.97688186108138,3.002787806024868,1.952502702088093
1190,training,0.0024180039763450623,0.036159295588731766,0.031067583156510217,25.954237829989232,3.058045026784774,1.9668473247706864
1191,training,0.0005709297256544232,0.06332981772720814,0.031067583156510217,25.92317471892032,3.1316371314928477,1.9718246318270107
1192,training,0.0016303822631016374,0.007839223835617304,0.031067583156510217,25.883836787020577,3.223411856195707,1.979864015953466
1193,training,0.0008236428257077932,0.1097365915775299,0.020388531349831235,25.843906784537314,3.314961355817575,1.982521716850881
1194,training,0.0015955626731738448,0.0162703599780798,0.020388531349831235,25.818902895744042,3.3693585814954354,2.02004631238578
1195,training,0.002581121865659952,0.030729413032531752,0.020388531349831235,25.783348459362188,3.4407662710100015,2.040380546432193
1196,training,0.0005428923759609461,0.008312374353408813,0.03173633165709215,25.727338966217193,3.5462879018309326,2.0817222955159562
1197,training,0.0005027208244428039,0.009990572929382338,0.03173633165709215,25.68751441809382,3.6154275744708375,2.106130297425048
1198,training,0.0014561198186129332,0.012459401041269302,0.041227024619403446,25.65654272794053,3.6665128204171,2.1251570088343104
1199,training,0.0025269165635108948,0.01764699164777994,0.041227024619403446,25.60281602783363,3.75047051202324,2.153510267296748
1200,training,0.0024844272993505,0.06266532000154257,0.041227024619403446,25.547243840570296,3.8333629622926004,2.164494183122922
1201,training,0.0010322154266759753,0.011612530797719955,0.0434796566488452,25.51336809608052,3.8827980767695713,2.181809524423437
1202,training,0.0006908709765411913,0.011791737750172615,0.0434796566488452,25.478615330141448,3.931481697151693,2.1992591359159293
1203,training,0.0007075986359268427,0.019164114259183407,0.0434796566488452,25.43118142934282,3.9956202406565042,2.211983783669036
1204,training,0.0006356702651828527,0.0906878374516964,0.0434796566488452,25.370973684396752,4.075312856878537,2.2240022002775572
1205,training,0.0009051765082404017,0.062499676831066615,0.022927426439375124,25.321828271248645,4.138293085372443,2.2463689618099116
1206,training,0.0024980693124234676,0.030143747106194496,0.022927426439375124,25.27112859653161,4.200091175868849,2.269055064417335
1207,training,0.0017391525907441974,0.058823494240641594,0.022927426439375124,25.20655506549678,4.276126555614981,2.278677290004754
1208,training,0.001377203851006925,0.030503293499350548,0.018835498869072903,25.155143560048757,4.335792925236176,2.281117355509963
1209,training,0.0015169702237471938,0.00371389277279377,0.018835498869072903,25.103102044866308,4.396337308991301,2.2773703173868816
1210,training,0.0017247002106159925,0.020009323954582207,0.018835498869072903,25.026212190046238,4.487738863891008,2.2661169943891015
1211,training,0.003692159429192543,0.031596468761563294,0.010467402541560571,24.97555123079008,4.549106761224428,2.2548675451059443
1212,training,0.00044444308150559664,0.03934252634644509,0.010467402541560571,24.92542677698721,4.6116276047116385,2.2376625265479237
1213,training,0.002059340476989746,0.018485460430383682,0.010467402541560571,24.87628895996609,4.67502295813003,2.2228744236837428
1214,training,0.0008878754451870918,0.05757502466440201,0.018173170837155663,24.827946320058064,4.738512721292937,2.221288488501497
1215,training,0.0005919730756431818,0.004229119047522545,0.018173170837155663,24.76792844576274,4.818460137001353,2.2050565201554644
1216,training,0.0007103513926267624,0.028560316190123558,0.018173170837155663,24.720744955710945,4.882960437502647,2.2020567157254645
1217,training,0.0009021067526191473,0.09383333474397659,0.018173170837155663,24.685314024585452,4.931521513673653,2.200182719917593
1218,training,0.00014282437041401863,0.06159669812768698,0.02999385996294756,24.638534586200613,4.996446446841421,2.188333470047139
1219,training,0.0017952453345060349,0.06988306157290936,0.02999385996294756,24.58093194945585,5.078142193339651,2.18183296556337
1220,training,0.0017628541681915522,0.03349201753735542,0.02999385996294756,24.52388968918203,5.160211641590732,2.1728463954438717
1221,training,0.0018051633378490806,0.023337133228778846,0.007145810077869383,24.489950751065955,5.209530405327628,2.17581437438224
1222,training,0.0007656280067749321,0.11530700698494911,0.007145810077869383,24.444094006027548,5.275027050786296,2.190072243105912
1223,training,0.000992717919871211,0.03190724179148674,0.007145810077869383,24.40904267770938,5.323489818772349,2.204150828305317
1224,training,0.0008902171975933015,0.21438933536410332,0.007145810077869383,24.36124106151737,5.387379541818089,2.221513107074814
1225,training,0.000890110619366169,0.01388517022132875,0.02551459603981057,24.312389762495375,5.450644758464895,2.2351876283819103
1226,training,0.0013878130121156573,0.011906385421752937,0.02551459603981057,24.27507548720047,5.497526113702511,2.253560614368658
1227,training,0.0018901913426816463,0.03389129042625427,0.02551459603981057,24.2110611020057,5.574020861255683,2.2801934620678495
1228,training,0.000876152771525085,0.003096487373113639,0.02551459603981057,24.171747243985333,5.61896018251343,2.3004535609387204
1229,training,0.002764552365988493,0.032787080854177475,0.021396545365190887,24.117784763766647,5.677844766833782,2.3224809613165314
1230,training,0.0005953519139438868,0.055443938821554184,0.021396545365190887,24.07658035689819,5.721139078748618,2.3405063444983503
1231,training,0.0005940620321780443,0.09505834057927132,0.021396545365190887,24.02065766319803,5.778026684947186,2.3523041693819615
1232,training,0.0007306340849027038,0.07297148928046227,0.019154705857782766,23.949775596753295,5.848239572124818,2.3698771370633653
1233,training,0.001993319485336542,0.07451905123889446,0.019154705857782766,23.89213907385367,5.903536366106822,2.382572859228992
1234,training,0.0015285855624824762,0.08388073742389679,0.019154705857782766,23.8046861792717,5.98528441861728,2.395545163709497
1235,training,0.0021696335170418024,0.022776603698730483,0.011299620798363849,23.730698504122117,6.052141459078849,2.4196252074947804
1236,training,0.0016585331177338958,0.02869558706879615,0.011299620798363849,23.670154196364557,6.103960467016359,2.4471239880768407
1237,training,0.0010135401971638203,0.002789393067359938,0.011299620798363849,23.623810983548196,6.141805314218504,2.4663221076515227
1238,training,0.005821944214403629,0.05316899623721838,0.011299620798363849,23.56095516738289,6.190888442713622,2.493177648971965
1239,training,0.005742493085563183,0.07628623768687251,0.0034424714728732413,23.513033657130865,6.226770833417151,2.500575467422205
1240,training,0.0014822930097579956,0.08860918879508972,0.0034424714728732413,23.43186644554487,6.2844045399116695,2.5561764086704857
1241,training,0.001648403238505125,0.047445110976696014,0.0034424714728732413,23.34717188856091,6.336532424685863,2.6244987580695294
1242,training,0.0009094646666198969,0.0037856008857488632,0.07023179045563259,23.277103525677788,6.374694233056976,2.658609074005999
1243,training,0.0011799318017438054,0.035198877565562725,0.07023179045563259,23.18822941275868,6.420070745625377,2.6757493264368457
1244,training,0.00044344516936689615,0.004107296466827393,0.051354915644398376,23.08123090594874,6.474105942511329,2.6694524587486193
1245,training,0.005199729930609465,0.06282077543437481,0.051354915644398376,23.027758080320904,6.50148876939644,2.6663765656371257
1246,training,0.0013925477396696806,0.016196981072425842,0.051354915644398376,22.974645093242938,6.529125550060408,2.6571542500342096
1247,training,0.0013457783497869968,0.0034262817353010178,0.051354915644398376,22.903925476859346,6.566436198606206,2.657607873858397
1248,training,0.001303735189139843,0.02216290030628443,0.04229550949453332,22.833001425587426,6.603433944853173,2.663064918697132
1249,training,0.0010430661495774984,0.0038814079016447067,0.04229550949453332,22.74410597960342,6.648838877564961,2.6753641808996482
1250,training,0.004905544221401215,0.07332305610179901,0.03377865754709809,22.654933592349078,6.693773827468522,2.6709935431623943
1251,training,0.001257425406947732,0.006731100380420685,0.03377865754709809,22.583731333849478,6.730060596733286,2.6703762270329103
1252,training,0.0006901240558363497,0.014416343532502651,0.03377865754709809,22.512706410409866,6.7667192194018195,2.65782603723455
1253,training,0.0010978588834404945,0.008228146471083166,0.023059389755589202,22.441984907374962,6.804048219772903,2.6553486171546337
1254,training,0.0011858583893626928,0.03240459877997637,0.023059389755589202,22.37124366627176,6.8415432772486575,2.651060189646549
1255,training,0.004666303284466267,0.012535603716969494,0.023059389755589202,22.300868301922648,6.879656920090933,2.638062759134595
1256,training,0.0006943965563550591,0.06153384782373905,0.011922860271761022,22.24855467000998,6.908782100666749,2.629455490087482
1257,training,0.002829762641340494,0.05916981585323811,0.011922860271761022,22.196153567008462,6.9382101333212995,2.631771855738058
1258,training,0.0006522847688756883,0.0131238903850317,0.011922860271761022,22.108692875975144,6.986407179183525,2.643849061870357
1259,training,0.00040854443795979023,0.006060403306037187,0.011922860271761022,22.05610276541717,7.014848064025998,2.6461936901813825
1260,training,0.0015187759418040514,0.024469364434480667,0.011490379528588241,21.98577632537134,7.052913103305137,2.643934058939342
1261,training,0.0011487661395221949,0.03417875524610281,0.011490379528588241,21.915517744494593,7.091420730446552,2.634007526089523
1262,training,0.00527202058583498,0.002350829541683197,0.011490379528588241,21.863247204536325,7.120698198864342,2.6279282300836875
1263,training,0.0010000246111303568,0.06187288090586662,0.012559498011580928,21.793793889817294,7.160366153055146,2.616991433635915
1264,training,0.002322976477444172,0.04090374894440174,0.012559498011580928,21.707261898525616,7.2103331238450545,2.620605074698541
1265,training,0.0026646163314580917,0.00044987909495830536,0.012559498011580928,21.637752826467217,7.249907872143491,2.6277488208537583
1266,training,0.0015192581340670586,0.008565650321543217,0.009186603750609338,21.585482361915794,7.279255349837167,2.6316060958938694
1267,training,0.001178864622488618,0.051140978932380676,0.009186603750609338,21.498271512964223,7.328003426095602,2.6319344151071986
1268,training,0.0008922576671466231,0.0037207957357168198,0.009186603750609338,21.446001952601254,7.357393534751358,2.6257610837235172
1269,training,0.001289177918806672,0.030275910161435604,0.011188209740469503,21.393711506279566,7.386934698818986,2.6310892411123747
1270,training,0.0006057795835658908,0.014664062298834324,0.011188209740469503,21.341577734087828,7.416058779437314,2.6304608792314284
1271,training,0.002169303596019745,0.04061070270836353,0.011188209740469503,21.27189254447499,7.455478197027834,2.622123857856333
1272,training,0.0004685080493800342,0.11466453224420547,0.011188209740469503,21.21983869396749,7.485425671348866,2.6167247074137823
1273,training,0.0005775731988251209,0.047202095098327845,0.010881297259670015,21.150701169806457,7.525278356020469,2.62549587927488
1274,training,0.00036408091546036303,0.04099151724949479,0.010881297259670015,21.081029014239842,7.564469900197093,2.6296037281136146
1275,training,0.00044257508125156164,0.06570343673229218,0.010881297259670015,21.028608417383854,7.593878098948161,2.6310258028858784
1276,training,0.0008847062708809972,0.04036485031247139,0.01810358048255869,20.959012809388057,7.633015674148758,2.6260353177585034
1277,training,0.0027855962980538607,0.01897045597434044,0.01810358048255869,20.90684814597487,7.662474723510407,2.6308073884493575
1278,training,0.0005186814232729375,0.03389926231466234,0.01810358048255869,20.854344875850117,7.691511640073338,2.642314563728686
1279,training,0.0007007690146565437,0.010723218321800228,0.020793473238395713,20.748972660120838,7.748644680274736,2.6436085513113112
1280,training,0.0013208152959123254,0.0014857947826385533,0.020793473238395713,20.67861891333714,7.786528756695122,2.6523166054669858
1281,training,0.0020284107886254787,0.017683706246316433,0.020793473238395713,20.625731017067867,7.814515734741955,2.657170779602105
1282,training,0.0016294070519506931,0.015300406143069269,0.013924934791480933,20.554808749827615,7.851449929386543,2.6657715347420927
1283,training,0.004017788916826248,0.04684876278042793,0.013924934791480933,20.501488452258346,7.878705522453268,2.671626010515133
1284,training,0.001783106941729784,0.027082612738013268,0.013924934791480933,20.430291379479996,7.9150580881643915,2.6650629770614995
1285,training,0.0009916451526805758,0.034062426537275314,0.013924934791480933,20.376964148997796,7.942752460323514,2.6594096375407705
1286,training,0.000899176811799407,0.01913092751055956,0.014006042138415093,20.288669767907717,7.989811623223873,2.6417332625148937
1287,training,0.0007958610076457262,0.056308209896087646,0.014006042138415093,20.21863169186815,8.02839013535161,2.6353780617212093
1288,training,0.002178108086809516,0.03355393745005131,0.014006042138415093,20.166446907673027,8.057029780017903,2.6479508970942023
1289,training,0.0015169475227594376,0.07258681254461408,0.018117219693109088,20.09577515507525,8.094354544692097,2.659967602126181
1290,training,0.0012532694963738322,0.01029197871685028,0.018117219693109088,20.04263493183531,8.122056179279221,2.6605346539793366
1291,training,0.0016378656728193164,0.001997099258005619,0.018117219693109088,19.98960017959805,8.149701192388791,2.6633721049877153
1292,training,0.0019217461813241243,0.01613069511950016,0.023699318687168687,19.918520590325475,8.186368557443148,2.6645594759858002
1293,training,0.0008816983317956328,0.0237426464445889,0.023699318687168687,19.847433136133937,8.222847960911146,2.671268310744756
1294,training,0.001136742765083909,0.07434718124568462,0.023699318687168687,19.794108944294486,8.24995802041813,2.6708250314184188
1295,training,0.001208047498948872,0.05859998892992735,0.023699318687168687,19.740614801495486,8.277230410227473,2.667778729768172
1296,training,0.0074331751093268394,0.03376833721995354,0.024462359840875695,19.6693994836795,8.313289620774592,2.681927280029927
1297,training,0.0016156290657818317,0.03007293120026588,0.024462359840875695,19.615691656604408,8.339580828352943,2.6899915349784496
1298,training,0.0005584466853179038,0.00019898079335689545,0.024462359840875695,19.543632321812595,8.374133721713873,2.6970323356805075
1299,training,0.0006573112914338708,0.0013399617746472341,0.030928012496419865,19.47147880352905,8.408475535106128,2.6944142403051217
1300,training,0.0017022372921928763,0.047002665232867,0.030928012496419865,19.399417087898215,8.442863397120858,2.6995760773073325
1301,training,0.003261672332882881,0.04403634276241064,0.030928012496419865,19.30913721516817,8.485651297906545,2.6975991273289393
1302,training,0.0017249949742108583,0.006284049712121485,0.02559710281142387,19.254971564902014,8.511213649597856,2.7052488814591853
1303,training,0.0018563357880339026,0.019745683297514915,0.02559710281142387,19.164275391840732,8.552943833733519,2.7117370358356263
1304,training,0.001784563879482448,0.04108678735792637,0.024988813629158287,19.073327386554293,8.594020438480918,2.723004732244475
1305,training,0.0009336653747595847,0.06488378532230854,0.024988813629158287,19.000245441678686,8.626081197579804,2.7314422579096287
1306,training,0.005367564037442207,0.07387666963040829,0.024988813629158287,18.945252819518345,8.649758650210341,2.739851618044897
1307,training,0.0011011066380888224,0.01727492362260818,0.024988813629158287,18.871513066584384,8.680264991118955,2.7588207912927016
1308,training,0.0006417318363673985,0.021750633604824543,0.01395038418569467,18.81592666713357,8.702282078096344,2.7673818333992686
1309,training,0.0008885390707291663,0.018076962791383266,0.01395038418569467,18.74141562723423,8.731068684226925,2.7805644916966497
1310,training,0.0006916323909536004,0.047168852761387825,0.01395038418569467,18.64799615176331,8.766490152751675,2.7727113991749164
1311,training,0.002122910926118493,0.07906220480799675,0.009541495459822288,18.59234754260723,8.787990953546105,2.7756908449420883
1312,training,0.0004603708512149751,0.01386630907654762,0.009541495459822288,18.536258758764593,8.808933876153738,2.7941287543692557
1313,training,0.001167464884929359,0.001600790768861774,0.009541495459822288,18.46100335466519,8.835668708779632,2.8041539849633
1314,training,0.00368485227227211,0.04612811096012592,0.011167834879085762,18.404551304619563,8.855303394349743,2.809116542097591
1315,training,0.001065531512722373,0.059622570872306824,0.011167834879085762,18.29102176864242,8.893579902456821,2.8230846855609566
1316,training,0.0004957834025844932,0.016515462659299374,0.011167834879085762,18.234183271265653,8.912250852813031,2.823628013946493
1317,training,0.0011149441124871373,0.057041403837502,0.006200241723139963,18.177144426747482,8.930955754308783,2.8267620322233475
1318,training,0.0013941875658929348,0.021135747898370028,0.006200241723139963,18.120300312829254,8.949481595843213,2.823923157825913
1319,training,0.002948627807199955,0.044740067794919014,0.006200241723139963,18.063266547793905,8.968265996983282,2.824794125392962
1320,training,0.004932097624987364,0.0005953051149845123,0.006200241723139963,17.987347466215837,8.992981628129636,2.8300039796770733
1321,training,0.0006564998766407371,0.006678720936179161,0.01297911133845538,17.911299869069406,9.016832435024059,2.8451011988835857
1322,training,0.00037780587445013225,0.029190369881689545,0.01297911133845538,17.853908598912817,9.034103847060791,2.851471308238659
1323,training,0.0015475564869120717,0.017268959432840347,0.01297911133845538,17.758089629294723,9.062240622945252,2.8617643478524006
1324,training,0.0013836773578077555,0.018991302698850625,0.016102568398432607,17.70048995890749,9.078709244857873,2.8628845135115824
1325,training,0.001228458946570754,0.05520891956984997,0.016102568398432607,17.623615052063553,9.10031726091491,2.874377277037121
1326,training,0.0010738784912973642,0.02978145144879818,0.016102568398432607,17.54639248874386,9.120662903468508,2.895679128311461
1327,training,0.0017930181929841638,0.05474652722477913,0.024001171262781278,17.449266111194937,9.143698694403321,2.921611774343984
1328,training,0.0014913612976670265,0.05909354239702225,0.024001171262781278,17.371062772655616,9.160694096672827,2.9301977011151883
1329,training,0.0009678044589236379,0.007088217884302146,0.024001171262781278,17.29295475418603,9.177398700493132,2.9308179766681337
1330,training,0.0006436201510950923,0.15434176474809647,0.013073369012932207,17.19527829663498,9.19887007574314,2.915704730713889
1331,training,0.0007130176527425647,0.03532518446445465,0.013073369012932207,17.11744258730114,9.217683403810218,2.891450156357651
1332,training,0.0020898887887597084,0.06535527016967535,0.013073369012932207,17.059230200117288,9.232630547151572,2.8902358886411728
1333,training,0.001717038219794631,0.06856409460306168,0.010812579302875762,16.98189089241039,9.253606941368611,2.861686362131201
1334,training,0.00045008398592472076,0.01696295663714409,0.010812579302875762,16.905353543413355,9.27676961345469,2.833489763994534
1335,training,0.0018743787659332156,0.022248889785259962,0.010812579302875762,16.848171593532534,9.29529215310862,2.8271350519309575
1336,training,0.0019043112406507134,0.02204209566116333,0.00929992524262315,16.77213184310575,9.320124256528914,2.82464771744444
1337,training,0.0008406665874645114,0.036347754299640656,0.00929992524262315,16.71530614162647,9.338879713820726,2.819503631713494
1338,training,0.0005479491082951427,0.0053250789642333984,0.00929992524262315,16.658381025629655,9.357991540449724,2.8163890577738084
1339,training,0.0006581932539120317,0.041043740697205074,0.010147953517444817,16.563761599147213,9.389820493578553,2.821856671740234
1340,training,0.005714656785130501,0.02247675321996212,0.010147953517444817,16.487832269486077,9.414381441614863,2.8381664808325646
1341,training,0.00018391263438388705,0.037385979667305946,0.010147953517444817,16.411495998313644,9.437702238832491,2.84727814938378
1342,training,0.0002382495003985241,0.021797418128699064,0.008791629761184406,16.31578002199745,9.465946836492927,2.8618102554801896
1343,training,0.0008471189648844302,0.043355038389563554,0.008791629761184406,16.238901445785082,9.487753726347105,2.865912032732566
1344,training,0.0006086484063416719,0.04166752751916647,0.008791629761184406,16.142631123717123,9.514147292863617,2.883933657343367
1345,training,0.0008152947993949056,0.029331296682357788,0.013936430012146265,16.06515811274434,9.534028565818856,2.8970823006843363
1346,training,0.0011678123846650124,0.026581598445773125,0.013936430012146265,16.007023271078303,9.548494020659783,2.897454613284232
1347,training,0.0010157383512705564,0.011064020916819569,0.013936430012146265,15.910066134847307,9.572832002408365,2.893102865177542
1348,training,0.001791717717424035,0.04187462106347084,0.00785119487224585,15.83262235171664,9.592742421398968,2.886079012394056
1349,training,0.003587768878787756,0.02203937992453576,0.00785119487224585,15.755191885074725,9.612758542505272,2.8931382356011843
1350,training,0.0010262137511745095,0.06339384615421295,0.00785119487224585,15.697031030996026,9.62765218656369,2.8860885584861014
1351,training,0.0011222278699278831,0.014158964157104492,0.013771046539585628,15.61975047473855,9.648041731484787,2.8828681275719323
1352,training,0.00334993121214211,0.0047031156718731,0.013771046539585628,15.54247711745741,9.668829783151113,2.8708682390916658
1353,training,0.0008226950303651392,0.01886791363358497,0.013771046539585628,15.4654113559073,9.691022993560045,2.8512143514720685
1354,training,0.0005490732728503644,0.07640000618994236,0.008535371597350211,15.408120727644512,9.70871256087176,2.8326903199460807
1355,training,0.0008746450184844434,0.008462652564048753,0.008535371597350211,15.313421497733835,9.741196308128991,2.784890741443971
1356,training,0.0007006772211752832,0.02909105271100998,0.008535371597350211,15.257301122806536,9.762906221108727,2.760517061492061
1357,training,0.0018619219772517681,0.029087446630001068,0.03137171427772058,15.165090163330792,9.801865950119517,2.7255009496747076
1358,training,0.0014129321789368987,0.048028519377112396,0.03137171427772058,15.110459829308587,9.826633447307442,2.70715704281649
1359,training,0.0006389727350324392,0.05111813824623823,0.03137171427772058,15.056141368201132,9.852222777760833,2.6958297826851587
1360,training,0.0009561036713421345,0.059630328789353364,0.03137171427772058,15.002245202769732,9.878429986149968,2.6825882809592483
1361,training,0.001950334757566452,0.03155121579766274,0.014161920017664262,14.93077540136865,9.914542751627861,2.66343334233598
1362,training,0.003217516466975212,0.0027132146060466766,0.014161920017664262,14.842415351140954,9.961445963638578,2.642655190099919
1363,training,0.0038811813574284315,0.00787194631993771,0.007104754317006841,14.755011331591009,10.010146695700673,2.6225814484966086
1364,training,0.002725557889789343,0.004562800750136375,0.007104754317006841,14.668451805800766,10.060243586512003,2.611665174776926
1365,training,0.00030277151381596923,0.01096971333026886,0.007104754317006841,14.616851844209352,10.090679340843247,2.6049858911579102
1366,training,0.0015225945971906185,0.03685147315263748,0.023049248547810226,14.548532778831053,10.13246066744344,2.5767037961047325
1367,training,0.0006812432548031211,0.07557198032736778,0.023049248547810226,14.481347083233153,10.176276533300195,2.5523432811466185
1368,training,0.0019147153943777084,0.0951733342371881,0.023049248547810226,14.431580247432814,10.20984402431093,2.5456454818842222
1369,training,0.004260447341948748,0.04774760268628597,0.023049248547810226,14.365528820216586,10.25480308913767,2.542462188922183
1370,training,0.000601531530264765,0.024396933615207672,0.05009407480579064,14.316056363080925,10.28908655697901,2.5262134859414926
1371,training,0.0006865326431579888,0.010869972407817827,0.05009407480579064,14.267409305540575,10.324378123443497,2.5005008301862017
1372,training,0.0015281944070011377,0.006873153150081607,0.05009407480579064,14.219758616893744,10.360939120049292,2.4724836696962957
1373,training,0.001218290883116424,0.010071910917758942,0.05009407480579064,14.157884243586794,10.412197752978708,2.4254605083584138
1374,training,0.0022979024797677994,0.034962601959705346,0.054482705611681684,14.098550644440913,10.46574754286914,2.392482849719433
1375,training,0.0018611954292282462,0.002937477082014084,0.054482705611681684,14.040497597770766,10.520862502778362,2.3712269666338663
1376,training,0.0009084127377718687,0.048848215490579605,0.054482705611681684,13.983510420646105,10.577006676995229,2.3562794130912814
1377,training,0.0012436818797141314,0.019565104506909847,0.054482705611681684,13.927547734209071,10.634291916588108,2.3312953775704925
1378,training,0.0002365442633163184,0.032842920161783695,0.029436524199554098,13.859381866091091,10.707127802321248,2.3205609243893384
1379,training,0.001305420882999897,0.042977357283234596,0.029436524199554098,13.805211835841293,10.766047579079828,2.305559454452971
1380,training,0.0005474595818668604,0.042162055149674416,0.029436524199554098,13.738294603540027,10.840192742463298,2.308267961742359
1381,training,0.0006147076492197812,0.0014167707413434982,0.008432045993089457,13.684318103158027,10.899157603178942,2.314729765090537
1382,training,0.0008293630089610815,0.0226577315479517,0.008432045993089457,13.629992621378495,10.957647999755618,2.3229084655636987
1383,training,0.0019324799068272114,0.06798354536294937,0.008432045993089457,13.57535627826161,11.0159020900983,2.3248079788783027
1384,training,0.0011453290935605764,0.05947631224989891,0.008432045993089457,13.506437306041525,11.08771320771685,2.3512132857372285
1385,training,0.00037573903682641685,0.021897703409194946,0.003436195709814069,13.435763729397863,11.158339504790458,2.3598131614591664
1386,training,0.0003998875617980957,0.028258606791496277,0.003436195709814069,13.393117623787045,11.199901642564415,2.381181296199231
1387,training,0.0011349504347890615,0.040676042437553406,0.003436195709814069,13.334422854140824,11.253608460753625,2.4187754479726435
1388,training,0.0007120889495126903,0.05744168162345886,0.0077259359384071885,13.289079116512406,11.292722599446675,2.4400601226263845
1389,training,0.0005761110223829746,0.08885505050420764,0.0077259359384071885,13.211458814536773,11.35472244649536,2.502294644529788
1390,training,0.0001974555925698951,0.06112147867679593,0.0077259359384071885,13.146223935878803,11.399459891873509,2.5796830532809323
1391,training,0.002268383512273431,0.07304836437106133,0.03168672562682346,13.06024205733293,11.449212183458615,2.6526624055667396
1392,training,0.00015937566058710217,0.09254596009850502,0.03168672562682346,12.989274538407498,11.485447732099802,2.6809039215968102
1393,training,0.0020292019471526146,0.020415708422660828,0.03168672562682346,12.917246531461215,11.519457274559572,2.7218669613006705
1394,training,0.001009295810945332,0.016563408076763167,0.03168672562682346,12.86243943327629,11.543057548977277,2.744682344310275
1395,training,0.0010104782413691282,0.03465363383293152,0.0512080123028608,12.76989665254298,11.579865118959804,2.7829473735033328
1396,training,0.001269837375730276,0.014077045023441315,0.0512080123028608,12.694738678802572,11.606726159059372,2.814877039887822
1397,training,0.0005390328587964177,0.022678245790302753,0.035328551855739874,12.618852205929866,11.631515969921589,2.8361770468119656
1398,training,0.002598564838990569,0.03846988081932068,0.035328551855739874,12.54262068835026,11.655185705611933,2.839749168077338
1399,training,0.0013179430970922112,0.030573241412639618,0.035328551855739874,12.485375186070746,11.673017175786471,2.839396718771007
1400,training,0.0008042172994464636,0.024377133697271347,0.035328551855739874,12.4281002924414,11.690756269636347,2.844883954887101
1401,training,0.0027742977254092693,0.06961197592318058,0.011802524220140987,12.332416433008119,11.719128875822465,2.861500336399346
1402,training,0.0010856722947210073,0.026946855708956715,0.011802524220140987,12.255880730188677,11.741373950117767,2.8480917226600204
1403,training,0.0005864198319613934,0.026170764118433,0.011802524220140987,12.19840719225579,11.758852295082049,2.850418515076411
1404,training,0.0021842706482857466,0.017845395952463143,0.005069211347999117,12.121761058021525,11.781229945965006,2.8664403702834145
1405,training,0.001854565693065524,0.03123226948082447,0.005069211347999117,12.064157833781042,11.796989704924954,2.882177079083276
1406,training,0.002988175256177783,0.04708270914852619,0.005069211347999117,12.00599034688719,11.812153310611908,2.888774675580583
1407,training,0.0015016963006928563,0.04303544852882624,0.009346460483887644,11.909157141023535,11.836797977987324,2.896913778198135
1408,training,0.0006731981411576271,0.11053118482232094,0.009346460483887644,11.851172414667385,11.850926976071609,2.9087411451656036
1409,training,0.0004364946798887104,0.04900995921343564,0.009346460483887644,11.792692940778068,11.864363693768725,2.9232819818623272
1410,training,0.002697666408494115,0.00315749179571867,0.009346460483887644,11.714525860735735,11.880791984682586,2.94602730143498
1411,training,0.006951888091862202,0.024275618605315685,0.0036965417084247345,11.636266228494387,11.896023455632351,2.949691074693604
1412,training,0.000844176160171628,0.0746648982167244,0.0036965417084247345,11.53820452292826,11.915569976769625,2.9390865190425557
1413,training,0.0013789830263704062,0.00421951850876212,0.0036965417084247345,11.479446743787031,11.927587091884153,2.942239859534179
1414,training,0.0004163694102317095,0.03191471844911575,0.011230062323820124,11.400961201793516,11.94329407564259,2.9432421096918926
1415,training,0.00050881109200418,0.04449408687651158,0.011230062323820124,11.342350093887084,11.955272999639268,2.935825332548563
1416,training,0.0026875780895352364,0.027882077731192112,0.011230062323820124,11.244567474460537,11.976523940112674,2.9188909069391147
1417,training,0.0016590519808232784,0.03618893399834633,0.03024198156854024,11.166582959094344,11.994292069443203,2.9211476612670255
1418,training,0.00024059963470790535,0.03681633062660694,0.03024198156854024,11.08841585918575,12.011821903251938,2.9176406910460244
1419,training,0.0010768772335723042,0.003611329942941669,0.03024198156854024,11.030029977327791,12.025210048847018,2.9147812954481287
1420,training,0.0005960057023912668,0.009924686513841149,0.028683059229250678,10.932614040482601,12.047419348131202,2.9214045101233324
1421,training,0.0003952770493924618,0.01085627917200327,0.028683059229250678,10.854568626444598,12.064518202319286,2.930756477378109
1422,training,0.001785910571925342,0.04280795156955719,0.014433928754197394,10.756777826542505,12.08518924648283,2.9333222094575824
1423,training,0.0012285859556868672,0.019975755363702774,0.014433928754197394,10.678428283190966,12.101928195924616,2.9263513601185736
1424,training,0.0009837489342316985,0.03251578286290169,0.014433928754197394,10.58077080061697,12.123328667009181,2.928180865506438
1425,training,0.00023091206094250083,0.0018474566750228396,0.012126068178427735,10.502588921072046,12.140174581459284,2.929437875049675
1426,training,0.0009534764103591442,0.0364921847358346,0.012126068178427735,10.424516101361883,12.157101262275093,2.9265376952666946
1427,training,0.001229018671438098,0.02712041139602661,0.012126068178427735,10.3658735492714,12.170035859862502,2.92196751316978
1428,training,0.002079733181744814,0.05599743127822876,0.020178021663077528,10.2683018660314,12.19192808009372,2.9203742480425285
1429,training,0.0016865490470081568,0.003599913790822029,0.020178021663077528,10.190187981100403,12.209720521362149,2.913193162473149
1430,training,0.00044616824015975,0.011884642764925957,0.020178021663077528,10.112427487764482,12.227912235566947,2.911537969731234
1431,training,0.0009391222265549004,0.06969000771641731,0.020696877891811724,10.034615722119328,12.246028908005144,2.9144026219149413
1432,training,0.0007176838116720319,0.05657922849059105,0.020696877891811724,9.97603383932325,12.259354492868853,2.9225777258100374
1433,training,0.0006743164267390966,0.052313502877950675,0.020696877891811724,9.897959000005692,12.276509626857992,2.925538396065743
1434,training,0.0008561216527596116,0.01167134940624237,0.020696877891811724,9.83958326809876,12.288909258961327,2.9407792293545993
1435,training,0.0003622510703280568,0.05784492567181587,0.01424262922221962,9.741531758843852,12.30727740192657,2.972475323002832
1436,training,0.0010285290190950036,0.04907949874177575,0.01424262922221962,9.662646500429895,12.320471799583517,2.9751350910925716
1437,training,0.0014093042118474841,0.04482225142419338,0.01424262922221962,9.603515196687416,12.330365258007253,2.9763218030638265
1438,training,0.0021884171292185783,0.05414053983986378,0.006367801418763338,9.544325850834145,12.340575877711125,2.9629593035568886
1439,training,0.0005691564874723554,0.22100761346518993,0.006367801418763338,9.44602852849511,12.359457386881369,2.9406562553801545
1440,training,0.0010138682555407286,0.1414735876023769,0.03956405067900186,9.348198083189164,12.375722067769138,3.0342105342752763
1441,training,0.003302271943539381,0.18237235397100449,0.03956405067900186,9.289051331218852,12.380164171859908,3.0957666724897965
1442,training,0.001297598471865058,0.06025206670165062,0.03956405067900186,9.229331865917096,12.381493566812495,3.139301690865575
1443,training,0.003123990725725889,0.032371972687542445,0.03956405067900186,9.14975894025654,12.379883927988274,-3.1035655608348653
1444,training,0.004364906810224056,0.019679196178913116,0.04743520177201687,9.089967039949647,12.3770640328258,-3.087290840039341
1445,training,0.0016075726598501205,0.028043524362146854,0.04743520177201687,9.010138286424796,12.372280495376808,-3.0774488342638255
1446,training,0.0010124443797394633,0.011755274608731273,0.04743520177201687,8.950378938641352,12.368433841984862,-3.0791043955762456
1447,training,0.0010544826509431005,0.05695689283311367,0.038929564523501554,8.87052879638931,12.363623806143343,-3.08482026738947
1448,training,0.0003458213759586215,0.0361447362229228,0.038929564523501554,8.770840688716252,12.357462050121255,-3.072321050612338
1449,training,0.0012455715332180262,0.022834699600934982,0.038929564523501554,8.710892533557459,12.353197522642661,-3.0687852798701027
1450,training,0.0006943563930690289,0.002225414849817753,0.038929564523501554,8.631253652485993,12.347274076377674,-3.0675641238865197
1451,training,0.0019845329225063324,0.013157033594325185,0.02932839647784903,8.531557172331748,12.340034354900684,-3.071508870280729
1452,training,0.002794702537357807,0.03786902129650116,0.02932839647784903,8.471719519965557,12.335845763235314,-3.071719595920798
1453,training,0.0017980723641812801,0.0022234930656850347,0.02932839647784903,8.41179457400729,12.3317746374099,-3.0765410489048444
1454,training,0.0062919496558606625,0.021337836980819702,0.015032464353182555,8.332079414878544,12.326554944691628,-3.075406430457527
1455,training,0.0009416318498551846,0.022046776488423347,0.015032464353182555,8.272139493948382,12.322671240255465,-3.07926605305776
1456,training,0.0018309345468878746,0.029855920001864433,0.015032464353182555,8.19219907208266,12.318079109147718,-3.088995934724161
1457,training,0.00027991345268674195,0.025255186948925257,0.015496144648900803,8.11237459143099,12.314123837884017,-3.095432608843374
1458,training,0.002802372444421053,0.0450832974165678,0.015496144648900803,8.032560168628105,12.310505873630484,-3.0977606432458273
1459,training,0.0006347037851810455,0.0029060300439596176,0.015496144648900803,7.95261721618101,12.30721546158839,-3.1034009463923975
1460,training,0.001532102469354868,0.05515626259148121,0.004247012141739641,7.892600682614482,12.30503955428991,-3.1071314367640572
1461,training,0.0003368969773873687,0.02673500683158636,0.004247012141739641,7.832799216797619,12.303057226499307,-3.1115716718007316
1462,training,0.0030729547142982483,0.03299736371263862,0.004247012141739641,7.772778180742493,12.30139877353128,-3.114882450795693
1463,training,0.000588738766964525,0.03401761827990413,0.009582195615412932,7.672889179661445,12.298852100786291,-3.1168211142153734
1464,training,0.0034003928303718567,0.0308043509721756,0.009582195615412932,7.613015087718569,12.297375312316158,-3.118200183047702
1465,training,0.0014325767988339067,0.03795079328119755,0.009582195615412932,7.533065163894205,12.295638035077188,-3.122470347841769
1466,training,0.0005357704358175397,0.0448379130102694,0.01335702331933237,7.453064380983134,12.294387885004264,-3.128448759772709
1467,training,0.0006825226591899991,0.04226581612601876,0.01335702331933237,7.373100648668829,12.293480132355723,-3.132087818220073
1468,training,0.0025840892922133207,0.054789161309599876,0.01335702331933237,7.273199248718026,12.292502746439377,-3.1328469526687504
1469,training,0.002492855302989483,0.04423563409363851,0.008592729011784725,7.213330183008791,12.291995956230538,-3.13524071263095
1470,training,0.0008848404395394027,0.012771518900990486,0.008592729011784725,7.133329198066242,12.291547024967839,-3.1353719962657407
1471,training,0.0014302374329417944,0.028946498408913612,0.008592729011784725,7.0733547358422495,12.291193629637558,-3.1362882244535433
1472,training,0.006524049211293459,0.03710305551066995,0.011134701435314417,6.993458611823475,12.290803910742799,-3.1392025601336906
1473,training,0.0018424903973937035,0.035163942724466324,0.011134701435314417,6.893503328847512,12.290726606116348,3.1405272507539417
1474,training,0.0006502228789031506,0.03248000517487525,0.011134701435314417,6.833441748235119,12.290820403330093,3.1403390549480585
1475,training,0.0015755158383399248,0.019896578043699265,0.009153206988947574,6.753834547089624,12.290391012849696,-3.1266041523886603
1476,training,0.0004306448972783983,0.022351820021867752,0.009153206988947574,6.654105648931189,12.287818747215782,-3.106166431655935
1477,training,0.0014710822142660618,0.015339645557105541,0.009153206988947574,6.574419243320867,12.284403655571873,-3.093240505820627
1478,training,0.0004349881783127785,0.03236487240064889,0.007828514962385198,6.494579169715763,12.280451541216355,-3.0917005607001657
1479,training,0.0014601211296394467,0.03680523578077555,0.007828514962385198,6.4146608998566945,12.276461295649602,-3.090932683750404
1480,training,0.00106278364546597,0.04954996705055237,0.010080693078196404,6.314988017560658,12.270649406779995,-3.0713866945677344
1481,training,0.003470431547611952,0.05172756314277649,0.010080693078196404,6.215564173258509,12.262115471741641,-3.0379751462651354
1482,training,0.0010301017900928855,0.0702840369194746,0.010080693078196404,6.116381830094851,12.250551972134968,-3.01411908622622
1483,training,0.000734367233235389,0.04346747789531946,0.02464303950020054,6.037500898090731,12.239399197190622,-2.987353202192131
1484,training,0.0011787413386628032,0.012167307082563639,0.02464303950020054,5.978415123222439,12.229845279312235,-2.976509850182145
1485,training,0.0015346978325396776,0.00937763275578618,0.02464303950020054,5.899514018293085,12.216449681637405,-2.9721119990370464
1486,training,0.0008342492510564625,0.04139624163508415,0.039287445512086336,5.800960083652491,12.199568945286007,-2.9728995726827265
1487,training,0.0006274590268731117,0.019330264069139957,0.039287445512086336,5.722255668406966,12.18586997623811,-2.964797625772366
1488,training,0.0009593176073394716,0.01823992095887661,0.039287445512086336,5.64375287641166,12.171560847716467,-2.9579607820785574
1489,training,0.0019068078836426139,0.06592938490211964,0.008265098908733644,5.545373121242089,12.15368983542674,-2.967502233603005
1490,training,0.000923542189411819,0.007425205782055862,0.008265098908733644,5.486132710123553,12.143517059669534,-2.9759749441207033
1491,training,0.0013421704061329365,0.010087088681757448,0.008265098908733644,5.407249259902512,12.130175041528833,-2.9681263948548664
1492,training,0.000840456981677562,0.00910325162112713,0.02265071612894201,5.328769369431899,12.116137613484085,-2.962531876842185
1493,training,0.0005056242225691676,0.024500716477632526,0.02265071612894201,5.269748197713731,12.105559539852932,-2.9663321108118925
1494,training,0.0012023777235299349,0.07226071879267693,0.02265071612894201,5.190737624083388,12.09195491032578,-2.9770030178819398
1495,training,0.00044273267849348485,0.05216432921588421,0.02277859558612154,5.131613315729739,12.082430273042313,-2.987229145943533
1496,training,0.0013463315553963184,0.03781088814139366,0.02277859558612154,5.052472956686099,12.070554696946695,-2.997762082008351
1497,training,0.001168381073512137,0.06186849623918533,0.02277859558612154,4.973303952578983,12.058930626482391,-2.9928745040793068
1498,training,0.0015874142991378903,0.02523544430732727,0.02277859558612154,4.91399099891769,12.050014140903162,-2.9923414481409067
1499,training,0.0025900560431182384,0.04828054457902908,0.027033986800030566,4.854848719743152,12.040861471795822,-2.9816536623978296
1500,training,0.0008691026596352458,0.0906243622303009,0.027033986800030566,4.756350178179461,12.024300399872667,-2.9699413722169825
1501,training,0.0018956937128677964,0.008658014237880707,0.027033986800030566,4.697150165337868,12.014000187466495,-2.9692636628601705
1502,training,0.0005021520773880184,0.03419960290193558,0.006953044503944835,4.638377010112239,12.003229692783885,-2.9468435200397707
1503,training,0.0007859113975428045,0.0012506023049354553,0.006953044503944835,4.560551672166354,11.986070426266183,-2.901583297290854
1504,training,0.0019657607190310955,0.0036994516849517822,0.006953044503944835,4.502735829928748,11.97098721749798,-2.8730842818579982
1505,training,0.002620944520458579,0.024447754025459303,0.006953044503944835,4.445337294282329,11.954471340492384,-2.849056337880514
1506,training,0.0010211266344413161,0.03958267718553543,0.038419667874782945,4.350588963498728,11.92365254731547,-2.8057945121466914
1507,training,0.0012852867366746068,0.01963735371828078,0.038419667874782945,4.294706040714797,11.903001240920219,-2.7688927813352002
1508,training,0.0006956889992579818,0.026039106771349907,0.038419667874782945,4.221023450497028,11.87254784102214,-2.7347859041911926
1509,training,0.001171705313026905,0.02979050949215889,0.06212557503575051,4.147806939563226,11.840459872353714,-2.7233621757265034
1510,training,0.002071219263598323,0.119219820946455,0.06212557503575051,4.093612395566316,11.815745813691972,-2.7019789696854857
1511,training,0.0006626355461776257,0.08515015803277493,0.06212557503575051,4.022156848305998,11.78042571577414,-2.660663483543837
1512,training,0.0015826659509912133,0.038075242191553116,0.048916221511199176,3.969459135364357,11.751912744246315,-2.630889034643059
1513,training,0.0005376937333494425,0.019049637019634247,0.048916221511199176,3.917875140928879,11.722084847235456,-2.6038034544177906
1514,training,0.0008621445740573108,0.0016486123204231123,0.048916221511199176,3.8335795502678054,11.669076686642283,-2.555595791898214
1515,training,0.0006637879414483905,0.05950394459068775,0.035350766457396834,3.7841508982924354,11.635323919540655,-2.5309204718281237
1516,training,0.0008648863295093179,0.06867481768131256,0.035350766457396834,3.7355347710146747,11.600840477303441,-2.5220182742068364
1517,training,0.0010927437106147408,0.009619753807783127,0.035350766457396834,3.654251778259946,11.542793217704455,-2.521070026793102
1518,training,0.0014076074585318565,0.022588104009628296,0.035350766457396834,3.5896329398341575,11.495970446002211,-2.5059787308467536
1519,training,0.001206347718834877,0.03913355432450771,0.018506739268909375,3.510317339095772,11.435562242291955,-2.475755548395157
1520,training,0.0024354704655706882,0.008366525173187256,0.018506739268909375,3.4635560541108315,11.398335700620407,-2.469571447725825
1521,training,0.002764645032584667,0.028804530389606953,0.018506739268909375,3.400924567196355,11.348655572275982,-2.47046298601168
1522,training,0.00422672601416707,0.06280235387384892,0.011500044133914372,3.3384395109601925,11.298953950386297,-2.467443402433638
1523,training,0.0014579721027985215,0.12071982771158218,0.011500044133914372,3.2917797193923866,11.261453209543042,-2.4629404804052393
1524,training,0.00040153562440536916,0.0212673619389534,0.011500044133914372,3.229947807668708,11.210989035498933,-2.4500266014685828
1525,training,0.0004538362263701856,0.139754593372345,0.011500044133914372,3.152067642332953,11.148035834956218,-2.4802995396023246
1526,training,0.00029159541008993983,0.1641725059598684,0.036093292193901574,3.10364983552334,11.112111492687012,-2.5299323220081122
1527,training,0.001859003328718245,0.12339060008525848,0.036093292193901574,3.0363098369641266,11.067986430166464,-2.59419020048807
1528,training,0.0006836508400738239,0.1291220560669899,0.036093292193901574,2.9669598276585587,11.027632073317907,-2.6319624376749693
1529,training,0.001057905494235456,0.16386479511857033,0.042516886136101883,2.91409851326687,10.999129390662324,-2.6631413628146863
1530,training,0.0007166750729084015,0.13349217176437378,0.042516886136101883,2.8424446682291182,10.963090720335337,-2.685052636162524
1531,training,0.0021599004976451397,0.08802323415875435,0.042516886136101883,2.7881780598578163,10.937126852033789,-2.706187960644276
1532,training,0.00047546252608299255,0.05099502392113209,0.042516886136101883,2.733644712572537,10.912223211832744,-2.71848172359964
1533,training,0.0008534028893336654,0.014732018113136292,0.027440017632705656,2.678836116443758,10.887590080107257,-2.7159818263449944
1534,training,0.0008030578610487282,0.07106361538171768,0.027440017632705656,2.62484144378901,10.862504229647016,-2.695683117457175
1535,training,0.001664267503656447,0.015912935137748718,0.027440017632705656,2.5709451094106006,10.836152072715587,-2.678086242451603
1536,training,0.0010335694532841444,0.003943912684917436,0.027440017632705656,2.500262913764916,10.799301491574898,-2.6401641259277806
1537,training,0.0011233147233724594,0.014059297740459456,0.009213565195169386,2.4314228330554255,10.75954076756705,-2.5946440546015648
1538,training,0.0015717254718765616,0.12538623809814453,0.009213565195169386,2.3643296209468616,10.71670022264354,-2.551658287259575
1539,training,0.0003636069013737142,0.1343528777360916,0.009213565195169386,2.2997885444255606,10.671342372727038,-2.493589640945339
1540,training,0.0005988312768749893,0.08541715145111087,0.06585099297804785,2.254048454787783,10.633848936340577,-2.4148349599474472
1541,training,0.002329025184735656,0.03170953691005707,0.06585099297804785,2.184293371059457,10.563687618900998,-2.292586483620245
1542,training,0.0005081648705527186,0.02777756005525589,0.06585099297804785,2.1344073331455915,10.50199618966753,-2.2116541028536987
1543,training,0.00034253421472385526,0.007943123579025269,0.12198857351922883,2.0891356318798886,10.436864263651803,-2.1504887088835485
1544,training,0.0007667581085115671,0.010698616504669217,0.12198857351922883,2.047657359159136,10.369178071128111,-2.086254720478563
1545,training,0.0024308834690600634,0.00887751579284668,0.12198857351922883,2.010961862295282,10.298829776428038,-2.0168343926471906
1546,training,0.002399061806499958,0.06973496079444885,0.10911398122449778,1.9867113736760604,10.244548904021991,-1.96624801856692
1547,training,0.0017935592914000154,0.04248231649398804,0.10911398122449778,1.9648492545221403,10.188850826973743,-1.9283887706605418
1548,training,0.0014349103439599276,0.025667019188404083,0.10911398122449778,1.9448192625682243,10.132764457555036,-1.8975993458678135
1549,training,0.0009450726793147624,0.06038252264261246,0.06059038489955121,1.915333645410129,10.037671784856764,-1.8452312770720565
1550,training,0.0010879895417019725,0.030745536088943468,0.06059038489955121,1.8948340569921784,9.960589172599182,-1.8184575351725816
1551,training,0.0006933694239705801,0.027336198836565025,0.06059038489955121,1.876313216096278,9.883033290485235,-1.7934576742313009
1552,training,0.0014299454633146524,0.012355837970972061,0.02252871678147361,1.8596142270475178,9.805084903446446,-1.7715313005163833
1553,training,0.0004070973373018205,0.06914250738918781,0.02252871678147361,1.8440278816475246,9.726720536090161,-1.7646180648470737
1554,training,0.0023383228108286858,0.05820545740425587,0.02252871678147361,1.8288315398671697,9.648341989285944,-1.7586443446927034
1555,training,0.0023326848167926073,0.0038160718977451324,0.0045593720040564036,1.810804605233476,9.55018485238759,-1.7470661911898682
1556,training,0.0004982408136129379,0.025093253701925278,0.0045593720040564036,1.8008654352523055,9.491299539130873,-1.7297051137128128
1557,training,0.0012172181159257889,0.03247166145592928,0.0045593720040564036,1.7866132250524762,9.392664975608865,-1.698614452004417
1558,training,0.005116513464599848,0.034361205995082855,0.015033844944735517,1.7792262155189658,9.333103520705496,-1.689669238279032
1559,training,0.0002697463205549866,0.03272296953946352,0.015033844944735517,1.7722192141038688,9.273743761539913,-1.6890146699446775
1560,training,0.0010913601145148277,0.03490948677062988,0.015033844944735517,1.764929188571256,9.214084869435917,-1.6958747310473885
1561,training,0.00024550536181777716,0.021481706760823727,0.015033844944735517,1.75724220665742,9.154701280048963,-1.7027481234749928
1562,training,0.003485355991870165,0.01724371686577797,0.018208165114215177,1.7494485600549934,9.095294307585636,-1.6987409233889024
1563,training,0.0010183784179389477,0.012655164115130901,0.018208165114215177,1.739606497344865,9.015931074351151,-1.68788627465177
1564,training,0.0007010268163867295,0.020071200095117092,0.018208165114215177,1.7305809434512138,8.936595957287793,-1.6817743822443223
1565,training,0.006103086285293102,0.014434583485126492,0.010098226235123322,1.7238016114491306,8.877234772378658,-1.6896763313877687
1566,training,0.0016045733354985714,0.023823094554245472,0.010098226235123322,1.713857959727821,8.797772807076672,-1.7002677917911586
1567,training,0.0017635709373280406,0.0468127615749836,0.010098226235123322,1.7004804376236882,8.698733016954284,-1.7078655672997993
1568,training,0.0018617218593135476,0.028037264011800293,0.013900852448936128,1.6923559072341425,8.639466114720218,-1.7031527594553544
1569,training,0.0011798428604379296,0.01958116330206394,0.013900852448936128,1.6823158098936255,8.560341835646154,-1.693056564500092
1570,training,0.0009127779630944133,0.030903808306902644,0.013900852448936128,1.6729600743310717,8.48101489742197,-1.6832148266745024
1571,training,0.000888339476659894,0.025886922609061003,0.013900852448936128,1.666121428154876,8.42133249604322,-1.6887338046077391
1572,training,0.001431555487215519,0.024527036934159696,0.010821164592233833,1.6564085922110565,8.342079376479278,-1.697535565179828
1573,training,0.001000773860141635,0.017698703799396753,0.010821164592233833,1.6436860768266859,8.243040518400681,-1.6990900670943152
1574,training,0.0006217806367203593,0.012085860595107079,0.010821164592233833,1.6360767149054993,8.183515305098467,-1.6965887142472673
1575,training,0.0013884897343814373,0.002486588433384892,0.0006828467774980142,1.626217194300339,8.104238447225924,-1.691253116345902
1576,training,0.0024669633712619543,0.047500986605882645,0.0006828467774980142,1.613942759350743,8.004937687181462,-1.700406443180444
1577,training,0.0008535340894013643,0.0481624323874712,0.009404283492452582,1.6010917033307626,7.905884368047912,-1.6971926301320504
1578,training,0.0008267539087682962,0.08104098215699196,0.009404283492452582,1.5937462772924704,7.8465892676476265,-1.6919178410057947
1579,training,0.0009200919303111732,0.11332126893103123,0.009404283492452582,1.586360333645125,7.786906742866041,-1.6993135446248369
1580,training,0.0034341635182499886,0.09448455972597003,0.009404283492452582,1.5755316199643496,7.707720338756507,-1.713001353097268
1581,training,0.005125726573169231,0.06634781416505575,0.013323011622389606,1.5641209903842217,7.628680381497306,-1.7161297858253803
1582,training,0.005089795682579279,0.05949508212506771,0.013323011622389606,1.55269414376356,7.549643107157972,-1.7124749198781766
1583,training,0.0010468573309481144,0.009783284738659859,0.002297114084559398,1.5388379799051468,7.45076939523695,-1.7077477940812233
1584,training,0.0016719214618206024,0.024050184525549412,0.002297114084559398,1.525746252754464,7.3518270602432905,-1.6961564280242192
1585,training,0.0006976206786930561,0.011436024680733677,0.002297114084559398,1.518233572466297,7.2922574094720245,-1.697909309559868
1586,training,0.0005545332096517086,0.009545207023620605,0.002297114084559398,1.5105283492813668,7.232933901467386,-1.7036659398355498
1587,training,0.0023050070740282536,0.00026025995612145164,0.030750524533879935,1.500473639178183,7.1537227966306896,-1.686346119651523
1588,training,0.0009931891690939665,0.018942546099424362,0.030750524533879935,1.4919733353882811,7.0742623680885,-1.6679559053637962
1589,training,0.003940998576581478,0.023196812719106674,0.030750524533879935,1.4866440402120373,7.014824554181141,-1.6529652854946366
1590,training,0.0009904621401801705,0.029541712254285812,0.0018194501534431829,1.4822063381335675,6.954992568834672,-1.6359907777989042
1591,training,0.0007017547613941133,0.008894689381122589,0.0018194501534431829,1.4765187623372622,6.85525819236728,-1.6217972914372554
1592,training,0.0003850713255815208,0.0024343840777873993,0.0018194501534431829,1.4728969616842504,6.775448914259724,-1.610022535694563
1593,training,0.0004742409219034016,0.014793269336223604,0.02163056041865204,1.4701367513828731,6.695680925789776,-1.6010360918263693
1594,training,0.0015544474590569735,0.05895310128107667,0.02163056041865204,1.4679206491535242,6.615775382486311,-1.5960579520004066
1595,training,0.005552432034164667,0.010664380155503752,0.02163056041865204,1.466482690655256,6.555657084981337,-1.593581946628837
1596,training,0.002473598811775446,0.023443940561264753,0.027713427361405835,1.464833755006107,6.475822280238424,-1.588681268413121
1597,training,0.0011710124090313911,0.017368948087096214,0.027713427361405835,1.4638238428946115,6.415896873639837,-1.5869008278517682
1598,training,0.0007292225491255522,0.004792091436684132,0.027713427361405835,1.4625786527719205,6.335815788434907,-1.5869321113619026
1599,training,0.0002623017644509673,0.021129446104168892,0.027713427361405835,1.4616241823490346,6.275930475141034,-1.5868020874866604
1600,training,0.0009360142285004258,0.027387960348278284,0.033728549756547634,1.4601671322859848,6.175994427579707,-1.583402437220051
1601,training,0.00092066585784778,0.0031594261527061445,0.033728549756547634,1.4587245881515363,6.055966926683203,-1.5826232402845297
1602,training,0.0023326859809458256,0.013174389488995075,0.03720137024001574,1.457711868315362,5.956026707032761,-1.578550256694019
1603,training,0.0006717725191265345,0.024126846343278885,0.03720137024001574,1.457154029826798,5.876136024045461,-1.577748966305656
1604,training,0.0015662750229239464,0.015807123854756355,0.03720137024001574,1.4565926891650784,5.796141506889142,-1.5781943595936267
1605,training,0.0007825812790542841,0.018226927146315575,0.03327097723685347,1.4561594589863698,5.736052847956415,-1.5781000318067275
1606,training,0.0005810911534354091,0.018648123368620872,0.03327097723685347,1.4557106823732728,5.6762132808948405,-1.5784670972856567
1607,training,0.0022818478755652905,0.02735411818139255,0.03327097723685347,1.4551654823433868,5.596200717603385,-1.576476828159928
1608,training,0.0014674986014142632,0.0477900323458016,0.02663908934790189,1.454842139074306,5.536176065989792,-1.5767241280411877
1609,training,0.00038537330692633986,0.05196039006114006,0.02663908934790189,1.4539465156477933,5.456270951483887,-1.5901217435221953
1610,training,0.005724914371967316,0.04032760672271252,0.02663908934790189,1.4524503554277022,5.396109908325144,-1.6007960802931516
1611,training,0.002679576398804784,0.04828703589737415,0.02311766681372534,1.4503802996721018,5.336146318543251,-1.6092247238057285
1612,training,0.0012157855089753866,0.036940909922122955,0.02311766681372534,1.446045185026382,5.236233705399054,-1.6184749289543623
1613,training,0.0011663935147225857,0.0037051569670438766,0.02311766681372534,1.4431333377133297,5.176327120656662,-1.6196273556775747
1614,training,0.0004154627094976604,0.044986845925450325,0.016893772930311003,1.4392158238707689,5.096318706740049,-1.6198923881154954
1615,training,0.0016080336645245552,0.00719048269093037,0.016893772930311003,1.4353630337811412,5.016497440177424,-1.6177375271461676
1616,training,0.0014729510294273496,0.024967798497527838,0.016893772930311003,1.4317819849842968,4.936743985364752,-1.6129076293274722
1617,training,0.00035518407821655273,0.028323950245976448,0.016893772930311003,1.4293258531395208,4.876754030930858,-1.6108946320854614
1618,training,0.0009838397381827235,0.02054112171754241,0.021130374581926497,1.4262619530980982,4.796772565502225,-1.6067501375439972
1619,training,0.003338520647957921,0.02300923503935337,0.021130374581926497,1.4227828846014619,4.6968836429042415,-1.604730099129526
1620,training,0.001395910745486617,0.016227049753069878,0.014382544588938524,1.42019990313992,4.617087228766774,-1.6009012414778134
1621,training,0.0009092590771615505,0.06711838580667973,0.014382544588938524,1.4178604343780177,4.53719039199549,-1.600134368432393
1622,training,0.0011057534720748663,0.03585502365604043,0.014382544588938524,1.4160408692803839,4.477053851679986,-1.6025954156454674
1623,training,0.0006318466039374471,0.009547308553010225,0.014382544588938524,1.4141061931455756,4.417234689500215,-1.6035801044210751
1624,training,0.0012614823644980788,0.012356453575193882,0.012334304750667258,1.410901623395974,4.317330451882408,-1.6015291708431694
1625,training,0.0003848136402666569,0.011921401135623459,0.012334304750667258,1.408990440757024,4.257254671105185,-1.6053830570017686
1626,training,0.0005973784136585891,0.02964984811842442,0.012334304750667258,1.4069145188948564,4.197347693124579,-1.6034456197546583
1627,training,0.0003975677245762199,0.042614638805389404,0.0056601786817387706,1.4048892228510268,4.137428598867745,-1.6081117801849565
1628,training,0.0008263771887868643,0.0005675805732607841,0.0056601786817387706,1.4024647966983446,4.077338038285244,-1.6138166817919184
1629,training,0.0006171805434860289,0.025107645546086133,0.0056601786817387706,1.3988190562780811,3.997543009793954,-1.618408584067587
1630,training,0.0009227061527781188,0.016238830983638763,0.006824435461125496,1.3949268818335345,3.917686907160296,-1.6199920513130315
1631,training,0.0010338503634557128,0.002122345380485058,0.006824435461125496,1.3919598997691391,3.8575977577230582,-1.6201777782862061
1632,training,0.00046948943054303527,0.01854333933442831,0.006824435461125496,1.3880062745272477,3.7778088760116506,-1.6205587751702506
1633,training,0.0017313655698671937,0.005879252217710018,0.03734895420278944,1.3839321174835917,3.6980178468516085,-1.6236267802471143
1634,training,0.004578406922519207,0.005867873318493366,0.03734895420278944,1.380821895819369,3.63803835555113,-1.6205463462730136
1635,training,0.00036011723568663,0.007349701598286629,0.03734895420278944,1.3771006103971097,3.5581370150069396,-1.6138617788616338
1636,training,0.0019250508630648255,0.00234029442071915,0.02163280848872747,1.3738332123365224,3.4783651176983765,-1.6099369298788622
1637,training,0.0009381893905811012,0.050045931711792946,0.02163280848872747,1.3709454040063398,3.398516730530587,-1.6036701255799
1638,training,0.003964443225413561,0.011996504850685596,0.02163280848872747,1.369050650552572,3.3384168276497146,-1.6012804151228683
1639,training,0.0019488220568746328,0.024248832371085882,0.02163280848872747,1.3673364519780098,3.278619315092519,-1.5973968116800639
1640,training,0.0003392553480807692,0.025571676902472973,0.014341061529110936,1.3653478910402805,3.198684307068223,-1.5944831164618096
1641,training,0.0013473813887685537,0.015364792197942734,0.014341061529110936,1.3640325450932618,3.1385782048637454,-1.5905810558677707
1642,training,0.0013323293533176184,0.018265549093484885,0.014341061529110936,1.3629726465988916,3.0588265951171967,-1.5740253156208337
1643,training,0.0019551303703337908,0.058072078973054886,0.013761860814024926,1.363442317009961,2.979034629752219,-1.5556665101097058
1644,training,0.0024644420482218266,0.008212427608668804,0.013761860814024926,1.36673647451794,2.8592482166990147,-1.5310344265595397
1645,training,0.0005801868392154574,0.035370330326259136,0.013761860814024926,1.3693401871759683,2.7993799581337924,-1.5245539009379463
1646,training,0.0003029228828381747,0.038542266469448805,0.016292405301382033,1.373508845233245,2.719534256508723,-1.5126692829142163
1647,training,0.0011891501490026712,0.06210876256227493,0.016292405301382033,1.3770805449163455,2.659949448406182,-1.5112633181802617
1648,training,0.0042192367836833,0.04491411289200187,0.016292405301382033,1.3829833978921235,2.560212568260935,-1.511383782852696
1649,training,0.0007809217786416411,0.002836117520928383,0.011099717121394032,1.3865153353179323,2.5002277939980377,-1.5136414920677377
1650,training,0.0014070849865674973,0.0014517027884721756,0.011099717121394032,1.3927373749929348,2.4005797760050847,-1.5021853280923116
1651,training,0.0010090696159750223,0.002692603855393827,0.011099717121394032,1.3970689429749923,2.3409543672691813,-1.4948944658189187
1652,training,0.0015391608467325568,0.03944281488656998,0.003104815230828299,1.4016217952110328,2.281182651830835,-1.4951106823834002
1653,training,0.0008618738502264023,0.029654409270733595,0.003104815230828299,1.4061991584572875,2.221355272614558,-1.4941723329113126
1654,training,0.00013428328384179622,0.02110107336193323,0.003104815230828299,1.4122515614176927,2.141727259648037,-1.4956374033075635
1655,training,0.0013799010775983334,0.04139472357928753,0.003104815230828299,1.4183083104165708,2.062049812982377,-1.4935987456961508
1656,training,0.0008423351100645959,0.017130198888480663,0.011511744768657739,1.4248537366442076,1.982346324040447,-1.4843145754598899
1657,training,0.0031261371914297342,0.02176058664917946,0.011511744768657739,1.4302438236620691,1.9227619354724947,-1.4778440336948833
1658,training,0.0015815474325791001,0.004293262958526611,0.011511744768657739,1.437750520431515,1.8432579157989126,-1.476102644259071
1659,training,0.001020314171910286,0.08468345552682877,0.00596040306641076,1.445892112649356,1.7637997306605366,-1.459654796292587
1660,training,0.0006425702595151961,0.137217178940773,0.00596040306641076,1.453235176952492,1.7045236744916978,-1.4310045405604643
1661,training,0.0011265842476859689,0.10248325020074847,0.00596040306641076,1.4703524545964721,1.6066799044217497,-1.3607737548826908
1662,training,0.00030457289540208876,0.12103617656975982,0.019937553638226833,1.483961336887287,1.5484586707843848,-1.3219588056680796
1663,training,0.0013496882747858763,0.176876962184906,0.019937553638226833,1.5056484205487453,1.472071493485032,-1.2672011555297662
1664,training,0.0020105342846363783,0.21380111575126648,0.019937553638226833,1.5317800848935963,1.397064598445742,-1.2001032290243734
1665,training,0.0008094758959487081,0.17127912119030952,0.05581162567845629,1.5549955284811894,1.3421390136399958,-1.1418272340246358
1666,training,0.0047370330430567265,0.09803233109414577,0.05581162567845629,1.58106361242613,1.2888699849040022,-1.0911256665037943
1667,training,0.0006538692396134138,0.2881164625287056,0.05581162567845629,1.6197053632396967,1.2193165941525543,-1.0392421186343557
1668,training,0.0007746031042188406,0.16968142986297607,0.05581162567845629,1.651189360790362,1.1690098902497423,-0.9815354445565208
1669,training,0.0005212585674598813,0.16882386803627014,0.1395524690118669,1.6859561284833924,1.1206175120633322,-0.9124934641639287
1670,training,0.001711348770186305,0.14895716309547424,0.1395524690118669,1.7238538647712551,1.0751899713797293,-0.8375478871496319
1671,training,0.0011297743767499924,0.1183627247810364,0.1498368433878214,1.7942664330689593,1.0057159182651694,-0.7204861951666748
1672,training,0.0013504644157364964,0.1492601931095123,0.1498368433878214,1.8401602277168274,0.9679161971890828,-0.6618827711992404
1673,training,0.0009059596341103315,0.11735938489437103,0.1498368433878214,1.904492909209721,0.9217310114977242,-0.5807128909650112
1674,training,0.0006988536333665252,0.07593981176614761,0.1498368433878214,1.9381682136786946,0.9006581092926731,-0.5370602483575249
1675,training,0.001389996032230556,0.0681800693273544,0.1403388044665277,2.0078165725229287,0.8628981808870533,-0.4594943678801652
1676,training,0.002837236039340496,0.04458366334438324,0.1403388044665277,2.0619500724932585,0.8380500634692416,-0.40070991628194175
1677,training,0.0021043354645371437,0.01721324771642685,0.1403388044665277,2.1360076746191323,0.8098392727122181,-0.3324729436731858
1678,training,0.0005742229986935854,0.0033007189631462097,0.12073849970074492,2.211877152560758,0.7857371308541592,-0.2834725245393107
1679,training,0.0005436009960249066,0.03272350877523421,0.12073849970074492,2.3081229119390856,0.7603601822270507,-0.23280559078403668
1680,training,0.0006383063155226409,0.055144727230072035,0.12073849970074492,2.4055911872408626,0.7395383624767913,-0.18763552664117666
1681,training,0.0035864966921508312,0.05468538030982018,0.08707479616353005,2.4644203621326533,0.7289995224839595,-0.1674941898206039
1682,training,0.00026749243261292577,0.06184307858347893,0.08707479616353005,2.543254191729443,0.7166340392623101,-0.14386591014725683
1683,training,0.0010368060320615768,0.05037762597203255,0.08707479616353005,2.6027302182401018,0.7084714122516546,-0.12921930317864405
1684,training,0.0012060421286150813,0.034584846347570426,0.053106407804976656,2.662037513810155,0.7012356882739303,-0.11383497255595335
1685,training,0.0009090462699532509,0.035442057996988297,0.053106407804976656,2.7613069338876017,0.6909935601144738,-0.0918429771221947
1686,training,0.000727955368347466,0.007520556449890137,0.053106407804976656,2.8408659120282844,0.6842641353716846,-0.07730875515612977
1687,training,0.0008022167021408677,0.003780372440814979,0.02938497080199406,2.9006460869878237,0.6800082117476954,-0.06568045486381029
1688,training,0.001541928737424314,0.02350250072777271,0.02938497080199406,3.0002721857818266,0.6743194099755364,-0.04886503446970892
1689,training,0.0004077490884810686,0.012917814776301387,0.02938497080199406,3.0600622039969005,0.6716328914302404,-0.04041331498098478
1690,training,0.0008908563759177923,0.02583326306194067,0.020169026161926736,3.119949641185751,0.669418886117996,-0.03511883488758843
1691,training,0.0013028905959799886,0.0009732902981340876,0.020169026161926736,3.2197343310083784,0.6664172494942726,-0.02619620484786409
1692,training,0.0017213958781212568,0.008676662109792229,0.020169026161926736,3.2996383749681555,0.6645127508957367,-0.02244027903798119
1693,training,0.0020979195833206177,0.011301041580736639,0.006572044009757215,3.3794342447436834,0.6628970163710504,-0.01642492840495323
1694,training,0.0017423449316993356,0.007375244051218033,0.006572044009757215,3.439339790884014,0.6620409510869952,-0.013204185507918189
1695,training,0.0018345427233725786,0.019096411764621735,0.006572044009757215,3.539239099885095,0.6608834450195854,-0.012485190579790693
1696,training,0.0015308867441490293,0.009708828292787075,0.009294804901548015,3.6391419743506424,0.6596741170720056,-0.013044782070357846
1697,training,0.0012104304041713476,0.009368837811052797,0.009294804901548015,3.7190582593041652,0.6586621402095042,-0.012941436352602951
1698,training,0.0019546798430383205,0.00546213798224926,0.009294804901548015,3.7989865547606883,0.6577397037025539,-0.00864286458626825
1699,training,0.007179482374340296,0.0014215949922800064,0.010661775664341486,3.8589521527177575,0.6572575893916318,-0.008916513164350841
1700,training,0.001816537114791572,0.0013697189278900623,0.010661775664341486,3.9588770459631157,0.6564164925994206,-0.00941203989767052
1701,training,0.0033877789974212646,0.020325351506471634,0.010661775664341486,4.058775571359993,0.6556163719366176,-0.007852395065647815
1702,training,0.0009719826630316675,0.028032389469444752,0.001967285999691372,4.158701251063665,0.6549115090589117,-0.007893426961999073
1703,training,0.00045365397818386555,0.035533607006073,0.001967285999691372,4.238569073345594,0.6545042173914998,-0.0028665862657090194
1704,training,0.0014844370307400823,0.0010992344468832016,0.001967285999691372,4.318552386932236,0.6542638252951309,-0.0026565971811522075
1705,training,0.004247636068612337,0.023949651047587395,0.01815154053407114,4.398507443594563,0.6540142182364015,-0.00357309872891875
1706,training,0.0013614241033792496,0.02810019440948963,0.01815154053407114,4.478477281547049,0.6537542331832129,-0.004158957280089278
1707,training,0.0037827217020094395,0.0027441056445240974,0.018260535834027515,4.598412439167403,0.6533074166919525,-0.0044384033227997345
1708,training,0.0021972302347421646,0.04345102864317596,0.018260535834027515,4.698367540293321,0.652902510346106,-0.004922777841878337
1709,training,0.0023559066466987133,0.04091501468792558,0.018260535834027515,4.778283415748679,0.6525821717066478,-0.0044920889531263625
1710,training,0.0005001841927878559,0.013167862314730883,0.028334074315396574,4.878213892806957,0.6522049307603024,-0.004022501093426329
1711,training,0.0017855747137218714,0.00573336286470294,0.028334074315396574,4.958156342967537,0.6519707760385179,-0.0017752007468048846
1712,training,0.0015989135717973113,0.006478898227214813,0.024980791532965282,5.018132125609028,0.6518690840186844,-0.0015579520672960334
1713,training,0.0011736640008166432,0.012114212848246098,0.024980791532965282,5.118085128885281,0.6517843344076266,-0.0013191277409543125
1714,training,0.00053451640997082,0.02235712669789791,0.024980791532965282,5.238010438362276,0.6516761941302892,-0.000945027042607245
1715,training,0.0014590376522392035,0.025682412087917328,0.015642848670796187,5.2979919568387315,0.6516323629960052,-0.0014936497610158062
1716,training,0.0022009084932506084,0.013921982608735561,0.015642848670796187,5.377940855152177,0.6515523590622189,-0.0009479993473754198
1717,training,0.0012418583501130342,0.004490510560572147,0.015642848670796187,5.437917261583286,0.6514723158694737,-0.0013752666169689826
1718,training,0.0013495860621333122,0.006407213397324085,0.008293891378529714,5.517900686156295,0.65138393904032,-0.0019150396561952816
1719,training,0.001057369401678443,0.023152243345975876,0.008293891378529714,5.577860319029859,0.6513125672970049,-0.0009958179457275691
1720,training,0.0013386714272201061,0.025790410116314888,0.008293891378529714,5.65781172478495,0.6511918241113981,-0.0013084252485631796
1721,training,0.0020323866046965122,0.021529728081077337,0.017488321601023104,5.757718314868037,0.6512160481738457,0.0022239666469442395
1722,training,0.0013750777579843998,0.019253291189670563,0.017488321601023104,5.837710417065826,0.651447580543161,0.0022463336716631714
1723,training,0.0009998498717322946,0.004171059932559729,0.017488321601023104,5.897662969930931,0.6516339420719012,0.0031230762527661854
1724,training,0.0008754320442676544,0.017333339899778366,0.01430044192336732,5.977612743355062,0.6518254366936252,0.0023861045647866224
1725,training,0.004178461153060198,0.05648842721711844,0.01430044192336732,6.077555846563476,0.6520201583624011,0.002277476113889964
1726,training,0.0003950796672143042,0.07306952774524689,0.01430044192336732,6.157517969020003,0.6521897702865093,0.001815080322789629
1727,training,0.0018882020376622677,0.0033866949379444122,0.003292292966530611,6.237506470559119,0.6523799653581133,0.0017033816173928418
1728,training,0.0006011052755638957,0.012996641919016838,0.003292292966530611,6.357419703322721,0.6526794955775056,0.002171617105856577
1729,training,0.0005637495196424425,0.07557310536503792,0.007209531567978923,6.417379826510411,0.6528604378025935,0.0029575890152764186
1730,training,0.002257348969578743,0.024321753531694412,0.007209531567978923,6.497390908183354,0.6525520584875993,-0.010296689547021141
1731,training,0.0004100250080227852,0.06775743514299393,0.007209531567978923,6.5973074698897065,0.6512667870845894,-0.012886137827916117
1732,training,0.00037446548230946064,0.05073076672852039,0.00890063199705881,6.697273510761731,0.649331346848986,-0.027685562567145647
1733,training,0.0025943759828805923,0.04886332340538502,0.00890063199705881,6.797215117775343,0.6458181341836343,-0.04094564845595618
1734,training,0.0018169324612244964,0.05787200795020908,0.00890063199705881,6.857140952678526,0.6432312794584274,-0.04581090647029897
1735,training,0.0013196116778999567,0.08391638100147247,0.01881180939460495,6.917044262705015,0.6404797151366558,-0.04573125232600412
1736,training,0.0007294358219951391,0.03942751046270132,0.01881180939460495,6.996825931442003,0.6367541019226082,-0.04697418381491612
1737,training,0.0018339238595217466,0.04188757203519344,0.01881180939460495,7.076676363349028,0.6331148624787233,-0.044278440168237114
1738,training,0.000476653513032943,0.04700237279757857,0.0284118262031297,7.1365643649291535,0.6306193076383639,-0.03970864834211639
1739,training,0.000824884744361043,0.03779316507279873,0.0284118262031297,7.21637201646084,0.6275179784793928,-0.037537012021092615
1740,training,0.0012837313115596771,0.03851730190217495,0.0284118262031297,7.29616923134703,0.6246415454332179,-0.0335188727428061
1741,training,0.0020728586241602898,0.030501327477395535,0.020795315145770762,7.376022120513308,0.6222389677072867,-0.028272391241230887
1742,training,0.0015648507978767157,0.016038518399000168,0.020795315145770762,7.455858694719289,0.6201981300775492,-0.024790260021431466
1743,training,0.0007799622835591435,0.008670124225318428,0.020795315145770762,7.5157993510368835,0.6187057442656433,-0.024742483117688466
1744,training,0.0008328870171681046,0.02549888752400875,0.020795315145770762,7.575699340176309,0.6172883187431991,-0.022946086963472764
1745,training,0.004805061034858227,0.037442997097969055,0.01987913560015904,7.655559519438679,0.6157039691619982,-0.017305474621404724
1746,training,0.0014064174611121416,0.04830360226333142,0.01987913560015904,7.715502977363168,0.614668148197625,-0.017389961342938864
1747,training,0.0008934339275583625,0.02994459122419358,0.01987913560015904,7.7953121169223,0.6137566598431047,-0.0015171030682274108
1748,training,0.008511410094797611,0.03135902713984251,0.029355221766648426,7.875030487299262,0.6145034289039576,0.017900849334278587
1749,training,0.0022338919807225466,0.03632633946835995,0.029355221766648426,7.974928002034068,0.6162006152998774,0.014744408687158296
1750,training,0.001520955003798008,0.0861185621470213,0.029355221766648426,8.034877502135764,0.6169541548831914,0.011118038021644284
1751,training,0.0009168085525743663,0.030104641802608967,0.03301136415419307,8.13484898197381,0.6175670450298214,0.0008715607514661634
1752,training,0.0005529018817469478,0.004165983758866787,0.03301136415419307,8.214903116865607,0.6173763728355341,-0.006270707105645498
1753,training,0.0006085912464186549,0.018019894137978554,0.040527980695045644,8.27479261588652,0.6170165392401223,-0.006276433426157409
1754,training,0.0008088795584626496,0.021987631916999817,0.040527980695045644,8.354754996115966,0.6163889693938822,-0.009402798528668462
1755,training,0.001142892986536026,0.045416951179504395,0.040527980695045644,8.45466836367204,0.6153433468118926,-0.010586864900511616
1756,training,0.0018638208275660872,0.053811803460121155,0.040527980695045644,8.51461140636119,0.6146989668320616,-0.011815341334229531
1757,training,0.0006485656485892832,0.019192928448319435,0.06170126256178507,8.594513668559275,0.6137995030245316,-0.011737769364595401
1758,training,0.00031238835072144866,0.013907267712056637,0.06170126256178507,8.694448371851033,0.6124983102855487,-0.014446280196179306
1759,training,0.0015702631790190935,0.01312886457890272,0.0637343272239572,8.794352210800621,0.611019777801036,-0.015133156708119738
1760,training,0.0006284950068220496,0.017213299870491028,0.0637343272239572,8.89422599586001,0.6097273438175654,-0.009703741528706941
1761,training,0.002609661314636469,0.02014194056391716,0.05429277849261321,8.95416209509011,0.6091544095485748,-0.009788703886289668
1762,training,0.005754770711064339,0.026921812444925315,0.05429277849261321,9.034093590505034,0.6083993827557808,-0.010477337670514918
1763,training,0.0037498329766094685,0.02592521905899048,0.05429277849261321,9.113861410135337,0.6081075789379133,0.005538663933592558
1764,training,0.001529802568256855,0.04060132056474686,0.05429277849261321,9.173777389480756,0.6088434150222016,0.019631069766764743
1765,training,0.0018452350050210953,0.047053730115294456,0.051232718797009205,9.253657890423694,0.6109992524346776,0.032207521516534374
1766,training,0.0010935998288914561,0.07345317676663399,0.051232718797009205,9.313449170055675,0.6131884097269945,0.03935941326022444
1767,training,0.0027896491810679436,0.022951775230467323,0.051232718797009205,9.413115647871198,0.6180483148280156,0.061900750284117796
1768,training,0.0013180343667045236,0.004341603722423315,0.040646938830312236,9.51270383176425,0.624893570882367,0.07458416459123149
1769,training,0.0010067281546071172,0.07538308668881653,0.040646938830312236,9.572571574073448,0.6294027325333198,0.07428407599817465
1770,training,0.0015195455634966493,0.03694576397538185,0.040646938830312236,9.652363131296363,0.6350321299191769,0.057164525970288496
1771,training,0.0029370486736297607,0.01123958453536033,0.020527179633655596,9.73244423573388,0.6384387874108526,0.02764052108124579
1772,training,0.0029836888425052166,0.0029712431132793427,0.020527179633655596,9.79252230941937,0.6395170108523353,0.009350754951467767
1773,training,0.0005611794185824692,0.027307556942105293,0.020527179633655596,9.872651466087142,0.6396143905353056,-0.005845074073912875
1774,training,0.0007422888884320855,0.026015409734100103,0.019492537583313853,9.952643754520631,0.638771840349915,-0.016659631274084177
1775,training,0.0019268372561782598,0.002782441210001707,0.019492537583313853,10.012658243335252,0.6375660038919565,-0.022557397392780176
1776,training,0.0008577279513701797,0.01584179839119315,0.013610950618755212,10.07259283241895,0.6361206735746379,-0.02609257950288573
1777,training,0.0023343879729509354,0.00046304333955049515,0.013610950618755212,10.152465216490246,0.6340130868892812,-0.02785748630610244
1778,training,0.0015379642136394978,0.011959774885326624,0.013610950618755212,10.212417383077423,0.6322585527306467,-0.030394027425365105
1779,training,0.0010225875303149223,0.00704893097281456,0.011027747064767543,10.312277327162917,0.6290914451685199,-0.032374491654956004
1780,training,0.0006583355134353042,0.019975619856268167,0.011027747064767543,10.412122471490326,0.6258126261590079,-0.0333600286450572
1781,training,0.0008078504470176995,0.07334541156888007,0.011027747064767543,10.472021215819243,0.6238593693031934,-0.03294240646637708
1782,training,0.0003676688647828996,0.039145996794104576,0.025228127630956682,10.551913291980572,0.622120053825018,-0.004236177157788046
1783,training,0.0007556113414466381,0.06848183739930393,0.025228127630956682,10.631749312708504,0.6224548737716851,0.013035190392992547
1784,training,0.0007652726490050554,0.064652806147933,0.025228127630956682,10.691500106190542,0.6237739747433851,0.03089754883122455
1785,training,0.0010026367381215096,0.018207513727247715,0.02501334660627051,10.751339218359577,0.6261307663011978,0.04750048763555823
1786,training,0.001197385718114674,0.008965215645730495,0.02501334660627051,10.85101068882487,0.6316012695643803,0.05995688898847948
1787,training,0.004433154594153166,0.010786943137645721,0.02501334660627051,10.950800068473354,0.637332544988248,0.05330791844979582
1788,training,0.0012658762279897928,0.0022227820008993183,0.021630556406829864,11.010757300344054,0.6402795964836313,0.04443021475958987
1789,training,0.0004799573798663914,0.008183160796761513,0.021630556406829864,11.110659474950833,0.6442281585836309,0.033105635077656057
1790,training,0.0014720085309818387,0.001681813970208168,0.021630556406829864,11.170568577970634,0.6460912188617146,0.028556338767901274
1791,training,0.0006472495733760297,0.014124230481684208,0.005159948485576848,11.250495160397005,0.6481236270003577,0.0241818378596361
1792,training,0.001464833039790392,0.011977083515375853,0.005159948485576848,11.310471696264516,0.6494976019839731,0.02076865063177865
1793,training,0.0007748666685074568,0.011929582338780165,0.005159948485576848,11.41036857599326,0.6515029779909611,0.01819299401127599
1794,training,0.000178010348463431,0.012738185003399845,0.010956514261466831,11.510256119527762,0.6533053129514308,0.01701649260781053
1795,training,0.0015835696831345558,0.026237885933369398,0.010956514261466831,11.590193791250497,0.6545174199101416,0.012411244196543499
1796,training,0.0021301701199263334,0.014789698645472527,0.010956514261466831,11.65014521898873,0.6551589373618284,0.010567916036588942
1797,training,0.0005374443135224283,0.008646807633340359,0.006914792059187038,11.750055470308652,0.6562498419758376,0.01087610063150339
1798,training,0.0009705470874905586,0.00024290010333061218,0.006914792059187038,11.830016764831598,0.6571743580877514,0.010879850278881187
1799,training,0.00102821527980268,0.018214219773653895,0.006914792059187038,11.909881685359275,0.6579967314419897,0.007917414849999714
1800,training,0.001098965760320425,0.022186315152794123,0.007361751812369251,11.989843500166797,0.6585446450704402,0.007437849690270556
1801,training,0.0017932422924786806,0.009775041602551937,0.007361751812369251,12.069768550455946,0.6590945706215304,0.006772414425000802
1802,training,0.0005930135957896709,0.01301006693392992,0.007361751812369251,12.12977134195032,0.6594382901806649,0.0034173494908445088
1803,training,0.000764905649702996,0.003021610900759697,0.008652623436304943,12.20973453065341,0.6595924579880578,0.0005770207712774386
1804,training,0.0012817246606573462,0.0009977840818464756,0.008652623436304943,12.269706308589173,0.6595926786231244,-0.0001234496279951133
1805,training,0.0007563196122646332,0.01277291402220726,0.008652623436304943,12.369663581166122,0.6595984695998468,-0.000643122625407669
1806,training,0.000396301707951352,0.0010074237361550331,0.011331657412057303,12.429614848754973,0.6596018089767147,-0.00030760243434968255
1807,training,0.0015819030813872814,0.02010828023776412,0.011331657412057303,12.509593445025997,0.6595748253100648,0.00015973898085046807
1808,training,0.0004204210708849132,0.0010140230879187584,0.011331657412057303,12.56957281000317,0.6595448715010276,-0.0013604864223632012
1809,training,0.0011816592887043953,0.009667021222412586,0.009769379435271305,12.649500499750324,0.6594872052883268,-0.0013527678726728343
1810,training,0.0008702598279342055,0.003609166014939547,0.009769379435271305,12.729454160258811,0.6594110529901037,-0.000839751928299315
1811,training,0.0026459991931915283,0.0065467641688883305,0.009769379435271305,12.78942116271243,0.6593234083391832,-0.0019007674571415473
1812,training,0.0034752925857901573,0.022000523713359144,0.009769379435271305,12.869414628062561,0.6591598395100728,-0.0033399688517366283
1813,training,0.0014924454735592008,0.03603901853784919,0.02028263744230451,12.929367350639797,0.6589956027710144,-0.0025347506687660726
1814,training,0.0010213634232059121,0.01910744421184063,0.02028263744230451,13.009310245456613,0.6587207818175176,-0.003831452328853365
1815,training,0.0014250961830839515,0.024803079664707184,0.02028263744230451,13.069272914647264,0.6584868835077049,-0.004844640846872017
1816,training,0.0004901477368548512,0.010159641969949007,0.016006149054905515,13.129260567140468,0.6582147294515628,-0.00408279631308079
1817,training,0.001035052235238254,0.02036118321120739,0.016006149054905515,13.209204360391125,0.6577980096965041,-0.006241879351721307
1818,training,0.0014122974826022983,0.0019896673038601875,0.016006149054905515,13.269150755204997,0.6574316464961728,-0.007047313507258457
1819,training,0.0005550931673496962,0.0006156889721751213,0.016991842123962514,13.369080616976898,0.656748267852074,-0.0074663133060656976
1820,training,0.00218634819611907,0.02176243020221591,0.016991842123962514,13.449057357347959,0.6561565384870197,-0.007180758554734451
1821,training,0.0012821014970541,0.05498350784182549,0.008059936229407502,13.509024249314717,0.6556659308427105,-0.009027768184130352
1822,training,0.0006678346544504166,0.05972952418960631,0.008059936229407502,13.589095942549234,0.6546503956776819,-0.019596196547938982
1823,training,0.0016457759775221348,0.04416630323976278,0.008059936229407502,13.688970306482654,0.6526142535032493,-0.021041667965255143
1824,training,0.0012254209723323584,0.015076735988259315,0.008059936229407502,13.748913354888899,0.6514613571727629,-0.016963247973752996
1825,training,0.0008236470748670399,0.0024685505777597427,0.01300399504911344,13.808772603306902,0.6506082070593304,-0.011645429827904518
1826,training,0.0012371586635708809,0.0022113379091024416,0.01300399504911344,13.868607808609072,0.6501867199608617,-0.0034541452590453312
1827,training,0.0016031424747779965,0.017754221335053444,0.01300399504911344,13.948527956115358,0.6501557850441827,0.0030390169228270477
1828,training,0.0012189085828140378,0.016220565885305405,0.005782561583942439,14.008523504123263,0.6503529572281475,0.00252618530170552
1829,training,0.001467761816456914,0.02522812969982624,0.005782561583942439,14.128423475056337,0.6507582267329283,0.003146203053225288
1830,training,0.0007578247459605336,0.02878837287425995,0.005782561583942439,14.22837946072544,0.6511351741003396,0.0032900945454177387
1831,training,0.0008834460750222206,0.012286264915019274,0.0148301079127435,14.288318811804361,0.6513883488691048,0.004209556724168943
1832,training,0.0007088104612194002,0.013288144022226334,0.0148301079127435,14.348272556621723,0.6515960198001598,0.003324002346850456
1833,training,0.0001472414005547762,0.03761567920446396,0.0148301079127435,14.428266970725954,0.6518665400695995,0.0026276312171624253
1834,training,0.001324844895862043,0.01639212854206562,0.007494193590200477,14.548155950388862,0.6522924003577655,0.00340067281617548
1835,training,0.002447074046358466,0.018269325140863657,0.007494193590200477,14.60811463344523,0.6525400568754649,0.003780513727857303
1836,training,0.001198735204525292,0.02304908260703087,0.007494193590200477,14.668067787554467,0.6527317460565933,0.003027337106970402
1837,training,0.00271809846162796,0.005536040291190147,0.007433165492899858,14.728068994098171,0.6529118363949934,0.0022621004536982773
1838,training,0.0029061483219265938,0.019714030902832747,0.007433165492899858,14.807999840050607,0.6531571801483486,0.003176304490113539
1839,training,0.00039961462607607245,0.0006442945450544357,0.007433165492899858,14.867952551151392,0.6533051770700438,0.0022422938218292572
1840,training,0.0029542180709540844,0.003095841035246849,0.007433165492899858,14.927938177805688,0.6534530620897704,0.001829483181159846
1841,training,0.0010963492095470428,0.02581639727577567,0.00992155884801409,15.007892488931619,0.6536402813942752,0.0027093797435033917
1842,training,0.0007352116517722607,0.019545005226973444,0.00992155884801409,15.067849982741953,0.6537662780822202,0.001778161337015482
1843,training,0.0003559332399163395,0.008577006869018078,0.00992155884801409,15.14784543450856,0.6539277277138198,0.0011908697544181302
1844,training,0.0002522068389225751,0.008577490225434303,0.008809598446110923,15.207795003903414,0.6540452673554068,0.002366866353338767
1845,training,0.004020716529339552,0.026208622381091118,0.008809598446110923,15.287726879879793,0.6542024987134735,0.0022174186560459347
1846,training,0.0012350577162578702,0.0068394700065255165,0.008809598446110923,15.347724071308864,0.6543509802697386,0.0017735734511399202
1847,training,0.0025627652648836374,0.01721895346418023,0.011800600891552212,15.427664058029132,0.6545505537797239,0.0026845087672620655
1848,training,0.0007404928328469396,0.011074772104620934,0.011800600891552212,15.527615429010726,0.6547499114625729,0.0015790574271723264
1849,training,0.00013922750076744705,0.007618375588208437,0.013583166738088938,15.607568000594036,0.6548411196119118,0.0015989016449399177
1850,training,0.0018767158035188913,0.008852209895849228,0.013583166738088938,15.667573298779883,0.6549318456213312,0.0007696308815576394
1851,training,0.00043390103382989764,0.04558499902486801,0.013583166738088938,15.747497251302013,0.6550706485010278,0.0015514459103365763
1852,training,0.000983474776148796,0.012172264512628317,0.013583166738088938,15.827466427182625,0.6552026775829123,0.002239911925159052
1853,training,0.0005111246136948466,0.002165610436350107,0.01620565812885801,15.907403961459753,0.6553263836808032,0.0013314602127370621
1854,training,0.001515400130301714,0.014341580681502819,0.01620565812885801,15.987413091896629,0.6554001756320602,-0.00047368125476945076
1855,training,0.0006018881103955209,0.007239501923322678,0.017588855343299088,16.087355674795557,0.65539648445196,-0.0007601461344759033
1856,training,0.0014338750625029206,0.002603156492114067,0.017588855343299088,16.167280714016485,0.6554070213460016,-0.0003077011228207703
1857,training,0.0013253745855763555,0.012430918868631124,0.017588855343299088,16.227250144157523,0.6553923769407585,0.00022552767847832747
1858,training,0.0012823822908103466,0.024456707295030355,0.024955151385237066,16.327190503363358,0.6553659973568782,-0.0005621013854194432
1859,training,0.002913209842517972,0.022072425577789545,0.024955151385237066,16.387205107660986,0.6553125702373552,-0.002216038354816886
1860,training,0.0031116423197090626,0.025766024831682444,0.024955151385237066,16.487131734974174,0.6551057591460334,-0.0030605575566702964
1861,training,0.0007075414177961648,0.03707050532102585,0.027247555045815348,16.547117849592468,0.6549292008846966,-0.002667634697410882
1862,training,0.0026611480861902237,0.017040401697158813,0.027247555045815348,16.627069489217654,0.654666597799495,-0.003584240354068359
1863,training,0.0008891340694390237,0.004444270394742489,0.027247555045815348,16.68702092193559,0.6544759644504579,-0.003894264659671837
1864,training,0.0007887086248956621,0.000850495882332325,0.03438746699040419,16.747011469534897,0.6542419965350512,-0.003491457343484181
1865,training,0.0017829472199082375,0.003118947148323059,0.03438746699040419,16.846952529286842,0.6538486073005154,-0.003943482152997844
1866,training,0.0009189553675241768,0.016846193466335535,0.03438746699040419,16.906920001305377,0.6536068648106657,-0.004981624717099849
1867,training,0.0009517815196886659,0.031176818069070578,0.034131671626622194,16.986838334545514,0.6532798470591529,-0.003987945790066272
1868,training,0.0021981147583574057,0.00017811264842748815,0.034131671626622194,17.066837919455956,0.652919033746441,-0.0045263785180893815
1869,training,0.0021941824816167355,0.0062461658380925655,0.034131671626622194,17.126724163452526,0.6526827441071914,-0.003283393773408264
1870,training,0.0008611159864813089,0.014596530701965094,0.03061861383721945,17.206583203655374,0.6526676092959225,0.0015418439958294007
1871,training,0.000705413636751473,0.03306548297405243,0.03061861383721945,17.30650158818656,0.6529431027839919,0.0022077568064248123
1872,training,0.0003988186363130808,0.043087154626846313,0.03061861383721945,17.386472479062395,0.6531303285437315,0.002887707884588115
1873,training,0.0005601055454462767,0.029222899582237005,0.02164731772830401,17.44642453655509,0.6532768260163131,0.0022497268647420823
1874,training,0.0005419353256002069,0.017540922854095697,0.02164731772830401,17.52641042624832,0.6534719352929658,0.0010410920146327331
1875,training,0.0006149378605186939,0.016864627599716187,0.02164731772830401,17.626354035435163,0.6535976734402781,0.0004568865087497557
1876,training,0.0008528644684702158,0.006873667240142822,0.0035399253555753567,17.726291568087877,0.6536983595622948,0.0006355727085011936
1877,training,0.0004990855231881142,0.008938972372561693,0.0035399253555753567,17.786251819324068,0.653753988900986,0.001454306160893078
1878,training,0.0005843397811986506,0.0036032944917678833,0.0035399253555753567,17.84625960914141,0.6538194083308246,5.49102640311723e-05
1879,training,0.00011480659304652363,0.007657977752387524,0.010967739775689388,17.926173994037136,0.6538857994980607,0.0004673838071382871
1880,training,0.00023957430676091462,0.003910076804459095,0.010967739775689388,17.986137408090194,0.6539129010660601,0.0009017056524684946
1881,training,0.0006426327745430171,0.015433480963110924,0.010967739775689388,18.046136421451127,0.6539717892133895,0.00021435631789670307
1882,training,0.0006270425510592759,6.007356569170952e-05,0.010716696245222274,18.10608945527404,0.6540231407007979,0.0013146961545884121
1883,training,0.0010513518936932087,0.01330706849694252,0.010716696245222274,18.16606714402915,0.6540730031397968,5.9590492261013145e-05
1884,training,0.0006606635870411992,0.003506758250296116,0.010716696245222274,18.226014223968964,0.6541174716423512,0.0006280994185892718
1885,training,0.0011161819566041231,0.013636169023811817,0.010716696245222274,18.305973546002512,0.6541503759260663,0.0009165570260058955
1886,training,0.0008520229021087289,0.010873816907405853,0.007677309556460483,18.365972250901144,0.6541899849161922,-3.23280490425169e-05
1887,training,0.000995818991214037,0.017591682262718678,0.007677309556460483,18.44589672692757,0.6542653294712497,0.0005669931855728347
1888,training,0.0009671994484961033,0.016136341146193445,0.007677309556460483,18.54578080197036,0.6540000272769522,-0.009286276533937552
1889,training,0.001217159442603588,0.02854747883975506,0.026174274242809527,18.60578066505274,0.6533282720613733,-0.011260014760683206
1890,training,0.00024214235600084066,0.008543542586266994,0.026174274242809527,18.66567924989834,0.6526909526394156,-0.01016728952841973
1891,training,0.0004619163810275495,0.05570275522768498,0.026174274242809527,18.72563130489107,0.6521448636013426,-0.008609942048390008
1892,training,0.0013596992939710617,0.0398928876966238,0.01802391093138105,18.825565877352997,0.6506005218234152,-0.023661567036122055
1893,training,0.0020260801538825035,0.01690694130957127,0.01802391093138105,18.905578324879666,0.6482306622946482,-0.034549703486535736
1894,training,0.0004734383837785572,0.015672195702791214,0.01802391093138105,18.9655156881629,0.6460068420791996,-0.04092648951519653
1895,training,0.0010560331866145134,0.016321662813425064,0.008934201842499318,19.04546072728559,0.642523207077353,-0.04519888092345043
1896,training,0.00035508180735632777,0.028113842010498047,0.008934201842499318,19.125226167345417,0.6387957094400211,-0.046781220134786396
1897,training,0.0006025628536008298,0.029300767928361893,0.008934201842499318,19.185073272046225,0.6361854474779515,-0.038519325866937876
1898,training,0.0004577085783239454,0.027273559942841523,0.008934201842499318,19.244914226489094,0.6343133726674628,-0.023924622847543348
1899,training,0.002258499851450324,0.04288957454264165,0.019774756288150057,19.324679075599146,0.6330069039580618,-0.008124180506836021
1900,training,0.0012183327926322818,0.05017888639122248,0.019774756288150057,19.424418425843076,0.6334508566522675,0.01770824957036152
1901,training,0.0008881652029231191,0.03254266083240509,0.018490594021239995,19.504197460029356,0.6355669522274502,0.0340574950382206
1902,training,0.0017760413466021419,0.005920734256505973,0.018490594021239995,19.5839717427875,0.6386411300901021,0.03871477756627479
1903,training,0.0004715952672995627,0.01943746581673622,0.018490594021239995,19.684027840464612,0.6414558326445986,0.01460644562563708
1904,training,0.0006058770231902599,0.016664331778883937,0.009043112425731406,19.744058211986363,0.6419022459111893,0.001647371405921944
1905,training,0.000822359521407634,0.004391627386212349,0.009043112425731406,19.80411764072471,0.641699179014196,-0.008397473813355143
1906,training,0.0027407114394009113,0.001102918758988384,0.009043112425731406,19.884098192990088,0.6406835887741001,-0.017403072497004696
1907,training,0.0009009661735035479,0.018451393116265535,0.009043112425731406,19.944073158934103,0.6393674387254767,-0.02598501132650503
1908,training,0.0003881518787238747,0.02724131848663091,0.013603456008162458,20.04395868154708,0.6365151067930873,-0.03049037430222615
1909,training,0.0009581914637237787,0.03657315578311682,0.013603456008162458,20.14391056585597,0.6327651628567148,-0.04647125665993429
1910,training,0.0023345747031271458,0.017312411218881607,0.022500678601370307,20.20382533619496,0.6298216599880888,-0.05226640585767833
1911,training,0.00028976681642234325,0.04428672231733799,0.022500678601370307,20.283699460915322,0.6254423107893974,-0.056279620652718104
1912,training,0.0013201625552028418,0.0524271409958601,0.028506666917467796,20.363443911806506,0.62069325257112,-0.062353121733100376
1913,training,0.0004902181681245565,0.04443380981683731,0.028506666917467796,20.443250716405036,0.6154302896508863,-0.0703963455697651
1914,training,0.001421155990101397,0.02149476297199726,0.028506666917467796,20.50311115118697,0.6111671053230517,-0.07140345840354685
1915,training,0.0010318956337869167,0.008689530193805695,0.03023126258117218,20.58277369937867,0.6054073476061056,-0.07201894497575091
1916,training,0.0008831596933305264,0.031466550193727016,0.03023126258117218,20.662423100270388,0.5997238013507331,-0.06955531392092584
1917,training,0.001426488859578967,0.04653877019882202,0.03023126258117218,20.72223990206225,0.5957017407790838,-0.06575649564077612
1918,training,0.0004199251998215914,0.04450978897511959,0.03023126258117218,20.782012727672114,0.5919199009930204,-0.05969861770776977
1919,training,0.0010262448340654373,0.039443446323275566,0.006529235672321762,20.86178089314689,0.5874404185899195,-0.053213130552802454
1920,training,0.0011142459698021412,0.004449530504643914,0.006529235672321762,20.98145656534748,0.5815758011676614,-0.04561151336861929
1921,training,0.0002566961047705263,0.009130485355854038,0.006529235672321762,21.061293787708387,0.5782049239481786,-0.039663949105476916
1922,training,0.0038891644217073917,0.003328186459839344,0.009742585031370982,21.121145139672322,0.576044937121116,-0.03342583112887596
1923,training,0.0003840387798845768,0.01532974955625832,0.009742585031370982,21.240895026801905,0.5723981648251231,-0.02832993521485949
1924,training,0.0003828663029707968,0.05881219170987606,0.013742947923125718,21.320840402515323,0.5701862123803753,-0.026854510536932136
1925,training,0.005844310857355595,0.0355497170239687,0.013742947923125718,21.38069098779764,0.5686204780545178,-0.024398100754704017
1926,training,0.0022567177657037973,0.012839999981224537,0.013742947923125718,21.44053719840222,0.5673524794380835,-0.019271895404145707
1927,training,0.00025156105402857065,0.033997707068920135,0.013742947923125718,21.520502609249117,0.5658942966529301,-0.017665650159577294
1928,training,0.00019407420768402517,0.04878816194832325,0.020138720445882156,21.600373232589064,0.5644074791277315,-0.018924758378527428
1929,training,0.0008929949253797531,0.043770919553935535,0.020138720445882156,21.680167617150538,0.5636683057945466,0.00026129830406762403
1930,training,0.0006595489103347063,0.016576946713030335,0.020138720445882156,21.779849532900933,0.5650822454438909,0.026585618617375267
1931,training,0.006939682178199291,0.044227524660527706,0.01821964679261517,21.859593451249278,0.5677068900091785,0.03734113929364329
1932,training,0.002022141357883811,0.024817150086164478,0.01821964679261517,21.919466103376443,0.5703420193495701,0.052193814997718135
1933,training,0.0013855939032509923,0.007884399383328855,0.01821964679261517,22.019140576010894,0.5762928489532355,0.06630290058107077
1934,training,0.001760078128427267,0.01416748948395252,0.009592780698416228,22.078893212564672,0.5802878109116831,0.0658658365451995
1935,training,0.0005548463668674231,0.02075611613690853,0.009592780698416228,22.158651224890892,0.5854440586290675,0.06229535586057285
1936,training,0.0008007498690858483,0.0252582561224699,0.009592780698416228,22.23853575733259,0.5901373112604984,0.055126720054515625
1937,training,0.0011110510677099228,0.011316200718283653,0.008878261345722312,22.33838081224619,0.5950647026066744,0.04456639725355622
1938,training,0.0007648114114999771,0.0043558645993471146,0.008878261345722312,22.4183035977075,0.5982581113278959,0.03545106357239577
1939,training,0.00029022624948993325,0.042107198387384415,0.008878261345722312,22.4782031660339,0.6002709664082684,0.030541574935351635
1940,training,0.00039162830216810107,0.009860006161034107,0.02269277202210757,22.578153633386865,0.6028197641042335,0.020038217442546385
1941,training,0.0008936758968047798,0.0222234446555376,0.02269277202210757,22.658104560467248,0.6042663265425825,0.017232392729389617
1942,training,0.0022168157156556845,0.003438267856836319,0.03209342479517843,22.7579615568721,0.6064898445836535,0.03148465460240379
1943,training,0.0006638693739660084,0.041666829027235515,0.03209342479517843,22.837765608958208,0.6093804193734665,0.04053208984232149
1944,training,0.0006078094593249261,0.03378450311720371,0.03209342479517843,22.937394987417683,0.6146759922850583,0.06676577711783035
1945,training,0.001473855460062623,0.0108583252876997,0.028381501785799915,22.997007152402766,0.6190521777786685,0.07719865226380855
1946,training,0.0011070205364376307,0.00260988250374794,0.028381501785799915,23.0568266729244,0.6237565369460475,0.07940739272583199
1947,training,0.0007046515820547938,0.002072500064969063,0.028381501785799915,23.136601965969323,0.6298955021796748,0.07153135776776572
1948,training,0.0005973463412374258,0.00535568967461586,0.028381501785799915,23.216309967818855,0.6353425695947559,0.06359582637493826
1949,training,0.0006864645984023809,0.010404003784060482,0.021991300486367084,23.296169082699418,0.639988983101135,0.05210413893962885
1950,training,0.001015280606225133,0.01585579849779606,0.021991300486367084,23.376111939415928,0.6437076397873985,0.042428692161690346
1951,training,0.0024531506933271885,0.01647774688899517,0.01971473584081164,23.496006632904887,0.6479003368346905,0.02809458444096779
1952,training,0.0006245047552511096,0.011164749041199684,0.01971473584081164,23.59592067900745,0.6503992166339501,0.023513144937607977
1953,training,0.00033923861337825656,0.003051257226616144,0.01971473584081164,23.655883657831183,0.6516965688951273,0.02003707210588535
1954,training,0.0014629315119236708,0.0252529364079237,0.019280682122826992,23.735790891253455,0.6532941024259453,0.01907273952708587
1955,training,0.0006292201578617096,0.030947802588343617,0.019280682122826992,23.795686529429084,0.6544262228762626,0.018142800477229038
1956,training,0.0004484138044063002,0.03481881134212017,0.019280682122826992,23.89561518832191,0.6558919696736759,0.011909782701655193
1957,training,0.0009361700504086912,0.029896772000938654,0.013884748475794186,23.955634209444607,0.6564860345380811,0.007691185578093201
1958,training,0.0001805015781428665,0.021362266037613153,0.013884748475794186,24.055550470603645,0.657194448407649,0.0050376434262809
1959,training,0.0009584582294337451,0.014769960194826126,0.013884748475794186,24.15548892696054,0.6577247305883872,0.004104074437841405
1960,training,0.0018545961938798428,0.06613186886534095,0.002978793585143038,24.23540703186581,0.6581176683747444,0.004918464474726866
1961,training,0.001285312115214765,0.004259791632648557,0.002978793585143038,24.335348661172706,0.6585651094266083,0.0038271663517696177
1962,training,0.0016354764811694622,0.003679790534079075,0.004744195980022213,24.455290763199912,0.6589690177112759,0.0029535992434561193
1963,training,0.0004940492799505591,0.03938923915848136,0.004744195980022213,24.53524184862324,0.6592431375796177,0.0038174081422286017
1964,training,0.0014474800555035472,0.0008695609867572784,0.004744195980022213,24.615181313655434,0.659500997734666,0.0033602452125345832
1965,training,0.0007525903056375682,0.005367957055568695,0.00860561807523174,24.674995859917853,0.6600461100290779,0.015197941668936623
1966,training,0.0020812698639929295,0.0032744184136390825,0.00860561807523174,24.794768836307895,0.6632435284969902,0.036093166222996846
1967,training,0.0004040485655423254,0.01587951928377153,0.0046736055555962235,24.874335746535866,0.6672071608492289,0.06264821744314089
1968,training,0.0006420024437829852,0.029027335345745087,0.0046736055555962235,24.953799045981633,0.673573529621469,0.09759353409705188
1969,training,0.0011839917860925198,0.007847920060157762,0.0046736055555962235,25.03315198188597,0.6824689488731386,0.12675675843080783
1970,training,0.0004520865622907877,0.022790871560573578,0.023561897893460422,25.112219200332824,0.6936234522740934,0.15385766523401218
1971,training,0.0006788534810766578,0.04917292296886444,0.023561897893460422,25.190641166532036,0.7071722716653599,0.1892500794932043
1972,training,0.0015470738289877772,0.014378294348716764,0.023561897893460422,25.249286552527856,0.7190685843457366,0.21069227974428664
1973,training,0.00033038086257874966,0.013593427836894989,0.05014545827303526,25.32691971199881,0.737351430928858,0.2553543341045148
1974,training,0.0005716396262869239,0.009418629109859467,0.05014545827303526,25.403284029902434,0.7593720854879202,0.30581875199996394
1975,training,0.0011899694800376892,0.05633348971605298,0.05014545827303526,25.497185214636698,0.7920746159835652,0.3655029121345541
1976,training,0.003358449088409543,0.1070656552910805,0.07263904296377054,25.57060753323284,0.8225211032580447,0.42346549673976813
1977,training,0.001332390122115612,0.081303671002388,0.07263904296377054,25.641889536931917,0.857523028373514,0.49147338178597344
1978,training,0.0010857455199584365,0.17959812283515933,0.07263904296377054,25.72729086535331,0.9080628744359043,0.5768287000460269
1979,training,0.000684733793605119,0.15800045430660248,0.08028743484220273,25.79166260103766,0.9538862387076538,0.6668490964444604
1980,training,0.0013929817359894514,0.20424171164631846,0.08028743484220273,25.836765125339394,0.992385993364908,0.7461821682373656
1981,training,0.00042293500155210495,0.21418243646621704,0.10614820080193921,25.892069326482968,1.0487621531797844,0.8416523714616616
1982,training,0.0011803467059507966,0.12036404758691788,0.10614820080193921,25.917730063229264,1.078988261381638,0.8928253297768853
1983,training,0.0009043593308888376,0.09007058292627337,0.10614820080193921,25.964363719726784,1.1427932983940836,0.9818295068816243
1984,training,0.0007944178069010377,0.11007341742515564,0.1454708358984799,25.99599071938671,1.1932543257937565,1.0391084409681195
1985,training,0.002108809072524309,0.011723145842552185,0.1454708358984799,26.041386274352835,1.2810583567568727,1.149212814328785
1986,training,0.0014865831471979618,0.03156846761703491,0.1454708358984799,26.071347341773386,1.3545231755529652,1.210720638727469
1987,training,0.0002413708425592631,0.015049740672111511,0.14057529748116612,26.109166015091702,1.467754639925861,1.2866254965948614
1988,training,0.001000935211777687,0.04967475682497026,0.14057529748116612,26.134662190827015,1.5640381560437548,1.3373550827956782
1989,training,0.000719003495760262,0.054482653737068176,0.14057529748116612,26.15179575391762,1.6419338199496492,1.3690805343942591
1990,training,0.0009106154320761561,0.059142325073480606,0.11438564295823533,26.16652290216017,1.7202680510152468,1.3994976860624708
1991,training,0.0005686917575076222,0.01780657470226288,0.11438564295823533,26.17899705345645,1.7990236458202842,1.4264028209688189
1992,training,0.007782315835356712,0.005295649170875577,0.11438564295823533,26.186762235759804,1.8581982230864225,1.455985632101921
1993,training,0.0027430783957242966,0.01432790607213974,0.08151588893701213,26.19512411502616,1.9572975970626436,1.518356648846704
1994,training,0.001348069286905229,0.028969258069992065,0.08151588893701213,26.197617795611162,2.056793041030967,1.5708106877972403
1995,training,0.0008384523098357022,0.013475120067596463,0.07146512298670465,26.195912171667846,2.1363461340171566,1.6134723340019619
1996,training,0.0035537094809114933,0.012191012501716614,0.07146512298670465,26.1886198867512,2.235603514545979,1.6766155751109109
1997,training,0.0006341748521663249,0.03677475452423096,0.07146512298670465,26.178262771340467,2.314550838823263,1.725733067281114
1998,training,0.0012613768922165036,0.017420373857021332,0.09331194537707375,26.15551573419622,2.4317053593361178,1.799191100385533
1999,training,0.0015491798985749483,0.05406726710498333,0.09331194537707375,26.130575709938174,2.5281256220737722,1.8472475064485385
2000,training,0.0012910275254398584,0.011525243520736687,0.08921216002004675,26.113780018887752,2.585508561322973,1.8597937745308415
2001,training,0.0009394968510605395,0.03748244419693947,0.08921216002004675,26.090514183213553,2.6618646000516013,1.8736410113763862
2002,training,0.0014522793935611844,0.01661717891693116,0.08921216002004675,26.072451148892387,2.7190894617649426,1.8791787126118435
2003,training,0.002715406473726034,0.01797493547201156,0.08921216002004675,26.047704238050507,2.7948911277344375,1.8934828956936918
2004,training,0.0011500450782477856,0.006944593042135239,0.047559898797556004,26.021593432808814,2.870192002009478,1.9166546419923511
2005,training,0.0003327933372929692,0.05726882815361023,0.047559898797556004,26.000821131635462,2.926499866344868,1.9325329853564601
2006,training,0.0007687440374866128,0.022957999259233468,0.047559898797556004,25.971998268546287,3.0009195200426504,1.9463018040649918
2007,training,0.0005645804922096431,0.020989274606108662,0.019662036297444646,25.949748510030624,3.056446649178706,1.9577756745339605
2008,training,0.0004636347875930369,0.034405410289764404,0.019662036297444646,25.911323456454028,3.1486275974568487,1.9735060971111404
2009,training,0.0004624481953214854,0.01599095761775972,0.019662036297444646,25.879669869337693,3.2221184960015448,1.9816285726851977
2010,training,0.0017836621263995767,0.14708946458995342,0.017776754324060864,25.8383874306729,3.3129319411952487,2.0159836815216012
2011,training,0.0008482560515403748,0.02286718785762787,0.017776754324060864,25.812420446589066,3.366637747875514,2.024156047672465
2012,training,0.0008808413986116648,0.008715331554412849,0.017776754324060864,25.77692069565973,3.4380885224469373,2.043600922010129
2013,training,0.0010765756014734507,0.007799521088600159,0.027243497968159506,25.739859682169797,3.508864595298652,2.0614696203052607
2014,training,0.0003491903771646321,0.0017633065581321716,0.027243497968159506,25.701379456801984,3.578716549971175,2.0893213303314457
2015,training,0.00035023060627281666,0.0705668292939663,0.027243497968159506,25.65027076471906,3.6641562198608066,2.1305603177909895
2016,training,0.002020318293944001,0.015528526157140732,0.04276277153519543,25.607265579421703,3.731335998710231,2.150278275252569
2017,training,0.0008502061828039587,0.08296134974807501,0.04276277153519543,25.55179265875961,3.8142053469313826,2.1723651514458506
2018,training,0.001488691894337535,0.004114970564842224,0.04276277153519543,25.495010108331936,3.8963190020652942,2.175683222029506
2019,training,0.002006259746849537,0.02657671086490155,0.035969325783775444,25.460874798532853,3.9449489579930175,2.191881814438859
2020,training,0.00041718746069818735,0.024772899225354188,0.035969325783775444,25.413683141350006,4.009140348533206,2.215101971891117
2021,training,0.0014431410236284137,0.04478977713733911,0.035969325783775444,25.365171052098756,4.072511239198904,2.2325192260504534
2022,training,0.000823653768748045,0.03162462916225195,0.024364575264465903,25.302941823802723,4.150450661811874,2.258707895006549
2023,training,0.001021890202537179,0.013495730236172674,0.024364575264465903,25.251944306537574,4.212028605084794,2.2647572382803056
2024,training,0.0003785154549404979,0.023450925946235657,0.024364575264465903,25.21359063331986,4.2578898306400665,2.2690358070449625
2025,training,0.0008232396794483066,0.07217726856470108,0.024364575264465903,25.150371007837393,4.334430426994749,2.245646133152001
2026,training,0.002313597360625863,0.05191608797758818,0.015488660693631643,25.112851631426864,4.381237671081713,2.249278346377851
2027,training,0.0016027635429054499,0.02206435985863208,0.015488660693631643,25.062520533813522,4.443356687300091,2.2538624146740736
2028,training,0.00034327636240050197,0.03037225361913443,0.015488660693631643,25.000014202849794,4.520488372537437,2.245775970507304
2029,training,0.0017510481411591172,0.019297522492706776,0.015488660693631643,24.962419938103654,4.567149773604964,2.2528503229729013
2030,training,0.0010566248092800379,0.01683538220822811,0.008052262938557455,24.92463880927632,4.61399946453281,2.2454606095608574
2031,training,0.0013811193639412522,0.024150142446160313,0.008052262938557455,24.887396642564248,4.66084789028481,2.2392523778630977
2032,training,0.0008202489116229117,0.004758309572935104,0.008052262938557455,24.825825411513108,4.739677972405266,2.2267572885796745
2033,training,0.0005922396667301655,0.03629935346543788,0.029784201421405167,24.777421956887636,4.8033768847306675,2.2133152680500845
2034,training,0.00047138420632109046,0.07038426399230957,0.029784201421405167,24.718470268338056,4.884248613694085,2.1875850514052404
2035,training,0.0010840070899575949,0.055237410590052605,0.029784201421405167,24.67277098131125,4.949912497071361,2.173363641289212
2036,training,0.0005393408937379718,0.004754481837153435,0.035134483966064035,24.61596976205354,5.032022040643439,2.181302168275937
2037,training,0.000804418115876615,0.04614606127142906,0.035134483966064035,24.581457268351965,5.0809133371799575,2.188639700621308
2038,training,0.0007694489322602749,0.02819980203639716,0.035134483966064035,24.546753118881295,5.12980786963887,2.1855192946620012
2039,training,0.0006135824951343238,0.004034273326396942,0.035134483966064035,24.500832791057988,5.195180633780213,2.1827864871476317
2040,training,0.0012159085599705577,0.02088058739900589,0.011131744055856615,24.44278678814596,5.276274045921384,2.2047445844407334
2041,training,0.0007533038151450455,0.03385590575635433,0.011131744055856615,24.40702114041452,5.324139501258587,2.2181286770141364
2042,training,0.0005071034538559616,0.013327829539775848,0.011131744055856615,24.35846789533069,5.387512413684981,2.2303359898316457
2043,training,0.0007862792117521167,0.021827097982168198,0.011131744055856615,24.296615673130457,5.465790861387337,2.250111652445446
2044,training,0.0016424705972895026,0.02497711032629013,0.019084198729276546,24.245552153804272,5.527146700243303,2.2812627732709285
2045,training,0.0018414088990539312,0.043525587767362595,0.019084198729276546,24.20616068909626,5.57202036818365,2.2989294757475056
2046,training,0.0017388449050486088,0.020786333829164505,0.019084198729276546,24.13887671464457,5.645723411872953,2.321682560039348
2047,training,0.0024580112658441067,0.04530733078718185,0.021577660516533,24.09752371691644,5.689155264145546,2.34458942284725
2048,training,0.009683717973530293,0.028701748698949807,0.021577660516533,24.040979140223666,5.745453126451294,2.3707454254359077
2049,training,0.0010379755403846502,0.10832055285573006,0.021577660516533,23.997815687730778,5.786709212704786,2.386830467811324
2050,training,0.000948291621170938,0.04068522527813912,0.021577660516533,23.924566891459065,5.854580641510698,2.3981025228006247
2051,training,0.001514086383394897,0.00011045485734939575,0.020123611720921607,23.835355829742035,5.934392631588675,2.4288567829662124
2052,training,0.0006212955340743065,0.0007051900029182434,0.020123611720921607,23.789715608760773,5.973230296050011,2.4434443756172883
2053,training,0.002260047709569335,0.01975971460342406,0.020123611720921607,23.743613729658616,6.011349420288988,2.456882174479818
2054,training,0.0010991832241415977,0.040919005870819085,0.02760993028166274,23.665630862378944,6.07334170667305,2.4864752310939893
2055,training,0.003337892470881343,0.12121785432100296,0.02760993028166274,23.56970025176275,6.144764913943344,2.515346851000993
2056,training,0.0003236836055293679,0.08407612144947052,0.02760993028166274,23.5049157789047,6.191635188715685,2.5104115903210347
2057,training,0.0007409922545775771,0.05437902733683586,0.06195261116699212,23.440434445169604,6.237383260567614,2.548613440273289
2058,training,0.00028019939782097936,0.021303419023752206,0.06195261116699212,23.373524071121324,6.280467588583028,2.5859744569124867
2059,training,0.0009328895248472691,0.07710450328886509,0.06195261116699212,23.3053597416373,6.321833766193852,2.603480987133579
2060,training,0.006052193231880665,0.02518626768141985,0.053104183530203686,23.253626500067107,6.3522193480927,2.619502013801749
2061,training,0.0011144736781716347,0.01208220748230815,0.053104183530203686,23.184148008719404,6.3914739536430005,2.6318534651319876
2062,training,0.0016294256784021854,0.025646144524216652,0.053104183530203686,23.09693993728285,6.440130072808719,2.6311300624649565
2063,training,0.0012929923832416534,0.0004326486960053444,0.03699726487990399,23.027184046552737,6.478989219399012,2.636289511293367
2064,training,0.001422541681677103,0.02217944897711277,0.03699726487990399,22.974607334793888,6.508071947708743,2.6353877429393897
2065,training,0.0015012414660304785,0.036879909224808216,0.03699726487990399,22.869805327529228,6.566079480791992,2.6382328324607425
2066,training,0.0006521543837152421,0.006388489156961438,0.026787282616486472,22.799554591376673,6.604355369708134,2.6482748686601014
2067,training,0.0023373279254883528,0.030076732859015468,0.026787282616486472,22.729084399773356,6.641898814371296,2.655031593295538
2068,training,0.000781819224357605,0.015493382699787613,0.026787282616486472,22.67622076485738,6.670051380350495,2.6481995808077095
2069,training,0.0016515878960490227,0.053605226799845695,0.020702655759846547,22.60587760595552,6.7083054029650775,2.6389408355322965
2070,training,0.0016332523664459586,0.005733743775635958,0.020702655759846547,22.553340207487558,6.737035329458237,2.6459814616257273
2071,training,0.0009114156709983945,0.05857890471816063,0.020702655759846547,22.4653933697059,6.784353619578956,2.6460327201948144
2072,training,0.0006486329948529601,0.05638488940894604,0.01796898421577469,22.360186159625112,6.842312012162449,2.627779259913346
2073,training,0.0046726712025702,0.02504370454698801,0.01796898421577469,22.308067847485788,6.871656320756181,2.6313324420218787
2074,training,0.0011051552137359977,0.006408071611076593,0.01796898421577469,22.238159836177214,6.910483655103964,2.637068991362901
2075,training,0.0013502981746569276,0.0221577025949955,0.011845483086456998,22.185636003177297,6.939450742481925,2.637183223483061
2076,training,0.0011751087149605155,0.02642365451902151,0.011845483086456998,22.11576916712063,6.9781065273746234,2.633796927104686
2077,training,0.0007615281501784921,0.0550395380705595,0.011845483086456998,22.063372778020884,7.007602192837196,2.6235771941657022
2078,training,0.001025645062327385,0.0005474593490362167,0.014969771055954892,22.011368777391137,7.037249370248819,2.625933373442168
2079,training,0.005078422836959362,0.022466554306447506,0.014969771055954892,21.959249431156106,7.066848761607556,2.6218557802604527
2080,training,0.0013040497433394194,0.004452294670045376,0.014969771055954892,21.907148117758297,7.09670762220989,2.623176587568415
2081,training,0.0010140236699953675,0.0006348006427288055,0.014969771055954892,21.83773311999789,7.136048687415149,2.6271525548081875
2082,training,0.0005640508024953306,0.023783381562680006,0.012678506536791137,21.785477484485323,7.165430460899672,2.6315620412176886
2083,training,0.000567824870813638,0.021952965296804905,0.012678506536791137,21.715627398733623,7.204493279406656,2.630916206415946
2084,training,0.0003182467771694064,0.015915748663246635,0.012678506536791137,21.663464283045943,7.233651213149006,2.633588167604215
2085,training,0.0012179864570498466,0.007491684518754482,0.012678506536791137,21.593505369228097,7.272216382423922,2.642256001202476
2086,training,0.001032900414429605,0.05684744194149971,0.010544223207752081,21.540692420267987,7.3008644250991255,2.647058141559152
2087,training,0.0008615581318736076,0.05611183308064938,0.010544223207752081,21.470487136531386,7.339086734469094,2.6349552151144437
2088,training,0.002253423910588026,0.0005756961181759817,0.010544223207752081,21.418166110605785,7.368467336698697,2.624798548054722
2089,training,0.0005894901696592569,0.03516849782317877,0.0103929868681106,21.366049938625594,7.398347742123434,2.618362844528475
2090,training,0.0046409680508077145,0.013597933575510979,0.0103929868681106,21.297023697099338,7.43794951715704,2.626894609537868
2091,training,0.0005093400832265615,0.006906324997544289,0.0103929868681106,21.244693492192685,7.46718667935186,2.636799186045558
2092,training,0.0005690428661182523,0.033598415553569794,0.0103929868681106,21.17448799464042,7.505536709001981,2.646609947167647
2093,training,0.0022844162303954363,0.03829745016992092,0.010164165778488898,21.121883138275482,7.534002317649897,2.6427782525309116
2094,training,0.0019160674419254065,0.006805039010941982,0.010164165778488898,21.069197173816683,7.562941184405287,2.635450131556936
2095,training,0.0005747742834500968,0.021727485582232475,0.010164165778488898,20.99938718532023,7.6020362576039675,2.627552363769362
2096,training,0.0005399945075623691,0.04071332234889269,0.012210912359429622,20.94723707435328,7.6312713136501324,2.6335335269263753
2097,training,0.0011689505772665143,0.030785947106778615,0.012210912359429622,20.860064703586342,7.680260627867252,2.6212621104296865
2098,training,0.0020098041277378798,0.0037865405902266502,0.012210912359429622,20.80791385267997,7.710058274873514,2.6275052413260096
2099,training,0.0014092688215896487,0.012057074345648289,0.014939224852131557,20.755746199844033,7.739286180653274,2.632430526448711
2100,training,0.0003138877509627491,0.0005809320136904699,0.014939224852131557,20.68592266021616,7.778155928901094,2.6335715750041437
2101,training,0.0003708784934133291,0.02968183159828186,0.014939224852131557,20.615949187684876,7.816922426207897,2.638201381136267
2102,training,0.0007030738051980734,0.05519409663975239,0.02729889380754954,20.54578637341444,7.8552939305902285,2.6450612757443395
2103,training,0.0006558615132234991,0.01882633008062839,0.02729889380754954,20.475507270951105,7.8930887351824515,2.6500814953923455
2104,training,0.0009972637053579092,0.026644214056432247,0.02729889380754954,20.404968803356002,7.930523978605745,2.6571089841649305
2105,training,0.002318863058462739,0.023264864459633827,0.02729889380754954,20.351684627025513,7.958331483063665,2.6649724224726055
2106,training,0.00078444869723171,0.0020047873258590733,0.0309867932900796,20.298479376337067,7.9855916441576476,2.6704824018669964
2107,training,0.0017147836042568088,0.005528731271624565,0.0309867932900796,20.227131154578917,8.021545869038846,2.6798316740262154
2108,training,0.0025271393824368715,0.0500651691108942,0.0309867932900796,20.173265925745483,8.048277023626762,2.6810218198273312
2109,training,0.0004437519528437406,0.008965061977505684,0.0309867932900796,20.119703414143597,8.074591279816023,2.690647618628414
2110,training,0.0018079293658956885,0.034816157072782516,0.031374022360929336,20.065571123861478,8.100581468000884,2.6964532672514103
2111,training,0.002441159449517727,0.03404484689235687,0.031374022360929336,19.99335610674042,8.134998283049775,2.696777471900419
2112,training,0.0005954946391284466,0.019054229371249676,0.031374022360929336,19.93939006761937,8.160958692457605,2.6895912926836805
2113,training,0.0008492701454088092,0.04848104529082775,0.020852592058379065,19.86754395875263,8.196402685400992,2.676813605310919
2114,training,0.0013601449318230152,0.007015426070211106,0.020852592058379065,19.778089080435898,8.24090509458818,2.6860422185707042
2115,training,0.00840005837380886,0.02153167314827442,0.020852592058379065,19.72420605906715,8.267267607365152,2.6864762288454633
2116,training,0.0007042614161036909,0.015533645517280092,0.019144584314146274,19.63448415209178,8.311347333317833,2.68286742489516
2117,training,0.0009280244703404605,0.0776795893907547,0.019144584314146274,19.544892793106886,8.35563937092422,2.682354368997866
2118,training,0.0008826664998196065,0.0181792484363541,0.019144584314146274,19.473330866595454,8.391307612390984,2.6744923060322137
2119,training,0.0008810132276266813,0.0055573470890522,0.015879771749899782,19.419658484406,8.418412805001354,2.674062466103249
2120,training,0.0017098071984946728,0.02308121044188738,0.015879771749899782,19.33028012271916,8.463104248095153,2.6837647186813673
2121,training,0.0009041921002790332,0.015072101727128029,0.015879771749899782,19.25853008509945,8.498117451284191,2.6906264866520195
2122,training,0.0004878331092186272,0.004283728078007698,0.01692222739812822,19.204629622923434,8.524210451366645,2.6907330359732
2123,training,0.0011397107737138867,0.01906684134155512,0.01692222739812822,19.132598929939025,8.559190715317856,2.687758217119241
2124,training,0.0018586323130875826,0.004656737670302391,0.01692222739812822,19.078716381378246,8.585390107006013,2.6912368314116146
2125,training,0.0006607050308957696,0.013128993101418015,0.007216345126451923,18.98874578105184,8.628937898072,2.6887471584667897
2126,training,0.0007581152603961527,0.024795744568109512,0.007216345126451923,18.916949288139524,8.664144572112864,2.6823463992580527
2127,training,0.0004424538929015398,0.02730344235897065,0.007216345126451923,18.845167110446578,8.699401181004257,2.6897966168206517
2128,training,0.0014756163582205772,0.010758028365671635,0.008024246954357795,18.772956828486393,8.733826578519583,2.70584835491839
2129,training,0.0015156602021306753,0.02347165031824261,0.008024246954357795,18.71870536939007,8.758807447840251,2.7134779941754017
2130,training,0.000636354903690517,0.06951676309108734,0.008024246954357795,18.664047719430226,8.783650576107156,2.7148548275684465
2131,training,0.002198206027969718,0.014435727149248123,0.012203571733761112,18.591233713784508,8.816986641660144,2.707904704655099
2132,training,0.00029106036527082324,0.011957735754549505,0.012203571733761112,18.518804526771458,8.850654606367552,2.7062827626390717
2133,training,0.0008046980947256088,0.01229199580848217,0.012203571733761112,18.464436521241304,8.875905008334543,2.7078686997736656
2134,training,0.0006445579929277301,0.06490119453519583,0.003327085579985496,18.39173296200803,8.909406486444249,2.7112742641483742
2135,training,0.0010051049757748842,0.029955648817121983,0.003327085579985496,18.318895332992444,8.941902374213177,2.735254606918948
2136,training,0.00409067003056407,0.04624561779201031,0.003327085579985496,18.263864550206097,8.965302446055263,2.743511725305724
2137,training,0.0005847910651937127,0.017176516354084015,0.003327085579985496,18.189946236782188,8.995634957945311,2.7620347684167577
2138,training,0.0014908669982105494,0.02026752196252346,0.015724595394563664,18.134213597664665,9.017573203990409,2.7704934046772065
2139,training,0.0005218625883571804,0.036834404803812504,0.015724595394563664,18.078381350123077,9.039139019997064,2.775391070754618
2140,training,0.0006782374694012105,0.024910641834139824,0.015724595394563664,18.0223291371753,9.06068795606187,2.772380626947724
2141,training,0.00030500779394060373,0.02941592037677765,0.015724595394563664,17.947794396978125,9.089030918928474,2.7878729294811286
2142,training,0.0019917208701372147,0.07948250323534012,0.012154053568504871,17.891563068512422,9.109514528245649,2.7955785264924944
2143,training,0.0008801121730357409,0.053865836933255196,0.012154053568504871,17.835089280953124,9.12970845327039,2.7985667393491145
2144,training,0.0003510930691845715,0.009275991469621658,0.012154053568504871,17.74102857107574,9.163218969545518,2.80173869338193
2145,training,0.0008825304685160518,0.03246331214904785,0.014651442640556277,17.646756275653516,9.195501284961242,2.8252845652491647
2146,training,0.0004696213291026652,0.02616576198488474,0.014651442640556277,17.53283561138307,9.232541007408729,2.826727170577298
2147,training,0.0011642560129985213,0.0074869198724627495,0.0025083175362144686,17.437795021195846,9.262917097590739,2.838757500563858
2148,training,0.0011728948447853327,0.006035609170794487,0.0025083175362144686,17.361451979384707,9.286539084623303,2.843831076696608
2149,training,0.0013171304017305374,0.00569562241435051,0.0025083175362144686,17.265975236277868,9.31545168214975,2.8532320511251505
2150,training,0.0017049252055585384,0.01186918094754219,0.035561562208073175,17.18933603568164,9.337696113816298,2.865354262297932
2151,training,0.002079976722598076,0.01279484573751688,0.035561562208073175,17.093086905923517,9.363846948950775,2.8871579431860823
2152,training,0.0016768507193773985,0.0580163411796093,0.010445405976414614,17.015770704426206,9.38377533490102,2.885682279223483
2153,training,0.0006230189464986324,0.046197062358260155,0.010445405976414614,16.93848456096666,9.403872531720047,2.8901453728240485
2154,training,0.0031373396050184965,0.03274638019502163,0.010445405976414614,16.860988243225837,9.423534684344956,2.8968455311587813
2155,training,0.0008800018695183098,0.04671449773013592,0.0396278681950062,16.80286141596312,9.438164236826557,2.8918226698335285
2156,training,0.0006292456528171897,0.05195881426334381,0.0396278681950062,16.725532393259968,9.458254381464695,2.8806667809702113
2157,training,0.002122693695127964,0.028391861356794838,0.0396278681950062,16.667573588889677,9.474035956350603,2.871257644380322
2158,training,0.0008378138300031424,0.05217728391289711,0.0396278681950062,16.610093172726394,9.489982250727715,2.873492433656518
2159,training,0.000812400714494288,0.004148740321397785,0.051250394892890426,16.513794213692446,9.516571860265216,2.8635444425798178
2160,training,0.0012171963462606072,0.04939031600952149,0.051250394892890426,16.43700718076257,9.53845470391573,2.8669864866494157
2161,training,0.0009213581215590239,0.023924775421619415,0.051250394892890426,16.37926384869248,9.554735307409315,2.8631816584269076
2162,training,0.0003097650478594005,0.016551845241338015,0.01720018698029238,16.283440935265055,9.582575750352918,2.8577416403606266
2163,training,0.0013930057175457478,0.014131434261798859,0.01720018698029238,16.225949895217077,9.599299073542776,2.858219796484059
2164,training,0.0009786575101315975,1.8984079360968853e-05,0.01720018698029238,16.168355798954877,9.615912390565512,2.8647349746941906
2165,training,0.0014045124407857656,0.034081339836120605,0.017764118970681017,16.110731422728925,9.631989236830773,2.8740579977906795
2166,training,0.0004819153400603682,0.010190572589635849,0.017764118970681017,16.033741215903436,9.652859723979015,2.8763068218616055
2167,training,0.0007624555146321654,0.013704346492886543,0.017764118970681017,15.95657071054667,9.673664738323483,2.8821046674469524
2168,training,0.0008713986026123166,0.01676773652434349,0.012421759642283899,15.859974114509727,9.69863900304837,2.897512628344504
2169,training,0.0006311442703008652,0.07725415378808975,0.012421759642283899,15.801831377155414,9.712875195084413,2.905659208736872
2170,training,0.0011488341260701418,0.008198343217372894,0.012421759642283899,15.723908734900833,9.73132678078866,2.903308876391435
2171,training,0.0017939377576112747,0.07513248175382614,0.04259656527387448,15.646315525614419,9.75052320259438,2.8966502194696586
2172,training,0.00048377650091424584,0.05034098256146535,0.04259656527387448,15.549447443331243,9.774850950024126,2.895091228442265
2173,training,0.0027535047847777605,0.015034101903438554,0.04259656527387448,15.491262084317764,9.789526287701307,2.8940152542632287
2174,training,0.0013813104014843702,0.0819230847992003,0.02060257851616508,15.394581210149068,9.81560356009504,2.85506036746856
2175,training,0.0008215797715820372,0.00324267148971559,0.02060257851616508,15.337159287962047,9.832889462549295,2.846701759910061
2176,training,0.0008540443959645927,0.018784157931804657,0.02060257851616508,15.260731189099637,9.856995969080756,2.8212693179318995
2177,training,0.003921965137124062,0.009884998202323927,0.03633191811971256,15.166397713023851,9.890829337383582,2.772945929292991
2178,training,0.0004641414270736277,0.005670793354511261,0.03633191811971256,15.073748814865908,9.928775766787268,2.735390298725694
2179,training,0.0012482390739023685,0.04442759137600661,0.03633191811971256,14.982323629047086,9.969475883574523,2.7121508402589143
2180,training,0.0010865068761631846,0.017919179052114487,0.020827967775494966,14.909595468316727,10.002576925233367,2.720798139442757
2181,training,0.0005196909187361598,0.020060273818671703,0.020827967775494966,14.836547773933487,10.035345916071716,2.717219170522881
2182,training,0.0005375680630095303,0.03616049326956272,0.020827967775494966,14.781987696508109,10.06013559981132,2.711923392109138
2183,training,0.0015536927385255694,0.045354872941970825,0.018920628508994498,14.709455980850887,10.093846806386972,2.700623337752099
2184,training,0.0016758637502789497,0.025156408548355103,0.018920628508994498,14.655202186230792,10.120240973745195,2.675600813136669
2185,training,0.0013434509746730328,0.007957663387060165,0.018920628508994498,14.601930214685098,10.147729207507684,2.6558345314981837
2186,training,0.0030048382468521595,0.02493904903531073,0.025086246916542095,14.513909335967355,10.195355076868843,2.636374468578505
2187,training,0.0006451776716858149,0.024161703884601593,0.025086246916542095,14.427056327889163,10.245227768923558,2.600845003717193
2188,training,0.00026976579101756215,0.0004310682415962358,0.025086246916542095,14.359096503720744,10.28783594285048,2.560722986358839
2189,training,0.0006667993147857487,0.008038327097892775,0.05760130634661841,14.30927055923788,10.321700958077466,2.5289179028639333
2190,training,0.00039512733928859234,0.016800813376903548,0.05760130634661841,14.244631902966841,10.369200564788288,2.4850975275092178
2191,training,0.0006476553389802575,0.0786437951028347,0.05760130634661841,14.197499623692933,10.406590807935707,2.45773632117158
2192,training,0.0007037659524939954,0.02014793455600738,0.05760130634661841,14.151458824612863,10.444883262702863,2.4407595721293935
2193,training,0.0009203202789649367,0.019002500921487808,0.0646315802359702,14.06089704619956,10.52367472551901,2.4086789796308694
2194,training,0.0020840177312493324,0.03412525728344918,0.0646315802359702,14.0018634184479,10.577739981400898,2.391647088213557
2195,training,0.0003373411891516298,0.11912335827946663,0.0646315802359702,13.929291180048823,10.646599396134409,2.372365398823111
2196,training,0.0010395001154392958,0.04644647240638732,0.04983745948391786,13.871944117294715,10.702449764068856,2.3668672690357773
2197,training,0.0015744634438306093,0.0071280337870121,0.04983745948391786,13.815060059517407,10.758642317023453,2.3551556075474975
2198,training,0.0018708419520407915,0.0265931966714561,0.04983745948391786,13.772984163211701,10.801390091524693,2.3414239447806207
2199,training,0.00042790392762981355,0.01259642094373703,0.04983745948391786,13.731152243798725,10.84457853898591,2.339514413453515
2200,training,0.0005965820164419711,0.06294274143874645,0.04983745948391786,13.689618757260039,10.887619323757562,2.3367556081306198
2201,training,0.0007541393861174583,0.03554648905992508,0.02047128093364519,13.634307016602328,10.945483285901808,2.329924241070315
2202,training,0.0015360680408775806,0.06561741326004267,0.02047128093364519,13.593011326081026,10.989108696626975,2.3285431045963354
2203,training,0.0006378861144185066,0.03712109476327896,0.02047128093364519,13.537908469806291,11.046716881593886,2.344502076100831
2204,training,0.0005826615961268544,0.08220060542225838,0.02047128093364519,13.481469168092877,11.10308661660597,2.3702692897568958
2205,training,0.00041862146463245153,0.08496656641364098,0.009928288447876367,13.4382222769336,11.144706439077352,2.379228051442961
2206,training,0.0011575131211429834,0.0007541105151176591,0.009928288447876367,13.394785276074764,11.185751591521804,2.390337060905134
2207,training,0.0008457943913526833,0.029659710824489594,0.009928288447876367,13.350598127228556,11.226204635851436,2.41135193434167
2208,training,0.0008018430671654642,0.009621582925319672,0.009928288447876367,13.290328933135688,11.27817446717696,2.448945167797545
2209,training,0.0010286798933520913,0.033289626240730286,0.030615665761151316,13.243903172316672,11.315777464573818,2.4725396366912697
2210,training,0.0006422529695555568,0.02235705405473709,0.030615665761151316,13.196503322509681,11.351958517193825,2.5080242799793773
2211,training,0.000609050621278584,0.009883202612400055,0.030615665761151316,13.14778539435969,11.386404988067799,2.542751842887057
2212,training,0.0014576197136193514,0.056254558265209205,0.030615665761151316,13.081078556290088,11.429943050238526,2.585471906577387
2213,training,0.0009497868595644832,0.007021784782409668,0.0474280030003633,13.01269969025148,11.470760901185063,2.6153307458356485
2214,training,6.515021959785372e-05,0.07096818834543231,0.0474280030003633,12.960663809017705,11.500197402990704,2.6408147343915584
2215,training,0.002729548141360283,0.027088016271591187,0.0474280030003633,12.889828848585598,11.536828015300683,2.690867125457406
2216,training,0.0009445116156712174,0.04648915305733681,0.03674724987469757,12.817458629497144,11.569890354935227,2.7322857330033297
2217,training,0.0002353483869228512,0.0028276443481445174,0.03674724987469757,12.762442049765808,11.593218915081128,2.748611100211994
2218,training,0.0015100711025297642,0.0338625181466341,0.03674724987469757,12.669679704089848,11.629640036256976,2.787013885320504
2219,training,0.0006442559533752501,0.012011807411909103,0.023475120262013975,12.613394664916022,11.65007069402101,2.795125478282049
2220,training,0.0009588462999090552,0.047479333356022835,0.023475120262013975,12.538057842936379,11.676654197688258,2.8148096724338
2221,training,0.0018487859051674604,0.0005917102098464983,0.023475120262013975,12.46228119723704,11.701532564635643,2.8332836106162165
2222,training,0.002937758807092905,0.04912941064685583,0.005789763562103134,12.386062409970352,11.725417934294676,2.839017332146281
2223,training,0.0005676998989656568,0.029555669054389003,0.005789763562103134,12.328881997955612,11.742943116277596,2.850602174481348
2224,training,0.0009858484845608473,0.03255347965750843,0.005789763562103134,12.271449564959473,11.760169851467161,2.8472750423082593
2225,training,0.000696233008056879,0.026516759768128395,0.005789763562103134,12.21414414450003,11.777601734817106,2.845139275013586
2226,training,0.0007088033598847687,0.0071172937750816345,0.005789763562103134,12.156793346993757,11.795129956967441,2.845404840901984
2227,training,0.00011583392915781587,0.0411922326311469,0.01064889292325617,12.099484609112476,11.812466370890542,2.8506174483776983
2228,training,0.0005973700899630785,0.06972882151603699,0.01064889292325617,12.02290813188145,11.834726844874936,2.8668883019437033
2229,training,0.0005412743194028735,0.008895163424313068,0.01064889292325617,11.965130380065837,11.850523459528617,2.8835457789316092
2230,training,0.000795974163338542,0.02200582530349493,0.008716680415784456,11.926600647460218,11.86058508787104,2.886659633284719
2231,training,0.00035560925607569516,0.046254836954176426,0.008716680415784456,11.849170139262224,11.880499444289788,2.8948676062843326
2232,training,0.0005336847971193492,0.12576575949788094,0.008716680415784456,11.771698382610898,11.899538418247325,2.907440539302667
2233,training,0.0002187845529988408,0.1488332711160183,0.008716680415784456,11.693998946598253,11.917363685464474,2.9242777929087835
2234,training,0.0023331271950155497,0.06086608301848173,0.01581461613995159,11.596367920040349,11.937670820787016,2.948053093657773
2235,training,0.0006251780432648957,0.08834054507315159,0.01581461613995159,11.537519914885692,11.948590247174941,2.9685918595787895
2236,training,0.00037814409006386995,0.0033049182966351526,0.01581461613995159,11.478443530091486,11.958229012833952,2.991869047783787
2237,training,0.0011730347760021687,0.025571165606379516,0.006725785554556499,11.399361514996935,11.969464374048389,3.000624354249833
2238,training,0.0006679868092760444,0.03165184520184994,0.006725785554556499,11.339874267054954,11.97819762332116,2.990386927018084
2239,training,0.0019760499708354473,0.06626764684915543,0.006725785554556499,11.280595260154373,11.9876032097826,2.9775787100270583
2240,training,0.0011313405120745301,0.01785221043974161,0.016755431865361846,11.201798369304237,12.001521924141436,2.953127586792637
2241,training,0.00023663623142056167,0.027026786468923092,0.016755431865361846,11.123314001962452,12.017160450775451,2.9409151679472374
2242,training,0.0007584411068819463,0.006929849274456501,0.016755431865361846,11.044900035836914,12.0333854239037,2.9343530160793962
2243,training,0.00029671768425032496,0.032314542680978775,0.03378209760840858,10.966801492736646,12.049941198386504,2.9318592837085635
2244,training,0.0014993201475590467,0.039761355612426996,0.03378209760840858,10.888777094683006,12.066674375017596,2.9272913202957636
2245,training,0.0009076664573512971,0.026810607872903347,0.03378209760840858,10.830146148766287,12.07949309596228,2.925522259067417
2246,training,0.003885409329086542,0.009121095761656765,0.03378209760840858,10.77164434961046,12.09237488697914,2.9250393864308353
2247,training,0.0009586057858541608,0.022843714803457264,0.047924814456654925,10.693678178188586,12.109182493527321,2.933754328020265
2248,training,0.00030400403193198144,0.015311308670789003,0.047924814456654925,10.61543914002844,12.125208923504573,2.945554614501553
2249,training,0.0002529675839468837,0.042175126262009144,0.047924814456654925,10.556523783967378,12.136854848974123,2.9459244013189343
2250,training,0.0013228312600404024,0.03207379207015037,0.006837884683481112,10.497973023282826,12.148221235039236,2.9561285837833475
2251,training,0.0002369195717619732,0.006436304189264774,0.006837884683481112,10.419319011698738,12.162057692389824,2.9798072470305725
2252,training,0.0014963571447879076,0.04953040694817901,0.006837884683481112,10.360095142761791,12.171658809841276,2.9806075701604335
2253,training,0.00046226262929849327,0.024464329704642296,0.006837884683481112,10.281263643668206,12.18437738768332,2.982531076618814
2254,training,0.0014463250990957022,0.029993731528520584,0.012854153862797197,10.20231327507507,12.19666097179148,2.992894981175118
2255,training,0.0009135197615250945,0.05380795896053314,0.012854153862797197,10.123124052548503,12.207902780447082,3.010553701361085
2256,training,0.00044366129441186786,0.046503299847245216,0.011948337493836596,10.023960536589126,12.22087040184474,3.0061988464326963
2257,training,0.0004928520647808909,0.06879899650812149,0.011948337493836596,9.96463335924578,12.229114550850493,3.0009949802484175
2258,training,0.003990482538938522,0.0733947642147541,0.011948337493836596,9.905218442678292,12.237590808591394,2.999571548274253
2259,training,0.001183845684863627,0.056980825029313564,0.011948337493836596,9.806245175269584,12.252432760722304,2.982960043539559
2260,training,0.0012514997506514192,0.04716781387105584,0.024288489949251573,9.707594567883266,12.26869671746935,2.9744891375778506
2261,training,0.00043353004730306566,0.1127701662480831,0.024288489949251573,9.628682211121964,12.282120840689753,2.9720944589399085
2262,training,0.0008951611234806478,0.13891060277819633,0.01952308412048341,9.550111414418257,12.29668541669301,2.941910384669387
2263,training,0.0011706866789609194,0.1754287481307983,0.01952308412048341,9.452365607065111,12.318635336907462,2.8975872436731627
2264,training,0.00031843900796957314,0.22551762498915195,0.01952308412048341,9.374430673144092,12.337031666407617,2.946008347080797
2265,training,0.0009897653944790363,0.15448772162199023,0.08240607359366214,9.296010973790937,12.348971983077181,3.0388074620722385
2266,training,0.0008077201200649142,0.13402103260159495,0.08240607359366214,9.236703043720413,12.353155200635726,3.101479301065789
2267,training,0.0008190902881324291,0.11823783349245787,0.08240607359366214,9.157345677035178,12.353541483815857,-3.1110736699472095
2268,training,0.0011061558034271002,0.040386313572525985,0.0910290314706468,9.038082796998335,12.345404249809556,-3.0403512370656345
2269,training,0.0013675088994204998,0.02155437716282904,0.0910290314706468,8.95880061858828,12.336341856162125,-3.018535330269909
2270,training,0.00021533857216127217,0.017684897407889366,0.0910290314706468,8.879465711764071,12.326479781676177,-3.019226305689359
2271,training,0.0002052177587756887,0.012560451403260228,0.07151655220794419,8.800201968191752,12.316777890618454,-3.0227404255324823
2272,training,0.000182010029675439,0.04853671416640282,0.07151655220794419,8.70089456973899,12.305369209253584,-3.0328871383689044
2273,training,0.004659697413444519,0.033426012843847275,0.07151655220794419,8.641286587338653,12.29884445896252,-3.0296890115119415
2274,training,0.0009900607401505113,0.03643063083291053,0.05169041885513092,8.5420493769574,12.287554927101361,-3.0275792869195195
2275,training,0.0009608322870917618,0.0157894529402256,0.05169041885513092,8.462493096354438,12.27878760622957,-3.0389401292790637
2276,training,0.0013409904204308987,0.0066893547773361275,0.025690505776182426,8.362891814079362,12.269555266305378,-3.0614046647366733
2277,training,0.0004607689625117928,0.012825133278965953,0.025690505776182426,8.303064490967154,12.26507248502676,-3.0732131706098804
2278,training,0.002136324066668749,0.022984227165579792,0.025690505776182426,8.223206721781676,12.260185953365824,-3.0855812763007973
2279,training,0.004102557897567749,0.009882310405373573,0.025690505776182426,8.163236052674005,12.257070853511998,-3.0941039660095266
2280,training,0.0008815587498247623,0.010528849437832832,0.013446662503139483,8.083354779101793,12.253529077049869,-3.101831958396526
2281,training,0.0013990136794745922,0.03091530315577984,0.013446662503139483,8.023455488354832,12.251372542114623,-3.1089474385392872
2282,training,0.0002794752945192158,0.011792090721428394,0.013446662503139483,7.963413267101504,12.24957774640172,-3.1144869904358603
2283,training,0.00243373098783195,0.0211734501644969,0.016936956196955007,7.883505010013803,12.247503594442255,-3.1175966759748635
2284,training,0.0007892440771684051,0.010348071809858084,0.016936956196955007,7.843587148378756,12.246614422767497,-3.1205526585803827
2285,training,0.00035093154292553663,0.05732320435345173,0.016936956196955007,7.763583265639951,12.245007724218503,-3.1228370088957527
2286,training,0.0008156285621225834,0.03175750281661749,0.016936956196955007,7.7037090395907875,12.243910544988289,-3.124146203823327
2287,training,0.0029207675252109766,0.016453436073788907,0.013481559566153482,7.603770730912716,12.242474207382447,-3.1299782966996386
2288,training,0.00039512565126642585,0.03955474682152271,0.013481559566153482,7.5437331005334345,12.241851817734108,-3.1322178622351164
2289,training,0.0008009510929696262,0.018084565992467105,0.013481559566153482,7.463771401272275,12.241111754368196,-3.134697113930392
2290,training,0.00048150005750358105,0.018666257616132498,0.01772746020149878,7.383857366021341,12.240610306619232,-3.1349127412919184
2291,training,0.004333526827394962,0.017292090225964785,0.01772746020149878,7.303966293212738,12.240145055596342,-3.1364584336712515
2292,training,0.001165548455901444,0.04322276543825865,0.01772746020149878,7.2438929411348285,12.239836374856027,-3.137345704471833
2293,training,0.00162595696747303,0.013882267288863662,0.015929560233978984,7.164105333309917,12.238978746706271,-3.121588470537357
2294,training,0.0013063304359093308,0.01025256235152483,0.015929560233978984,7.084362953974863,12.236913907276953,-3.1101286402417054
2295,training,0.0010719139827415347,0.012881544884294271,0.015929560233978984,7.004551593388318,12.234078104060854,-3.102007284352021
2296,training,0.0008163967868313193,0.02583174780011177,0.016135889820237705,6.9246503388324925,12.230704198478128,-3.0986549615184678
2297,training,0.0003083717601839453,0.012261704541742802,0.016135889820237705,6.824865834674709,12.226259696334658,-3.097547011124878
2298,training,0.0031717545352876186,0.006870601326227186,0.016135889820237705,6.745052065256431,12.22265521838779,-3.0962660169741105
2299,training,0.0004811951075680554,0.021300206426531076,0.008871863872930721,6.685242183610143,12.2198777615154,-3.092766495896601
2300,training,0.00034857302671298385,0.04738312400877476,0.008871863872930721,6.60532261604317,12.21587386183305,-3.0927073826296696
2301,training,0.0020155564416199923,0.03251657634973526,0.008871863872930721,6.505470997864534,12.211183913500232,-3.099030519047744
2302,training,0.00047426437959074974,0.03314019087702036,0.012863856127651353,6.425596614426327,12.207906555968597,-3.1034965871157594
2303,training,0.001368553377687931,0.018078343011438847,0.012863856127651353,6.365722971627652,12.205770943130137,-3.1080755744695154
2304,training,0.00017339698388241231,0.062472427263855934,0.012863856127651353,6.285804280702731,12.203245313312864,-3.111168639133621
2305,training,0.0012695161858573556,0.01600394770503044,0.006048852853404126,6.205771873200191,12.201003329248381,-3.117905385754658
2306,training,0.0004855977022089064,0.012446407228708274,0.006048852853404126,6.145894918170071,12.19939165229248,-3.1087240408632164
2307,training,0.000605400069616735,0.024173198267817497,0.006048852853404126,6.086030557939021,12.197124531419353,-3.0991262659018446
2308,training,0.000982966274023056,0.03232305310666561,0.006048852853404126,6.006283554070781,12.193206539834225,-3.08808515382108
2309,training,0.00048332137521356344,0.00898513570427896,0.01670318202243318,5.946519423477389,12.18982047279258,-3.081703328181008
2310,training,0.004452975932508707,0.016531437635421753,0.01670318202243318,5.866877050964163,12.184564682225421,-3.066864952816083
2311,training,0.0006527015939354897,0.059475723654031754,0.01670318202243318,5.7674270724183865,12.176163403589117,-3.0492629074321123
2312,training,0.0013988491846248507,0.02107543870806694,0.00827417078655392,5.707979381107358,12.170078578760561,-3.0297179779957766
2313,training,0.0006576752639375627,0.00018065422773361206,0.00827417078655392,5.648504666670891,12.162947201555474,-3.0153631914795294
2314,training,0.0022703418508172035,0.017365161329507828,0.00827417078655392,5.549583983107297,12.149602744153619,-3.0001384231247252
2315,training,0.0019222439732402563,0.027430061250925064,0.004782591452792136,5.490471971588952,12.140730338196029,-2.9857851592615448
2316,training,0.0010069403797388077,0.03890718892216683,0.004782591452792136,5.431349806827579,12.130972657721692,-2.969012908458179
2317,training,0.002374307718127966,0.0248218160122633,0.004782591452792136,5.372503225207089,12.120244933264921,-2.9536390846822895
2318,training,0.000298204249702394,0.01837749406695366,0.004782591452792136,5.313756494589335,12.108716138860702,-2.9433826513167385
2319,training,0.0005949551123194396,0.0020311614498496056,0.026125828200601012,5.2159070286020555,12.088579512903538,-2.934122989428129
2320,training,0.0005054457578808069,0.024468213319778442,0.026125828200601012,5.157163799991913,12.076174387884873,-2.9335935795028254
2321,training,0.000530008808709681,0.04444784950464964,0.026125828200601012,5.059306446148984,12.055946697047448,-2.9442122773399646
2322,training,0.0018468783237040043,0.016026165336370468,0.004412735920047637,4.981071715198696,12.040113426741536,-2.9366013256575636
2323,training,0.0011391151929274201,0.03128336230292916,0.004412735920047637,4.8832713561964045,12.019586498158288,-2.9345567620308595
2324,training,0.0012488167267292738,0.0065171681344509055,0.004412735920047637,4.80504176532165,12.003049034475424,-2.9316386697898147
2325,training,0.0010837888112291694,0.038317989557981484,0.018189646717045503,4.746378180965005,11.99027443001495,-2.920689184181235
2326,training,0.0002937220851890743,0.08035172149538994,0.018189646717045503,4.688162571829504,11.976817491951477,-2.909079340148941
2327,training,0.0014293007552623749,0.00966422259807588,0.018189646717045503,4.629750392829157,11.962678336382849,-2.897179713762144
2328,training,0.0003199116326868534,0.004562608897686005,0.012815683362801051,4.552614542336362,11.94251975905311,-2.872884436457779
2329,training,0.002076035365462303,0.03126870095729828,0.012815683362801051,4.457189450673499,11.913986430494782,-2.827538043215476
2330,training,0.001473430311307311,0.01336660981178285,0.012815683362801051,4.400639045675914,11.894815824565269,-2.8016594388444007
2331,training,0.0015651368303224444,0.07224998623132706,0.024731231312723385,4.34446209999319,11.874136343517339,-2.776911463534329
2332,training,0.0006461550365202129,0.03985900431871414,0.024731231312723385,4.288881393052271,11.85229009199184,-2.7583722280706353
2333,training,0.0003004349709954113,0.021736055612564087,0.024731231312723385,4.215526926834685,11.821312789641624,-2.7210206277547684
2334,training,0.00048299902118742466,0.03456789255142212,0.024731231312723385,4.161371316346467,11.796275225813865,-2.6984549472215664
2335,training,0.0019861217588186264,0.01484235376119613,0.06507457330482945,4.107777886114903,11.769887604182527,-2.6666019918354147
2336,training,0.004230448976159096,0.049736807122826576,0.06507457330482945,4.0549378810032515,11.7420032552776,-2.6504688877882057
2337,training,0.0014020047383382916,0.025177806615829468,0.06507457330482945,4.002361103373418,11.713320987149576,-2.6308157278001145
2338,training,0.0017393891466781497,0.10304900165647268,0.06507457330482945,3.9334271674893553,11.673245512070931,-2.5976791856171495
2339,training,0.0007178147207014263,0.03598430473357439,0.06142573056181572,3.882974475426834,11.641581340918354,-2.564477675871631
2340,training,0.0014174345415085554,0.014831339940428734,0.06142573056181572,3.8164353401540048,11.597333112253333,-2.5470802544066875
2341,training,0.000488153425976634,0.062348360195755945,0.06142573056181572,3.7668190399735164,11.563620516340302,-2.542932458899313
2342,training,0.0011614083778113127,0.00857830420136452,0.06142573056181572,3.717620912156184,11.529680405031947,-2.5283023824718276
2343,training,0.0018676065374165773,0.003558080643415451,0.04171638382090449,3.6525810639516187,11.48316448087609,-2.5147105413858344
2344,training,0.0029384249355643988,0.036690808832645416,0.04171638382090449,3.5563498199041215,11.411947082808275,-2.493706618371739
2345,training,0.0001318109134444967,0.13134117424488068,0.04171638382090449,3.4766025497465733,11.351654328517343,-2.4974230317314503
2346,training,0.0016761769074946642,0.08433021232485771,0.021478351415285986,3.397819022421245,11.290486472872443,-2.4639596892180253
2347,training,0.0003780261322390288,0.09728099405765533,0.021478351415285986,3.3358238747868403,11.240022684153063,-2.4546185247865613
2348,training,0.0006574855069629848,0.06222191848792136,0.021478351415285986,3.289797229027246,11.201910918647746,-2.4443979296440386
2349,training,0.00024615105940029025,0.11153403669595718,0.014180361115421224,3.243897125565159,11.1632729407869,-2.442304213087309
2350,training,0.0006186967948451638,0.1404146775603294,0.014180361115421224,3.181920060397004,11.11223807941392,-2.4753805645192233
2351,training,0.0008201091550290585,0.12084182351827621,0.014180361115421224,3.1338083169295627,11.076354059792381,-2.5298983963537576
2352,training,0.0006868968484923244,0.09676030278205872,0.014180361115421224,3.0661490005267695,11.032606521348887,-2.605163864026003
2353,training,0.0006636657053604722,0.01134730875492096,0.022949966325174445,2.9958165473492566,10.993615664632944,-2.662503035921166
2354,training,0.0026304826606065035,0.04818239063024521,0.022949966325174445,2.887783272312915,10.941197853096012,-2.710782222950889
2355,training,0.00038565872819162905,0.07361199893057346,0.022949966325174445,2.8332539949334072,10.916483562316088,-2.7198326523230008
2356,training,0.0018066542688757181,0.03044704906642437,0.01832747142344848,2.760215940940759,10.883944927633987,-2.7260802509324145
2357,training,0.0013291978975757957,0.015432611107826233,0.01832747142344848,2.7055282002869094,10.859602818813167,-2.718319814375524
2358,training,0.0006218467024154961,0.011657759547233582,0.01832747142344848,2.6332136082375928,10.826166159270045,-2.69492206270838
2359,training,0.0015664914390072227,0.05196639150381087,0.01544479266220286,2.5444568802181435,10.780971971527485,-2.644909675480068
2360,training,0.001048640231601894,0.06128789484500888,0.01544479266220286,2.4924351999085985,10.751834648072355,-2.619820954276222
2361,training,0.0007310310611501336,0.08417190611362459,0.01544479266220286,2.441259793482783,10.720980685082475,-2.5683440902196537
2362,training,0.0015729074366390705,0.041710466146469116,0.01544479266220286,2.375558380442262,10.676069910846449,-2.525789074143719
2363,training,0.00031392101664096117,0.04110821336507797,0.06544883001298242,2.327832898830378,10.640561391828612,-2.4746415333197933
2364,training,0.0006384467706084251,0.07420621812343597,0.06544883001298242,2.2667102678662925,10.589488918364527,-2.4212375786081077
2365,training,0.00065062684006989,0.03164045512676239,0.06544883001298242,2.2233195577466116,10.54883558553104,-2.354150154859086
2366,training,0.0015421751886606216,0.08073435723781586,0.10862141515912531,2.182627389285106,10.505427410203739,-2.295700316322644
2367,training,0.0012344407150521874,0.06949114799499512,0.10862141515912531,2.1329860462278343,10.443979187402418,-2.2022641941330705
2368,training,0.0006522436160594225,0.010374277830123901,0.10862141515912531,2.0994287310710384,10.394742369112095,-2.1364322270813467
2369,training,0.0004606712027452886,0.03169053792953491,0.0947658968459041,2.059504134276264,10.3262074652028,-2.0639400892506936
2370,training,0.003749494906514883,0.020699456334114075,0.0947658968459041,2.032526309816736,10.273129707620363,-2.018279888547556
2371,training,0.00041164091089740396,0.026939764618873596,0.0947658968459041,2.000050618573321,10.200499508444672,-1.96641550515049
2372,training,0.000803929811809212,0.003602504730224637,0.05148250029610633,1.9782357632370724,10.145142705072374,-1.9270637118092628
2373,training,0.00033711979631334543,0.03552928566932677,0.05148250029610633,1.9525446399202697,10.06977619789024,-1.8700088879744259
2374,training,0.0002257356682093814,0.07895766943693161,0.05148250029610633,1.9360009828697264,10.012480189145027,-1.8343901799234588
2375,training,0.0009499868610873818,0.047681938856840134,0.05148250029610633,1.9167511556145562,9.935326707786095,-1.8044715469220372
2376,training,0.0005216021090745926,0.0021113120019435883,0.010158574417667432,1.8944814070639353,9.83797982336974,-1.7870409222446213
2377,training,0.000966839084867388,0.047714132815599435,0.010158574417667432,1.8819490217204156,9.779249738223706,-1.7748539185344585
2378,training,0.0003028851351700723,0.06776150641962886,0.010158574417667432,1.8663708863158286,9.700963082663637,-1.7601094005356306
2379,training,0.0040303971618413925,0.040967433218611404,0.018704469751222468,1.855076647528951,9.642182548221584,-1.761735807301001
2380,training,0.00022830854868516326,0.007499489933252335,0.018704469751222468,1.8360863437788086,9.54404821835352,-1.762494592940761
2381,training,0.0033101681619882584,0.01658054068684578,0.018704469751222468,1.8210541598905057,9.465455516070968,-1.755734771946155
2382,training,0.0014966798480600119,0.0313558466732502,0.031117465711404935,1.8103970833199343,9.40659036025986,-1.7429593729473423
2383,training,0.00035332603147253394,0.005238373763859272,0.031117465711404935,1.7976068264056122,9.327937535448646,-1.718240429060067
2384,training,0.0007875945302657783,0.04033365100622177,0.031117465711404935,1.7889827350800673,9.2686057703418,-1.7160448937416177
2385,training,0.00031386828050017357,0.016843674704432487,0.028702594370146797,1.7802106924311056,9.209326348464188,-1.7207998172674963
2386,training,0.00024368465528823435,0.0023492947220802307,0.028702594370146797,1.7710929560421826,9.150100457355004,-1.7254125411099541
2387,training,0.0004117437347304076,0.038928352296352386,0.028702594370146797,1.7619769920651691,9.090841337101576,-1.7203476450062092
2388,training,0.0023609839845448732,0.014108013361692429,0.028702594370146797,1.7532417943270768,9.03167398359546,-1.713489361887865
2389,training,0.000496816704981029,0.02778754569590092,0.02088939829881396,1.7423220285419456,8.952516059188211,-1.7041291183331528
2390,training,0.0009195551974698901,0.01878620171919465,0.02088939829881396,1.734252924391538,8.89314722086039,-1.7089236852276697
2391,training,0.0014198876451700926,0.010494813788682222,0.02088939829881396,1.7258267165102041,8.833832881076946,-1.7144600412131359
2392,training,0.0006839502020739019,0.004195955581963062,0.02088939829881396,1.7172115168014745,8.774428640100814,-1.715219465845458
2393,training,0.0011234229896217585,0.029076929204165932,0.017345751511578498,1.705648640824717,8.69541813225286,-1.7159966430890607
2394,training,0.0006331620970740914,0.029387333430349827,0.017345751511578498,1.6971230795298038,8.636107155730526,-1.710475374554689
2395,training,0.0030557275749742985,0.03130505047738552,0.017345751511578498,1.6865870139518493,8.5569764829636,-1.696811912961366
2396,training,0.0012047349009662867,0.047269025817513466,0.004817517798476038,1.6771630505568034,8.477678955954088,-1.6804692753677282
2397,training,0.0020695968996733427,0.04436768777668476,0.004817517798476038,1.6681538450081659,8.398251434141732,-1.6893707118773842
2398,training,0.0034356028772890568,0.003244780469685792,0.004817517798476038,1.6558300707173168,8.299073782412,-1.6992760004954812
2399,training,0.0002665805513970554,0.010998561978340149,0.004203374723086796,1.648145748296192,8.239588093673971,-1.699364195692347
2400,training,0.0029745339415967464,0.0015728287398815155,0.004203374723086796,1.638382926815307,8.160330736076595,-1.685395286035481
2401,training,0.000728031387552619,0.0011275112628936768,0.004203374723086796,1.6274474796972247,8.061087647953924,-1.6751439808076307
2402,training,0.0008059367537498474,0.03531858650967479,0.012132344114272737,1.6164935136589795,7.961709750654187,-1.688642560592796
2403,training,0.004455480724573135,0.001934599131345749,0.012132344114272737,1.6041655078154498,7.862548491483674,-1.6966403057988373
2404,training,0.0001998542429646477,0.0270510776899755,0.012132344114272737,1.59669920608902,7.80321904647957,-1.6938371647533597
2405,training,0.0011474823113530874,0.027261327020823956,0.003525924042945661,1.5894704376691478,7.74372729862373,-1.6914245813570374
2406,training,0.0008432174799963832,0.03733566217124462,0.003525924042945661,1.5799445893196808,7.6643882839843265,-1.688075083909179
2407,training,0.00038258463609963655,0.0542349461466074,0.003525924042945661,1.5726906995489707,7.604851181347057,-1.6970034844484267
2408,training,0.0046751778572797775,0.014763752929866314,0.010075994937920874,1.56494095068526,7.54531570588397,-1.7038743117106707
2409,training,0.001160520943813026,0.02734143659472466,0.010075994937920874,1.5540613938468453,7.466197398694384,-1.7078293131722513
2410,training,0.0012438732665032148,0.11205319873988628,0.010075994937920874,1.5433881968499052,7.387048463902911,-1.700092911274831
2411,training,0.000731410167645663,0.07190789934247732,0.01074323651714895,1.527688812227233,7.268171614980896,-1.7096683297084965
2412,training,0.0013395373243838549,0.10038300976157188,0.01074323651714895,1.5135293634881588,7.1692538796445,-1.71558170654855
2413,training,0.0005106787430122495,0.0784447193145752,0.014393495253878032,1.501224967278652,7.070523137674473,-1.663085287492146
2414,training,0.0007460815249942243,0.06614233367145061,0.014393495253878032,1.4958638243461662,6.991143875141222,-1.6155099305717746
2415,training,0.0011730426922440529,0.03337391745299101,0.014393495253878032,1.4935679982638392,6.871572531429151,-1.5692634575275897
2416,training,0.0002481697010807693,0.07099912501871586,0.016719515411893038,1.494047908952525,6.811844787184731,-1.5594778563746872
2417,training,0.0006681833183392882,0.051724135293625295,0.016719515411893038,1.4952575445952623,6.731890374272492,-1.5524075543900533
2418,training,0.0018415824742987752,0.029028942808508873,0.016719515411893038,1.4967751726386476,6.651935725797739,-1.5511906356597829
2419,training,0.0009299995144829154,0.009116772562265396,0.016719515411893038,1.4978858197992353,6.592053540309413,-1.5543194374913192
2420,training,0.0005047866143286228,0.037975918501615524,0.01536466910729325,1.4985397364507123,6.53195962495838,-1.5668760577617502
2421,training,0.0011011624010279775,0.016312690451741215,0.01536466910729325,1.498210110001648,6.451933434244455,-1.5797589789430049
2422,training,0.0005918290698900819,0.01770181581377983,0.013975977712413493,1.4972321341079828,6.3719488396434745,-1.587201449835922
2423,training,0.0003101116162724793,0.0016182977706193907,0.013975977712413493,1.4952562842519808,6.272017418383907,-1.5947603169382465
2424,training,0.004801146220415831,0.02327629365026951,0.013975977712413493,1.4937459970850921,6.212083164226222,-1.5976104863040823
2425,training,0.0015562527114525437,0.03333741193637252,0.014706401345457436,1.4913407077035277,6.132108303752673,-1.6040780712344904
2426,training,0.001331033301539719,0.02236490696668625,0.014706401345457436,1.4885034592841329,6.052294333915987,-1.6081406459928842
2427,training,0.001458522048778832,0.028225816786289215,0.014706401345457436,1.4847894150342094,5.952487605122262,-1.6090513895844745
2428,training,0.0004817333538085222,0.006493206601589918,0.023783812638507436,1.4817797260500245,5.872715050552654,-1.6094267793338668
2429,training,0.0014580095885321498,0.05394793534651399,0.023783812638507436,1.477930143036603,5.772913215842701,-1.610121910541121
2430,training,0.0013828338123857975,0.0027107186615467054,0.02803319326086283,1.4740387014687133,5.673115727457353,-1.6099845968869688
2431,training,0.0007538667996414006,0.02501532342284918,0.02803319326086283,1.4717534573664397,5.613135739584143,-1.6070087984443193
2432,training,0.0009659386705607176,0.009820962324738503,0.02803319326086283,1.4684614042492576,5.513358282781354,-1.5998696736627485
2433,training,0.0035708763170987368,0.0010454328730702418,0.030747207493404278,1.466463183594176,5.433564985627033,-1.5923718489162224
2434,training,0.0010786192724481225,0.0002696765586733818,0.030747207493404278,1.4653180633557934,5.373781718054838,-1.5891572865691432
2435,training,0.0008288153912872076,0.003703237511217594,0.030747207493404278,1.4638565641242998,5.293766572353339,-1.5886896428218626
2436,training,0.0009821574203670025,0.011184921488165855,0.020290481951531093,1.4627934861004512,5.2339483744035435,-1.58816922218511
2437,training,0.0010471773566678166,0.01999380299821496,0.020290481951531093,1.4614525915866132,5.154129599158232,-1.5890236059991014
2438,training,0.004362707957625389,0.017693758010864258,0.020290481951531093,1.4599160595972054,5.074180300380187,-1.5913328623717802
2439,training,0.002839593216776848,0.03174721449613571,0.020290481951531093,1.4586469434507827,5.014197485249902,-1.5925427219531085
2440,training,0.0003285692655481398,0.0424091462045908,0.0118032040525062,1.4566836803158238,4.934296296265706,-1.6011681009319056
2441,training,0.0013016671873629093,0.03316698130220175,0.0118032040525062,1.45465230242949,4.874256580064252,-1.6075882179028342
2442,training,0.003007043618708849,0.015268691815435886,0.007732861982280195,1.4502810086646802,4.774385259525429,-1.6203969958141635
2443,training,0.0008537023677490652,0.012875162996351719,0.007732861982280195,1.4460017213846312,4.69460221229163,-1.6274302948650776
2444,training,0.0006534151034429669,0.03603587113320828,0.007732861982280195,1.4414201823229515,4.6148507374739625,-1.629372433841486
2445,training,0.0006809019832871854,0.05753771122545004,0.011980166983326315,1.4382292551111313,4.555077867206345,-1.6187104678589284
2446,training,0.001525268191471696,0.0003383024595677857,0.011980166983326315,1.4346702789920998,4.475240522289559,-1.612469767451044
2447,training,0.0007672025240026414,0.015301131643354893,0.011980166983326315,1.4322236470161893,4.415457417235952,-1.6122226054653994
2448,training,0.0005565902683883905,0.021116214338690042,0.01574559953718999,1.42981793941558,4.355510449573896,-1.6092104967026268
2449,training,0.0009007403859868646,0.02313137613236904,0.01574559953718999,1.4267761227361735,4.275675162981661,-1.6080136826129405
2450,training,0.0006828659679740667,0.007826035027392209,0.01574559953718999,1.4232685588076277,4.175885579383297,-1.6040291365560022
2451,training,7.378571172012016e-05,0.01048173289746046,0.008676688799384467,1.4206109275343872,4.0960843162862846,-1.6054613333499488
2452,training,0.0006009149365127087,0.03242700919508934,0.008676688799384467,1.4178669858773414,4.016291715336826,-1.6059533428233443
2453,training,0.0003885434998665005,0.025396306999027726,0.008676688799384467,1.4157458457894452,3.956275798927962,-1.60584520840319
2454,training,0.0007122368551790714,0.02290149312466383,0.008676688799384467,1.4134908392847483,3.896352338866932,-1.6128857089880881
2455,training,0.00015384885773528367,0.005452956538647412,0.004900548719212085,1.4087043884760964,3.7965057500482735,-1.625216647837608
2456,training,0.0008365602698177099,0.003420309163630007,0.004900548719212085,1.4042216099323346,3.7167158028546234,-1.6286438600730897
2457,training,0.000430315121775493,0.013746803626418114,0.004900548719212085,1.4006476334833031,3.6567871615564598,-1.6318599741561133
2458,training,0.0002864351263269782,0.005006212741136549,0.031467595664078876,1.3944357603873225,3.557110057634314,-1.633938240389218
2459,training,0.0009274196927435696,0.008593386970460415,0.031467595664078876,1.3894999703537132,3.477418905704231,-1.6320599754497331
2460,training,0.0016431031981483102,0.08977141231298447,0.017393840697525306,1.3836900096567637,3.377752136244661,-1.6271763081989614
2461,training,0.004754322115331888,0.04522749967873097,0.017393840697525306,1.3793814109179914,3.2780875383755608,-1.598914684454992
2462,training,0.0006677765632048249,0.021102450788021088,0.017393840697525306,1.3781867822221507,3.2181865623915527,-1.5825914352121913
2463,training,0.0014160232385620475,0.028477247338742025,0.010693982820754329,1.3778669544527251,3.158348545882174,-1.5696156097689187
2464,training,0.0003322355914860964,0.006531538441777229,0.010693982820754329,1.3789478599219616,3.0585702471612786,-1.551984761021254
2465,training,0.0004789740196429193,0.03435218147933483,0.010693982820754329,1.3803449929218727,2.9986738565454156,-1.5437949925155259
2466,training,0.0011916245566681027,0.051323266699910164,0.010693982820754329,1.3828235102474877,2.918709032019798,-1.5350291266263576
2467,training,0.0019406643696129322,0.053031034767627716,0.009241993099774462,1.3867045504949262,2.8188590212215674,-1.5284868072916165
2468,training,0.0037392813246697187,0.040424197912216187,0.009241993099774462,1.3906094777546902,2.7391177038875423,-1.5150192992096538
2469,training,0.0018371491460129619,0.02414899319410324,0.011799506658698139,1.3970052571333513,2.6394633300171977,-1.4997286954460833
2470,training,0.0005783918313682079,0.024448182433843613,0.011799506658698139,1.4013109321384836,2.5797046555541243,-1.498423856148521
2471,training,0.0023369481787085533,0.0054161413572728625,0.011799506658698139,1.4085610781964422,2.4799857062474833,-1.4976539800595108
2472,training,0.0016308235935866833,0.020471190102398396,0.012133781601829048,1.4129108970601492,2.4200237595427985,-1.499511897183686
2473,training,0.0010479845805093646,0.014753303490579128,0.012133781601829048,1.4172593414321755,2.3604008085732433,-1.4955392746347447
2474,training,0.002220672322437167,0.0079902783036232,0.012133781601829048,1.4218166713120706,2.300435844639026,-1.4940851829823958
2475,training,0.0012632713187485933,0.025506112724542618,0.012133781601829048,1.427913303763229,2.2207288719302833,-1.4956462840825933
2476,training,0.000719347910489887,0.038507455959916115,0.008287702159216452,1.4335624739544968,2.1409997264815956,-1.5058487554650692
2477,training,0.0004904778907075524,0.05640067346394062,0.008287702159216452,1.4372556954284859,2.0809987446403357,-1.511966109082148
2478,training,0.0015455307438969612,0.011937491595745083,0.008287702159216452,1.440555815381546,2.021075499826256,-1.5199481828459038
2479,training,0.0014550783671438694,0.02617187611758709,0.014797426075229186,1.4436252449993074,1.9611424283183527,-1.5156572749888026
2480,training,0.0008020217064768076,0.02650875225663185,0.014797426075229186,1.4484285796033423,1.8812535027304143,-1.505547754022789
2481,training,0.0007274585077539086,0.0690370574593544,0.014797426075229186,1.4527694162892728,1.8216500578165287,-1.4890754909536232
2482,training,0.0006938542355783284,0.14809419214725497,0.014797426075229186,1.4583329820205149,1.7620625889506905,-1.4639263820695152
2483,training,0.0023515590000897646,0.14531565457582474,0.00804067725442753,1.4658316593211347,1.7028700078418586,-1.421218292012855
2484,training,0.0008567710174247622,0.14579359441995624,0.00804067725442753,1.4798885848406382,1.6247742730551709,-1.366988790211838
2485,training,0.001063983072526753,0.15219147503376007,0.00804067725442753,1.5035939834486636,1.52840960903393,-1.2879052054746047
2486,training,0.00040605460526421666,0.1802665516734123,0.05687805216241849,1.5217452605183601,1.4717689272061436,-1.2321288457925772
2487,training,0.0026654074899852276,0.05523522198200223,0.05687805216241849,1.5509518618106062,1.3981306384150123,-1.1556569552069647
2488,training,0.000489727477543056,0.015956342220306424,0.05687805216241849,1.5763295634180066,1.3439021778895663,-1.111410471184766
2489,training,0.0008504261495545506,0.030123412609100342,0.09676946129671611,1.6135823816373382,1.2738325194866233,-1.0525040609695462
2490,training,0.004374551586806774,0.18218344822525975,0.09676946129671611,1.6442898818793665,1.2228761611628411,-1.0026190906256633
2491,training,0.0016052614664658904,0.13146698474884033,0.09676946129671611,1.6777852165233558,1.1738189437455526,-0.9381368436602365
2492,training,0.0008331866119988263,0.14846159517765042,0.09676946129671611,1.7146586092035314,1.1273979029288104,-0.855749913553415
2493,training,0.00022220678511075675,0.11985766142606735,0.15263502230483467,1.7696052422746114,1.0706582895573924,-0.7512028612458366
2494,training,0.0006707367720082402,0.06668547540903091,0.15263502230483467,1.799192597187085,1.0442321859862658,-0.7066518188733363
2495,training,0.0002539525739848614,0.08308045566082001,0.15263502230483467,1.8614631239114763,0.9951344623009541,-0.63475987372525
2496,training,0.0013782125897705555,0.04118838906288144,0.1401495681991847,1.9102903454467517,0.9612501578931123,-0.5756785322712776
2497,training,0.002187392208725214,0.04579837620258331,0.1401495681991847,1.978469479470459,0.9208119303972327,-0.49568502517880464
2498,training,0.002685918938368559,0.012056775391101851,0.1401495681991847,2.06778701036306,0.8778013479554153,-0.40520683944248065
2499,training,0.002383644925430417,0.023549981415271787,0.12436364403580168,2.141628524867786,0.848174797166014,-0.3583750580597761
2500,training,0.0008094840450212359,0.06184995919466016,0.12436364403580168,2.2358537301073085,0.8163903695868221,-0.2906269614886421
2501,training,0.0013765633339062333,0.010551668703556047,0.12436364403580168,2.2933214672924187,0.8006781291875875,-0.2429334673195978
2502,training,0.00040926970541477203,0.008698694407939911,0.09189715580799253,2.390367485104596,0.7798395882734794,-0.1863159238999299
2503,training,0.0005458236555568874,0.02538159117102623,0.09189715580799253,2.468899421081036,0.766468721523027,-0.1524682991438128
2504,training,0.0004340227460488677,0.021880652755498886,0.06190977226609388,2.548013107360525,0.755373498481406,-0.12708176112741384
2505,training,0.0015145980287343264,0.031232859939336784,0.06190977226609388,2.6272505768603343,0.7461077284101102,-0.10556172912038762
2506,training,0.0016848619561642408,0.027990464121103287,0.06190977226609388,2.6668569132981346,0.7421265467957592,-0.09593994240196166
2507,training,0.00048381651868112385,0.0021829605102539062,0.06190977226609388,2.746515630062988,0.7353871566662901,-0.06948988362043153
2508,training,0.0010216319933533669,0.015542406588792801,0.03437507282694938,2.8061173798609134,0.7316748786858157,-0.05731968844288112
2509,training,0.0032417201437056065,0.025163749232888222,0.03437507282694938,2.8660577572097665,0.7284648744032874,-0.04985697789352585
2510,training,0.0010272834915667772,0.013398099690675735,0.03437507282694938,2.945983421820603,0.7247540037210665,-0.04324012334756367
2511,training,0.0007720370776951313,0.005105607211589813,0.018147892153267363,3.025732692369175,0.7215907169152783,-0.03518036693877083
2512,training,0.0016439402243122458,0.01296924939379096,0.018147892153267363,3.1055903365369217,0.7190432955284151,-0.02894693158208708
2513,training,0.0002598566352389753,0.028038982301950455,0.018147892153267363,3.1656816110389756,0.7173872289718412,-0.02699319258926119
2514,training,0.0024214470759034157,0.04369848407804966,0.018147892153267363,3.2455880102449792,0.7153933130257175,-0.022781658721972187
2515,training,0.0007345518679358065,0.03388436697423458,0.008394604260394864,3.305430191485718,0.7141391810144793,-0.01842396676673015
2516,training,0.0009052089881151915,0.03283477574586868,0.008394604260394864,3.3854397089949364,0.7129143659004569,-0.013301140341438589
2517,training,0.0009041005978360772,0.03379540145397186,0.008394604260394864,3.4454011021955457,0.7121672577385356,-0.01239883328283963
2518,training,0.0003486271307338029,0.015115556307137012,0.004625444407368031,3.5053167942980568,0.7114080217013742,-0.012994417530389643
2519,training,0.0021064335014671087,0.019157104194164276,0.004625444407368031,3.5853772768216374,0.7103801095403717,-0.013528111272257512
2520,training,0.0004523674724623561,0.008781757205724716,0.004625444407368031,3.645277405324601,0.7095871519342153,-0.013235270095986136
2521,training,0.000654570001643151,0.0007995762862265108,0.011946117523759233,3.705233014651448,0.7088250676714974,-0.0118572350418006
2522,training,0.0012107021175324917,0.013807098381221294,0.011946117523759233,3.7852788199331004,0.7079598771364803,-0.011102935869812125
2523,training,0.001278052804991603,0.0029903696849942207,0.011946117523759233,3.8651935003018276,0.7072200445456286,-0.007340023445193233
2524,training,0.0011340033961459994,0.04102761298418045,0.01572890435339138,3.9450914504181793,0.7066512204495926,-0.007209611626647873
2525,training,0.001543262042105198,0.042989373207092285,0.01572890435339138,4.025067759994053,0.7060644042466627,-0.007758088797188346
2526,training,0.0005199299193918705,0.0086892768740654,0.01572890435339138,4.085181243775228,0.7056100800349517,-0.007753400797601226
2527,training,0.0004520486108958721,0.0462629534304142,0.01766313107585803,4.165048508419996,0.7049783625260733,-0.007971949829617794
2528,training,0.0035415354650467634,0.004759317263960842,0.01766313107585803,4.245068325015885,0.7037711697657547,-0.022747717496605313
2529,training,0.0004988642176613212,0.017468280158936977,0.01766313107585803,4.345100066668583,0.700728428218056,-0.03808740047580542
2530,training,0.0006261516828089952,0.013406359590589998,0.009394763766077471,4.40525396535798,0.6982170410632528,-0.04514661730308635
2531,training,0.0013168718433007598,0.016047798097133636,0.009394763766077471,4.485092868820832,0.6943565160801083,-0.05117844329527264
2532,training,0.0008149310015141964,0.016151361167430878,0.009394763766077471,4.544879774106702,0.6914758058129895,-0.04415667059274431
2533,training,0.002242044545710087,0.004211653023958206,0.01093468419990788,4.6248726998730865,0.6880414013641873,-0.04326159518898898
2534,training,0.002879595849663019,0.04058106988668442,0.01093468419990788,4.6847512645199885,0.68545546124466,-0.04327117740073944
2535,training,0.0007504122913815081,0.005529962480068207,0.01093468419990788,4.764606017190293,0.681974191753791,-0.04377750339427559
2536,training,0.0006073574186302722,0.012640839442610742,0.0051904292513578615,4.8246675155876275,0.6793984698796324,-0.04206811935801196
2537,training,0.0020968960598111153,0.026242992840707302,0.0051904292513578615,4.884470026354923,0.6769862359499027,-0.03853896399029929
2538,training,0.0015123587800189853,0.032966215163469315,0.0051904292513578615,4.964363961379261,0.6740243543221179,-0.03619740649022729
2539,training,0.0005396498017944396,0.01864442601799965,0.01353908579039793,5.06422782827185,0.6708650765531814,-0.024856454300321427
2540,training,0.0010900122579187155,0.005955585278570652,0.01353908579039793,5.184183662438476,0.6678018520419314,-0.02952364173412712
2541,training,0.001686282455921173,0.03163274610415101,0.01353908579039793,5.244245085748929,0.6660642298945353,-0.027723946155847088
2542,training,0.0005370156140998006,0.06873312965035439,0.008236607799512598,5.364065921945767,0.6630950490772389,-0.022949653805452788
2543,training,0.0005999430431984365,0.048242246732115746,0.008236607799512598,5.4441880908237605,0.6608802086049714,-0.03367286235721145
2544,training,0.0013683605939149857,0.01667516864836216,0.001190240576026271,5.504063158323056,0.6585584672039887,-0.044079459535113955
2545,training,0.0005245037609711289,0.012361689936369658,0.001190240576026271,5.603964363742227,0.6536750721430468,-0.051812500083201186
2546,training,0.0012570633552968502,0.00808051601052285,0.001190240576026271,5.703800802722052,0.6484088216223163,-0.053466522939337714
2547,training,0.003953763283789158,0.006952546536922455,0.008669555775689753,5.783607473373716,0.6446377080280169,-0.036855377682660104
2548,training,0.0007428606040775776,0.007954090833663933,0.008669555775689753,5.843608613543181,0.6428786220991275,-0.021678054392473643
2549,training,0.0014248378574848175,0.02536472398787737,0.008669555775689753,5.923340608273648,0.6418334972806607,-0.004768450575597068
2550,training,0.0021646914537996054,0.003742729313671589,0.008669555775689753,5.983293890506319,0.6417119527933645,7.53367699283183e-05
2551,training,0.0006721888203173876,0.020108992233872417,0.009606386441240032,6.063317869138285,0.6419622136593085,0.005083648389729455
2552,training,0.0007244335720315576,0.012024742551147938,0.009606386441240032,6.143194587740557,0.642685479252736,0.013279866059550652
2553,training,0.0018492814851924777,0.007856128737330437,0.009606386441240032,6.2030505581304025,0.643607316783743,0.017620729033300517
2554,training,0.0025459076277911663,0.004283235874027014,0.005264748900090587,6.2830752976245465,0.6451326047296414,0.018960222453043653
2555,training,0.0049666669219732285,0.06748919747769833,0.005264748900090587,6.342976416580034,0.6463084113857386,0.019884563883500232
2556,training,0.0022763011511415243,0.09515271708369255,0.005264748900090587,6.443016826506219,0.647537598978251,-7.947395408724072e-05
2557,training,0.0008182417368516326,0.0682365857064724,0.012398382137131066,6.5431034765830205,0.6464442655890477,-0.021454931354232532
2558,training,0.003541054669767618,0.060300370678305626,0.012398382137131066,6.623100577812073,0.6442793002142547,-0.030973832086926716
2559,training,0.0009398416732437909,0.054582799260970205,0.014586153914498207,6.703138667553459,0.6416539820504304,-0.03498735266502705
2560,training,0.0013802549801766872,0.06862341426312923,0.014586153914498207,6.7831698496401716,0.6387889261544695,-0.036154986515292815
2561,training,0.0009308381704613566,0.03345101326704025,0.014586153914498207,6.863012388531275,0.6357814044666316,-0.03943730425489795
2562,training,0.001637640525586903,0.011759525164961815,0.01809830287209428,6.96291276285074,0.6317432555271294,-0.0406208541383303
2563,training,0.0005526269669644535,0.022355558350682262,0.01809830287209428,7.0427681465033976,0.628555990985197,-0.03852109294827729
2564,training,0.0006592059507966042,0.045174562837928534,0.01809830287209428,7.122715729782705,0.6257137861476876,-0.03256659084894142
2565,training,0.006945542059838772,0.035487884655594826,0.02201818271528621,7.182720174091482,0.623843526289983,-0.030489771180610255
2566,training,0.0011304081417620182,0.029586420860141516,0.02201818271528621,7.262551577608125,0.6215147529769757,-0.026877284836863285
2567,training,0.0013628974556922913,0.034866402857005596,0.02201818271528621,7.342482588624219,0.6194775580470464,-0.0246775113429066
2568,training,0.0017873563338071108,0.04536016657948494,0.012617730349419433,7.4224978701943325,0.6176733686806127,-0.020942963789659038
2569,training,0.0009022705489769578,0.03680060710757971,0.012617730349419433,7.5224476669020275,0.6157189499589654,-0.020060406756053313
2570,training,0.00042596011189743876,0.04694086778908968,0.012617730349419433,7.602409503881514,0.6142366092753967,-0.016152643502462413
2571,training,0.0036750142462551594,0.039871288056019694,0.007003798086206524,7.6622392562619375,0.6133270436124825,-0.01452170072462685
2572,training,0.0007858137832954526,0.020211637020111084,0.007003798086206524,7.762191083505137,0.6118961872048587,-0.014886979243219781
2573,training,0.0017451444873586297,0.022309447173029184,0.007003798086206524,7.82229695718475,0.6110041753191966,-0.015395755977152554
2574,training,0.0015434790402650833,0.015032835304737091,0.021367752113341312,7.882133661402941,0.6101092783536061,-0.01452569955607129
2575,training,0.0014731682604178786,0.07377485651522875,0.021367752113341312,7.96206936075297,0.6090746375001075,-0.010802663853929898
2576,training,0.0011523629073053598,0.04055199772119522,0.021367752113341312,8.022163679061778,0.6085381239448622,-0.007903213467957627
2577,training,0.0007393487030640244,0.030520407482981682,0.021367752113341312,8.102019073232528,0.6079313594273635,-0.007550037686153244
2578,training,0.0010290858335793018,0.02196905016899109,0.02408230800797065,8.161996072411068,0.6074629781893048,-0.008350357365680416
2579,training,0.0035624527372419834,0.016345102339982986,0.02408230800797065,8.22205705427841,0.6069793238447975,-0.008097780654147266
2580,training,0.00248893816024065,0.013022158294916153,0.02408230800797065,8.322010637334754,0.6061323925087012,-0.008546322088849577
2581,training,0.0005143482121638954,0.0432988740503788,0.03258790378510979,8.401878162725277,0.6055615955755135,-0.00531253912567158
2582,training,0.00144024973269552,0.03378947824239731,0.03258790378510979,8.481848295169033,0.6051833861345719,-0.004964001489839683
2583,training,0.0022118366323411465,0.032284144312143326,0.03258790378510979,8.561913502420298,0.6048018840238952,-0.005468853463630005
2584,training,0.0031273020431399345,0.03128405660390854,0.0364896920042914,8.661898727425958,0.6042944218709351,-0.005797512543586984
2585,training,0.0026105442084372044,0.023129443638026714,0.0364896920042914,8.741880307414645,0.603859769518097,-0.005442038683340821
2586,training,0.0013473108410835266,0.021655392949469388,0.03572872724203174,8.821772069014807,0.6034683229779544,-0.0034897055658046324
2587,training,0.0010721839498728514,0.03467457368969917,0.03572872724203174,8.881780786616453,0.6032833160219626,-0.0033308339717406307
2588,training,0.0003057942376472056,0.04715202748775482,0.03572872724203174,8.981757344398,0.6029951053260079,-0.0032913544510171132
2589,training,0.0008344600209966302,0.019303472712635994,0.035755693705595504,9.04173688834216,0.6028206067446206,-0.00283473202311289
2590,training,0.00024959625443443656,0.008015918545424938,0.035755693705595504,9.121634226070922,0.6025810561491307,-0.0030258360886752478
2591,training,0.0008883040864020586,0.004140184260904787,0.035755693705595504,9.201626341187403,0.60234018741354,-0.00330700128218176
2592,training,0.0006008115014992654,0.01975361257791519,0.034986073898040794,9.281672587279512,0.6021778016539491,-0.0010407888804795406
2593,training,0.000609789916779846,0.04479050636291504,0.034986073898040794,9.341568706027134,0.6021718062422488,0.00014419933714739528
2594,training,0.0026052440516650677,0.012665504589676857,0.03704032737751063,9.441530743830388,0.6021937271922417,0.00033129689776174317
2595,training,0.0004630179610103369,0.02505553886294365,0.03704032737751063,9.541493466504244,0.6022359882303797,0.0005097169194906043
2596,training,0.0007829541573300958,0.02583935856819153,0.03704032737751063,9.6214720374213,0.6022831057946413,0.0005339924970245842
2597,training,0.0002917832462117076,0.017912421375513077,0.010347999605934794,9.681598613296137,0.6023297775942108,0.0007201018418513173
2598,training,0.0009520794847048819,0.022227201610803604,0.010347999605934794,9.741425753427892,0.6023820702713901,0.0008852051105150964
2599,training,0.0012558061862364411,0.025573790073394775,0.010347999605934794,9.801542983682426,0.6024440050253238,0.000703282315313301
2600,training,0.001176138175651431,0.04074087738990784,0.010347999605934794,9.881508259946443,0.6025379231884012,0.001310561548271923
2601,training,0.0012080243322998285,0.022940248250961304,0.02551148742756399,9.961392366421917,0.6031405266037905,0.01848327195823885
2602,training,0.0009622372454032302,0.02013032510876656,0.02551148742756399,10.0612783507656,0.6052951951596642,0.02214620900942679
2603,training,0.0013367447536438704,0.027536153793334957,0.03737532260539978,10.161092579699911,0.6080702142911144,0.03517896254980341
2604,training,0.0005405431729741395,0.002354525960981846,0.03737532260539978,10.221070129725941,0.6104088140229215,0.04198398449459082
2605,training,0.0005469906609505415,0.04995440319180488,0.03737532260539978,10.320836300723546,0.6150832520348734,0.04894557984242519
2606,training,0.0005059908144176006,0.017969653941690922,0.03281245149458843,10.42048315026667,0.620769866179138,0.06478786807495339
2607,training,0.0015994494315236807,0.006534025073051453,0.03281245149458843,10.520043825097632,0.6276784412746265,0.07110927486224218
2608,training,0.00033808202715590596,0.015350176021456718,0.03281245149458843,10.599726747360966,0.6332619957295695,0.06645417947053325
2609,training,0.00040898044244386256,0.02642548643052578,0.025055511788272988,10.699539180493487,0.6392549890498785,0.053718002462259766
2610,training,0.0010068886913359165,0.01578310690820217,0.025055511788272988,10.799385769101553,0.6441271593653196,0.04519711493060962
2611,training,0.0011682402109727263,0.006430888548493382,0.025055511788272988,10.859279553846703,0.6466566039563124,0.03919900511222535
2612,training,0.000962030200753361,0.004590364173054695,0.02112110667714367,10.959209396864837,0.6501642489575804,0.030569911921448492
2613,training,0.0026312663685530424,0.015723699238151312,0.02112110667714367,11.019267868982443,0.6518845306249927,0.026406593767147896
2614,training,0.0010067621478810906,0.005557210184633734,0.02112110667714367,11.079082257419014,0.6533665228069091,0.023857354822514627
2615,training,0.001409277319908142,0.006010294891893864,0.02576939735520564,11.15909157507438,0.6551527848894991,0.020044224521734176
2616,training,0.0012224555248394608,0.01065268088132143,0.02576939735520564,11.259052263821644,0.6569958572743437,0.01659507954537797
2617,training,0.001469456241466105,0.0008826302364468557,0.02549460827891669,11.359069693170515,0.6583233036490149,0.00889573825133787
2618,training,0.0012857250403612852,0.02108738716924563,0.02549460827891669,11.439103056828754,0.6588821745717919,0.004898518151329666
2619,training,0.0011271669063717127,0.013415955938398838,0.02549460827891669,11.498933944069773,0.6591512804429968,0.004510365296519988
2620,training,0.0014242815086618066,0.0115677653811872,0.02549460827891669,11.578948185024489,0.6594685191483258,0.0028435563687245614
2621,training,0.0018554560374468565,0.010770966298878193,0.030273134338952932,11.639000269404805,0.6596366187771183,0.002697210303693428
2622,training,0.002613766584545374,0.011548024602234364,0.030273134338952932,11.718855303875054,0.6597989566916834,0.0008068816902553844
2623,training,0.002425901126116514,0.017231406178325415,0.028276297215405494,11.79882684836172,0.6598634928498605,0.0007907326932361226
2624,training,0.00027190090622752905,0.001062610186636448,0.028276297215405494,11.878899902112845,0.65988303052404,-0.0008142604955714397
2625,training,0.001227394212037325,0.003749670460820198,0.028276297215405494,11.958946604120829,0.6598247693395993,-0.0007912926780005651
2626,training,0.0012551227118819952,0.007775011472404003,0.02304143233691514,12.058906147506631,0.6596454072059702,-0.0033755622158723646
2627,training,0.0007726227631792426,0.006056397221982479,0.02304143233691514,12.158888630783116,0.6592680606610116,-0.003855777741338991
2628,training,0.0015484640607610345,0.008950088173151016,0.020727154336360954,12.238756409655952,0.6589507590576301,-0.004005504239315652
2629,training,0.00037176854675635695,0.023671094328165054,0.020727154336360954,12.338708400926972,0.6585397673614485,-0.004215578631036412
2630,training,0.0001119414737331681,0.017060963436961174,0.020727154336360954,12.418673888407588,0.658197124571107,-0.004569622381390841
2631,training,0.0009165084920823574,0.010457569733262062,0.014035054317638455,12.47879343508228,0.6579348696009322,-0.0046211058658857645
2632,training,0.00035256444243714213,0.010363195091485977,0.014035054317638455,12.558663972033903,0.6575686624390535,-0.004592705135458411
2633,training,0.0005037299706600606,0.00297347828745842,0.014035054317638455,12.618618437443326,0.6572834532517846,-0.00511260250984816
2634,training,0.0001868118706624955,0.005148711614310741,0.014035054317638455,12.698687590899487,0.6568952003290017,-0.005483889157620171
2635,training,0.0010946751572191715,0.00856950506567955,0.004940099348969801,12.778642609315046,0.6564826664504169,-0.005161968154188738
2636,training,0.0003507465007714927,0.015685243532061577,0.004940099348969801,12.878590603378349,0.6559427642625258,-0.005448898144072024
2637,training,0.0003856093971990049,0.0014144191518425941,0.004940099348969801,12.938485048779812,0.65560021798421,-0.005988005059602392
2638,training,0.00040254794294014573,0.024785570800304413,0.013106289017279926,13.018545211852734,0.6551327523120242,-0.006552050462212662
2639,training,0.00045300458441488445,0.020700982306152582,0.013106289017279926,13.09857226339121,0.6546343670391063,-0.006380598193142499
2640,training,0.0010114620672538877,0.00733291357755661,0.013106289017279926,13.158410778137586,0.6542769608225961,-0.005203869356828674
2641,training,0.0002753626322373748,0.016407333314418793,0.02240643816169218,13.238383420052601,0.6540508274381295,-0.00022567878044920365
2642,training,0.00026715395506471395,0.005307862535119057,0.02240643816169218,13.298435807341667,0.6541266708828881,0.0015856237763798452
2643,training,0.001557734445668757,0.015423529781401157,0.02240643816169218,13.358297523089423,0.654226617363348,0.0017272086145471593
2644,training,0.002743938472121954,0.014178112149238586,0.023896643007367598,13.418454132166172,0.6543444195301076,0.0018341316795996007
2645,training,0.0018711002776399255,0.037112560123205185,0.023896643007367598,13.51841927897909,0.6545788543595268,0.0024363377781577425
2646,training,0.002133552683517337,0.042444586753845215,0.018196630749093126,13.638304697808335,0.6549275308642173,0.002910978854160212
2647,training,0.00028136931359767914,0.04280618205666542,0.018196630749093126,13.738301007609849,0.6552702647430247,0.003318520929991477
2648,training,0.0005826097913086414,0.025222201831638813,0.013625614080470527,13.838286386328098,0.6556582558174616,0.0037836263431940587
2649,training,0.002860746346414089,0.05093911290168762,0.013625614080470527,13.898132028552142,0.6558755762949852,0.002688421453323282
2650,training,0.0029882900416851044,0.042159618344157934,0.013625614080470527,13.978088065719843,0.6560457026427964,0.0021296601997998696
2651,training,0.0014419096987694502,0.033239940992643824,0.013625614080470527,14.03825717627552,0.6561534718255337,0.0009341043416925079
2652,training,0.001850699889473617,0.013340193778276443,0.008687533999432919,14.138219905468839,0.65622370983622,0.0005973514770100435
2653,training,0.0009631277644075453,0.0012777987867593765,0.008687533999432919,14.238180796609672,0.6563064952105945,0.0008720000430522064
2654,training,0.0014116159873083234,0.013083210214972496,0.008791655766874726,14.33814108994221,0.6564180395962543,0.0012436197596171897
2655,training,0.0009438554989174008,0.017914219293743372,0.008791655766874726,14.397990412110675,0.6565006303702354,0.0014218406070107632
2656,training,0.007993409410119057,0.014001471921801567,0.008791655766874726,14.497974541803492,0.65658061355589,-0.0005126561896085051
2657,training,0.001020473544485867,0.004319777712225914,0.016696607471432843,14.597962439909548,0.6565017840144965,-0.0008708843649334313
2658,training,0.001505922176875174,0.004035966470837593,0.016696607471432843,14.678031031837488,0.6564468108230723,-0.0008460099210095262
2659,training,0.0016629862366244197,0.008836617693305016,0.016696607471432843,14.778032626425821,0.6563934610581251,-0.0006621001078022585
2660,training,0.0021550054661929607,0.023381119593977928,0.024605973859157054,14.817919119705309,0.6563772344148784,-0.0004286396438083434
2661,training,0.000908352667465806,0.001393413171172142,0.024605973859157054,14.897876961452049,0.6565362771539135,0.006187260792683535
2662,training,0.00015385085134766996,0.030819086357951164,0.024605973859157054,14.977957131981274,0.6572129935776286,0.008499796803729257
2663,training,0.0018159626051783562,0.02713195048272609,0.022940341406651805,15.037703237535952,0.6580127478782792,0.01957909167584525
2664,training,0.00023534575302619487,0.03487951960414648,0.022940341406651805,15.117513108330035,0.6601713350004093,0.0343047216843129
2665,training,0.00036319822538644075,0.03486662916839123,0.022940341406651805,15.237253295139746,0.6650459474939037,0.04566774379982659
2666,training,0.0006189074483700097,0.02644110471010208,0.014628334181554353,15.337011644008141,0.6698874854959779,0.05148622569019255
2667,training,0.000593739387113601,0.006461004726588726,0.014628334181554353,15.416855978669947,0.6740561964541265,0.052138946629880195
2668,training,0.0028881928883492947,0.021538118831813335,0.014628334181554353,15.496840342384267,0.6781345074628288,0.04778140771555661
2669,training,0.0006617612671107054,0.0005311872810125334,0.01105900882926331,15.596699764492492,0.6828277158046968,0.04528573820218093
2670,training,0.0017694341950118542,0.00946059264242649,0.01105900882926331,15.696557070735164,0.6871626023772213,0.04026096982788634
2671,training,0.00011134074884466827,0.03254100680351257,0.013472492079283287,15.77641776494155,0.6901407003988588,0.034126083461616
2672,training,0.000191124330740422,0.03485373035073281,0.013472492079283287,15.836375613308949,0.6917127006985483,0.017999820738156085
2673,training,0.0018507809145376086,0.024400837719440467,0.013472492079283287,15.896611885148268,0.6923550325682727,0.0030947012630185107
2674,training,0.00010337457206333056,0.025688901543617245,0.011031994792758168,15.996711662981939,0.6915992041767597,-0.01744612105702122
2675,training,0.0007805764907971025,0.035218204371631145,0.011031994792758168,16.05657372168823,0.6902808666081315,-0.026418797828764287
2676,training,0.0005858450895175338,0.00988542940467596,0.011031994792758168,16.11673652759496,0.6884616885566447,-0.033904899679962325
2677,training,0.0008276899461634457,0.07068036310374737,0.00960817942052399,16.216687154313767,0.6848538155854946,-0.03660587399858538
2678,training,0.0001854765578173101,0.05809676833450793,0.00960817942052399,16.296370290872133,0.6827765802096623,-0.01174488462780794
2679,training,0.000811689649708569,0.06027440167963505,0.00960817942052399,16.376083830342534,0.682894206430541,0.01472300935886992
2680,training,0.0007214490906335413,0.025858093984425068,0.02238219147859961,16.436070789290834,0.6841655855315976,0.026796936107066044
2681,training,0.00024939817376434803,0.011549102142453194,0.02238219147859961,16.49593575860605,0.6859783754691444,0.0322653563514762
2682,training,0.0007195969228632748,0.055234385654330254,0.02238219147859961,16.595799080038724,0.6893032036560262,0.03380343867775032
2683,training,0.0008162338635884225,0.041071056388318546,0.017336097815347108,16.655837945089658,0.6911678249143376,0.02432201049074094
2684,training,0.0008313065627589822,0.040784197859466076,0.017336097815347108,16.736088273896765,0.6922872842776153,0.0031181854731982127
2685,training,0.00434768246486783,0.044828591868281364,0.017336097815347108,16.795960959544527,0.6924510271628703,0.003429781997119324
2686,training,0.00040171609725803137,0.02026050165295601,0.020905488773567224,16.875898180231083,0.6929115025481936,0.008429554860441299
2687,training,0.0007734159007668495,0.05294299591332674,0.020905488773567224,16.99579481420668,0.6943619967315199,0.01521334738541032
2688,training,0.0049728089943528175,0.06257632374763489,0.020905488773567224,17.05598190876386,0.694940840985919,0.002751006929494491
2689,training,0.002296441700309515,0.05931122973561287,0.0107257950460818,17.136093822101074,0.6944805645309917,-0.014374184012875574
2690,training,0.0015194568550214171,0.042570026591420174,0.0107257950460818,17.195968960330127,0.693310766344293,-0.0244255713242654
2691,training,0.0011011338792741299,0.0038476530462503433,0.0107257950460818,17.295988984030426,0.6901807136276169,-0.03764031806952506
2692,training,0.001051128376275301,0.010673530399799347,0.00905030628420931,17.35610826501218,0.6878436785538471,-0.039065366415256396
2693,training,0.0009829483460634947,0.023571085184812546,0.00905030628420931,17.41588519420137,0.6855028152468255,-0.0393651377042083
2694,training,0.0008570661884732544,0.02999630942940712,0.00665360723418689,17.515776096762398,0.6815442246694329,-0.039863000870575545
2695,training,0.0014517575036734343,0.016995721496641636,0.00665360723418689,17.595707917583614,0.6783405774561465,-0.04035127214323704
2696,training,0.0007100714719854295,0.009481536690145731,0.00665360723418689,17.675707867062847,0.6752962329086295,-0.03571383771289341
2697,training,0.0004058161866851151,0.004949240945279598,0.011289639782457485,17.735562035288673,0.6732173019463892,-0.03411883758913479
2698,training,0.0004310622171033174,0.0002039181999862194,0.011289639782457485,17.83544385775668,0.6700364129693047,-0.02882438306332482
2699,training,0.0016119802603498101,0.008717073127627371,0.011289639782457485,17.89543918395528,0.6683582242762534,-0.027563504676748597
2700,training,0.0005369054269976914,0.01628864742815495,0.011289639782457485,17.955422597318208,0.6667908348695906,-0.024565062710818496
2701,training,0.0005583011079579592,0.02287341095507145,0.011418362559714746,18.01526443991081,0.6654277411400621,-0.020307207924545694
2702,training,0.0010453106369823217,0.023295074701309204,0.011418362559714746,18.13516734550058,0.663481777432913,-0.012975378262576876
2703,training,0.002160587813705206,0.0031553972512483597,0.011418362559714746,18.175300546223603,0.6629696583745859,-0.012852555976128499
2704,training,0.0005522958817891777,0.0026079323142766953,0.021032008970649947,18.23512427694226,0.6621883973238625,-0.013229988522554893
2705,training,0.0032587526366114616,0.015503778122365475,0.021032008970649947,18.315130707014372,0.6611241585560216,-0.013786440980290854
2706,training,0.0016296280082315207,0.00048497226089239294,0.021032008970649947,18.39519400590495,0.6600334549020627,-0.014248054844529384
2707,training,0.000603373977355659,0.013557397876866162,0.021852731090371665,18.475116940477918,0.6590308426009667,-0.010905354343983452
2708,training,0.0005347287515178323,0.01570240408182144,0.021852731090371665,18.554996044951555,0.6581902665521314,-0.010505076970151178
2709,training,0.0012005639728158712,0.03376128897070885,0.021852731090371665,18.63496218970403,0.6573421962972142,-0.010971165185292722
2710,training,0.0014103816356509924,0.03239304758608341,0.0240249329521638,18.71500206147777,0.6565479985508117,-0.008813029137595841
2711,training,0.0011473342310637236,0.023034321144223213,0.0240249329521638,18.81493549571621,0.6560602024651282,-0.0016361429776978892
2712,training,0.0009079054580070078,0.0055833617225289345,0.0240249329521638,18.874826581872803,0.6559691577241331,-0.0026690569446380604
2713,training,0.00034390774089843035,0.03315330296754837,0.020952189796244115,18.934824896927573,0.6557671166433368,-0.0038204358343341565
2714,training,0.0030743649695068598,0.008251261897385119,0.020952189796244115,18.99493191165887,0.6553688884855063,-0.012131600517465141
2715,training,0.0002973599766846746,0.005274893715977669,0.020952189796244115,19.05491941772156,0.6543784967258822,-0.01917576951429334
2716,training,0.004723234102129936,0.009501866064965725,0.020952189796244115,19.135014566082905,0.6525473284784694,-0.02768544230001549
2717,training,0.0005405748379416764,0.02883407473564148,0.0162026395747128,19.194973549476977,0.6508339947150695,-0.028706259682155576
2718,training,0.0008152947993949056,0.013839883729815483,0.0162026395747128,19.254946887982427,0.6489746563026595,-0.034512023577179515
2719,training,0.0004302275483496487,0.03281691577285528,0.0162026395747128,19.335015781780584,0.6459082682613225,-0.04191386579591229
2720,training,0.0003296361246611923,0.027513653039932244,0.009092713695268236,19.41493436967059,0.6426535447617358,-0.03916037111380873
2721,training,0.0008667245856486261,0.015003452077507971,0.009092713695268236,19.534747499142682,0.6387514643147164,-0.023612073034600292
2722,training,0.0008227949147112668,0.049428658559918404,0.009092713695268236,19.594588201808072,0.6373245063968993,-0.025185589343010125
2723,training,0.0005701937479898334,0.00475509837269783,0.002798928454494683,19.674578305189765,0.6350604364154546,-0.03180441333907663
2724,training,0.00032260126317851245,0.004422375001013279,0.002798928454494683,19.7745393379227,0.631638913517269,-0.036808938412789025
2725,training,0.0012641738867387176,0.02326104836538434,0.002798928454494683,19.854568767018534,0.6286575158453911,-0.03776565161282576
2726,training,0.0004647075547836721,0.024207519367337227,0.013107296918292521,19.91444041487599,0.6264580129503148,-0.03570705582346929
2727,training,0.0013452772982418537,0.024934514425694942,0.013107296918292521,20.014311300287915,0.6232007860346036,-0.028883273790907094
2728,training,0.0019935746677219868,0.03420877602184191,0.013107296918292521,20.09424887023586,0.6208172032448318,-0.03174600647631452
2729,training,0.0013604897540062666,0.013280970975756645,0.02751084717470724,20.154365856366823,0.6188668280666745,-0.03294547347713446
2730,training,0.0006796633824706078,0.003191246185451745,0.02751084717470724,20.254304315838944,0.61556071784709,-0.03331742948669723
2731,training,0.0006857960252091289,0.016000306233763695,0.0349743646117463,20.354215603683503,0.6122990104552685,-0.031256095368897466
2732,training,0.0011487433221191168,0.07150334678590298,0.0349743646117463,20.43406499741998,0.6093574384121364,-0.043672386774774793
2733,training,0.0006340594263747334,0.019073655363172293,0.0349743646117463,20.494014705946896,0.6064537683117092,-0.0524649151285693
2734,training,0.001439466723240912,0.013806824572384357,0.0349743646117463,20.554038566452586,0.6031592598661776,-0.05630263681080221
2735,training,0.000697795650921762,0.020838141441345215,0.03149970564145618,20.633777677131647,0.5985861269648386,-0.05763329340916855
2736,training,0.0004698045668192208,0.024688365403562784,0.03149970564145618,20.733571631592095,0.5928091721544373,-0.05807758046194409
2737,training,0.0014053966151550412,0.002950187772512436,0.015744276589353564,20.81338833895826,0.5882320495009322,-0.05603206110310214
2738,training,0.00042594128171913326,0.03172663040459156,0.015744276589353564,20.893308610985578,0.5839334176637516,-0.051016025253722085
2739,training,0.00046588422264903784,0.02145032538101077,0.015744276589353564,20.95316295907496,0.5810169086314916,-0.04638528381874334
2740,training,0.0008609947981312871,0.019557591527700424,0.015744276589353564,21.03298286833894,0.5774854526871915,-0.04263740738504488
2741,training,0.0004727770574390888,0.006000375375151634,0.0008530710265510798,21.093032661211257,0.5750301817959771,-0.03894185908242615
2742,training,0.0018541311146691442,0.009494435042142868,0.0008530710265510798,21.172916650232036,0.5721913823766315,-0.03205559098622988
2743,training,0.0006184501107782125,0.01874474063515663,0.0008530710265510798,21.232755047466846,0.5703641838013214,-0.029187657036832813
2744,training,0.0002649048692546785,0.0017771776765584946,0.008999803321346126,21.312772107629936,0.5680817614937813,-0.028976371378906844
2745,training,0.0009003957966342568,0.013762291520833969,0.008999803321346126,21.372751093380515,0.5663555905105384,-0.02882397596779089
2746,training,0.0011283393250778317,0.0578903928399086,0.008999803321346126,21.45262213527083,0.5640237187618097,-0.02937289733976244
2747,training,0.0006103047635406256,0.013444826938211921,0.008999803321346126,21.532542556111775,0.5618580895647033,-0.022821800026975037
2748,training,0.0007688240730203688,0.011660361662507057,0.008855716117308591,21.632445651930855,0.560053504279953,-0.014001498776990648
2749,training,0.0009499873849563301,0.019740957766771317,0.008855716117308591,21.71247337518742,0.5591842620461215,-0.008908231673174649
2750,training,0.001100317807868123,0.055102295242249966,0.011309996944090286,21.81242145550337,0.5584557915264977,-0.007699023211901733
2751,training,0.0004266756004653871,0.0496771279722452,0.011309996944090286,21.89227936266395,0.5582484749473113,0.006712856180997138
2752,training,0.000155125351739116,0.02879969403147698,0.011309996944090286,21.95196091243358,0.5591977371230543,0.02678237668064336
2753,training,0.004352537915110588,0.004050537943840027,0.014759441607300056,22.03176527432478,0.562411079166134,0.05183711919304318
2754,training,0.0059924013912677765,0.00571756437420845,0.014759441607300056,22.0914831724469,0.565955178631034,0.06466010927458803
2755,training,0.0008432228351011872,0.019109528744593263,0.014759441607300056,22.151202471695612,0.5700535490277827,0.07234155182842172
2756,training,0.00509804068133235,0.028577202931046486,0.018078229679955645,22.230964541048866,0.5760830224498428,0.07488444430356915
2757,training,0.0023801657371222973,0.044515028595924384,0.018078229679955645,22.330621713753168,0.5834333276880774,0.07070905886022842
2758,training,0.003068427089601755,0.029359716922044754,0.018078229679955645,22.41037834353507,0.5887515775872312,0.060689969154507334
2759,training,0.0034034298732876778,0.003522237762808793,0.009937332551648982,22.47021352575896,0.5920416849156339,0.049545587666428414
2760,training,0.0006590288830921054,0.012652709148824217,0.009937332551648982,22.570159961458597,0.5962016982131371,0.03367269963840938
2761,training,0.0018107173964381218,0.039707010611891747,0.02126193025132044,22.67009217928063,0.599229189796281,0.02747436506397
2762,training,0.001374059822410345,0.01796869619283825,0.02126193025132044,22.750194148112705,0.6012185842399126,0.020634488009034647
2763,training,0.0011157987173646688,0.018652197904884815,0.02126193025132044,22.830115801926098,0.6027612941740824,0.018954379218812423
2764,training,0.0021568264346569777,0.0198708176612854,0.02013316678670343,22.909975992796788,0.604190106037906,0.016498594486489507
2765,training,0.001972318161278963,0.0211836164817214,0.02013316678670343,22.969996709208246,0.6050680109222858,0.01250262984755756
2766,training,0.00035750650567933917,0.020734696183353662,0.02013316678670343,23.05010280590994,0.605892205449036,0.0075680840884877
2767,training,0.0002546567120589316,0.036935849115252495,0.02398940375525584,23.15006656096829,0.6065613754123957,0.005927408595866456
2768,training,0.0007603663252666593,0.020660284906625748,0.02398940375525584,23.229902496692745,0.6069474603815304,0.003209652632083653
2769,training,0.0024284382816404104,0.061433400958776474,0.02398940375525584,23.289855496440257,0.6071319633770927,0.0030875987741032225
2770,training,0.0004608699236996472,0.058546585496515036,0.033567744086364745,23.349938636041756,0.607338128759074,0.0035310637748563983
2771,training,0.00043131090933457017,0.03612549975514412,0.033567744086364745,23.40977882910622,0.6075224246683533,0.0023026889688411638
2772,training,0.0008827587007544935,0.03251674119383097,0.033567744086364745,23.509753721741188,0.6077172075921605,0.002013427928669996
2773,training,0.0011469753226265311,0.04402064345777035,0.04394526309855611,23.609738171837478,0.6078526754892383,0.0001295331239835649
2774,training,0.0013109706342220306,0.01374863088130951,0.04394526309855611,23.709592488021023,0.6085662925169265,0.019339618453719544
2775,training,0.0006254116306081414,0.02261352632194757,0.04394526309855611,23.789539998668033,0.6108015640944037,0.03532394363870699
2776,training,0.0013491305289790034,0.03627274092286825,0.0426530763574149,23.849313396481804,0.6132389404975996,0.04562709723629898
2777,training,0.0007365894271060824,0.007037568837404248,0.0426530763574149,23.928968037767216,0.6174323912603635,0.060866805411917184
2778,training,0.0005781244253739715,0.011666598729789257,0.022996432196795126,24.028545096187,0.6243103563939864,0.07622813778172151
2779,training,0.0006234014872461557,0.0328029403463006,0.022996432196795126,24.128158984586904,0.6320339770815327,0.07569870736215477
2780,training,0.00081387918908149,0.032867176458239555,0.022996432196795126,24.208078484973587,0.6376618008874279,0.062737142310343
2781,training,0.000718630151823163,0.03987181466072798,0.010414237719701446,24.288006839295463,0.6422170110050915,0.05047171804201254
2782,training,0.000585887348279357,0.024508178234100342,0.010414237719701446,24.36786065595905,0.6458005024003562,0.04015346649661793
2783,training,0.0016093211015686393,0.05048437975347042,0.010414237719701446,24.467744404930627,0.6493780647150356,0.03264771272444869
2784,training,0.0018648935947567225,0.04958418244495988,0.01564024342060765,24.5676841760659,0.6522278788356319,0.024252174992690355
2785,training,0.0004540402442216873,0.0015582777559757163,0.01564024342060765,24.687674498841538,0.6547427657627471,0.01887424922620398
2786,training,0.000303538516163826,0.008718773722648607,0.019022773089963124,24.787484045865593,0.6572262173320349,0.03380048373262284
2787,training,0.0013143131509423256,0.02387329190969467,0.019022773089963124,24.847183509807717,0.6598461501016399,0.05510774645146978
2788,training,0.0003292738401796669,0.007706873118877397,0.019022773089963124,24.96641311758438,0.6691018256705988,0.09941856344189841
2789,training,0.0008922311244532466,0.01513005793094635,0.012078684781556964,25.045649358209662,0.6783772742765954,0.13358382070546726
2790,training,0.0015530630480498075,0.0032352805137634277,0.012078684781556964,25.104682758157576,0.6871894022416777,0.16167646919344453
2791,training,0.00027085712645202875,0.010919645428657532,0.012078684781556964,25.163528110552342,0.697650325140758,0.1918571110527773
2792,training,0.0025368151254951954,0.053890395909547806,0.01159880174444265,25.24132883377537,0.7145075667524845,0.2337544264743906
2793,training,0.000354390824213624,0.01758036017417909,0.01159880174444265,25.337697557359043,0.7395945576101969,0.2704671674886194
2794,training,0.0011604460887610912,0.07041263580322268,0.01159880174444265,25.432951800796502,0.7685482661473999,0.32385413672321695
2795,training,0.0005236251745373011,0.014884904026985168,0.053849268146809265,25.54384818710071,0.8120812225752039,0.4307128431608036
2796,training,0.0008088322356343269,0.09607776626944545,0.053849268146809265,25.615011269851927,0.8473996950048397,0.4856649275248768
2797,training,0.0015049311332404613,0.1452427729964256,0.07791591917041013,25.68432322431901,0.8863577704218017,0.5401904958099378
2798,training,0.00044157233787700534,0.17294849455356598,0.07791591917041013,25.73431716889542,0.9183045844345498,0.5983015252654358
2799,training,0.000788531731814146,0.18258067592978477,0.07791591917041013,25.797689178123544,0.965893646026827,0.6950224022610518
2800,training,0.0019220772664994001,0.1747475229203701,0.08713355052062371,25.869829314263846,1.0336136401716438,0.8096093070680174
2801,training,0.001097327214665711,0.09761527180671695,0.08713355052062371,25.909200761497956,1.077942939862032,0.8793561746720239
2802,training,0.0006091238465160131,0.10354418307542804,0.11408710312643494,25.9572833922699,1.1410328029903072,0.9585600284403886
2803,training,0.0003513394040055573,0.050349101424217224,0.11408710312643494,26.00002003317614,1.2076707251852583,1.0446361412161083
2804,training,0.0004034556041005999,0.206111092120409,0.11408710312643494,26.028477777243946,1.2599294151681628,1.099689506921157
2805,training,0.0005944378208369017,0.04737077653408048,0.1273249281100628,26.061442620964016,1.3319839120649928,1.187668351213255
2806,training,0.0006985103245824575,0.013828553259372725,0.1273249281100628,26.088057495644833,1.4064607634061193,1.2598636781837267
2807,training,0.0010537229245528579,0.016487285494804382,0.1273249281100628,26.110569708355573,1.4828821859060457,1.306152217569997
2808,training,0.00038247089833021164,0.0399395227432251,0.1033402943679623,26.12539975902019,1.540747331091085,1.3327820003452608
2809,training,0.00029784924117848277,0.0343085452914238,0.1033402943679623,26.14288526713663,1.6184641605990135,1.3647349120449888
2810,training,0.0012309985468164086,0.012052960693836212,0.1033402943679623,26.1581337389137,1.6968274106264154,1.392101557461675
2811,training,0.0015381374396383762,0.004360213875770583,0.07216909586399929,26.17100486521302,1.7756384709103394,1.4290099246434438
2812,training,0.0025313368532806635,0.043086275458335876,0.07216909586399929,26.178531117906918,1.8347838080155627,1.4589189808408853
2813,training,0.000294227444101125,0.0159217342734337,0.07216909586399929,26.187719961278358,1.9340122351040399,1.49711856954243
2814,training,0.0008726760861463845,0.007704675197601318,0.05961980953560832,26.192198878729307,2.013571894452878,1.5339004619140606
2815,training,0.0028056162409484386,0.0098867267370224,0.05961980953560832,26.192800574657184,2.11303789773481,1.5966338802695583
2816,training,0.0014804638922214508,0.03253886103630063,0.05961980953560832,26.188589814074888,2.192326431645476,1.6497229648258211
2817,training,0.000332236202666536,0.010862424969673157,0.06868924415395901,26.18268182249131,2.251780215097795,1.6906196456163307
2818,training,0.0005802114028483629,0.02431792020797731,0.06868924415395901,26.17451003697378,2.3109523124312403,1.7231406425268752
2819,training,0.0007449039840139449,0.04645289480686188,0.06868924415395901,26.156822441891002,2.408930375538263,1.7763923727532034
2820,training,0.0006869249627925456,0.03065316379070282,0.09743446406115475,26.13886385937653,2.486444506818899,1.8219120388228514
2821,training,0.0011800872161984444,0.030126474797725677,0.09743446406115475,26.117916896120796,2.563436439933033,1.8484374576430327
2822,training,0.0004973984323441982,0.05937381461262703,0.09743446406115475,26.09507220215102,2.63994088437495,1.8725702915704157
2823,training,0.004362273961305618,0.03077776730060578,0.07189407025347928,26.06368239239395,2.7344663123922284,1.9105287552789991
2824,training,0.0014935306971892715,0.01990141160786152,0.07189407025347928,26.02910366256971,2.8278539402118823,1.9370328165301962
2825,training,0.0007800954626873136,0.03843493666499853,0.07189407025347928,26.00732532503671,2.883586262949388,1.9502146711033375
2826,training,0.0011819179635494947,0.04140539281070232,0.03977704851120688,25.97727737524281,2.9575870493164422,1.9609624389212155
2827,training,0.000621019396930933,0.03370606992393732,0.03977704851120688,25.9464447094014,3.031170296359892,1.9730896632153638
2828,training,0.00047669908963143826,0.007600690878462046,0.03977704851120688,25.914675615003183,3.1043599863670615,1.987128330797158
2829,training,0.0004476417670957744,0.00599358044564724,0.026359823369092202,25.882182250076248,3.1773806418979182,1.9905139920240642
2830,training,0.0002905472065322101,0.11115735583007336,0.026359823369092202,25.849782521842506,3.2504310746439193,1.9860363011995636
2831,training,0.0017483620904386044,0.051007164642214775,0.026359823369092202,25.825189761791588,3.3047718974117575,2.0079283368649414
2832,training,0.00014220323646441102,0.049285270273685455,0.03170438223603715,25.799328882640097,3.358821863628397,2.0261226154272434
2833,training,0.0015876884572207928,0.027954686433076855,0.03170438223603715,25.772572631686394,3.412233027469974,2.0447669057341824
2834,training,0.0009725624113343656,0.0022651422768831253,0.03170438223603715,25.735464150276297,3.4827527827669824,2.061382999393048
2835,training,0.0006077029393054545,0.016273997724056237,0.03170438223603715,25.69739741126515,3.5530464167341553,2.073621858409587
2836,training,0.0008339718915522099,0.05589446425437927,0.04434136501793428,25.658357768416337,3.6228477835344552,2.089326968311272
2837,training,0.0005417008069343865,0.013361617922782898,0.04434136501793428,25.62825798588097,3.6742195125173023,2.1127983684815606
2838,training,0.00031505481456406415,0.005432758480310447,0.04434136501793428,25.575655482299084,3.7590105432111303,2.1367170035120377
2839,training,0.0010998299112543464,0.027151166461408135,0.05114833254614983,25.51003662000833,3.8592189101467933,2.165537492146481
2840,training,0.0008617666899226606,0.00399522902444005,0.05114833254614983,25.464864571623206,3.92504131969232,2.177750144481442
2841,training,0.0006149381515569985,0.0481177419424057,0.05114833254614983,25.419047991215272,3.9905814511479396,2.181770952155962
2842,training,0.002883249893784523,0.008535271510481834,0.03560366266423143,25.372658834428368,4.055592100403909,2.202804831488192
2843,training,0.00047698308480903506,0.0028039566241204747,0.03560366266423143,25.337102109702847,4.103495367247843,2.214022252460778
2844,training,0.0008128815097734332,0.057150390930473804,0.03560366266423143,25.26482521344274,4.1991169193592075,2.220544840164617
2845,training,0.0007901251083239913,0.05231875646859408,0.022271970054258777,25.228617282399828,4.246902847770303,2.2170273657076582
2846,training,0.0005780342034995556,0.06325016543269157,0.022271970054258777,25.18022641111365,4.310499375791809,2.230101316563313
2847,training,0.0003892224049195647,0.012678119353950024,0.022271970054258777,25.143883986029678,4.3571323935202075,2.233631436914423
2848,training,0.0009381385170854628,0.006304044742137194,0.022271970054258777,25.0946827225939,4.420032098302623,2.234716052254148
2849,training,0.00037382246227934957,0.035850622691214085,0.002855972230609663,25.03514503992406,4.495155065486633,2.260763655898934
2850,training,0.001571035012602806,0.016002530232071877,0.002855972230609663,24.95956823594644,4.587846137206323,2.2412548342553693
2851,training,0.0016334553947672248,0.07849968690425158,0.002855972230609663,24.91030874933159,4.650972191559759,2.225387044575419
2852,training,0.0006812415667809546,0.023418337106704715,0.009667614859052957,24.862167650873943,4.715146563113934,2.2002382813221915
2853,training,0.0007525898981839418,0.03163167089223862,0.009667614859052957,24.79244591680195,4.812785699172875,2.182112271519777
2854,training,0.0003453246026765555,0.05702695809304714,0.009667614859052957,24.758118934261446,4.862069002070788,2.176150817206743
2855,training,0.0006920669693499804,0.049257513135671616,0.0354942785619043,24.71296924879816,4.92802098641475,2.165681551673506
2856,training,0.000544689770322293,0.06160452635958791,0.0354942785619043,24.67932294956204,4.977736173654156,2.1677532840182834
2857,training,0.001001899130642414,0.12269751541316509,0.0354942785619043,24.645575615848717,5.027281273053594,2.1684131967961795
2858,training,0.0008459684904664755,0.04755119327455759,0.0354942785619043,24.60070460710073,5.0934170043546745,2.164931426545948
2859,training,0.0012363864807412028,0.03881743364036083,0.017096949340466603,24.555876376119528,5.159629906185623,2.1687399286146363
2860,training,0.0010103867389261723,0.09830877184867859,0.017096949340466603,24.510574835325606,5.225614425064094,2.176147966998808
2861,training,0.0002649952075444162,0.14242779463529587,0.017096949340466603,24.453545133347095,5.3076874966578025,2.1779803208050965
2862,training,0.001255788840353489,0.02167542278766632,0.007529896290458025,24.419127502833717,5.356413270853908,2.1966125875978983
2863,training,0.00466740969568491,0.04292229562997818,0.007529896290458025,24.359353934970578,5.4361638183732275,2.231377509977399
2864,training,0.0006764355348423123,0.014804203063249588,0.007529896290458025,24.297118987005046,5.514059253898488,2.2570055296991436
2865,training,0.00164520472753793,0.12955360859632492,0.017681167381969332,24.23293386038949,5.59035341966043,2.2848772039028074
2866,training,0.0006824561860412359,0.03520387038588524,0.017681167381969332,24.193393614844545,5.635338300543092,2.297082988404899
2867,training,0.0003226060071028769,0.024836190044879927,0.017681167381969332,24.13991668031337,5.694496005477851,2.313875718853067
2868,training,0.0012985427165403962,0.0067630521953106,0.017681167381969332,24.085264214960393,5.752539344670726,2.342331271828154
2869,training,0.004263831302523613,0.036895688623189926,0.020980446117616215,24.02897436095425,5.809047034106452,2.363610563900495
2870,training,0.0008841833332553506,0.0170588418841362,0.020980446117616215,23.95727151533975,5.878451534845477,2.379753438261633
2871,training,0.0006456106202676892,0.030927624553442,0.020980446117616215,23.899158641736047,5.933031958043107,2.3944639072068576
2872,training,0.0008708917303010821,0.0077989306300878525,0.020153349759790568,23.85497904474898,5.9734132980923835,2.407764956737146
2873,training,0.0020202025771141052,0.0030027851462364197,0.020153349759790568,23.795335952654057,6.026579623456093,2.418475295467817
2874,training,0.001010343199595809,0.043296853080391884,0.020153349759790568,23.750358625043773,6.065611100224682,2.436986931332933
2875,training,0.004032849799841642,0.06709328107535839,0.020153349759790568,23.688974304663393,6.11665435476124,2.4550311918356615
2876,training,0.0014186546904966235,0.04583369940519333,0.020153349759790568,23.642380359270213,6.154553174167223,2.4626344422636848
2877,training,0.0007386280922219157,0.05378280580043793,0.009696421647157828,23.579972671251593,6.204062594602145,2.4802963786033208
2878,training,0.0014406590489670634,0.020328819751739488,0.009696421647157828,23.51662517145584,6.252676544958714,2.4921705398843876
2879,training,0.0004919936764054,0.023568443953990936,0.009696421647157828,23.468339862780617,6.288293224878647,2.5209119334394012
2880,training,0.000414844136685133,0.02436299622058867,0.08169742102850333,23.40264012695897,6.333066874372756,2.5671738884394775
2881,training,0.0006358613027259707,0.0003137364983558655,0.08169742102850333,23.352033587977655,6.364645874102014,2.6005760568050684
2882,training,0.0009905684273689985,0.044699881225824356,0.08169742102850333,23.26561315885583,6.414254922491215,2.63628952402018
2883,training,0.0010173196205869317,0.03260274697095156,0.06920102641177382,23.1776172365009,6.461076335155836,2.667756002709893
2884,training,0.0003487248031888157,0.03028981015086174,0.06920102641177382,23.124201677374078,6.488182735680628,2.669815137351138
2885,training,0.0006281922687776387,0.03773510456085205,0.06920102641177382,23.05304198207886,6.524632876990624,2.6685808367150488
2886,training,0.0008238888112828135,0.013023183448240161,0.05432046843292953,22.946403618831148,6.579288262763649,2.6678977149299095
2887,training,0.0002654958516359329,0.0022553913295269012,0.05432046843292953,22.893116671227098,6.606667538084295,2.6664585882094842
2888,training,0.001310911145992577,0.01313536241650582,0.05432046843292953,22.83985075731267,6.634136654514901,2.6621577081503305
2889,training,0.0009333965135738254,0.032432546839118004,0.0503039630379533,22.751489139510973,6.680795931444608,2.647225123286728
2890,training,0.005364797078073025,0.04093078151345253,0.0503039630379533,22.681144042384567,6.718721766942199,2.649871967488021
2891,training,0.0007651309133507311,0.030275757890194654,0.0503039630379533,22.628340484448323,6.746990263756809,2.649542786551351
2892,training,0.0008968588663265109,0.01424315758049488,0.04499130758588094,22.55787433674983,6.784626581563325,2.651437082026155
2893,training,0.0019169494044035673,0.043573081493377686,0.04499130758588094,22.504936518782937,6.812638819113507,2.659883246551525
2894,training,0.0019357408164069057,0.044698767364025116,0.04499130758588094,22.43403143527664,6.849272515272657,2.6695551724371795
2895,training,0.0007503865053877234,0.0251597985625267,0.039444724372636124,22.344861201728605,6.894057612988051,2.681969214425487
2896,training,0.0006839526467956603,0.033713558688759804,0.039444724372636124,22.291190568268014,6.92063841369223,2.6780489672808194
2897,training,0.0007413906278088689,0.013548389077186584,0.039444724372636124,22.202066749426987,6.965905090271297,2.664585013090418
2898,training,0.000545124989002943,0.0033890027552843077,0.030715087920662614,22.11343501333768,7.011950963288827,2.661964893354523
2899,training,0.0002790941798593849,0.042595528066158295,0.030715087920662614,22.04248377228441,7.048708465496645,2.6667000747629555
2900,training,0.001021883450448513,0.05542221479117871,0.030715087920662614,21.9891746181302,7.07620148251151,2.6615886791075085
2901,training,0.00046909350203350186,0.021824355237185955,0.030893774651205914,21.900884210160743,7.1232000635595645,2.6389585085289693
2902,training,0.0004092790768481791,0.013798399828374386,0.030893774651205914,21.848289456049965,7.151992555207643,2.6436545277285495
2903,training,0.000780792732257396,0.046725042164325714,0.030893774651205914,21.778092761113633,7.189949059722474,2.649099574984734
2904,training,0.0004332055104896426,0.011100697331130505,0.03247257404639968,21.690228274927698,7.237402037016178,2.6415756071492034
2905,training,0.0008072889177128673,0.006282164715230465,0.03247257404639968,21.63762503425183,7.2661947062486885,2.6396602300822747
2906,training,0.0009646023390814662,0.01596633903682232,0.03247257404639968,21.56756095522224,7.304590332826155,2.6401943681020508
2907,training,0.003867961233481765,0.00844647642225027,0.028963605785842363,21.497473599789764,7.342842976230155,2.6468529328797423
2908,training,0.0016080285422503948,0.004086076281964779,0.028963605785842363,21.42708391382955,7.380489094858625,2.654116361529253
2909,training,0.00040581499342806637,0.010976606979966164,0.028963605785842363,21.356431595660688,7.417830052501337,2.6543663395767814
2910,training,0.00040644221007823944,0.03081812709569931,0.028963605785842363,21.303421385247134,7.445744431612724,2.65988214775385
2911,training,0.001179360318928957,0.0646645282395184,0.029209704054116183,21.215094621805317,7.49252175086238,2.6469771603799264
2912,training,0.0010143723338842392,0.010453957132995129,0.029209704054116183,21.16251746389245,7.521083159975777,2.6425783018578493
2913,training,0.0015777627704665065,0.02263718843460083,0.029209704054116183,21.092327529391152,7.559262406153067,2.6431995511536583
2914,training,0.000797553570009768,0.03277311101555824,0.025803151333571795,21.022115151139662,7.597404174725489,2.644042357563865
2915,training,0.0004590106545947492,0.014067597687244415,0.025803151333571795,20.96955100863024,7.626176471123026,2.637782899557115
2916,training,0.002688405802473426,0.016664523631334305,0.025803151333571795,20.881994563007947,7.674163519750124,2.6438146408223235
2917,training,0.0004109558358322829,0.0009405277669429814,0.030668719757990254,20.81174728063364,7.712278933018756,2.6433608017352888
2918,training,0.0006534682470373809,0.003952246159315106,0.030668719757990254,20.759037135694633,7.740726972044134,2.65104996248409
2919,training,0.0006222455413080752,0.016774720046669245,0.030668719757990254,20.670780699523377,7.787274003180183,2.662748961633238
2920,training,0.0006654426688328385,0.013414985500276089,0.029576507731188372,20.617566189553393,7.814827117260815,2.6638219679284547
2921,training,0.0006287751020863652,0.0340832332149148,0.029576507731188372,20.564367140684052,7.842286749337839,2.6647743986672157
2922,training,0.00034070314723066986,0.010636411607265469,0.029576507731188372,20.493386174223254,7.8790896438197695,2.6615716664519566
2923,training,0.002261850982904434,0.00410644244402647,0.027277871998794456,20.422592675770225,7.91584130904097,2.665741156781268
2924,training,0.0006842556176707149,0.027869127690792084,0.027277871998794456,20.35153294583157,7.952350910886009,2.665948536304164
2925,training,0.00034124552621506155,0.025753817055374384,0.027277871998794456,20.26273410601749,7.998018779123333,2.6655981028700495
2926,training,0.0012882573064416647,0.008795186877250668,0.026042137217017376,20.20945110522833,8.02548056543875,2.665498496028425
2927,training,0.0010286758188158274,0.04363395646214485,0.026042137217017376,20.138491275327816,8.061863849938437,2.672663214169613
2928,training,0.0015145313227549195,0.0680113136768341,0.026042137217017376,20.085087742554943,8.089031950557935,2.6672332044436304
2929,training,0.0009178867330774665,0.020815439987927675,0.023025057285273206,19.996493314911906,8.135253048814988,2.6519765757670273
2930,training,0.00010246947931591421,0.0005013961344957352,0.023025057285273206,19.943612970886186,8.163489089181816,2.652667110694729
2931,training,0.00030294174212031066,0.040392602793872356,0.023025057285273206,19.873062362908975,8.200821781313138,2.658291254447394
2932,training,0.00038616685196757317,0.024084501899778843,0.02121764410002231,19.82003196255571,8.22871313300012,2.6530688374581923
2933,training,0.0008191775996237993,0.007444210350513455,0.02121764410002231,19.749425120353,8.266348673208666,2.6554466166088733
2934,training,0.0006301052053458989,0.041326768696308136,0.02121764410002231,19.696441775580205,8.29422595259394,2.6590733136508424
2935,training,0.0005735577433370054,0.006920011714100838,0.02121764410002231,19.64338648155201,8.322009059726376,2.655345082490433
2936,training,0.0007148784352466464,0.0013673678040504386,0.026046689703541293,19.572754675427817,8.359414255812982,2.6589563508241
2937,training,0.0015590164111927152,0.020152240991592414,0.026046689703541293,19.501908351234956,8.396069564830887,2.6705854180257615
2938,training,0.0010869214311242104,0.022788833361119032,0.026046689703541293,19.430532549117604,8.431739577268516,2.6845340266492075
2939,training,0.00095268280711025,0.02025461569428444,0.025308196092106054,19.37676101224115,8.458010519361332,2.68810939870183
2940,training,0.0004194760404061526,0.013348087668418884,0.025308196092106054,19.322898192292797,8.48429093613459,2.6873269949325422
2941,training,0.0002512823848519474,0.038861898705363274,0.025308196092106054,19.251126149884374,8.519295311981427,2.6868087562006733
2942,training,0.0008026715368032455,0.01909857988357544,0.025308196092106054,19.17940513203039,8.554507228698428,2.6819694903631017
2943,training,0.0015531418612226844,0.03281058627180755,0.019524109688205935,19.10761513877773,8.589505361274897,2.6980089974645596
2944,training,0.0006431362126022577,0.0391179583966732,0.019524109688205935,19.035383536810105,8.623803861960514,2.6976463634617023
2945,training,0.0012197658652439713,0.042324699461460114,0.016255887577596367,18.963314935362515,8.658423613251921,2.6868675447834356
2946,training,0.0005361625808291137,0.01520647294819355,0.016255887577596367,18.89170543726838,8.693890296122277,2.675449329953582
2947,training,0.00040226493729278445,0.02549048326909542,0.016255887577596367,18.83808888983364,8.720656213824762,2.683754494415225
2948,training,0.00027728575514629483,0.009686267003417015,0.016255887577596367,18.78432358288744,8.746923455107323,2.689507133353533
2949,training,0.0006995185394771397,0.018415111117064953,0.014855642776644912,18.712422178552092,8.781528169366032,2.6944864771386374
2950,training,0.0012788271997123957,0.015200663357973106,0.014855642776644912,18.604398803918425,8.833492192732555,2.6900759311441202
2951,training,0.00039042127900756896,0.018512550741434097,0.014855642776644912,18.53238400852569,8.867845012849601,2.7032287468939855
2952,training,0.0010611361358314753,0.006431214511394501,0.01420945900139446,18.47796265847837,8.892919827736215,2.717319717690041
2953,training,0.0011431112652644515,0.012053023092448711,0.01420945900139446,18.368295717511366,8.940922163690981,2.740238673229702
2954,training,0.0013844986679032445,0.0627565672621131,0.0033852970143194217,18.29465392594318,8.971900765512773,2.745129853170714
2955,training,0.0004804081982001662,0.05106151569634677,0.0033852970143194217,18.220922456372563,9.002126320979452,2.7612649722421487
2956,training,0.0003542131162248552,0.013198295608162876,0.0033852970143194217,18.127844994558888,9.037930752302957,2.7872343212141657
2957,training,0.0008579932618886232,0.040535952895879745,0.014110783122217897,18.052762827426665,9.065164708681202,2.7985668618978443
2958,training,0.0037560188211500645,0.027636295184493065,0.014110783122217897,17.958723629857474,9.099075986879722,2.7914519632077575
2959,training,0.0009802354034036398,0.04332265444099903,0.014110783122217897,17.86461863934565,9.132334765554043,2.813926772700997
2960,training,0.0008208209183067083,0.02389985602349043,0.016641414254488025,17.807689468464854,9.151160162837796,2.8314540345455796
2961,training,0.0010796659626066685,0.017101598903536797,0.016641414254488025,17.712425899715104,9.181148901065427,2.834705337754765
2962,training,0.001609807601198554,0.016769282519817345,0.016641414254488025,17.655422713174232,9.199217638921219,2.8375596607139784
2963,training,0.0028328634798526764,0.005217324942350388,0.006112165089030172,17.578944076530593,9.222569932960347,2.8551945203183013
2964,training,0.00015784456627443433,0.014063172042369843,0.006112165089030172,17.521402421124854,9.23918674040128,2.8646248990529135
2965,training,0.0018414829391986132,0.05929234437644482,0.006112165089030172,17.425177332006708,9.265450310944006,2.8879327814308415
2966,training,0.0009137078886851668,0.013722291216254234,0.008942034903684023,17.328295052662465,9.290502473127958,2.884034585299948
2967,training,0.0004346966161392629,0.021334147080779072,0.008942034903684023,17.270308503534068,9.305847454395789,2.8823303318786575
2968,training,0.0006612940924242139,0.028692472260445356,0.0038198586422101867,17.173615555765164,9.330933094172911,2.894615494109579
2969,training,0.004849991295486689,0.014884227886795998,0.0038198586422101867,17.07663267451956,9.354935826743983,2.899999069576504
2970,training,0.0004348136717453599,0.006782420910894871,0.0038198586422101867,16.99894191294306,9.374519739271618,2.8866199114716626
2971,training,0.0027141552418470383,0.0039563048630952835,0.020724946921047576,16.90231603573609,9.400287658893623,2.8772747575560675
2972,training,0.003516207681968808,0.015816347673535347,0.020724946921047576,16.82529157268186,9.421451891027228,2.8693294542546037
2973,training,0.0008720264304429293,0.040343188680708415,0.020724946921047576,16.7675355689032,9.4377004869246,2.865380199672645
2974,training,0.0047143856063485146,0.01211210153996944,0.03130326139334728,16.709755498967365,9.45394518574525,2.8728054865678083
2975,training,0.00024276725889649242,0.06529080122709274,0.03130326139334728,16.63271763924003,9.474620017813823,2.885639072983169
2976,training,0.0026819235645234585,0.011023303493857384,0.03130326139334728,16.53599524957914,9.49972064669401,2.8877691062015787
2977,training,0.0002722152858041227,0.013994870707392693,0.03950699727481211,16.419822092296997,9.529616333647915,2.8925656766234358
2978,training,0.0014799977652728558,0.012078857049345974,0.03950699727481211,16.361746486234953,9.54423794828715,2.8975037864434308
2979,training,0.0016172104515135288,0.03598989313468337,0.03950699727481211,16.284044524791828,9.563193797643729,2.906266336118328
2980,training,0.00048732972936704755,0.0004590563476085663,0.010673597047477256,16.22579142955645,9.576977919716173,2.9108121617744933
2981,training,0.0005385592812672257,0.012439338024705648,0.010673597047477256,16.108997962727006,9.6047597362177,2.90351968626393
2982,training,0.0008199297008104622,0.01335145067423582,0.010673597047477256,16.05086018847152,9.618989457212253,2.900367520190023
2983,training,0.0009029995417222381,0.023238731548190117,0.023571249206737872,15.973138097164913,9.63785733220733,2.9060740336290007
2984,training,0.0008495046640746295,0.002174417721107602,0.023571249206737872,15.895337740524996,9.656050275378863,2.918655592804833
2985,training,0.0006614442681893706,0.031139038503170013,0.023571249206737872,15.79785596436524,9.67800629208938,2.9195412003835415
2986,training,0.0007759258151054382,0.050202055368572474,0.010667719738249414,15.719959641639754,9.695526498084947,2.922306393835463
2987,training,0.00045408119331113994,0.0366190099157393,0.010667719738249414,15.661448870969771,9.70853553268502,2.9226374310984182
2988,training,0.0006854531820863485,0.03145573101937771,0.010667719738249414,15.583371097986499,9.72589041050837,2.9212683062480367
2989,training,0.002572240773588419,0.0131845623254776,0.008654635356242777,15.505378981731157,9.743512462969953,2.916942876457968
2990,training,0.0006723373662680387,0.01223188266158104,0.008654635356242777,15.4470120105071,9.757250540541147,2.90268118744541
2991,training,0.0006277234060689807,0.08170012384653091,0.008654635356242777,15.350060694932235,9.782255284025185,2.8746017979145515
2992,training,0.0009086186764761806,0.007364913821220412,0.06641801562719474,15.254040430215722,9.811839410880758,2.8052188398264395
2993,training,0.0005629055667668581,0.011640533804893494,0.06641801562719474,15.197435196398498,9.832724768528932,2.773271554205325
2994,training,0.0007243441068567336,0.04429881274700165,0.06641801562719474,15.123277144309458,9.862886473921728,2.7367500000703027
2995,training,0.0005383545649237931,0.03562501072883606,0.022075311684570383,15.050169402823736,9.895670776949283,2.7029092867971256
2996,training,0.0021284017711877823,0.00044215843081474304,0.022075311684570383,14.978070254726807,9.930807005193191,2.6758199367218656
2997,training,0.0006066276109777391,0.009331625886261463,0.022075311684570383,14.924699797537345,9.958126499814654,2.662678447341147
2998,training,0.0009914038237184286,0.0068161506205797195,0.011956593906047964,14.871610993642049,9.985845341784756,2.6581105007633474
2999,training,0.0009481561137363315,0.001743994653224952,0.011956593906047964,14.783350879836156,10.032810950909504,2.6455259121499988
3000,training,0.0010547551792114973,0.008016828447580338,0.011956593906047964,14.71331914952611,10.071553825778382,2.62728100929275
3001,training,0.0015214126324281096,0.05427970178425312,0.011956593906047964,14.661232748939572,10.101377109512326,2.6154955131099014
3002,training,0.0009510227246209979,0.017236340790987015,0.020169840937122735,14.609531729331614,10.131851826381869,2.601751342636947
3003,training,0.0013579998631030321,0.021850064396858215,0.020169840937122735,14.541417010813301,10.173748077342108,2.5794641573665156
3004,training,0.0007153523620218039,0.054460661485791206,0.020169840937122735,14.4908277017064,10.206324965755659,2.557650832443768
3005,training,0.0009866640903055668,0.02687874436378479,0.030879136204869102,14.39127646487266,10.273096222085636,2.5477492497164014
3006,training,0.000644151121377945,0.018193479627370834,0.030879136204869102,14.341638495505673,10.306989683285279,2.5363085765531856
3007,training,0.0022294961381703615,0.09761691093444827,0.030879136204869102,14.276456558094594,10.353418692127653,2.5070670190765236
3008,training,0.00010229157487628981,0.04689557850360872,0.030879136204869102,14.228623255338565,10.390218760712385,2.4632149423355947
3009,training,0.0025693606585264206,0.023266449570655823,0.055023448106367015,14.18242054487839,10.428879717811789,2.427793418115449
3010,training,0.001256738556548953,0.006070338189601898,0.055023448106367015,14.12276163897476,10.48233891701975,2.396158464662365
3011,training,0.0010583808179944754,0.0617844695225358,0.055023448106367015,14.06450201907729,10.537229031119429,2.3764661395252453
3012,training,0.00041797588346526027,0.010276664048433307,0.055023448106367015,14.021512531789966,10.57931086687445,2.3572459477068946
3013,training,0.0032514436170458794,0.04104688763618469,0.04472913326277747,13.965315741915548,10.636132623259677,2.344494812985469
3014,training,0.0006317327497527003,0.0007889172993600368,0.04472913326277747,13.909579409177875,10.693346265044331,2.342457202637813
3015,training,0.0005444759735837579,0.018793221563100815,0.04472913326277747,13.84001554224572,10.765001400393066,2.339649080347448
3016,training,0.0010201679542660713,0.03511083126068115,0.030385631501402024,13.770610923064343,10.836796921377603,2.339156727093443
3017,training,0.0015928910579532385,0.016048450022935867,0.030385631501402024,13.701043623015066,10.908376458967139,2.34542907777749
3018,training,0.0018278551287949085,0.025898903142660856,0.030385631501402024,13.631164475210298,10.979693776499468,2.346081894179252
3019,training,0.0012181135825812817,0.01650168746709823,0.013790974411966948,13.574988511577576,11.036518889863835,2.3574462918133854
3020,training,0.0012261844240128994,0.024162866175174727,0.013790974411966948,13.518097824510724,11.092494506830942,2.37144700077812
3021,training,0.0010272774379700422,0.012151874601840973,0.013790974411966948,13.460265613143136,11.147191923162302,2.3985282424252428
3022,training,0.0014866023557260633,0.026482827961444855,0.005242256189063547,13.415649806684735,11.187060720328635,2.4277395409905087
3023,training,0.0002045437868218869,0.016103170812129974,0.005242256189063547,13.369927871513923,11.225524372854249,2.456326111376824
3024,training,0.00017174825188703835,0.055481165647506714,0.005242256189063547,13.323163231557183,11.26270192292886,2.4836718999917684
3025,training,0.0007522027590312064,0.06806813925504684,0.005242256189063547,13.25908413332005,11.31017542154039,2.5323875191004643
3026,training,0.0007737177656963468,0.03273342549800874,0.005242256189063547,13.209509837242356,11.34306805550795,2.57869753936398
3027,training,0.0016449633985757828,0.022292144596576698,0.025143594566181697,13.158414344484672,11.373974815025123,2.6140355871376926
3028,training,0.0018763956613838673,0.0033699162304401467,0.025143594566181697,13.106384457233798,11.403301753900017,2.6371419440057613
3029,training,0.0056523652747273445,0.009816162288188934,0.025143594566181697,13.018521456502063,11.450340759280776,2.664046171640582
3030,training,0.0005234151612967253,0.03630365431308749,0.0330420042685336,12.9651255462979,11.477352821068383,2.683707871319778
3031,training,0.0007543645915575325,0.024406071752309792,0.0330420042685336,12.874762526952624,11.519071704989539,2.736272684809973
3032,training,0.0011442869435995817,0.024407085031270977,0.0330420042685336,12.801187760038621,11.54940466437462,2.760499508657107
3033,training,0.0006763655692338943,0.01655654236674308,0.02557094016744905,12.708200525530467,11.585704019337852,2.775218441183628
3034,training,0.0008107018074952066,0.0767952473834157,0.02557094016744905,12.633432875965804,11.613662760827188,2.792608179045226
3035,training,0.0010823456104844809,0.021617736667394638,0.02557094016744905,12.576853441077839,11.633723023495698,2.8126246671464665
3036,training,0.0018694568425416946,0.005078117363154888,0.008681203607021062,12.481960257180896,11.664560568683985,2.8384175612284768
3037,training,0.000620209495536983,0.04233788140118122,0.008681203607021062,12.424785426910141,11.682274486347572,2.8436128775597047
3038,training,0.0005500115803442895,0.038572533056139946,0.008681203607021062,12.348262109282018,11.705590503654765,2.8474189822608333
3039,training,0.0003086603828705847,0.028939491137862206,0.023716117388682383,12.290770113161118,11.722750024232473,2.8560973436730643
3040,training,0.00021281742374412715,0.019910967908799652,0.023716117388682383,12.233329323979069,11.739478946823159,2.8585112000705775
3041,training,0.0007704414892941713,0.00700297427829355,0.023716117388682383,12.175586744507799,11.75615077210887,2.8639105942209957
3042,training,0.003114263992756605,0.0004311995580792427,0.023716117388682383,12.09873561746387,11.777832972281406,2.8668340866019317
3043,training,0.0007226682500913739,0.018458903767168522,0.01099605718787863,12.021857025605158,11.799529209547053,2.866404628999246
3044,training,0.001191683579236269,0.020076405256986618,0.01099605718787863,11.964032154792115,11.815963885300453,2.8608693230892537
3045,training,0.002637986559420824,0.05818606726825237,0.01099605718787863,11.906489308160532,11.832642925675966,2.85924490017939
3046,training,0.0006073614349588752,0.008996602147817615,0.01047058093295457,11.848899749451714,11.849098149270919,2.869146453794104
3047,training,0.002340035978704691,0.01350986585021019,0.01047058093295457,11.75261515423871,11.876086627551366,2.8618542101591387
3048,training,0.0002878634550143033,0.054097555577754974,0.01047058093295457,11.694944093498716,11.892715444062711,2.8618414209349763
3049,training,0.0006004314636811614,0.013553580269217491,0.005820647907042351,11.61819009079169,11.915057139685608,2.8522933747541845
3050,training,6.679179205093533e-05,0.020695921033620838,0.005820647907042351,11.522420245517287,11.9435279547768,2.8584155470904618
3051,training,0.0005969626363366842,0.03383719827979803,0.005820647907042351,11.464724023521612,11.960118208302573,2.864185218365557
3052,training,0.0006108407978899777,0.030448233708739274,0.01200247667580401,11.407087190650543,11.97623272332268,2.8748671880444867
3053,training,0.002620286075398326,0.06460767239332199,0.01200247667580401,11.329961175591013,11.996615430546484,2.892795433237902
3054,training,0.0013595225755125284,0.022251959890127182,0.01200247667580401,11.25234281872619,12.015038498984383,2.925641314272175
3055,training,0.0015353166963905096,0.048812899738550186,0.01200247667580401,11.19371232013832,12.027640480432368,2.9303518471592778
3056,training,0.000891566276550293,0.018940161913633347,0.004461699153866823,11.135319916037389,12.039899313590071,2.9408407074393472
3057,training,0.001645917072892189,0.09353983774781227,0.004461699153866823,11.076540961087682,12.051705815992621,2.942653232924741
3058,training,0.0007917320472188294,0.08507653139531612,0.004461699153866823,10.978549376600645,12.070302391951222,2.9680402397349
3059,training,0.0011089652543887496,0.05665717273950577,0.031580182865454276,10.919548823404059,12.080039997664171,2.98887109870236
3060,training,0.0017315329750999808,0.009037729352712631,0.031580182865454276,10.840564611093463,12.091114218238596,3.0147441328412197
3061,training,0.0015617033932358027,0.0024408558383584023,0.031580182865454276,10.781254487240439,12.098529691822616,3.0166522105911593
3062,training,0.0010361582972109318,0.025699165649712086,0.031580182865454276,10.7018917611975,12.108524908917996,3.016755934507764
3063,training,0.0006508128717541695,0.029323520138859752,0.03361738096031907,10.642502412114371,12.115943947576651,3.0183119687732716
3064,training,0.0011282248888164759,0.06366752460598946,0.03361738096031907,10.583090222330013,12.123122518317764,3.02338420266928
3065,training,0.0001691045326879248,0.042311305180191994,0.03361738096031907,10.503707088938693,12.132182141357214,3.0354889781229497
3066,training,0.0012839289847761393,0.03211617935448885,0.0294678685597368,10.424282317555509,12.140221610078758,3.045564381725517
3067,training,0.00037178467027843,0.012765765190124512,0.0294678685597368,10.344867458332754,12.147354808796301,3.0573006182043545
3068,training,0.0015955781564116478,0.021980431862175465,0.0294678685597368,10.285128945422583,12.152157083778775,3.064394037786169
3069,training,0.000992519548162818,0.07155631203204393,0.010804260089271983,10.205407016029262,12.158396850066785,3.060162277137237
3070,training,0.0023394939489662647,0.033569211140274995,0.010804260089271983,10.125737709529039,12.165862840720367,3.032968486676924
3071,training,0.0010652154451236129,0.013550326228141785,0.010804260089271983,10.066146410237153,12.172841958345701,3.0168399510833273
3072,training,0.0005113087827339768,0.08279016241431236,0.010804260089271983,9.986789202124383,12.183316414072651,3.0071345202186164
3073,training,0.0011347210966050625,0.04820513166487216,0.013194941860556435,9.907488194152748,12.194785845757803,2.9868427189835067
3074,training,0.00040350406197831035,0.003753641620278362,0.013194941860556435,9.80883211498687,12.211142519136278,2.9675607414729006
3075,training,0.000612578762229532,0.09653478860855103,0.038570837174635206,9.74981201858071,12.22169088337067,2.9613785039126395
3076,training,0.001099755521863699,0.06597614660859108,0.038570837174635206,9.671210275727791,12.236706002842645,2.9406307005637498
3077,training,0.0007616562070325017,0.13393957167863846,0.038570837174635206,9.59310219901116,12.25353550808255,2.920741863037257
3078,training,9.285500709665939e-05,0.12764108180999756,0.038570837174635206,9.534510306575898,12.267303652681692,2.8976151672806143
3079,training,0.002273533958941698,0.18438519537448883,0.02691703560912708,9.457028895165502,12.287618112655505,2.874203756404283
3080,training,0.000260504602920264,0.2195972502231598,0.02691703560912708,9.400456797170161,12.301946027638872,2.92729642055483
3081,training,0.0006310452590696514,0.12865909561514854,0.02691703560912708,9.342173350471825,12.312149229170004,3.0096204160926483
3082,training,0.00031591049628332257,0.08848688751459122,0.06876059980626865,9.243474970330697,12.319721561102162,3.1123381451282217
3083,training,0.0037987730465829372,0.06256793718785048,0.06876059980626865,9.143936977408094,12.319516299667423,-3.108761734826964
3084,training,0.0007894910522736609,0.04146995581686497,0.06876059980626865,9.044374867117781,12.314157542184516,-3.07030758229259
3085,training,0.0007574934861622751,0.03138807788491249,0.06421909330046666,8.984508391197101,12.309519748805947,-3.0601514390674724
3086,training,0.001269989414140582,0.013920358382165432,0.06421909330046666,8.904951418272073,12.302908193103622,-3.0582805138987927
3087,training,0.0002601564337965101,0.04813685640692711,0.06421909330046666,8.845205146222408,12.29795052046078,-3.0595857258062225
3088,training,0.0010018432512879372,0.040882214438170195,0.05202626571940443,8.765474318331002,12.291119347701455,-3.0510466877679607
3089,training,0.0007740578148514032,0.06043456494808197,0.05202626571940443,8.70598915790929,12.285557646587327,-3.0472777762368137
3090,training,0.0015637158649042249,0.007170319557189941,0.05202626571940443,8.606462125427587,12.276403123675953,-3.053807980211656
3091,training,0.00037882692413404584,0.01028687134385109,0.02612899957525402,8.546602911231606,12.27132653615217,-3.0604831074167422
3092,training,0.0011235628044232726,0.005317544564604759,0.02612899957525402,8.446798663946995,12.26394118019025,-3.0759242430740774
3093,training,0.00068706925958395,0.0036483854055404663,0.02612899957525402,8.366863275438638,12.259097076672202,-3.0861724234069174
3094,training,0.00020071894687134773,0.011255870573222637,0.01627336479756849,8.266963764345826,12.254041986267032,-3.095444822343483
3095,training,0.0014964116271585226,0.001877302303910259,0.01627336479756849,8.187126971307464,12.250692231072696,-3.104481887881441
3096,training,0.0025846068747341633,0.034535542130470276,0.01627336479756849,8.127101941381959,12.24863051988537,-3.1093406779537878
3097,training,0.0003255822812207043,0.029084958136081696,0.01465576826024863,8.067065942448302,12.24687794772995,-3.115994909794959
3098,training,0.000845340546220541,0.02516485843807459,0.01465576826024863,7.987141914730213,12.245123154883515,-3.122599511708161
3099,training,0.0014255628921091557,0.033790767192840576,0.01465576826024863,7.907137858880785,12.243743448101354,-3.1252773745013323
3100,training,0.00040820337017066777,0.010298258159309626,0.01465576826024863,7.846983017326286,12.242875199610685,-3.1294389727852225
3101,training,0.0006929627852514386,0.004225735552608967,0.01506840321328199,7.767101465187897,12.242018625041974,-3.1323341315203064
3102,training,0.0006131580448709428,0.02402224112302065,0.01506840321328199,7.687167631640605,12.241259099516585,-3.131799824948756
3103,training,0.0011637478601187468,0.009201697073876858,0.01506840321328199,7.607113694446909,12.24052618554464,-3.1333262241205078
3104,training,0.0006302513647824526,0.036279738415032625,0.021052591922936396,7.547052924100974,12.240140964472253,-3.1372702416088356
3105,training,0.0009474168182350695,0.028515754267573357,0.021052591922936396,7.467150953243919,12.239893538750056,-3.1395879317913344
3106,training,0.00022735961829312146,0.0420150002464652,0.02388253526071885,7.387168884563525,12.239743170497187,-3.1396707690496415
3107,training,0.0007767961942590773,0.026402690447866924,0.02388253526071885,7.327066817033553,12.239459760565303,-3.131215790121707
3108,training,0.0002932048519141972,0.006194891408085823,0.02388253526071885,7.247302876703008,12.238075822641294,-3.117916617108643
3109,training,0.0010429841931909323,0.010466250590980053,0.02388253526071885,7.187409586491879,12.236416524531316,-3.1097344224916554
3110,training,0.0006034744437783957,0.024913176894187924,0.02612416074309872,7.087564901296162,12.232681345209615,-3.0984715879790232
3111,training,0.0006686428678222001,0.02964257076382637,0.02612416074309872,6.9877887345964576,12.227695439572596,-3.084052781050046
3112,training,0.00023574201622977853,0.007970094215124846,0.02557795105874234,6.927934589237204,12.224024898548146,-3.077060984755408
3113,training,0.0025928125251084566,0.014821166172623634,0.02557795105874234,6.848206858628602,12.218769475612147,-3.075982542076896
3114,training,0.0019142613746225834,0.004077775403857231,0.02557795105874234,6.7881930962464425,12.215027338135153,-3.083063244723789
3115,training,0.001069293706677854,0.013386948034167286,0.02557795105874234,6.688278971128101,12.209645130372216,-3.092194046969727
3116,training,0.0018380510155111551,0.0038982518017292057,0.0163866362476399,6.608294649512199,12.206058875111074,-3.1018590628486744
3117,training,0.003793007228523493,0.01670741429552436,0.0163866362476399,6.548474201416473,12.203820611653583,-3.1064481356939404
3118,training,0.003040138864889741,0.048646969720721245,0.01070112610163601,6.428513788236508,12.199952108627194,-3.111465363817108
3119,training,0.0005685671349056065,0.011793786659836766,0.01070112610163601,6.348676187726825,12.197160932430963,-3.0995844182949637
3120,training,0.0014333117287606,0.009490523487329487,0.01070112610163601,6.268640424373284,12.19388830332776,-3.104054413414053
3121,training,0.0006764568388462067,0.02705330867320299,0.01070112610163601,6.208772614678348,12.191489491801716,-3.098344992929066
3122,training,0.0022521624341607094,0.027387199457734823,0.015019468569621492,6.14893695060271,12.1887432551559,-3.0932499918017595
3123,training,0.0010358539875596762,0.023627072107046843,0.015019468569621492,6.068961609718764,12.184707223512639,-3.089550782079329
3124,training,0.0008737231255508959,0.001501757651567459,0.015019468569621492,5.989103741144544,12.180512784996852,-3.0893561615413336
3125,training,0.006487731821835041,0.0006921701133251121,0.010699696195540157,5.909416648613537,12.175978283331121,-3.0796977211365215
3126,training,0.0013079132186248899,0.006627140566706657,0.010699696195540157,5.849593013828882,12.171986964351303,-3.0696871105471577
3127,training,0.001349771860986948,0.0510569978505373,0.010699696195540157,5.769821057004219,12.165800371472406,-3.059357196266418
3128,training,0.001368005177937448,0.04578925855457783,0.010339059193941826,5.690471439124798,12.158467749898701,-3.03691394189922
3129,training,0.0009272060124203563,0.05056200549006462,0.010339059193941826,5.611201605624854,12.149399957534591,-3.019014132282513
3130,training,0.001103426213376224,0.05387729406356811,0.010339059193941826,5.4925940878452195,12.133034199606753,-2.9880860445665847
3131,training,0.0021242720540612936,0.05112913437187672,0.011021692302098495,5.394232085145368,12.116578191241489,-2.962717061194579
3132,training,0.0027090213261544704,0.03582819364964962,0.011021692302098495,5.315797713923486,12.101798629508409,-2.948902314461381
3133,training,0.0012016859836876392,0.020642966032028198,0.025369268101544086,5.237419976866414,12.08612471495769,-2.941343867595755
3134,training,0.0010474016889929771,0.022033168002963066,0.025369268101544086,5.178759863557752,12.074066373506396,-2.938211096277232
3135,training,0.0012614098377525806,0.032662054523825645,0.025369268101544086,5.100564409068218,12.057886698154629,-2.9349872945455844
3136,training,0.0004895401652902365,0.015170721802860498,0.025369268101544086,5.022460762272498,12.04119628303238,-2.926509558171863
3137,training,0.000320139602990821,0.028405107557773583,0.008056674012416248,4.963955318225679,12.028307304286917,-2.9255613921604433
3138,training,0.00015871267532929778,0.00025898031890392303,0.008056674012416248,4.885742438182905,12.011557835163138,-2.936867805831922
3139,training,0.0008099917904473841,0.005797624588012702,0.008056674012416248,4.787933728171278,11.991481422807155,-2.9386553986288972
3140,training,0.0003029027138836682,0.02928760275244713,0.014817979308401629,4.7293156672615515,11.979237124988645,-2.9303751291269964
3141,training,0.00048431908362545073,0.013936556875705705,0.014817979308401629,4.632317570988107,11.956572267819084,-2.8931695577723056
3142,training,0.0010415994329378009,0.03007960319519043,0.014817979308401629,4.574620474727674,11.941135924381262,-2.8675409001337004
3143,training,0.0020795981399714947,0.034043692052364335,0.005092356950041696,4.517246226909376,11.924150053889365,-2.8396005812543885
3144,training,0.00415005162358284,0.03715658560395241,0.005092356950041696,4.423042196953275,11.89207000067626,-2.788096053223753
3145,training,0.0007854246068745852,0.01832979917526245,0.005092356950041696,4.330380830574199,11.855586544535797,-2.7470585618478203
3146,training,0.0014874862972646952,0.018128547817468643,0.03466154620066106,4.257239468957765,11.8239379604884,-2.7192866465028307
3147,training,0.0007725759642198682,0.043354675173759454,0.03466154620066106,4.184849202681905,11.790316769126399,-2.694543871380512
3148,training,0.0007374374545179307,0.02125311642885208,0.03466154620066106,4.113220569895344,11.754904753034666,-2.671020953890961
3149,training,0.0007197514642030001,0.03941835090517998,0.06710503434583306,4.060310400929742,11.727280557653234,-2.649920944727816
3150,training,0.0004841078771278262,0.05433668754994869,0.06710503434583306,3.9731876100094645,11.678845309104059,-2.6180106753066634
3151,training,0.001451548421755433,0.023378673940896995,0.06710503434583306,3.921583088154761,11.648453719483987,-2.6014808777042653
3152,training,0.0001696444523986429,0.06490725092589855,0.05215914988610518,3.836947795187192,11.595847982690259,-2.5712262878985555
3153,training,0.0012314998311921954,0.01071770116686821,0.05215914988610518,3.786967551266038,11.563051923592461,-2.550663965749166
3154,training,0.004195177927613258,0.023805378004908555,0.05215914988610518,3.7375587728012962,11.529292461313382,-2.5336521392261515
3155,training,0.0007504756795242429,0.03152673412114382,0.032104928761458366,3.6726106977197452,11.483082625755896,-2.5166566981782763
3156,training,0.0005003010737709701,0.059673719108104706,0.032104928761458366,3.608309455144385,11.435894724456228,-2.500431144188874
3157,training,0.0006591726560145617,0.03751829359680414,0.032104928761458366,3.5604582097067556,11.399783144448355,-2.48882462775328
3158,training,0.002097796183079481,0.046062537119723856,0.032104928761458366,3.513154365965366,11.36325478465258,-2.4805921118112537
3159,training,0.00018989159434568137,0.06301337666809559,0.032104928761458366,3.4657983548577693,11.326388657713503,-2.479580517019924
3160,training,0.00042078029946424067,0.07416385319083929,0.016015134394234395,3.4185024548710237,11.289630748778055,-2.48278753363489
3161,training,0.0026496106293052435,0.0860176719725132,0.016015134394234395,3.355417546711198,11.240651457441295,-2.479322764556251
3162,training,0.0015387963503599167,0.12506341189146042,0.016015134394234395,3.2771550286665114,11.178735220852644,-2.46443961037646
3163,training,0.0007101686205714941,0.17648633569478986,0.013001371181567842,3.2156216427300452,11.127883019487486,-2.4357559869251655
3164,training,0.0008654993725940585,0.1794128157198429,0.013001371181567842,3.168675180630205,11.089801762809326,-2.495960946393314
3165,training,0.00056043965741992,0.12390836328268051,0.013001371181567842,3.119154389084715,11.055120094678015,-2.566366220129709
3166,training,0.0010821016039699316,0.10946886986494064,0.013001371181567842,3.0318732291950417,11.004837012292342,-2.668054061839617
3167,training,0.0007384321070276201,0.11015500221401452,0.011910503263631921,2.9957657182311372,10.987198352346166,-2.7048289016891527
3168,training,0.0014014338376000524,0.07403901219367981,0.011910503263631921,2.9219721508270835,10.955169294524918,-2.7545155302959707
3169,training,0.0004393725539557636,0.05942606274038553,0.011910503263631921,2.8475353239973833,10.925919932610789,-2.77741182402066
3170,training,0.0027450257912278175,0.04728286713361739,0.007649314024272627,2.7728330259231604,10.897525080761213,-2.777008058911362
3171,training,0.0009399133850820363,0.04506798833608627,0.007649314024272627,2.716840785930669,10.875833392760649,-2.7621154745650056
3172,training,0.0008742243517190218,0.010530531406402602,0.007649314024272627,2.6615609368083195,10.853281044015812,-2.7406538618235103
3173,training,0.0004829863319173455,0.02015088498592378,0.007649314024272627,2.6069652304663293,10.828959063177647,-2.7061970020294788
3174,training,0.0003782222047448158,0.0030635669827461243,0.025290615334158443,2.5354152864493837,10.793786769208733,-2.6631030232086426
3175,training,0.00027153221890330315,0.033090442419052124,0.025290615334158443,2.4655817713737194,10.755674589247613,-2.620908772670547
3176,training,0.0012080068700015545,0.05625571310520172,0.025290615334158443,2.3810955503887663,10.703472571408106,-2.5508615570471482
3177,training,0.0006125321961008012,0.015097439289093045,0.08073235102561363,2.3326196962666517,10.669022265071975,-2.495169112950495
3178,training,0.00047937416820786893,0.06850260496139526,0.08073235102561363,2.286188590026723,10.632055072645208,-2.4467321004814435
3179,training,0.0014202725142240524,0.02404855191707611,0.08073235102561363,2.241369561098946,10.59254304503358,-2.385785725157427
3180,training,0.0005704063223674893,0.10195562243461603,0.11664907107571101,2.172165339083367,10.521412568441706,-2.3073166727279837
3181,training,0.000873384706210345,0.03584570437669751,0.11664907107571101,2.146101863929807,10.491480087983962,-2.26219737481551
3182,training,0.0005760531057603657,0.005212187767028781,0.11664907107571101,2.0979091048123046,10.428406520144389,-2.1919475546513136
3183,training,0.001635019900277257,0.021348640322685214,0.11664907107571101,2.0540761761152164,10.362386360732817,-2.1193851239880863
3184,training,0.001033776206895709,0.012001290917396518,0.09933156385870837,2.015170938327983,10.293079962476119,-2.044540000506827
3185,training,0.0020069885067641735,0.0526240020990372,0.09933156385870837,1.9894380930886941,10.23943202957753,-1.9929550989428584
3186,training,0.002886385889723897,0.03366091847419739,0.05173137367823312,1.9466613395485435,10.12843181852894,-1.882041289186796
3187,training,0.0008841303642839193,0.025652863085269928,0.05173137367823312,1.9297637873179354,10.071287253234178,-1.83529380061937
3188,training,0.0013583910185843706,0.020595824345946312,0.05173137367823312,1.9068564866187128,9.974516665773782,-1.7738166751663806
3189,training,0.001122470828704536,0.03916776366531849,0.05173137367823312,1.895328941110452,9.915956757532593,-1.761986742511628
3190,training,0.0010295337997376919,0.01167011447250843,0.01771702604674075,1.8804170288360218,9.837482648726127,-1.7563848328911214
3191,training,0.0005879310192540288,0.012530341744422913,0.01771702604674075,1.869505349347439,9.778470013625787,-1.7500682441376716
3192,training,0.000528299598954618,0.03477166593074798,0.01771702604674075,1.8559543678201456,9.69993294697797,-1.7326746175430716
3193,training,0.0010226443409919739,0.011995894834399223,0.014903925506526803,1.8467727199974082,9.640747182980899,-1.7166038384952564
3194,training,0.0008857138454914093,0.008017336949706078,0.014903925506526803,1.8383245851677588,9.581392026736248,-1.7090408177150642
3195,training,0.0009680837392807007,0.007966861128807066,0.014903925506526803,1.8303177817416927,9.522110956472822,-1.7012199032362096
3196,training,0.0011175116524100304,0.008274795953184366,0.01909816129858017,1.817388049579382,9.422978997433683,-1.7038908342397552
3197,training,0.0006029774667695165,0.017078266479074955,0.01909816129858017,1.8093182665694576,9.363401910535424,-1.706323223716907
3198,training,0.0006971426773816347,0.009953562170267105,0.01909816129858017,1.798655897371792,9.284340408318036,-1.7018301444221324
3199,training,0.0020790814887732267,0.05263483338057995,0.01909816129858017,1.791055182861522,9.224903910622116,-1.6941594562481797
3200,training,0.0010088968556374311,0.03870481438934803,0.009254127694606025,1.7785595069592581,9.125660834505116,-1.7032984508117863
3201,training,0.0007709582569077611,0.0007294639945030212,0.009254127694606025,1.767561597419232,9.046292323692784,-1.712809597961052
3202,training,0.0003526223299559206,0.07464375719428062,0.011661240356878743,1.756151577473577,8.967296429188638,-1.7149471414556694
3203,training,0.0014412610325962305,0.07424287684261799,0.011661240356878743,1.7394936156299132,8.848502419511872,-1.7037577204323828
3204,training,0.0006466515478678048,0.023523323237895966,0.011661240356878743,1.731836691163799,8.789240241537133,-1.695284467329856
3205,training,0.0012915882980450988,0.04541387781500816,0.0028719427121344956,1.7222661360655092,8.709854795568074,-1.6868878986412907
3206,training,0.0011899955570697784,0.017658151686191555,0.0028719427121344956,1.715338552364548,8.65016827026287,-1.6890014921446697
3207,training,0.00023400962527375668,0.010417547076940536,0.0028719427121344956,1.7058494630510712,8.570931692041464,-1.6877378142829478
3208,training,0.004909086972475052,0.02833894919604063,0.012071447543928889,1.6942353444448808,8.471641210892784,-1.6891475010781034
3209,training,0.0004942142404615879,0.01971767097711563,0.012071447543928889,1.6872129184810682,8.412018963072834,-1.6858701029988565
3210,training,0.0020738057792186737,0.038404470309615135,0.012071447543928889,1.680370973688883,8.352454217861181,-1.6853048997588336
3211,training,0.0005002239486202598,0.03560779429972172,0.012071447543928889,1.671143092510783,8.273053951268352,-1.688379501352598
3212,training,0.00017442909302189946,0.07223722711205482,0.026894330389209666,1.6639381833046363,8.213343260500922,-1.693662796875857
3213,training,0.0009181916248053312,0.010288864374160767,0.026894330389209666,1.6533320204496362,8.133929128164018,-1.7154018632223769
3214,training,0.0005333019653335214,0.024382094852626324,0.026894330389209666,1.6417083536472363,8.05491645936498,-1.715102301224708
3215,training,0.0005240815808065236,0.034615176264196634,0.015959299372171554,1.6272183037179235,7.956031853438928,-1.719883046842917
3216,training,0.0007930855499580503,0.010288879275321967,0.015959299372171554,1.6121665938805083,7.8572391094895035,-1.7242034355838107
3217,training,0.0007008685497567058,0.00957150012254715,0.015959299372171554,1.600322622843682,7.778246414350396,-1.713487006880461
3218,training,0.0015452909283339977,0.02326638624072075,0.004535448731133885,1.5921036610126915,7.718747719780401,-1.7017571628464758
3219,training,0.00045962887816131115,0.01814602129161358,0.004535448731133885,1.5797433884244776,7.619640650544571,-1.6903865496992014
3220,training,0.0022251910995692015,0.05635707452893257,0.004535448731133885,1.5728030750592101,7.560268907773939,-1.6837254442772494
3221,training,0.00021359209495130926,0.05646740831434727,0.009720903999729741,1.5614144731981492,7.460907957145777,-1.6890985547236796
3222,training,0.0027037328109145164,0.021716114133596424,0.009720903999729741,1.5517959649127233,7.38141512459111,-1.6931105882835336
3223,training,0.0014857023488730192,0.11687777936458588,0.009720903999729741,1.5445484529921851,7.321879496713922,-1.6897114496973735
3224,training,0.0004578332300297916,0.09968099370598793,0.004823528375829096,1.5348093041924504,7.242617935842759,-1.700819429404656
3225,training,0.0011078609386458993,0.06384766101837158,0.004823528375829096,1.5209378354458496,7.143533535775659,-1.7187619599620603
3226,training,0.0006579763139598072,0.044478461146354675,0.004823528375829096,1.5104049522798992,7.064428806732076,-1.6795263040195298
3227,training,0.0009439927525818348,0.008927963674068451,0.01543986711874999,1.5035552346221213,6.984946980316809,-1.6348933097538991
3228,training,0.0004159075615461916,0.036831215023994446,0.01543986711874999,1.4998546996890856,6.9053271920978885,-1.603682944945053
3229,training,0.001054664608091116,0.0033491337671875954,0.01543986711874999,1.4974653691854147,6.82550234556114,-1.6020661544803556
3230,training,0.000899303297046572,0.002866649068892004,0.004527196478232265,1.4954619565001335,6.765488823882417,-1.6074335721360489
3231,training,0.000860756728798151,0.010571355000138285,0.004527196478232265,1.492339552697701,6.685509685215536,-1.6126986492533075
3232,training,0.000352799310348928,0.004308781586587429,0.004527196478232265,1.4888107026645445,6.605672899736493,-1.6165366287541347
3233,training,0.0027445401065051556,0.0016942801885306835,0.017791177044114183,1.4850871692940069,6.5258511564390265,-1.6177285817901208
3234,training,0.0005691383266821504,0.012853188440203663,0.017791177044114183,1.481435067398197,6.445947123128967,-1.61542129861062
3235,training,0.0005912705673836172,0.0024174759164452553,0.017791177044114183,1.4789183579179526,6.385983645473322,-1.6097208922300221
3236,training,0.00047631049528717995,0.003883057739585638,0.018760962291018382,1.4760091673211468,6.306201060160026,-1.6046049008980572
3237,training,0.00032206025207415223,0.0006695305928587905,0.018760962291018382,1.4740504407863417,6.246240379770652,-1.603208926398018
3238,training,0.00063224887708202,0.010571379214525223,0.018760962291018382,1.4704178930026501,6.126443279864564,-1.6000049449115505
3239,training,0.0010436391457915306,0.013122709933668375,0.028045197746084678,1.468760661859141,6.066424176525839,-1.5974968959753986
3240,training,0.001384348375722766,0.003383457660675049,0.028045197746084678,1.466862814231328,5.986606120931371,-1.590596354356774
3241,training,0.0020008718129247427,0.018606077879667282,0.028045197746084678,1.4657887440451474,5.926691701991997,-1.5874312451250552
3242,training,0.0006782940472476184,0.0054673198610544205,0.028045197746084678,1.4648771798884388,5.866678046224653,-1.5858255332764033
3243,training,0.0020840249489992857,0.016443688422441483,0.0306143542561846,1.4639309453220424,5.806833098355364,-1.5868323074566033
3244,training,0.0019711796194314957,0.02322824439033866,0.0306143542561846,1.462314192864865,5.706917560048273,-1.5876583200261114
3245,training,0.0004955508629791439,0.022564175073057413,0.02882287131196181,1.4606892557917885,5.607007312054458,-1.5870084123804262
3246,training,0.00047574882046319544,0.008794237743131816,0.02882287131196181,1.4594093615904695,5.527013506679428,-1.5883941432873574
3247,training,0.0038813960272818804,0.01238683611154556,0.02882287131196181,1.4576638983668386,5.427104919689127,-1.5894651170260528
3248,training,0.00018312253814656287,0.029197982512414455,0.022793440962310667,1.4558215468206932,5.3471056324118145,-1.5990720352845664
3249,training,0.0005245134816505015,0.00982667738571763,0.022793440962310667,1.4521720189872236,5.2471173455403,-1.615084606634773
3250,training,0.002092984039336443,0.008512258529663086,0.022793440962310667,1.4472282681411792,5.147222993409812,-1.6222755213117122
3251,training,0.0011279310565441847,0.030014518648386,0.018972853672499283,1.4419931630836653,5.047431706574957,-1.6232720010269615
3252,training,0.000995251233689487,0.004785980097949503,0.018972853672499283,1.437759690312634,4.967653302490298,-1.624019622035794
3253,training,0.0008586845360696316,0.014127928763628008,0.012378912981595177,1.4335922389134685,4.887797548792967,-1.6216001486772118
3254,training,0.0004057766927871853,0.0005964804440736771,0.012378912981595177,1.4306760744121734,4.827813721059054,-1.6172581207315582
3255,training,0.001121355453506112,0.03085983358323574,0.012378912981595177,1.4268773266478276,4.748025764783275,-1.6199771073049472
3256,training,0.001211957773193717,0.019880586303770542,0.007956809081051048,1.4218224962900041,4.648227390426448,-1.6217736109656133
3257,training,0.0011458040680736303,0.058231428265571594,0.007956809081051048,1.418817197609356,4.588305576615481,-1.6201938569349628
3258,training,0.0031456442084163427,0.028007242828607556,0.007956809081051048,1.4158407891873048,4.52837275806646,-1.6226462202391223
3259,training,0.0007533298921771348,0.03197041153907776,0.007956809081051048,1.4112908352544498,4.448555672528758,-1.6326552749590317
3260,training,0.0004284608585294336,0.011382518336176872,0.0071939022044619156,1.4061925144819847,4.368724675879221,-1.6353244915963898
3261,training,0.00021696489420719445,0.008120238780975342,0.0071939022044619156,1.4023333629798609,4.308756161104643,-1.6351884867080666
3262,training,0.0008005232084542513,0.00671137683093548,0.0071939022044619156,1.3984643647799606,4.24904837984328,-1.63568061766545
3263,training,0.0012337097432464361,0.007435864768922329,0.008331770861365613,1.3921424383240182,4.149317073504692,-1.6320481711466035
3264,training,0.0003568379324860871,0.001530265435576439,0.008331770861365613,1.3886192651213618,4.08936345117573,-1.6271230783276498
3265,training,0.0010262560099363327,0.01379192154854536,0.008331770861365613,1.3844400747855172,4.009571327025439,-1.619215225418881
3266,training,0.0019563394598662853,0.02807334717363119,0.017088660398923906,1.380758826481635,3.9298081076802034,-1.6145940892243438
3267,training,0.0004892343422397971,0.003968311473727226,0.017088660398923906,1.3780540724570471,3.869813199883369,-1.618431119358082
3268,training,0.0010601936373859644,0.01243644766509533,0.017088660398923906,1.3752902164388756,3.809947806697765,-1.6152726891731493
3269,training,0.0011807779083028436,0.003595762886106968,0.017088660398923906,1.3726211988469816,3.750092775176388,-1.615951723086507
3270,training,0.0005974337691441178,0.041552706621587276,0.044316255457416846,1.3681252139142779,3.6502420011022005,-1.6166252580891844
3271,training,0.00039298521005548537,0.05005945824086666,0.044316255457416846,1.3641364495480284,3.5504494380060065,-1.6045686324681985
3272,training,0.0005314864683896303,0.030962439253926277,0.010645353799354669,1.3623166359068961,3.490504763898772,-1.5980112297878797
3273,training,0.0003799842088483274,0.023197692818939686,0.010645353799354669,1.3607823229729195,3.4306803434084183,-1.5947432626333322
3274,training,0.0021186922676861286,0.00252430373802781,0.010645353799354669,1.3595371886964738,3.3707224734818717,-1.5886961818206697
3275,training,0.0006352959317155182,0.013118525967001912,0.010645353799354669,1.3586166386477123,3.310852441792859,-1.5847933521022999
3276,training,0.0008312498684972525,0.00969295110553503,0.00570389072158735,1.3574791982222438,3.210981372809819,-1.5783964677658087
3277,training,0.0009497743449173868,0.034118153154850006,0.00570389072158735,1.3570072117153256,3.0910917259963124,-1.5710374727598402
3278,training,0.00030713516753166914,0.01155330240726471,0.010604138471622953,1.3578987750265028,2.9914664964337163,-1.5481175960921922
3279,training,0.0009628321276977658,0.018634557723999023,0.010604138471622953,1.3611355293503162,2.891733612714664,-1.5285506862748752
3280,training,0.0009003093582578003,0.019794225692749023,0.010604138471622953,1.3638761043753502,2.831825560472472,-1.523220499133138
3281,training,0.0021087289787828922,0.028467491269111633,0.007909080517752201,1.3668483891783332,2.7720403519015697,-1.5204701917692656
3282,training,0.0010928992414847016,0.030362868681550026,0.007909080517752201,1.369958868674651,2.712239932072466,-1.5150440112114205
3283,training,0.0018823185237124562,0.00042002461850642984,0.007909080517752201,1.3748762721985075,2.6325074905645245,-1.5052029087337413
3284,training,0.0016822010511532426,0.016415760852396488,0.007909080517752201,1.3788715804909326,2.5728073682115706,-1.5043489555654066
3285,training,0.0012749276356771588,0.001101685687899586,0.010023069154336836,1.3842386935664424,2.4931129421247826,-1.4996404077227368
3286,training,0.0020168880000710487,0.04299108684062958,0.010023069154336836,1.3887593708352457,2.4333861605569775,-1.4919745459927185
3287,training,0.0015026095788925886,0.016560630465392023,0.010023069154336836,1.3952479406449676,2.353743461274214,-1.4888018916913859
3288,training,0.000430507177952677,0.01154044596478343,0.005163588011690402,1.4001285819339941,2.294013001808197,-1.4891345796076594
3289,training,0.0011766599491238594,0.008756184950470924,0.005163588011690402,1.406684848463816,2.2143228420271512,-1.4897167723239706
3290,training,0.0007279824931174517,0.010275231674313545,0.005163588011690402,1.4117338861360025,2.1546724687915058,-1.482906801141907
3291,training,0.0005364717799238861,0.00041469186544418335,0.005163588011690402,1.4170440852008959,2.094946166331064,-1.482296731017593
3292,training,0.0002501220442354679,0.036505961790680885,0.012669328892881769,1.4244231127391875,2.0154730081977243,-1.4742628096907664
3293,training,0.0020744497887790203,0.049735177308321,0.012669328892881769,1.430363516808852,1.955861964424319,-1.4688796630710437
3294,training,0.002298877574503422,0.010180786252021796,0.012669328892881769,1.4405578552573088,1.8565026620670617,-1.4677480186055492
3295,training,0.00134282186627388,0.034278187900781645,0.002056120470287231,1.4491146368465884,1.7771156349557342,-1.4560171830743243
3296,training,0.0011802432127296925,0.11497349292039871,0.002056120470287231,1.4564827931916275,1.7178221490116536,-1.4379340018208373
3297,training,0.00053725007455796,0.1358371488749981,0.002056120470287231,1.469008506537653,1.6391666536439595,-1.385002626836644
3298,training,0.0013531569857150316,0.14955385774374008,0.009689394180345652,1.4906982092373309,1.5420909004713848,-1.3149781300167758
3299,training,0.0023015302140265703,0.10532870888710022,0.009689394180345652,1.5072392579006761,1.484881916573473,-1.2619655486562575
3300,training,0.0007813675329089165,0.114885438233614,0.009689394180345652,1.5412990020028448,1.3916363732016832,-1.1799585478905181
3301,training,0.0005764906527474523,0.05329275131225586,0.06068173789310228,1.5653126080861652,1.3371371165909112,-1.130663726215206
3302,training,0.000730530358850956,0.029951363801956177,0.06068173789310228,1.5920731205521024,1.2840813374468834,-1.0774075469418034
3303,training,0.0011805733665823936,0.03299412131309512,0.06068173789310228,1.6426683184608288,1.1986703923704398,-0.9948770496017012
3304,training,0.0004843690840061754,0.036461010575294495,0.14900201197581742,1.6765832445405917,1.1495287174631206,-0.9374992448164527
3305,training,0.0017015340272337198,0.021746203303337153,0.14900201197581742,1.7262010057423243,1.0880317977742944,-0.8419152008368398
3306,training,0.0005926851881667972,0.030174478888511658,0.14900201197581742,1.7673400138786695,1.045306946577168,-0.7658534448431273
3307,training,0.0011271530529484153,0.017462804913520813,0.15721767280091103,1.811472075087451,1.0058771522246437,-0.6950928424336243
3308,training,0.0015019463608041406,0.011426270008087158,0.15721767280091103,1.874553947930373,0.9576556065306452,-0.6106308624115283
3309,training,0.004202165175229311,0.0027454793453216275,0.15721767280091103,1.941292151623057,0.9146812242970187,-0.5355431174582526
3310,training,0.0007044329540804029,0.017591536045074463,0.15721767280091103,1.9931598627996567,0.8856832505732106,-0.48331101729471404
3311,training,0.0008032955811358988,0.0014543235301971713,0.130926038384106,2.06474610614957,0.8513412806494057,-0.4113132780282797
3312,training,0.0038938920479267836,0.0373721346259117,0.130926038384106,2.157235396749383,0.8155332100558865,-0.33095551141678137
3313,training,0.000943036749958992,0.04412366449832915,0.10225328405217851,2.23303167605764,0.7917035465039911,-0.28210583380584414
3314,training,0.001974939601495862,0.010797753930091858,0.10225328405217851,2.290839795062795,0.7758655492363452,-0.2520329363180498
3315,training,0.0003796656965278089,0.04303143918514252,0.10225328405217851,2.3488035310937163,0.7619772531748393,-0.21706102874585878
3316,training,0.005420185625553131,0.05815194174647331,0.10225328405217851,2.446534172373109,0.7425081394343988,-0.17976952361602302
3317,training,0.001151589909568429,0.03751755878329278,0.06837401449970888,2.5449011384856153,0.7261190804943888,-0.15017584090948072
3318,training,0.0012803509598597884,0.00891479104757309,0.06837401449970888,2.604203812717113,0.7176444549515757,-0.13477525356552003
3319,training,0.0012825003359466791,0.040922004729509354,0.06837401449970888,2.6635431089672688,0.7102316995556147,-0.11256160519775522
3320,training,0.0004483277734834701,0.017067711800336838,0.030925392694056662,2.7428640981809576,0.7021044369679097,-0.0935853722999216
3321,training,0.0018619633046910167,0.001396041363477707,0.030925392694056662,2.8024963500552857,0.6968062605544492,-0.08496134935518032
3322,training,0.00035757210571318865,0.00023499689996242523,0.030925392694056662,2.8820355242579487,0.69058885560929,-0.0720565166389304
3323,training,0.0010422277264297009,0.0004648882895708084,0.013170923837338403,2.9418249762224686,0.6865121295748017,-0.06357350638080514
3324,training,0.0013659652322530746,0.0033133085817098618,0.013170923837338403,3.061423092302963,0.6798582034734765,-0.04751044194666345
3325,training,0.0022327022161334753,0.001850455068051815,0.013170923837338403,3.121222696544541,0.6771928155622128,-0.0421852739773683
3326,training,0.001047533587552607,0.010771291330456732,0.008807960099999464,3.2209834218925906,0.6733370418884216,-0.037518730489562606
3327,training,0.0001770099624991417,0.014322154223918915,0.008807960099999464,3.280873459972259,0.6712058369491887,-0.033841086195013
3328,training,0.0014418317005038261,0.000712820328772068,0.008807960099999464,3.360734228138255,0.668689689837099,-0.027221109872180294
3329,training,0.000729734543710947,0.01561274193227291,0.01257405250873743,3.4605329172062866,0.6662502713070015,-0.02201263414868857
3330,training,0.0009029002976603806,0.01508095022290945,0.01257405250873743,3.540364829482686,0.6646443017723431,-0.01915779745289702
3331,training,0.0010811922838911414,0.002608933486044407,0.01257405250873743,3.600181461923152,0.6636435786570957,-0.01520705931190848
3332,training,0.001020667958073318,0.007273530121892691,0.017888060972623646,3.7000485653388058,0.662239302701046,-0.014310153330680763
3333,training,0.0005806639092043042,0.0022066412493586558,0.017888060972623646,3.780062570074696,0.6610621765613115,-0.014519636828495426
3334,training,0.00039064366137608886,0.013974984409287572,0.017888060972623646,3.8398719948695605,0.6602131952473221,-0.01325647161017753
3335,training,0.00040199197246693075,0.04235066473484039,0.016240064504476733,3.9397186376903135,0.6590949881921383,-0.011326541530393325
3336,training,0.0001711104705464095,0.005246510729193686,0.016240064504476733,4.019604413283006,0.6582307103871698,-0.011242728458589705
3337,training,0.0005120791029185057,0.00952775590121746,0.022330613036956447,4.119453337788317,0.657334359853085,-0.0063936505883304875
3338,training,0.0003650271100923419,0.005705341696739197,0.022330613036956447,4.199485996850272,0.6568433151219284,-0.00578712066045616
3339,training,0.0007870475528761744,0.013876144774258137,0.022330613036956447,4.259379587755274,0.6564711230742551,-0.007002961713235349
3340,training,0.0011912693735212088,0.0247133350931108,0.020911867695697285,4.3793394618104555,0.6556539714880593,-0.007599659308940104
3341,training,0.0015219261404126883,0.022012900561094284,0.020911867695697285,4.439151649392175,0.6552595280274602,-0.006569081920653328
3342,training,0.0004738042480312288,0.01656363345682621,0.020911867695697285,4.519145580663995,0.6547427289729688,-0.006389177479181907
3343,training,0.002074474235996604,0.005879949778318405,0.018808625581960788,4.579105618124156,0.6544227815490964,-0.0037590010576069475
3344,training,0.00047777092549949884,0.009979968890547752,0.018808625581960788,4.6589704409641985,0.6542545320153909,-0.0024940948626940335
3345,training,0.0004878050822298974,0.00029366184026002884,0.018808625581960788,4.738928890270395,0.6540695353000499,-0.0024508391543523983
3346,training,0.0010955141624435782,0.013492655009031296,0.018808625581960788,4.81897063082789,0.653849716413081,-0.002485552791168664
3347,training,0.0009149079560302198,0.0016256682574748993,0.016951922629562622,4.878862144436648,0.6536853422138954,-0.0035172802139636465
3348,training,0.0014414065517485142,0.00871901772916317,0.016951922629562622,4.9587627855222856,0.6534345446570944,-0.003569696741756572
3349,training,0.0006703465478494763,0.007184765301644803,0.016951922629562622,5.018843558585373,0.6532063749781326,-0.0036486719300668205
3350,training,0.0014597056433558464,0.0042416369542479515,0.01997995452639807,5.078663536818971,0.6530170157598292,-0.003081603767028815
3351,training,0.0009618754265829921,0.008964743465185165,0.01997995452639807,5.158583633297714,0.6528450408241844,-0.002229508528487858
3352,training,0.0006092452094890177,0.011375314556062222,0.01997995452639807,5.218660638275729,0.6526965412134126,-0.00258644611469191
3353,training,0.0013391579268500209,0.026134617626667023,0.01997995452639807,5.278504454920254,0.6525604525376555,-0.0028653279032906337
3354,training,0.00027851088088937104,0.013938670046627522,0.012659233356319945,5.338571084323205,0.6523877296829855,-0.00252637235146113
3355,training,0.0002019454987021163,0.019508408848196268,0.012659233356319945,5.418527793944306,0.6521470226640376,-0.0036698175523468624
3356,training,0.0004937936901114881,0.01734733022749424,0.012659233356319945,5.5183997580754705,0.6518980288977267,-0.001494215079775772
3357,training,0.0009436255786567926,0.005872827023267746,0.01644514161612215,5.5982710842528185,0.651882131670848,-0.0005805249062603836
3358,training,0.00031759330886416137,0.00934239849448204,0.01644514161612215,5.658281013119468,0.6518612099347623,-0.0001837829794109008
3359,training,0.000981167540885508,0.020853927358984947,0.01644514161612215,5.738299843534241,0.6518187886040168,-0.000701987869783662
3360,training,0.001078143366612494,0.0007204720750451088,0.0183686957390356,5.838248644698251,0.65175355241206,-0.001073529676288781
3361,training,0.0008442475227639079,0.006168987601995468,0.0183686957390356,5.918132059769328,0.6516914725179148,-0.0014146963366828368
3362,training,0.0005543120205402374,0.004446900449693203,0.0183686957390356,5.978075170342838,0.6516338489883108,-0.0010149552844081857
3363,training,0.0009488587966188788,0.02763209491968155,0.027582136601220834,6.07802502178259,0.6515111749644726,-0.0012474236499349343
3364,training,0.0016362778842449188,0.0035415785387158394,0.027582136601220834,6.138050970661436,0.6514172732831014,-0.002007293729947506
3365,training,0.0006307091098278761,0.0027908924967050552,0.027582136601220834,6.197915580334554,0.6513335789062692,-0.0017697182413225043
3366,training,0.0006295150378718972,0.006464051082730293,0.03710107646995143,6.277941427866547,0.6511844194258722,-0.001677572420115049
3367,training,0.0006713693728670478,0.06090089783538133,0.03710107646995143,6.337887105595239,0.6511249001116519,-6.953124121108825e-05
3368,training,0.00038979912642389536,0.06356513500213623,0.03710107646995143,6.417780519772219,0.6512190070789419,0.0008231430445771639
3369,training,0.000538964755833149,0.013243088033050299,0.03951037205118569,6.477850553092493,0.6512713782490082,0.0012428419003697598
3370,training,0.000509536184836179,0.03203627094626427,0.03951037205118569,6.537763353906224,0.6513245290017547,7.14107091803615e-05
3371,training,0.0006499415612779558,0.015999918803572655,0.03951037205118569,6.617674188814986,0.6513588148362881,0.00014534499577417538
3372,training,0.0004310300573706627,0.015062984079122543,0.03951037205118569,6.677767938454621,0.6513610109219196,0.00022336517613446026
3373,training,0.0010113962925970554,0.01107608899474144,0.0377081976272722,6.757698700527586,0.6513708464819243,-0.0004614527898874341
3374,training,0.003912967164069414,0.0042061349377036095,0.0377081976272722,6.817586091078392,0.6513764317756658,-0.00016371233155366128
3375,training,0.000766032375395298,0.008311314508318901,0.0377081976272722,6.877675640750026,0.6513539791173852,-0.00043745442408271593
3376,training,0.00020286839571781456,0.010053437203168869,0.039009394638570755,6.95757316819338,0.6513326637687435,-0.0008865569533706872
3377,training,0.0014941266272217035,0.009488367475569248,0.039009394638570755,7.037468309618119,0.6512983855567799,-0.0008158826504591041
3378,training,0.0015492797829210758,0.036337219178676605,0.039009394638570755,7.097550686455454,0.6512474649471919,-0.0005109681171333573
3379,training,0.0005206167697906494,0.00843373779207468,0.03671488833732307,7.177502850803149,0.6511826191027867,-0.001383207224193728
3380,training,0.0007710738573223352,0.0002972502261400223,0.03671488833732307,7.237356635224758,0.651134168301601,-0.0011933623853609945
3381,training,0.001797035918571055,0.008849048055708408,0.03671488833732307,7.3173631829077115,0.6510368597806633,-0.0011422706136485516
3382,training,0.0009969613747671247,0.0041724140755832195,0.03671488833732307,7.397388919109688,0.6509209041980429,-0.0015873280293349713
3383,training,0.0021460053976625204,0.007906680926680565,0.02185890426626056,7.477261266630289,0.6508476037332424,-0.0006001944758184757
3384,training,0.0006263434188440442,0.024147287011146545,0.02185890426626056,7.5371809340323725,0.6508472583836785,-0.00012369864003269472
3385,training,0.0015328427543863654,0.02584318444132805,0.02185890426626056,7.5972583550737065,0.6508242115238917,-0.0006747603550365193
3386,training,0.0014947002055123448,0.009915494360029697,0.0172995624455308,7.657101280141883,0.6508137754771176,-0.0006068833214620897
3387,training,0.0007556192576885223,0.01683572679758072,0.0172995624455308,7.71719051357724,0.6507734487599771,-0.00038714965078243477
3388,training,0.0006066125351935625,0.03981195157393813,0.0172995624455308,7.81714079227514,0.6507078465233175,-0.0007174355031375179
3389,training,0.0006585516966879368,0.0004951693117618561,0.0172995624455308,7.8769854136644355,0.6506959926780809,6.926869759713903e-05
3390,training,0.0004764940240420401,0.005530242808163166,0.02537307536961101,7.956932240917191,0.650765068446315,0.0008292724227558144
3391,training,0.0003058019792661071,0.006448283791542053,0.02537307536961101,8.036978218032928,0.6508219873067663,0.00102007149864573
3392,training,0.0016425877111032605,0.007898394018411636,0.037377340768878844,8.136946374038946,0.6508907817918607,0.0008572745556194475
3393,training,0.0011058634845539927,0.0010932330042123795,0.037377340768878844,8.196858033304231,0.6509289570607083,9.262659937384051e-05
3394,training,0.00034615577897056937,0.0028762854635715485,0.037377340768878844,8.276774399484248,0.650969494698897,0.00022613817832059798
3395,training,0.0015545946080237627,0.005972289480268955,0.037377340768878844,8.356785880471403,0.6509894999675427,0.00035328392066515135
3396,training,0.0021178368479013443,0.004038726910948753,0.04239901533107273,8.416805242537643,0.6509951386503753,-0.0003426262269716771
3397,training,0.004251312464475632,0.005704696290194988,0.04239901533107273,8.49668697050148,0.6510052945147741,-0.00035486366268204137
3398,training,0.000532803125679493,0.013618980534374714,0.04239901533107273,8.576647229547474,0.6509954845751387,-0.00023211499633934055
3399,training,0.0009166741510853171,0.0031094886362552643,0.044112152126688745,8.676606338716521,0.650962427328465,-0.0003984951877894333
3400,training,0.0011995388194918633,0.007405483163893223,0.044112152126688745,8.736680638579186,0.6509238403623311,-0.0009488741811961531
3401,training,0.002475700806826353,0.015323523432016373,0.044112152126688745,8.81655153533093,0.6508785102957484,-0.0011366846988376989
3402,training,0.0019135919865220785,0.005870205350220203,0.04133746055494969,8.896467416978632,0.6508168201370511,-0.0010551410424561268
3403,training,0.0006131744012236595,0.002130822278559208,0.04133746055494969,8.976472297571982,0.6507317553626817,-0.001003253789337783
3404,training,0.000643781153485179,0.014295748434960844,0.04133746055494969,9.076438102142506,0.6506091128482793,-0.0011663910531185418
3405,training,0.0036494804080575705,0.0033149620867334306,0.03021846081451152,9.136387710250785,0.6506008559094986,0.0008583354608743617
3406,training,0.001067058416083455,0.007134511135518551,0.03021846081451152,9.236330284699278,0.6508045348407524,0.0015258471556083384
3407,training,0.0009732196340337396,0.007319026626646519,0.03021846081451152,9.296265309403324,0.6509296199376535,0.0021101104385796883
3408,training,0.0016045118682086468,0.005627051927149296,0.023518912700863506,9.356326707537322,0.6510397527270226,0.0016029580726435804
3409,training,0.0011692787520587444,0.003571532666683197,0.023518912700863506,9.45626340390905,0.6512450635198925,0.0015962295239921273
3410,training,0.0018583072815090418,0.004729306325316429,0.023518912700863506,9.51612553396407,0.6513838471514054,0.0020141191957635573
3411,training,0.0006294186459854245,0.026986856944859028,0.024121814882358626,9.59614431503638,0.6515484239445974,0.002352305792639631
3412,training,0.0012840130366384983,0.02215568907558918,0.024121814882358626,9.656194177926757,0.6514475185860941,-0.007462165519594222
3413,training,0.0009800007101148367,0.009937175083905458,0.024121814882358626,9.735942840727727,0.6508634198538072,-0.005003239697907338
3414,training,0.000744850724004209,0.006915905512869358,0.016513778393760194,9.796000371088676,0.6506242505300449,-0.002897350590526351
3415,training,0.0003392930666450411,0.005484158638864756,0.016513778393760194,9.855813653979231,0.6505169822144209,-0.00039159934458833396
3416,training,0.0005066361627541482,0.009659873321652412,0.016513778393760194,9.935721166196686,0.6505898543712222,0.0010366340967354062
3417,training,0.00040135381277650595,0.019745752215385437,0.016513778393760194,10.015726682339675,0.6506984121383957,0.0015590504398853306
3418,training,0.0010021082125604153,0.018456313759088516,0.015835558976606684,10.075751117049906,0.6507746353340156,0.000913790760178752
3419,training,0.0008651124080643058,0.0010189255699515343,0.015835558976606684,10.175688304284877,0.6509122998776702,0.0008430628488483947
3420,training,0.0008117431425489485,0.002704828977584839,0.011914092311374969,10.295675679974332,0.6510633258077732,0.0009776938097262814
3421,training,0.0010360052110627294,0.00507724191993475,0.011914092311374969,10.355518458122196,0.6511485475514033,0.0009686528138529713
3422,training,0.0016138703795149922,0.016329625621438026,0.011914092311374969,10.435506756104868,0.6512408366233716,0.001214107605200787
3423,training,0.00022754145902581513,0.016333848237991333,0.009506496308329632,10.535471856529561,0.6513487967431213,0.0011577051331018628
3424,training,0.00046390999341383576,0.013527654111385345,0.009506496308329632,10.595506896653559,0.6514005323566628,0.0005305913806237892
3425,training,0.00041530904127284884,0.005097255110740662,0.012111747421483363,10.675384246235456,0.6514835502062299,0.0005481763716494757
3426,training,0.0012685288675129414,0.005073316395282745,0.012111747421483363,10.75533603864779,0.6515507540939119,0.0007232400042645296
3427,training,0.000872216303832829,0.007198396138846874,0.012111747421483363,10.815436578773788,0.6515830600117237,0.000460898076302015
3428,training,0.0004935048054903746,0.0017896350473165512,0.012111747421483363,10.875279977809546,0.6516317704613135,0.00034229658693431925
3429,training,0.0013787165516987443,0.000856238417327404,0.010340486733990148,10.975232725442813,0.6516814862428502,0.0002050061313900962
3430,training,0.0022162888199090958,0.003315810114145279,0.010340486733990148,11.075187663088276,0.651712819345411,5.790436592328932e-05
3431,training,0.001659455127082765,0.005773123819380999,0.016623663997222676,11.155201156954368,0.6517204543183407,0.00017746909760713353
3432,training,0.0014319652691483498,0.001310877501964569,0.016623663997222676,11.235250170688088,0.6517016918412868,-0.00044542860539493047
3433,training,0.0009934479603543878,0.028282416984438896,0.016623663997222676,11.335203886605623,0.6516424782780545,-0.000830095302324859
3434,training,0.0005534338997676969,0.010817546397447586,0.01728771183502539,11.395045587266493,0.6516077004219364,-0.0010917020279247315
3435,training,0.0015893890522420406,0.011833027936518192,0.01728771183502539,11.475014981708267,0.6515350353715433,-0.0009941992449869366
3436,training,0.0014953705249354243,0.002714383415877819,0.01728771183502539,11.53509359965336,0.6514617557777859,-0.0015202587201203117
3437,training,0.0014416221529245377,0.009056583046913147,0.01728771183502539,11.594928412498744,0.6513984832848371,-0.0014843136933018074
3438,training,0.0005442218389362097,0.0004169819876551628,0.022160023791865564,11.694872549030865,0.6512570956224172,-0.0017037623438610797
3439,training,0.000915774202439934,0.01184395793825388,0.022160023791865564,11.774877891534471,0.6511210365598091,-0.0016927262962830448
3440,training,0.00014057262160349637,0.0054365498945117,0.022160023791865564,11.854895963757865,0.6511149797643334,0.0024846983299114827
3441,training,0.00024750156444497406,0.007352201268076897,0.021450515000608034,11.954845589119632,0.6514021412150919,0.0027576045957710387
3442,training,0.0018398910760879517,0.017568854615092278,0.021450515000608034,12.05479737943477,0.651706798165443,0.0027679530449220826
3443,training,0.00047815838479436934,0.01229775045067072,0.02004460838340607,12.134675792268213,0.6519703430501351,0.00279764115228039
3444,training,0.0023904703557491302,0.008814492262899876,0.02004460838340607,12.234609463915106,0.6523082139117009,0.0030449519719997625
3445,training,0.0030108257196843624,0.013204299844801426,0.02004460838340607,12.294591755479997,0.6525190976392045,0.003810302396322625
3446,training,0.0003581276396289468,0.018358811736106873,0.02618252311699161,12.354609955252934,0.6527326120466576,0.003190765414575233
3447,training,0.00016328039055224508,0.00021083001047372818,0.02618252311699161,12.474557178672104,0.6531976846480159,0.003947918042376271
3448,training,0.0018439539708197117,0.035420022904872894,0.031099867013919393,12.57451356988392,0.6536205442988987,0.004071694640369412
3449,training,0.0025904825888574123,0.013693660497665405,0.031099867013919393,12.654406101811265,0.653991715017584,0.004160983046154983
3450,training,0.00044156599324196577,0.003090401645749808,0.031099867013919393,12.714355735063819,0.6542825800934569,0.005124391665630697
3451,training,0.0006453049718402326,0.00353085994720459,0.031099867013919393,12.774411907370474,0.6545602092781143,0.00405927271019332
3452,training,0.000768580415751785,0.00013515260070562363,0.026280840731862973,12.834260573823958,0.6548528390982814,0.004644659485872278
3453,training,0.0006301263347268105,0.0029470501467585564,0.026280840731862973,12.954218018780448,0.6554503541117949,0.004908811067536289
3454,training,0.0002541111025493592,0.0004744227044284346,0.026280840731862973,13.014243134076134,0.6557667738084669,0.005891142042328273
3455,training,0.0026653772220015526,0.019169619772583246,0.03456510303166179,13.094237488859955,0.6562007924125964,0.005216290613881875
3456,training,0.000378083175746724,0.011493973026517779,0.03456510303166179,13.174164797996086,0.6565921115246154,0.0032138701500062416
3457,training,0.0001925976830534637,0.006175377406179905,0.03456510303166179,13.234105051400745,0.6568035197564785,0.003564027007188426
3458,training,0.0012257056077942252,0.03823117259889841,0.037786414045747264,13.314137245157243,0.6570717032004776,0.0037218897322901833
3459,training,0.0005616932176053524,0.025093421805649996,0.037786414045747264,13.374048923477945,0.6572494859817846,0.0012778339160656191
3460,training,0.00012441593571566045,0.019180286675691605,0.037786414045747264,13.47399697078136,0.6573186007292067,-0.0003041073728998196
3461,training,0.0013080374337732792,0.009663403034210205,0.030780594329974924,13.553948810115665,0.6572949991136414,-0.0005097767544995974
3462,training,0.001451976946555078,0.018602155148983,0.030780594329974924,13.633991545785317,0.6572451761653874,-0.00039398806611573833
3463,training,0.0013221746776252985,0.06403547525405884,0.030780594329974924,13.693934838578569,0.6572055069850158,-0.0011886475475523242
3464,training,0.001493008341640234,0.04476755112409592,0.01636651830032759,13.79386667832955,0.6571213232901086,-0.0013892214023134173
3465,training,0.0011106975143775344,0.035562094300985336,0.01636651830032759,13.853817265316165,0.657061953831572,-0.0010480410534035411
3466,training,0.0007416168809868395,0.004381769336760044,0.01636651830032759,13.953772713573324,0.6569386911951448,-0.0012755164016664277
3467,training,0.0007968898862600327,0.010658854618668556,0.003118776680884892,14.033814913835261,0.6568124100809494,-0.0015685125056228242
3468,training,0.001031076768413186,0.016776375472545624,0.003118776680884892,14.113723904510925,0.6566820600962189,-0.0022707787079206303
3469,training,0.0007806821959093213,0.01872752234339714,0.003118776680884892,14.193596704019754,0.6565367350132782,-0.0023016751466770056
3470,training,0.0036312348674982786,0.005014457274228334,0.012009512859899804,14.253658143452883,0.6564043360861297,-0.0019721364682236493
3471,training,0.0014202004531398416,0.04379037767648697,0.012009512859899804,14.333641929965044,0.6561941872569305,-0.0034646635216455776
3472,training,0.0007766542257741094,0.0017143208533525467,0.012009512859899804,14.413505054085936,0.6559218164288789,-0.004217668498227721
3473,training,0.0009316748473793268,0.0035026567056775093,0.008884038667272397,14.493406458811593,0.6556104931522166,-0.004362913501046823
3474,training,0.0008221928728744388,0.011188329197466373,0.008884038667272397,14.593340728888514,0.6551687409673975,-0.004825619577791129
3475,training,0.000763190386351198,0.004518132656812668,0.008884038667272397,14.653435507915654,0.6548648149032983,-0.005018815658572743
3476,training,0.0034136297181248665,0.00742429681122303,0.009974374734711397,14.753366641006622,0.654343430673763,-0.005656746025108598
3477,training,0.002106242347508669,0.018341509625315666,0.009974374734711397,14.833160370222258,0.653967986508485,-0.003760285409197402
3478,training,0.00107946852222085,0.0047644441947340965,0.009974374734711397,14.93307859767102,0.6537230090883185,-0.0029639537201280896
3479,training,0.0007707468466833234,0.008173473179340363,0.004867092157995777,15.053072501856535,0.6533809759235042,-0.0035380424862178055
3480,training,0.0009291345486417413,0.01187139842659235,0.004867092157995777,15.152996232825032,0.6530504560818068,-0.004088027782714945
3481,training,0.0006035132682882249,0.014717905316501856,0.015764686884330095,15.232857036439457,0.6527578465545392,-0.0043544324703499015
3482,training,0.0005802445230074227,0.015055214986205101,0.015764686884330095,15.292876694517846,0.6525317499069739,-0.002959719350470617
3483,training,0.00042969666537828743,0.01061741029843688,0.015764686884330095,15.392797929780475,0.652499372849952,0.003360873482554376
3484,training,0.0006677618948742747,0.0060130394995212555,0.026973857976958594,15.492709011643818,0.6527800374616846,0.0023845844649167634
3485,training,0.002925290260463953,0.002670031040906906,0.026973857976958594,15.592694105303202,0.6529738922225948,0.0020305296181545775
3486,training,0.0004226633463986218,0.00252644345164299,0.02465437186641465,15.652570570221226,0.6530975778229913,0.0015485767160776003
3487,training,0.0015477463603019714,0.004210577346384525,0.02465437186641465,15.73250702881961,0.6532530086858129,0.001836351765041805
3488,training,0.002273250138387084,0.007726695388555527,0.02465437186641465,15.792602699502728,0.6533559884432966,0.001838255241051469
3489,training,0.0030326819978654385,0.007139096036553383,0.02465437186641465,15.852454697254345,0.6534826445081756,0.001643939041803598
3490,training,0.0007704389281570911,0.005428187549114227,0.027658856065820605,15.912510465583928,0.6535911267505944,0.002171930156584593
3491,training,0.0004348011570982635,0.006166032515466213,0.027658856065820605,15.972446256590802,0.653709255860692,0.0014752018903677244
3492,training,0.001152899581938982,0.020972255617380142,0.027658856065820605,16.052347814128524,0.6538694616519785,0.001744693981745116
3493,training,0.0006322833360172808,0.01768028736114502,0.027658856065820605,16.11243594369662,0.6539756901701187,0.002097965111302664
3494,training,0.0034687090665102005,0.017989981919527054,0.03110681688028806,16.19238908738269,0.6541298378583061,0.0015071048797502898
3495,training,0.0016808174550533295,0.006622940301895142,0.03110681688028806,16.272260646008668,0.6542963542447262,0.0016187990187463783
3496,training,0.0014750853879377246,0.007459011860191822,0.03110681688028806,16.35220590507022,0.6544550428719931,0.0019164009021764106
3497,training,0.0007210153271444142,0.01014631800353527,0.03643444024233758,16.41228288927518,0.6545213408923668,0.0005606128430745011
3498,training,0.0014826701954007149,0.026756422594189644,0.03643444024233758,16.47212109299543,0.6545608457492071,0.00011781250366249649
3499,training,0.0009320792742073536,0.003935526125133038,0.03643444024233758,16.572073180368115,0.6545881358051756,-3.200338218906504e-05
3500,training,0.00029269291553646326,0.010778401046991348,0.044300646112690543,16.632169584648114,0.6545863227758095,0.0002494465826450472
3501,training,0.0011388433631509542,0.008653776720166206,0.044300646112690543,16.712126014080326,0.6545838133548145,-0.0005016247759014808
3502,training,0.0011195230763405561,0.0008559199050068855,0.044300646112690543,16.771980458709,0.6545851815034526,-0.000343628582447233
3503,training,0.00319891725666821,0.005981232970952988,0.044300646112690543,16.83208816470089,0.6545583408424693,-0.00032946952324290553
3504,training,0.004655948840081692,0.01475512981414795,0.040985700043884465,16.89193725582599,0.6545443995408112,-0.0007482062310428587
3505,training,0.0005722105270251632,0.003650689497590065,0.040985700043884465,16.951966702892804,0.6545099747975872,-0.00043339582592293925
3506,training,0.0012428797781467438,0.011194657068699598,0.040985700043884465,17.051941168066747,0.654441485300583,-0.0005627464543590105
3507,training,0.0004192537162452936,0.005129686556756496,0.0458599416936238,17.131940261148795,0.6543449836099944,-0.0021022418564718482
3508,training,0.0018923092866316438,0.04677896946668625,0.0458599416936238,17.19177228573028,0.6542356112907901,-0.002286578802370543
3509,training,0.0009837464895099401,0.007179872132837772,0.0458599416936238,17.271766001457188,0.6540568739203093,-0.0023313257060107047
3510,training,0.0003538362798281014,0.01186220534145832,0.03787500718074089,17.37171729248388,0.6537960301458658,-0.0027312834622254456
3511,training,0.0007896837778389454,0.017159052193164825,0.03787500718074089,17.451758582331955,0.6535444375463177,-0.003268249219215087
3512,training,0.0008862264221534133,0.01865898072719574,0.027622048671678463,17.531651523695658,0.6532756366814274,-0.004134880319470941
3513,training,0.000787685508839786,0.012270454782992601,0.027622048671678463,17.611524252325427,0.6529765832140368,-0.004342707245591314
3514,training,0.0010546541307121515,0.009342934470623732,0.027622048671678463,17.691473045858547,0.6526718628009452,-0.003238263729946114
3515,training,0.0027401314582675695,0.024920571595430374,0.027238305249968606,17.771526881828105,0.652431762864836,-0.0023719000017651147
3516,training,0.0011644803453236818,0.009746458381414413,0.027238305249968606,17.851446144472494,0.6523153904632062,-0.0001337712548309072
3517,training,0.0010567120043560863,0.009227084927260876,0.027238305249968606,17.911288000295478,0.6523548659008778,0.0003353635099989176
3518,training,0.0003220395592506975,0.01103290170431137,0.027238305249968606,17.991314178125847,0.6523805271879783,0.00039619236847656937
3519,training,0.0025457045994699,0.0034303544089198112,0.027998490217438977,18.071362977788013,0.6523936918260121,5.487372249001568e-06
3520,training,0.0023845552932471037,0.0023152539506554604,0.027998490217438977,18.13119862243661,0.6524097168638835,-0.0002022419818853802
3521,training,0.0004696606774814427,0.009286918677389622,0.027998490217438977,18.191271352529974,0.6524026651123654,0.00012957445958449657
3522,training,0.0038301225285977125,0.005679835565388203,0.029930819437123342,18.27126238270005,0.6523893284496567,-0.0005632970527066315
3523,training,0.0008843967225402594,0.006970861926674843,0.029930819437123342,18.351128329344437,0.6523713546531811,-0.0007400765068589641
3524,training,0.0013186195865273476,0.01750403456389904,0.029930819437123342,18.431047907579327,0.6523383084665326,-0.0006830924248135298
3525,training,0.0022348372731357813,0.033125525340437896,0.02325726965714969,18.511063334533972,0.6522859078651173,-0.0006242982626024676
3526,training,0.0010557041969150305,0.036068184301257133,0.02325726965714969,18.611089291740765,0.6515840386318421,-0.015116243030771298
3527,training,0.00038523474358953536,0.037970920093357556,0.01420604778128616,18.711144636760842,0.6492380516623063,-0.030925735854352418
3528,training,0.00041876512113958597,0.02838997822254896,0.01420604778128616,18.790687836233907,0.6473308578016571,-0.015154099043595113
3529,training,0.001218598335981369,0.02540640346705914,0.01420604778128616,18.850536354129215,0.6464972612333787,-0.016467735980697455
3530,training,0.000687823339831084,0.0008896887302398682,0.01420604778128616,18.910668710826332,0.6453089607992426,-0.023125582952381006
3531,training,0.0013416209258139133,0.0008768858388066292,0.005220504064372703,18.97054051944734,0.6437307085955984,-0.028945482201684587
3532,training,0.0006537606241181493,0.0236241053789854,0.005220504064372703,19.050384365097212,0.6413086940782939,-0.032191859677497464
3533,training,0.0003635502071119845,0.020137881860136986,0.005220504064372703,19.110455869595903,0.639248271053598,-0.03650299374382571
3534,training,0.0010575210908427835,0.027547866106033325,0.016055169883429324,19.17019031162026,0.6369808753887822,-0.039081936483223494
3535,training,0.0005234783748164773,0.020431065233424306,0.016055169883429324,19.250014679050608,0.6338753681761037,-0.0394213741649296
3536,training,0.002514573512598872,0.007891995832324025,0.016055169883429324,19.310032436956703,0.6314710971990699,-0.04063256856291102
3537,training,0.0057582370936870575,0.009545439854264261,0.016055169883429324,19.369755786839114,0.6291599779835556,-0.03689058042938449
3538,training,0.0009576387237757444,0.02905595675110817,0.01980110221488566,19.469537817505646,0.6257971280048906,-0.031400018056245496
3539,training,0.0007830889080651104,0.00879372889176011,0.01980110221488566,19.549428559953267,0.6233584428061277,-0.030805483819622267
3540,training,0.0042696986347436905,0.008555515203624964,0.01980110221488566,19.629416498522787,0.6208777575991602,-0.030683557325889437
3541,training,0.0006968717207200825,0.010397222824394705,0.023442213899357165,19.689159062628818,0.6190764780347973,-0.02989917458019669
3542,training,0.0013182498514652252,0.01901862397789955,0.023442213899357165,19.788966047681768,0.6163682859678333,-0.024940338421321453
3543,training,0.0011364957317709923,0.0186215965077281,0.023442213899357165,19.868817168050764,0.6146566213201925,-0.01829123960738443
3544,training,0.001086331671103835,0.009913774207234383,0.023750895886092072,19.94883345025162,0.6134281058999843,-0.011887552164131565
3545,training,0.0009575822623446584,0.024797835387289524,0.023750895886092072,20.06858342833869,0.6120660807269498,-0.011837055119825406
3546,training,0.0009601241326890886,0.028231775388121605,0.030150957303183047,20.128649212628993,0.6112036882804116,-0.017218168696626603
3547,training,0.0005131218349561095,0.04423884302377701,0.030150957303183047,20.208461288004244,0.6097462912485728,-0.019200770818466967
3548,training,0.00037199718644842505,0.028563642408698797,0.030150957303183047,20.308328918791467,0.6078327175190342,-0.01987737001025363
3549,training,0.0008658262086100876,0.011637590825557709,0.03476955831121118,20.408185513659678,0.6059376695133573,-0.01841010907925963
3550,training,0.0006005368195474148,0.006774136796593666,0.03476955831121118,20.488173829234558,0.6043355812443116,-0.024217533418795886
3551,training,0.0003163449582643807,0.016270245425403115,0.023034217418434567,20.608028608974475,0.6007833232298438,-0.03463230163625656
3552,training,0.0014454678166657686,0.0023140045814216137,0.023034217418434567,20.66811047259604,0.5985300109880879,-0.04022149740525023
3553,training,0.0009429530473425984,0.019775808323174715,0.023034217418434567,20.767913422310887,0.5941744236661513,-0.045145584999353755
3554,training,0.003675901796668768,0.029686442081583664,0.006927794361510162,20.867693303290974,0.5894947038453772,-0.04854101113186425
3555,training,0.0024795043282210827,0.0042194470297545195,0.006927794361510162,20.927434636767224,0.5865806433370321,-0.049611629331380705
3556,training,0.003783044870942831,0.030635940842330456,0.006927794361510162,20.987405183262783,0.5836249455214267,-0.04832864585634411
3557,training,0.0014499779790639877,0.02750480081886053,0.006927794361510162,21.047178983116613,0.580762193306977,-0.04676307540218151
3558,training,0.0004327827482484281,0.03558652475476265,0.0068908959632649515,21.106966539635906,0.5781309878520893,-0.04182848255722242
3559,training,0.002273708116263151,0.03341618552803993,0.0068908959632649515,21.186916681943288,0.574960806542262,-0.03717595752752071
3560,training,0.00031065131770446897,0.09068956971168518,0.0068908959632649515,21.24671317587599,0.5727500349244727,-0.03768812452495892
3561,training,0.0008888534503057599,0.04223628342151642,0.0068908959632649515,21.326519299223957,0.5697581987549142,-0.03809180430137801
3562,training,0.002414801623672247,0.07601870596408844,0.012983850645888402,21.42633221466821,0.5659419032490259,-0.03880463970751597
3563,training,0.0006618414772674441,0.041470734402537346,0.012983850645888402,21.486353213430252,0.5637173488144339,-0.033092345662310604
3564,training,0.0004760872106999159,0.022239094600081444,0.01355291029734102,21.56611161029421,0.5614733212241614,-0.02443509522233114
3565,training,0.0028526417445391417,0.020500121638178825,0.01355291029734102,21.645922159591144,0.5597399434225323,-0.020349325121734072
3566,training,0.00042528670746833086,0.055484289303421974,0.01355291029734102,21.745773648158963,0.5580294193319956,-0.014009131269366648
3567,training,0.0008837013738229871,0.017781142145395286,0.010208020259374711,21.845577863401672,0.5575239522181885,0.007247449112947153
3568,training,0.0012336703948676586,0.029363345354795456,0.010208020259374711,21.905656292965723,0.558390764684095,0.022304907702451072
3569,training,0.0015107908984646201,0.016042571514844894,0.010208020259374711,21.965313135759573,0.5602090216083921,0.03874055563419694
3570,training,0.00027620443142950535,0.041485357098281384,0.013132790912941342,22.045114905684386,0.5639824307220223,0.054930629098105165
3571,training,0.0007229152251966298,0.04075474198907614,0.013132790912941342,22.124950620986485,0.5689294744163789,0.06964114873506906
3572,training,0.0009275083430111408,0.02203702088445425,0.013132790912941342,22.204701316086688,0.5748319364208753,0.07637890619558149
3573,training,0.0013457350432872772,0.009820181876420982,0.010828515963078147,22.304352244044093,0.5823846607596437,0.07287336044575692
3574,training,0.0007898830226622522,0.0014327075332403218,0.010828515963078147,22.40414208191727,0.5890513166771855,0.05814115951075638
3575,training,0.0008740536286495626,0.014753384515643123,0.015738205650954108,22.50405819145406,0.5941999000096818,0.04474166373281206
3576,training,0.001169768045656383,0.012412464246153831,0.015738205650954108,22.62408959297031,0.598900157585543,0.03363265169354838
3577,training,0.0021277035120874643,0.041086457669734955,0.03192192312508037,22.68390055404641,0.6008294432389145,0.030469741606158077
3578,training,0.0030984762124717236,0.019099839031696316,0.03192192312508037,22.783729410909586,0.6043075005015135,0.04220070802213172
3579,training,0.000791107420809567,0.04609897080808877,0.03192192312508037,22.88351530236288,0.6091218339699953,0.05407333103231801
3580,training,0.0007452919380739331,0.044064123183488846,0.036485159642860275,22.96330343523947,0.6140631714861903,0.0716528029249554
3581,training,0.005109393037855625,0.009511075913906097,0.036485159642860275,23.06290090628723,0.6218958783306536,0.08446407553638892
3582,training,0.002866010880097747,0.007356217131018639,0.036485159642860275,23.142715670863844,0.6286172301755925,0.08061902184987049
3583,training,0.004095741547644138,0.017586713656783104,0.02621086829346882,23.22239966910182,0.6347102606940663,0.0712517300223658
3584,training,0.0027097021229565144,0.01385900191962719,0.02621086829346882,23.282284780517013,0.6386987799040633,0.061905617012271125
3585,training,0.0032488403376191854,0.02605058252811432,0.02621086829346882,23.362371506020562,0.6430624143414673,0.047176320434628154
3586,training,0.0004654766235034913,0.013976819813251495,0.021492392302157583,23.422324108939083,0.6453408068335267,0.02817492294569382
3587,training,0.0018693753518164158,0.006035875529050827,0.021492392302157583,23.502407444638443,0.6466799346833256,0.005464948748092935
3588,training,0.002453325316309929,0.0068288929760456085,0.023748964416371365,23.602483076302306,0.646246978209862,-0.012502075580761357
3589,training,0.0011290116235613823,0.01156296394765377,0.023748964416371365,23.702496466957623,0.6442447519286884,-0.027190505524801803
3590,training,0.001462377142161131,0.0014668549410998821,0.023748964416371365,23.78255047341597,0.6417495460350637,-0.034181562757162325
3591,training,0.0014748771209269762,0.015310937073081732,0.02789057508047194,23.842378926715874,0.6395724235070488,-0.03806603745521162
3592,training,0.0004284601309336722,0.05542467534542084,0.02789057508047194,23.962225091019594,0.6349118252378403,-0.04019087166728953
3593,training,0.0004813751147594303,0.07103034853935242,0.02789057508047194,24.00203013693668,0.6333331001202382,-0.04018665440685661
3594,training,0.0005101472488604486,0.06826164806261659,0.027101918945665802,24.081996111212252,0.6300880553188638,-0.04049179955392119
3595,training,0.001012097462080419,0.01721951737999916,0.027101918945665802,24.161764321625924,0.6268819620327899,-0.03978204740817209
3596,training,0.0010494549060240388,0.011960513889789581,0.027101918945665802,24.241493409478178,0.6238902533852871,-0.03619457445380192
3597,training,0.000522762886248529,0.05201549828052521,0.02672393172903107,24.321261553794997,0.6216990672092858,-0.015319023965548864
3598,training,0.0006211348809301853,0.02876334637403488,0.02672393172903107,24.421055429062,0.6213717813756898,0.008142582256490723
3599,training,0.0017458662623539567,0.0010681301355361938,0.02672393172903107,24.500991610571,0.6229504150522172,0.03342783514404734
3600,training,0.0004585818387567997,0.0389893613755703,0.02217656385725238,24.600758011817813,0.6273755566192863,0.0559453058093802
3601,training,0.0024726358242332935,0.0037658652290701883,0.02217656385725238,24.66043243837661,0.6308178163909129,0.05747325860802807
3602,training,0.0006272724713198841,0.022925004363059994,0.02217656385725238,24.74029251394716,0.6353337186252374,0.05531878306856392
3603,training,0.0011012927861884236,0.013354801107198,0.018806924807755348,24.859915605386895,0.6428445623908866,0.07231017549197669
3604,training,0.0004654201038647443,0.007557135075330734,0.018806924807755348,24.919813933428536,0.6473067795797609,0.07589804951335381
3605,training,0.0007054960005916655,0.006770290434360504,0.009739076468878288,24.999487496745065,0.6537956396667295,0.09012983185353714
3606,training,0.0016716079553589225,0.026666752994060516,0.009739076468878288,25.07870148093146,0.6621769503960877,0.1232382085131803
3607,training,0.0017817579209804535,0.004747025668621063,0.009739076468878288,25.137871678301927,0.6704942537124796,0.15680089634263186
3608,training,0.00116410618647933,0.026420801877975464,0.013989493582006289,25.23592637415386,0.6883178629166794,0.19887335454549337
3609,training,0.0007381023606285453,0.0012568309903144698,0.013989493582006289,25.313724644851533,0.7053823211512964,0.2316672159757577
3610,training,0.0006806784658692777,0.004942074418067932,0.013989493582006289,25.409878215356972,0.7307413287063703,0.28642992640854653
3611,training,0.0009236593614332378,0.11496259272098544,0.04975902383978823,25.466882689270776,0.7486594866751517,0.3244519613695407
3612,training,0.001133400248363614,0.1648092120885849,0.04975902383978823,25.540911335324125,0.7767821276193081,0.4078472871207389
3613,training,0.0009107967489399016,0.12322030961513517,0.04975902383978823,25.611677386850985,0.8118124966508725,0.5142672699358033
3614,training,0.00046616990584880114,0.15395478904247284,0.06362486155274091,25.6788439287037,0.8538412850550555,0.60170567379036
3615,training,0.0007712881197221577,0.11313816159963605,0.06362486155274091,25.757091154045224,0.9144050155997323,0.7153267927435502
3616,training,0.0008654737612232566,0.12478774785995483,0.0827353468978095,25.80055344613938,0.9546922641315119,0.778093574228002
3617,training,0.00015312930918298662,0.08889450877904892,0.0827353468978095,25.841628948929998,0.9978756481779055,0.8436578026481258
3618,training,0.0012016557157039642,0.056850045919418335,0.0827353468978095,25.89187839522166,1.0590520308923141,0.9201122407024427
3619,training,0.00046055452548898757,0.03503452241420746,0.11452214211946088,25.94794310477794,1.1406295449227775,1.0205543364326204
3620,training,0.000991998938843608,0.10159820318222043,0.11452214211946088,25.986889556474946,1.2098644297006098,1.0959401691428148
3621,training,0.001353683415800333,0.07085029035806656,0.11452214211946088,26.020124183908802,1.2816899816919105,1.179369879821792
3622,training,0.00039192705298773944,0.039520323276519775,0.11452214211946088,26.04157411191761,1.337297227794539,1.2254569619543687
3623,training,0.0015015762764960527,0.02200067788362503,0.1062685303755247,26.060552887661448,1.3938400475587747,1.2667666796775314
3624,training,0.0005071400082670152,0.011516891419887543,0.1062685303755247,26.082254718430402,1.4702896440849706,1.3237302071134858
3625,training,0.0007557625649496913,0.023959077894687653,0.1062685303755247,26.095873012252337,1.5284093838174488,1.3542337502640183
3626,training,0.0008054915815591812,0.02185206115245819,0.07353543335624488,26.111576370969804,1.6064235902999344,1.387567459487736
3627,training,0.0015916504198685288,0.04602093994617462,0.07353543335624488,26.12187095927446,1.6654696591762157,1.408761384542099
3628,training,0.0007663261494599283,0.058784354478120804,0.07353543335624488,26.13378026093977,1.7443512767530736,1.4335219014251033
3629,training,0.0012538133887574077,0.02314966917037964,0.054948513483955096,26.148060231245065,1.863258309444696,1.4679957154175178
3630,training,0.0016530412249267101,0.011857770383358016,0.054948513483955096,26.154821925495924,1.9425426646014663,1.504400238398563
3631,training,0.0013599905651062727,0.014201067388057709,0.054948513483955096,26.15778806031092,2.0021360587148997,1.538986323315442
3632,training,0.0005038459785282612,0.007130898535251631,0.04098971961165244,26.158801474345104,2.0620236279859916,1.5673356796833187
3633,training,0.0009787828894332051,0.037019409239292145,0.04098971961165244,26.15747966699965,2.1415977237433115,1.6096960226252006
3634,training,0.0002736508322414011,0.018769986927509322,0.04098971961165244,26.154072788936077,2.201101626273068,1.647715458961929
3635,training,0.002296920632943511,0.004592195153236389,0.04098971961165244,26.146040475185746,2.2803279604985778,1.6909150753418511
3636,training,0.0013347037602216005,0.02034058421850206,0.05962721382545661,26.137830907068796,2.33942621927493,1.728856128577757
3637,training,0.0011762004578486085,0.027628175914287553,0.05962721382545661,26.123756195863592,2.4178945363424607,1.7653863399239713
3638,training,0.00036308125709183514,0.023355439305305495,0.05962721382545661,26.102490627818153,2.515304955556012,1.8048050690417712
3639,training,0.0007102532545104623,0.056711792945861816,0.08061944033461059,26.08271866235782,2.5924031047027274,1.8381964449827972
3640,training,0.0022030917461961508,0.05500955879688263,0.08061944033461059,26.054804473682218,2.688164185957768,1.8692147760310616
3641,training,0.0016073293518275023,0.04056863114237785,0.0517234277680658,26.03075858253176,2.7643028713510724,1.883552144806204
3642,training,0.0024879879783838987,0.041891712695360184,0.0517234277680658,25.99256124487961,2.8778258543268733,1.9082359164361613
3643,training,0.0017112807836383581,0.09695901349186897,0.0517234277680658,25.972288550401615,2.9342601242819457,1.9232955966892415
3644,training,0.0027472726069390774,0.05065277963876725,0.034421455178878256,25.95133791989709,2.990328920305888,1.930525349166252
3645,training,0.0024731261655688286,0.03386319801211357,0.034421455178878256,25.9156215574636,3.0834540238044563,1.9461683029520023
3646,training,0.0005626524216495454,0.0034420304000377724,0.034421455178878256,25.885922760690267,3.1575011715583674,1.9586768458248527
3647,training,0.0009134141728281975,0.020182613283395767,0.024604250607327686,25.855052870637945,3.2311511458859483,1.9769435485313187
3648,training,0.0006671426235698164,0.037259647622704506,0.024604250607327686,25.82272694338444,3.3041069595227475,1.9978295436892866
3649,training,0.0007514015305787325,0.04406098276376724,0.024604250607327686,25.797494057466608,3.3582683582802124,2.0167488274851157
3650,training,0.0005626613274216652,0.0024317689239978756,0.031808863366119884,25.762060232581685,3.429690606123562,2.0465216460943947
3651,training,0.0005674859276041389,0.030040748417377472,0.031808863366119884,25.715329140510818,3.5178563452996143,2.065193571325112
3652,training,0.0027829513419419527,0.05960260238498449,0.031808863366119884,25.676827701414382,3.5876614457909404,2.083646853449601
3653,training,0.0005973306251689792,0.039565782062709325,0.04769328172679231,25.646923963473217,3.6394783086367926,2.1055803473751324
3654,training,0.001910463790409267,0.03866941574960947,0.04769328172679231,25.594898337199172,3.7245473814411256,2.1339562159985763
3655,training,0.0009825776796787977,0.0312759093940258,0.04769328172679231,25.562603892837135,3.7748938080657317,2.147967967628983
3656,training,0.0017772417049854994,0.052102730609476566,0.04921219460587701,25.518493381870474,3.841326684676484,2.164409937653095
3657,training,0.00191299500875175,0.10358479619026184,0.04921219460587701,25.484624936315175,3.890883243178835,2.177844418819782
3658,training,0.0039225053042173386,0.017024215310811996,0.04921219460587701,25.450110796964925,3.9395779808829032,2.1985805460348695
3659,training,0.0015109314117580652,0.029633592814207074,0.04921219460587701,25.390393715217016,4.019783908444706,2.2141041887817847
3660,training,0.0005798626807518303,0.03375605680048466,0.04362645971485219,25.330185912152672,4.099471407719531,2.223841145257554
3661,training,0.0008221835596486926,0.004709659144282341,0.04362645971485219,25.2813985105167,4.162764002280584,2.231073092320329
3662,training,0.0005204100743867457,0.040372105315327644,0.04362645971485219,25.219990915745583,4.241619574182344,2.2326650573485707
3663,training,0.0020485101267695427,0.0030522905290126835,0.028914668719082694,25.17061830477649,4.304611607754821,2.240231312278325
3664,training,0.0014868014259263873,0.022599383257329464,0.028914668719082694,25.121569041514565,4.367010272420653,2.232051507972635
3665,training,0.001010467647574842,0.01897788653150201,0.028914668719082694,25.060417583144165,4.4461079605361205,2.225913514496664
3666,training,0.0014336153399199247,0.0026411022990942,0.010054172904288035,25.012418307420912,4.507950947463868,2.234528336940894
3667,training,0.0013362773461267352,0.011302497237920758,0.010054172904288035,24.96314301393546,4.571003665246808,2.234043441746609
3668,training,0.0018527440261095762,0.018789779394865036,0.010054172904288035,24.914007127982252,4.634326391139315,2.22562491090282
3669,training,0.0012771515175700188,0.02414385136216879,0.013950678649791772,24.842574963250605,4.730925187789724,2.185794031800466
3670,training,0.0019239498069509864,0.016424377914518118,0.013950678649791772,24.796707104069814,4.796568488670935,2.179110343008712
3671,training,0.002276930958032608,0.10000735521316528,0.013950678649791772,24.762523761691117,4.845712538418362,2.177691804043101
3672,training,0.0019266142044216394,0.054784830659627914,0.013950678649791772,24.694644106811285,4.944752489022107,2.162894800662821
3673,training,0.0011457131477072835,0.034306587651371956,0.0420438801623438,24.66118222539949,4.994301234296338,2.166260796272495
3674,training,0.0018917479319497943,0.05016927234828472,0.0420438801623438,24.61613275524594,5.060388971269517,2.1728199520385654
3675,training,0.003099788911640644,0.036478130146861076,0.0420438801623438,24.57067524185089,5.126196261103321,2.1777934703029236
3676,training,0.004333758261054754,0.03292327560484409,0.0420438801623438,24.536416887854102,5.175162114629349,2.183776522576783
3677,training,0.001205272739753127,0.025247897952795036,0.017113770506611548,24.490131317527357,5.240317430887922,2.193722783981627
3678,training,0.008377881720662117,0.04088262841105461,0.017113770506611548,24.44298674547836,5.304937253462373,2.2102640681878567
3679,training,0.0008244588389061391,0.03747822716832161,0.017113770506611548,24.40706133685652,5.35269144138386,2.22071705398637
3680,training,0.0010020069312304258,0.04132104292511941,0.01105993380627689,24.333374380896693,5.4472182160220095,2.24583272433654
3681,training,0.0007741249864920974,0.01964305341243744,0.01105993380627689,24.270317186290637,5.524595741515053,2.2632985840912623
3682,training,0.003072479972615838,0.02396419644355774,0.01105993380627689,24.231687026460882,5.570184137911551,2.2873879791375042
3683,training,0.0009651705622673035,0.04520044103264809,0.01568591479381617,24.178278047562266,5.6295149115355265,2.3173067622392067
3684,training,0.001980248838663101,0.11889337748289108,0.01568591479381617,24.137290994157336,5.6729253822608605,2.337100721626608
3685,training,0.0020950110629200935,0.08677788078784943,0.01568591479381617,24.081571545440973,5.730254956459122,2.342649342522269
3686,training,0.0021822419948875904,0.08339820988476276,0.01568591479381617,24.02561397374396,5.787314054906369,2.350443843152542
3687,training,0.0005900771939195693,0.05565432459115982,0.018205324964018842,23.969147476794713,5.843746274639891,2.3615269315107645
3688,training,0.00047557716607116163,0.06967302411794662,0.018205324964018842,23.91182257550089,5.899285509487593,2.386218556723347
3689,training,0.0007515910547226667,0.03502242639660835,0.018205324964018842,23.85321783341001,5.953320717610969,2.4071229674058823
3690,training,0.0009719950030557811,0.0005039721727371077,0.018205324964018842,23.778486610505286,6.019361933500789,2.428507233660561
3691,training,0.0008229607483372092,0.02431079372763633,0.010925578827009879,23.732919810887722,6.058021885909838,2.446760216161545
3692,training,0.0007292303489521146,0.027555625885725014,0.010925578827009879,23.68658868763636,6.0959704489991315,2.463607883432197
3693,training,0.00019672820053528994,0.04201782867312431,0.010925578827009879,23.639764563467068,6.133177575224843,2.476726898064901
3694,training,0.0005785214016214013,0.051173705607652664,0.010925578827009879,23.576582030133565,6.181773381144013,2.4929101856537983
3695,training,0.0007430759724229574,0.05977700650691983,0.03291592329613582,23.528606787977356,6.2177953029953175,2.503028738025903
3696,training,0.001280800555832684,0.06431137770414352,0.03291592329613582,23.46391325707697,6.263997762611672,2.550554022898853
3697,training,0.0016369412187486887,0.03460674732923508,0.03291592329613582,23.413723872632342,6.295907410310694,2.6003469127911436
3698,training,0.0012758169323205948,0.011194717139005658,0.06359180083025151,23.326821771167292,6.344344812618437,2.6642865274827154
3699,training,0.0006453665555454791,0.020334165077656507,0.06359180083025151,23.255275093182018,6.379929415669974,2.686906177503147
3700,training,0.0003788156609516591,0.046053431928157806,0.06359180083025151,23.16547317671465,6.423643228978357,2.6870671602778398
3701,training,0.0007194163044914603,0.022746335715055473,0.036623347103634275,23.057624776473325,6.475689795654767,2.6966253429818634
3702,training,0.0007984773255884647,0.040094930678606026,0.036623347103634275,22.967784524038215,6.519638775083488,2.6741257570214905
3703,training,0.001494869589805603,0.05159236490726471,0.036623347103634275,22.914309976487527,6.5471025303113235,2.6596667239953553
3704,training,0.000909863447304815,0.0015343176200985909,0.016644313281270213,22.843797800902774,6.584676511565028,2.646717234841776
3705,training,0.0004213193024042994,0.037976556457579136,0.016644313281270213,22.773514481222975,6.622790704742348,2.6441304716639342
3706,training,0.00025640378589741886,0.046625454910099506,0.012903710641711566,22.66840565191752,6.680686672282958,2.629793501419403
3707,training,0.0007162196561694145,0.03460138849914074,0.012903710641711566,22.616096797900294,6.710389175159335,2.6195828419911678
3708,training,0.0007358537404797971,0.027606815099716187,0.012903710641711566,22.529689515214855,6.76080623073174,2.6079194048459264
3709,training,0.000628471199888736,0.01751451939344406,0.006086134581564067,22.443780369944026,6.81205691814145,2.599346716327894
3710,training,0.0003006405895575881,0.01045000925660134,0.006086134581564067,22.358201557989528,6.863752043298117,2.5979525349180546
3711,training,0.0007790882955305278,0.03630942478775978,0.006086134581564067,22.289632776619815,6.904399124515929,2.617820168469521
3712,training,0.0006474708789028227,0.026774709578603506,0.017679922291426092,22.237714521301914,6.934104726897856,2.6245133689748177
3713,training,0.0010896016610786319,0.004963954910635948,0.017679922291426092,22.16809996706133,6.973619621035183,2.623874368426022
3714,training,0.0024282026570290327,0.027880705893039703,0.017679922291426092,22.11608694768211,7.00341613943015,2.6170182881468893
3715,training,0.0004792195977643132,0.017236941726878285,0.026235731551985615,22.02978657061705,7.053624423532675,2.6165303752433853
3716,training,0.0012360033579170704,0.0067210048437118496,0.026235731551985615,21.943263267721186,7.103590768922998,2.618883097810144
3717,training,0.0006870463257655501,0.024057950358837843,0.026235731551985615,21.873911753238193,7.1431928509853915,2.62843568655998
3718,training,0.0005052316701039672,0.010759709402918816,0.028664217549850636,21.821511189702836,7.172656723268884,2.6281597529816385
3719,training,0.0011806839611381292,0.006615238264203072,0.028664217549850636,21.751867093501577,7.211615274793817,2.637589008565468
3720,training,0.00015629135305061936,0.031553459353744984,0.028664217549850636,21.664157764321462,7.259301395450775,2.649912250134142
3721,training,0.0006427087937481701,0.00038788793608546257,0.02436083064251103,21.61127503523837,7.287328763784659,2.6590884871860716
3722,training,0.0006115569267421961,0.03618555050343275,0.02436083064251103,21.50500605303523,7.342743079454738,2.6592655133525356
3723,training,0.0006507988437078893,0.0047533754259347916,0.02436083064251103,21.451837990481852,7.3707879731381345,2.651788573282137
3724,training,0.001858703326433897,0.03408360853791237,0.020827639390273364,21.38127178842805,7.408251819491269,2.657225364609851
3725,training,0.0009348223102279007,0.02582424320280552,0.020827639390273364,21.34594430674065,7.426922129832422,2.652924989484699
3726,training,0.0012225513346493244,0.013339885976165533,0.020827639390273364,21.257908834093413,7.4744407917118325,2.6383523983313806
3727,training,0.0008327973773702979,0.0019814209372270852,0.009950539375290798,21.18783345023519,7.513031531451848,2.6392796038459454
3728,training,0.00128094048704952,0.046616998966783285,0.009950539375290798,21.135410407220725,7.541835170500665,2.6391117796530312
3729,training,0.0005444629350677133,0.05595140904188156,0.009950539375290798,21.065341446163746,7.580436528448508,2.6361818219546715
3730,training,0.0015301019884645939,0.011113187298178673,0.01181259310298923,21.012845455140887,7.609684845524972,2.629106255753658
3731,training,0.0007489373674616218,0.034772288985550404,0.01181259310298923,20.943240293427273,7.64881761489256,2.6347302964694026
3732,training,0.0010753402020782232,0.011614709161221981,0.01181259310298923,20.89071462165387,7.677740360212627,2.6414507109230785
3733,training,0.0005492264754138887,0.024018741212785244,0.01181259310298923,20.820476319973334,7.716044738626076,2.6419028181473645
3734,training,0.0002759534982033074,0.02521844580769539,0.021878019171030636,20.732942599390178,7.764304801717639,2.6319677690471677
3735,training,0.0011136268731206656,0.005620047450065606,0.021878019171030636,20.64573976937017,7.813215671317967,2.6303067519803034
3736,training,0.0016022457275539637,0.04259787470800802,0.026913851342031146,20.55834372760143,7.86152518576807,2.6464389223990694
3737,training,0.0010235816007480025,0.013981014490127563,0.026913851342031146,20.470362432921426,7.9085539648526595,2.6514230736228757
3738,training,0.0012583074858412147,0.025352633092552423,0.026913851342031146,20.39988626892019,7.945941131356381,2.658669825844103
3739,training,0.00048383610555902123,0.006805937737226486,0.03384062474143856,20.329076846937646,7.982941488635609,2.6604257326581973
3740,training,0.0013093893649056554,0.006632246077060698,0.03384062474143856,20.258038213423397,8.0196166463621,2.668844068621663
3741,training,0.0054261451587080956,0.036032985895872116,0.03540610275926004,20.168971350986002,8.06474602645834,2.6746063807658675
3742,training,0.002333621494472027,0.0004470851272344589,0.03540610275926004,20.097415537480888,8.10020129388015,2.6884496410620935
3743,training,0.0014902402181178331,0.0051364051178097725,0.03540610275926004,20.02557321869108,8.135005883192777,2.69103831348912
3744,training,0.0003839333076030016,0.014857377856969833,0.035588739629105325,19.953712010959947,8.169869622162347,2.688732379667145
3745,training,0.0017062167171388865,0.039396751672029495,0.035588739629105325,19.863905670893637,8.213589602826229,2.6880041963887376
3746,training,0.0035660320427268744,0.009104672353714705,0.035588739629105325,19.80994869279961,8.239731351913727,2.692610446708235
3747,training,0.0024726041592657566,0.004171393811702732,0.03125626574488787,19.73792787225655,8.274377630410545,2.693157590618275
3748,training,0.0026614684611558914,0.016589684411883354,0.03125626574488787,19.68398294407584,8.300530535086448,2.6863753406926345
3749,training,0.001930506550706923,0.008687928318977356,0.03125626574488787,19.612147281901482,8.335615784160773,2.68825954170839
3750,training,0.0008466908475384116,0.006836144253611561,0.03125626574488787,19.558255015666955,8.361690863455967,2.693957441414768
3751,training,0.0008171454537659883,0.004601809196174143,0.02980858534669576,19.48620635238465,8.395919392707428,2.7034575311062996
3752,training,0.0013687750324606895,0.004938127472996712,0.02980858534669576,19.39561367838639,8.43787831553075,2.709949984950307
3753,training,0.001162440748885274,0.033373570535331964,0.02980858534669576,19.341155749557498,8.462988124542395,2.7059746127427666
3754,training,0.0005789803108200431,0.04746636562049389,0.02537575875297089,19.286827443587903,8.488362489961235,2.705604125850816
3755,training,0.0006895846454426646,0.024183569010347128,0.02537575875297089,19.214344803989796,8.5219063930551,2.7112414587104485
3756,training,0.0003884652687702328,0.010456582065671682,0.02537575875297089,19.141654686050394,8.555099730057918,2.712990917309603
3757,training,0.0005768912378698587,0.046428436413407326,0.020181958042737924,19.068951329728662,8.588189716373854,2.7151571321460453
3758,training,0.002515996340662241,0.0018926430493593216,0.020181958042737924,18.97792030397812,8.629187217795646,2.722716927670173
3759,training,0.002369399182498455,0.013369582593441016,0.020181958042737924,18.923188484137953,8.65335568945531,2.7301314814489817
3760,training,0.0016767667839303613,0.023285163566470146,0.021894834446255736,18.86820807878034,8.677001272436899,2.7395083056339793
3761,training,0.003990666940808296,0.0058281067758798565,0.021894834446255736,18.794545726775425,8.707917660084263,2.7486785778974414
3762,training,0.001553491223603487,0.027152731083333492,0.021894834446255736,18.702165810847866,8.745600049090912,2.762317211467477
3763,training,0.0014439437072724104,0.10794240981340408,0.01765610053436507,18.609331131930038,8.782303716450215,2.7682764465479552
3764,training,0.0014597689732909203,0.08637674525380135,0.01765610053436507,18.53492955476508,8.810790454180525,2.786999438688143
3765,training,0.0023341623600572348,0.04777761362493039,0.01765610053436507,18.459895771296303,8.83773695587081,2.804769379189965
3766,training,0.0017140037380158901,0.004767743870615952,0.018179341966736765,18.384452107871603,8.863484728440765,2.8184430146066735
3767,training,0.0013724628370255232,0.053415990434587,0.018179341966736765,18.30859166274138,8.888324462271447,2.831923356275948
3768,training,0.0023353721480816603,0.0056759957224130665,0.018179341966736765,18.232362967596995,8.912682647656863,2.830002938673055
3769,training,0.00015980913303792477,0.0008975355885922909,0.005684250506509229,18.13735069311052,8.943077337211347,2.8377460940065435
3770,training,0.0023580617271363735,0.03995101992040872,0.005684250506509229,18.06106614529905,8.966913818753646,2.8377451747029245
3771,training,0.00027568713994696736,0.013191554695367813,0.012573969365404879,17.965679982393066,8.996169316632866,2.8519015709541966
3772,training,0.0005290926201269031,0.01851175958290696,0.012573969365404879,17.869843322782252,9.023995743810396,2.8644059615548683
3773,training,0.0009213138837367296,0.039172216318547726,0.012573969365404879,17.81223423823969,9.040264831866606,2.8658772666990857
3774,training,0.0015321517130360007,0.0715289767831564,0.007151601937108542,17.735232885941336,9.06240073935133,2.8561664597681795
3775,training,0.00013220943219494075,0.060539523139595985,0.007151601937108542,17.677827474103818,9.079741528680769,2.839418893339786
3776,training,0.0005195462726987898,0.025042427703738213,0.007151601937108542,17.62064366936522,9.097925565531156,2.82844810422552
3777,training,0.00042125573963858187,0.01697193831205368,0.007151601937108542,17.525672924443057,9.128982777720015,2.8253846697946656
3778,training,0.00047852302668616176,0.004533665254712101,0.0111969468622927,17.43066426444542,9.159568204731817,2.838336634486628
3779,training,0.0007777214050292969,0.02992769004777074,0.0111969468622927,17.316291823426052,9.194906687691539,2.844787392366459
3780,training,0.0009497370338067412,0.03581816330552101,0.006990948167000123,17.23977247617345,9.218426881987954,2.842226341689868
3781,training,0.0014791104476898909,0.031641402281820774,0.006990948167000123,17.18268526186768,9.235954602074376,2.84577103522478
3782,training,0.0007604899583384395,0.002466432750225067,0.006990948167000123,17.125342658013388,9.25320960591691,2.852694719100402
3783,training,0.002121507888659835,0.001988230273127556,0.0031884748885604984,17.048596647976286,9.27584955736712,2.8552434630999772
3784,training,0.0006197915063239634,0.03856862708926201,0.0031884748885604984,16.971996208078203,9.298426457119735,2.85428495573155
3785,training,0.0005392233724705875,0.02854738850146532,0.0031884748885604984,16.91454757534066,9.31524696053605,2.859554605369938
3786,training,0.0007722474983893335,0.017740819603204727,0.0031884748885604984,16.856801047408812,9.331844947827125,2.863395077466072
3787,training,0.00024046817270573229,0.014397061429917812,0.022298766510333284,16.7800413271396,9.35390020265109,2.8561220430030483
3788,training,0.0011700554750859737,0.01593860238790512,0.022298766510333284,16.70345784699154,9.376779643080331,2.8461691928002835
3789,training,0.0021836962550878525,0.025725051760673523,0.022298766510333284,16.607794866601353,9.405310034877557,2.8580084750072663
3790,training,0.000875431636814028,0.00046933814883232117,0.017571481616989446,16.530979913604394,9.427532422140956,2.8600856238551837
3791,training,0.002392698312178254,0.039153989404439926,0.017571481616989446,16.45408057661879,9.449656003676754,2.864746189968935
3792,training,0.001544892555102706,0.03585809841752052,0.017571481616989446,16.3772585007364,9.471579343618169,2.8593029141578166
3793,training,0.00038025592220947146,0.006911922246217721,0.05565705488085926,16.319755059182345,9.488254966078772,2.858975727456335
3794,training,0.0010175635106861591,0.03675740584731102,0.05565705488085926,16.26202048625887,9.504757557481778,2.869817949920019
3795,training,0.0021718277130275965,0.051476992666721344,0.05565705488085926,16.18508486025625,9.525764956413193,2.878340423520436
3796,training,0.0022338354028761387,0.06092828745022416,0.023900318807550114,16.1272009624566,9.541300146794304,2.879223936111004
3797,training,0.004145508166402578,0.014415208250284198,0.023900318807550114,16.04987160734448,9.562010457840454,2.8814988065490943
3798,training,0.0012316463980823755,0.05068095773458481,0.023900318807550114,15.992095353324338,9.577189054771697,2.8886429680896573
3799,training,0.002117724623531103,0.02333257021382451,0.023900318807550114,15.933968768071681,9.592193856877621,2.8872710617704174
3800,training,0.0009222532389685512,0.01493311207741499,0.021809712844152732,15.856501982691116,9.612418633273535,2.885686912209931
3801,training,0.0013484363444149494,0.0024165110662579536,0.021809712844152732,15.779274057238808,9.632431830416413,2.8916669210948456
3802,training,0.002000724198296666,0.04640834406018257,0.021809712844152732,15.721178375027359,9.647162652517519,2.893283714247991
3803,training,0.0007185633294284344,0.013985194265842438,0.0014632690907537115,15.643548693811066,9.666672040999183,2.899642497736494
3804,training,0.00036655840813182294,0.052598862908780575,0.0014632690907537115,15.565960017619597,9.686292913650515,2.8868458330886737
3805,training,0.00031926616793498397,0.053063295781612396,0.0014632690907537115,15.488804679784673,9.706726921907762,2.879731513351569
3806,training,0.001288247061893344,0.045948682352900505,0.009500925981886644,15.411661323822429,9.727901473240022,2.8660625926127254
3807,training,0.002725183265283704,0.0018741339445114066,0.009500925981886644,15.353837861545342,9.744572272924795,2.856293379757711
3808,training,0.0013669586041942239,0.008402287960052504,0.009500925981886644,15.296481671833453,9.761771046907334,2.8418136781850443
3809,training,0.0010101887164637446,0.019566930830478668,0.04200140237509105,15.201306499508764,9.792827746388337,2.8089212680364097
3810,training,0.0010927391704171896,0.05013452842831613,0.04200140237509105,15.125924967491011,9.81977889042618,2.7885680617213784
3811,training,0.0008524610893800855,0.017065539956092834,0.04200140237509105,15.069722400792905,9.84139091376019,2.757684398726814
3812,training,0.0008360729552805424,0.021343812346458435,0.04200140237509105,14.995941797739455,9.872639346357685,2.725646663488367
3813,training,0.0009769678581506014,0.02171864733099938,0.0028926258999205133,14.941163431290533,9.897342275130233,2.7107887390549905
3814,training,0.0018891501240432262,0.015295673161745071,0.0028926258999205133,14.868875463714367,9.931589203196976,2.6883815327653484
3815,training,0.0007234186632558703,0.03798198699951172,0.0028926258999205133,14.779552778961747,9.976656958241488,2.659857529532716
3816,training,0.0008816518820822239,0.00952274538576603,0.004713686674155178,14.726411820537708,10.004622737020862,2.6539389748874593
3817,training,0.00031027087243273854,0.047050964087247855,0.004713686674155178,14.63846102838744,10.052145571540425,2.636165215726535
3818,training,0.0008700573234818876,0.0397472083568573,0.004713686674155178,14.586278233790614,10.08154272328867,2.6199217366605985
3819,training,0.0017421867232769728,0.04778285324573517,0.011717079072997174,14.500272263397054,10.132827707289994,2.5875078113056986
3820,training,0.0008326405077241361,0.012376643717288971,0.011717079072997174,14.449421728351028,10.165259053752001,2.5582921064868196
3821,training,0.002995581366121769,0.04157165810465812,0.011717079072997174,14.383287145676723,10.210702551614986,2.52244951846705
3822,training,0.00041782803600654006,0.00711581856012343,0.029907567839685907,14.334921954092133,10.245874032311661,2.5053258310568194
3823,training,0.003054932691156864,0.012081589549779885,0.029907567839685907,14.286802282199158,10.282103273198897,2.4863801526273193
3824,training,0.0026762476190924644,0.015827234834432602,0.029907567839685907,14.239646615810916,10.319107260465904,2.4663336583212163
3825,training,0.001202326500788331,0.011840298771858215,0.029907567839685907,14.177750934453032,10.369849942341242,2.44320797117428
3826,training,0.001174282282590866,0.028247937560081475,0.06389358668134003,14.13206422263305,10.408990257572892,2.423276314311717
3827,training,0.0017121646087616682,0.02608628198504448,0.06389358668134003,14.087256487850423,10.448833522777136,2.406708545463832
3828,training,0.002372029237449169,0.007550723850727074,0.06389358668134003,14.013775603351842,10.516716383272755,2.384231901852395
3829,training,0.0016518185148015618,0.0670214230194688,0.06389358668134003,13.970455213693052,10.558312231246122,2.3689093818797535
3830,training,0.0006575040169991553,0.04624170437455177,0.045185001671840724,13.927816302557018,10.600712511884778,2.3473825077148676
3831,training,0.001007580547593534,0.019987398758530617,0.045185001671840724,13.87226780956574,10.658303994224053,2.32990906842209
3832,training,0.0008886862779036164,0.059846377931535244,0.045185001671840724,13.831133873762216,10.701829279358886,2.3282047250390234
3833,training,0.0034790216013789177,0.04575035348534584,0.045185001671840724,13.776339821408463,10.760030518394554,2.32285498935474
3834,training,0.00024350377498194575,0.036748131737113,0.018612761867828474,13.721827283844721,10.818581202084244,2.3164963318272673
3835,training,0.00317409192211926,0.032055098563432693,0.018612761867828474,13.694790828410968,10.847907458406238,2.3148544239051168
3836,training,0.0015002061845734715,0.07718505524098873,0.018612761867828474,13.640685169457587,10.906772127844631,2.3132559033692917
3837,training,0.0011001881211996078,0.0005870237946510315,0.018612761867828474,13.586672033549089,10.965739052904064,2.3092405522117523
3838,training,0.0006059721927158535,0.013909533619880676,0.004694432193812034,13.518974392728675,11.038936866753888,2.331392718443941
3839,training,0.001305028679780662,0.059075504541397095,0.004694432193812034,13.46318428915777,11.095762921849401,2.3648029199436404
3840,training,0.002524549840018153,0.0303877592086792,0.004694432193812034,13.405587077338279,11.150836679292777,2.39218164143252
3841,training,0.001507932087406516,0.08646768145263195,0.004694432193812034,13.34645483526658,11.204273202737236,2.421719638961162
3842,training,0.0006862150621600449,0.00261581689119339,0.022609606187327786,13.301415386468282,11.243285278414913,2.4303280680329125
3843,training,0.0015755504136905074,0.013959512114524841,0.022609606187327786,13.255667949125575,11.28188037395622,2.455283341331532
3844,training,0.0026549031026661396,0.0005109459161758423,0.022609606187327786,13.209016716162989,11.319018617373878,2.4815695348776163
3845,training,0.0014444305561482906,0.0188770592212677,0.022609606187327786,13.161127680942936,11.3549389048203,2.517201971573753
3846,training,0.0011837772326543927,0.04896935075521469,0.0473473702280089,13.095528444921866,11.400114731747509,2.5581893903854644
3847,training,0.0004969624569639564,0.03606358915567398,0.0473473702280089,13.045251951586234,11.432025303627501,2.598406423313868
3848,training,0.0012749356683343649,0.015372037887573242,0.0473473702280089,12.97620547751652,11.47194589305906,2.630525776968248
3849,training,0.0005050754407420754,0.006760388612747192,0.0473473702280089,12.92369943601454,11.500560221902068,2.6560255948881397
3850,training,0.0004427910316735506,0.02783883363008499,0.05647238239335708,12.852700565971139,11.536567226492117,2.6892402076037936
3851,training,0.0010458127362653613,0.015401069074869156,0.05647238239335708,12.798625837296326,11.562162802354894,2.708022486957122
3852,training,0.000722426688298583,0.07735509378835559,0.05647238239335708,12.744115785326867,11.586792622612524,2.7259034992881572
3853,training,0.0002562975278124213,0.008607208728790283,0.03163091417608598,12.670817572408131,11.617995365292362,2.7555193616925537
3854,training,0.0012783508282154799,0.05421073734760285,0.03163091417608598,12.615263860669625,11.640055682216747,2.7686847679881432
3855,training,0.0017330072587355971,0.017615785356611013,0.03163091417608598,12.522064507853996,11.675589331959356,2.7845974660709425
3856,training,0.00063321617199108,0.03280607331544161,0.004926978449337348,12.42845621047431,11.710246254696646,2.7881241156907
3857,training,0.0005106428870931268,0.05587613582611084,0.004926978449337348,12.334846758142564,11.745139158019164,2.7803471796803354
3858,training,0.0007599378004670143,0.01652171835303306,0.004926978449337348,12.26000936638971,11.773086502833676,2.788904077644105
3859,training,0.0018250399734824896,0.028983423486351967,0.023867234607021778,12.18490321826102,11.80033126480966,2.8001926055954116
3860,training,0.0018025358440354466,0.017347505316138268,0.023867234607021778,12.109553907841308,11.82670809906819,2.8084451803213906
3861,training,0.0019094005692750216,0.05553924664855003,0.023867234607021778,12.034104877270874,11.852562099060481,2.8126334353635354
3862,training,0.0020187976770102978,0.06320765567943454,0.02843206785299205,11.958526855030103,11.878652273011177,2.8022063620541484
3863,training,0.0017640357837080956,0.11521949619054794,0.02843206785299205,11.883152824682831,11.905558860619351,2.7980620280899293
3864,training,0.001450862386263907,0.0633683130145073,0.02843206785299205,11.807988346361013,11.932722096679111,2.7902206801232987
3865,training,0.004645854700356722,0.10405491199344397,0.028624609301844208,11.733023929760853,11.959814253420182,2.802909167432861
3866,training,0.0040713525377213955,0.0769992615096271,0.028624609301844208,11.657695643558954,11.986282641614153,2.800600614348135
3867,training,0.0010142484679818153,0.03875534702092409,0.028624609301844208,11.58233452221266,12.01308708392511,2.801251653857823
3868,training,0.0004960009828209877,0.10158839076757431,0.029446831400517928,11.488040139879221,12.045698012147563,2.8188326352535182
3869,training,0.0014197893906384706,0.08906579203903675,0.029446831400517928,11.431220788169547,12.06447605554209,2.824747407084767
3870,training,0.0012105125933885574,0.08785348571836948,0.029446831400517928,11.355296965277871,12.08899890279204,2.833181473071828
3871,training,0.0002905303263105452,0.09775061963591725,0.021948137975972545,11.298014916392894,12.1070313646024,2.840734021871969
3872,training,0.0004367693327367306,0.10791849344968796,0.021948137975972545,11.240855422567684,12.124719438670951,2.840896041820824
3873,training,0.0016902770148590207,0.062023820355534554,0.021948137975972545,11.164616318063517,12.148561727485085,2.833132770543103
3874,training,0.0006682728999294341,0.06780682690441608,0.021948137975972545,11.107348345022135,12.166689298046586,2.838482920314286
3875,training,0.0012159963371232152,0.07880804315209389,0.023328550778528682,11.031056070964578,12.190128427426286,2.8482820560454845
3876,training,0.0009898144053295255,0.11485466547310352,0.023328550778528682,10.954543159367017,12.212704624444724,2.8607590061434376
3877,training,0.0007743495516479015,0.06998357083648443,0.0128597384453665,10.858508448830555,12.240324741410296,2.8588555020095185
3878,training,0.0006082186009734869,0.0008534416556358268,0.0128597384453665,10.762532846365024,12.268004551347156,2.8634036381070356
3879,training,0.0010289258789271116,0.004331834614276872,0.0128597384453665,10.666316331316738,12.294663380482943,2.880391758013707
3880,training,0.0013061236822977662,0.07433246448636055,0.014352778892500443,10.58888308732107,12.314392078569345,2.904855001777397
3881,training,0.0017379027558490634,0.0646261665970087,0.014352778892500443,10.491583686121759,12.336989563721813,2.9189277256863453
3882,training,0.000841277651488781,0.05470607802271842,0.014352778892500443,10.433099839811069,12.349979711237488,2.9274208989250328
3883,training,0.0005653409752994776,0.07184766791760921,0.018953611451530288,10.355010544599763,12.366430261853903,2.941364784805012
3884,training,0.00047439843183383346,0.03386088088154793,0.018953611451530288,10.257002750749104,12.385536849468009,2.9565662388029796
3885,training,0.0004641678824555129,0.010478604584932327,0.018953611451530288,10.197944013354922,12.39627864472239,2.9667404512697466
3886,training,0.0005769907729700208,0.0007827877998352051,0.008331928295374899,10.11921229680631,12.40945432546451,2.9853961036736254
3887,training,0.0010073226876556873,0.0005831681191921165,0.008331928295374899,10.040344675008122,12.421250282263966,3.001471030530741
3888,training,0.0014413121389225125,0.0026717782020568848,0.008331928295374899,9.980963852711907,12.429306507553447,3.011064000964377
3889,training,0.0004882222565356642,0.0016701184213161538,0.0074739940714434175,9.921546230126769,12.436716959510482,3.0242110648402587
3890,training,0.0013049200642853975,0.0009283646941184998,0.0074739940714434175,9.862106003104351,12.443427314881198,3.0341644781307155
3891,training,0.001271441811695695,0.004456313326954842,0.0074739940714434175,9.762796478846157,12.453193536161685,3.0518128292261104
3892,training,0.0007347104838117957,0.0016130711883306503,0.008796744803473484,9.683255136283316,12.459821502433451,3.0629141205544768
3893,training,0.0011917243245989084,0.09641511365771294,0.008796744803473484,9.6235054003982,12.464281305235122,3.0717042479857777
3894,training,0.0005140810972079635,0.017444744706153866,0.008796744803473484,9.563490438374371,12.4688964955472,3.05533385108185
3895,training,0.0007590533932670951,0.040293674916028976,0.008796744803473484,9.503777861576749,12.474177321329254,3.0560671401172397
3896,training,0.0002535561507102102,0.025689493864774704,0.023724452255507542,9.384630896646762,12.481959026543695,3.1042955258980305
3897,training,0.00029268639627844095,0.0015018656849861145,0.023724452255507542,9.324775358008113,12.483473045880181,3.128281797225863
3898,training,0.0006577462190762162,0.012492127716541294,0.023724452255507542,9.225019389578875,12.483256512466227,-3.1248250306655083
3899,training,0.0003373717190697789,0.04021510016173124,0.025588484345596282,9.125240616783422,12.480719842442518,-3.1095780137263347
3900,training,0.000353344832547009,0.027675410732626915,0.025588484345596282,9.025547248321399,12.476489343090357,-3.087760410895241
3901,training,0.0006508567603304982,0.012958019506186247,0.02653128367690083,8.965837286601484,12.472950002026218,-3.0794985079082835
3902,training,0.0006776579539291561,0.0004915688186883926,0.02653128367690083,8.88600054477037,12.467909390727323,-3.079266055240338
3903,training,0.00535393413156271,0.034168118610978127,0.02653128367690083,8.826002021287051,12.464321586801015,-3.0849575644008613
3904,training,0.004035801626741886,0.04109368659555912,0.02653128367690083,8.746191343246283,12.460099552929538,-3.094548425628548
3905,training,0.002037055790424347,0.04469126835465431,0.015667257477748508,8.686236082102695,12.457457390258615,-3.100255119370057
3906,training,0.00045576252159662545,0.07195901358500123,0.015667257477748508,8.626241726847484,12.455138277297575,-3.105408718234155
3907,training,0.0008062379201874137,0.049099819734692574,0.015667257477748508,8.526374941260599,12.45166900157723,-3.1092416242349983
3908,training,0.0007956796325743198,0.04073500446975231,0.015263090260541715,8.446503472485853,12.449281990081165,-3.1155105227212814
3909,training,0.0015015754615888,0.04250401118770242,0.015263090260541715,8.346587442958015,12.446942509927252,-3.1208383530419743
3910,training,0.0012178278993815184,0.060731371864676476,0.015263090260541715,8.286585549318374,12.445746753193676,-3.121628596972457
3911,training,0.00039468694012612104,0.06605036789551377,0.008282297727366633,8.226657704637248,12.444606789732584,-3.1243418314481293
3912,training,0.0003235384647268802,0.06944475136697292,0.008282297727366633,8.146774346932425,12.443243913534438,-3.1250986357791417
3913,training,0.000547614530660212,0.05895579420030117,0.008282297727366633,8.026829277030785,12.441586490131373,-3.1320178339889373
3914,training,0.00032845462555997074,0.04897757479920983,0.009824194666160146,7.946901289441795,12.440916657518375,-3.1346682568196393
3915,training,0.0005099002737551928,0.051958834286779165,0.009824194666160146,7.866900601412236,12.44046398409298,-3.1357047185905613
3916,training,0.0012595865409821272,0.052119072526693344,0.009824194666160146,7.806934096310654,12.440145500236392,-3.137447463796302
3917,training,0.0027970161754637957,0.05005072196945548,0.01476597130304044,7.727041323776393,12.439761739897405,-3.13695651268022
3918,training,0.002949455287307501,0.015387725085020065,0.01476597130304044,7.66702142724328,12.439516217354251,-3.1378570807444865
3919,training,0.0026419966015964746,0.028429627418518066,0.01476597130304044,7.587163637185411,12.438903655017903,-3.1271348374425814
3920,training,0.0013949393760412931,0.06178286857903004,0.018380447416216316,7.5274385989112105,12.437625198660177,-3.114265220871196
3921,training,0.0014465508284047246,0.009509437717497349,0.018380447416216316,7.427671905141283,12.434033683501685,-3.097427498686275
3922,training,0.000864335976075381,0.004562183283269402,0.01779202400544112,7.327913692305363,12.429101649183922,-3.088195405674512
3923,training,0.0022318053524941206,0.012628257274627686,0.01779202400544112,7.248047761591286,12.424572519358415,-3.0803036211359283
3924,training,0.0026058817747980356,0.0032893074676394463,0.01779202400544112,7.188255895279855,12.4208510422875,-3.079735815118795
3925,training,0.001451799413189292,0.006176028400659561,0.01779202400544112,7.1084620795223525,12.415949433818506,-3.0820267629145577
3926,training,0.0003848492924589664,0.014446960762143139,0.014678534808616804,7.0086212127292455,12.410374082786314,-3.0903985203807185
3927,training,0.0008090370683930814,0.025201601907610897,0.014678534808616804,6.928657400538902,12.406644731948697,-3.0992758212533613
3928,training,0.0007371940300799906,0.01811870001256466,0.014678534808616804,6.868757646737712,12.404040422413312,-3.0946941594534807
3929,training,0.00035990081960335374,0.020204769447445873,0.007180784677550399,6.809025152817842,12.4009105374386,-3.0843074195911813
3930,training,0.0006517769070342183,0.0434472169727087,0.007180784677550399,6.709346796595115,12.394571923687776,-3.0721235059062373
3931,training,0.0006385229062289,0.024649407714605324,0.007180784677550399,6.629632198739226,12.388355112009156,-3.052873464209672
3932,training,0.00040332728531211615,0.026325887069106102,0.012387369300403296,6.5501526047996945,12.380562406026241,-3.0353605598674953
3933,training,0.0007859919569455087,0.02942882478237152,0.012387369300403296,6.490777961819419,12.373777014668793,-3.020089947475148
3934,training,0.0005376118351705372,0.010506599675863981,0.012387369300403296,6.411515832405432,12.363404470768627,-3.002351083593145
3935,training,0.0007397724548354745,0.05075573083013296,0.010947902405332667,6.332285435017932,12.35199039993209,-2.9971890424719034
3936,training,0.00033872644416987896,0.042724174447357655,0.010947902405332667,6.253464234132492,12.339929754949052,-2.9805390387692587
3937,training,0.0004582060792017728,0.0021792997686134186,0.010947902405332667,6.15512725032836,12.322934361242691,-2.9602634609652276
3938,training,0.0008161464938893914,0.05193728022277355,0.020609989249077844,6.096203949167034,12.31202035982085,-2.9582599886538943
3939,training,0.0002766207617241889,0.030346794053912163,0.020609989249077844,6.037263282545262,12.300811903712743,-2.9455791008236103
3940,training,0.00017217497224919498,0.029742132872343063,0.020609989249077844,5.93958828702862,12.280401699481157,-2.9268734642129157
3941,training,0.0006156642339192331,0.03346943575888872,0.013580151766448386,5.841938247034672,12.259216073683264,-2.932446478938929
3942,training,0.0015721500385552645,0.014015705324709415,0.013580151766448386,5.783596344275597,12.246593326222195,-2.922724596219278
3943,training,0.0024389028549194336,0.04044138174504042,0.013580151766448386,5.686101386405305,12.224792337990921,-2.921583169718064
3944,training,0.0020198968704789877,0.06702325120568275,0.01860055478585739,5.627393024770486,12.21181791293377,-2.928472814691672
3945,training,0.001686024945229292,0.07980328425765038,0.01860055478585739,5.549199467938873,12.195554868646406,-2.9458672400767827
3946,training,0.004424648825079203,0.03188985586166382,0.01860055478585739,5.470525833157377,12.180844671929343,-2.96763435794086
3947,training,0.0014399959472939372,0.019439768977463245,0.02030608485873404,5.391593523042671,12.167409903616843,-2.9739163299715963
3948,training,0.003438600804656744,0.020871090702712536,0.02030608485873404,5.332386942818097,12.15742559863038,-2.9757911609561774
3949,training,0.0022769118659198284,0.012154311873018745,0.02030608485873404,5.2733091156725775,12.147640904903222,-2.9794973946512586
3950,training,0.004747455008327961,0.03112737275660038,0.018411352309560872,5.15473483689607,12.128949183293367,-2.991651473542646
3951,training,0.006608812604099512,0.0520946066826582,0.018411352309560872,5.075709683172844,12.116848414170413,-2.985465198065369
3952,training,0.0023569499608129263,0.030786827206611633,0.018411352309560872,4.99684722578359,12.10362433027772,-2.963721100394752
3953,training,0.00342766591347754,0.03689223201945425,0.010017300443911152,4.898820372543159,12.084990482376703,-2.9452756574694963
3954,training,0.0010952766751870513,0.03707943484187127,0.010017300443911152,4.82071244444177,12.068715906977536,-2.927131723108766
3955,training,0.002965050283819437,0.07098427973687647,0.010017300443911152,4.762455843754784,12.055580509187083,-2.911550867439887
3956,training,0.000999804469756782,0.05143656022846698,0.028927744235563598,4.684998422872938,12.036240291010044,-2.881459693681505
3957,training,0.0011004332918673754,0.04762683063745499,0.028927744235563598,4.627433103094331,12.020358738504436,-2.8648195434663246
3958,training,0.0013080956414341927,0.06204460561275481,0.028927744235563598,4.550989644426237,11.997792992550728,-2.842233224990468
3959,training,0.002181277610361576,0.05625250190496445,0.03838947495153994,4.47508160470629,11.973254824613631,-2.815096317304382
3960,training,0.002105571562424302,0.025143209844827652,0.03838947495153994,4.381394674355287,11.939375207816816,-2.775505159689346
3961,training,0.0015336810611188412,0.029960110783576965,0.03838947495153994,4.3259688053884435,11.91727318752458,-2.749822079264008
3962,training,0.001393012935295701,0.013264305889606476,0.05185957389495117,4.25266306190449,11.885703024342632,-2.7192391368134414
3963,training,0.0006581972120329738,0.003334876149892814,0.05185957389495117,4.1984772582359655,11.860587791418084,-2.6956847454980917
3964,training,0.0012634489685297012,0.017338838428258903,0.05185957389495117,4.126885562180941,11.825361972339364,-2.676009845405914
3965,training,0.001519345911219716,0.015614915639162064,0.05185957389495117,4.073380325677532,11.798062953357258,-2.661927140726665
3966,training,0.001288675470277667,0.03331173211336136,0.058594726894066675,3.9852912094219706,11.751032947847593,-2.640538963342365
3967,training,0.0008891658508218825,0.020426560193300247,0.058594726894066675,3.933416311444252,11.721779658899845,-2.6136339302728824
3968,training,0.0006202066433615983,0.05247346684336662,0.058594726894066675,3.8649955357479624,11.68071015203074,-2.5919344027263373
3969,training,0.0002735590096563101,0.019618265330791466,0.043497479127869144,3.81396917424439,11.649066345311601,-2.58172442719859
3970,training,0.0005101880524307489,0.022900257259607315,0.043497479127869144,3.7467142733553027,11.606239488320032,-2.5666411956205897
3971,training,0.0005403652903623879,0.046732448041439056,0.043497479127869144,3.6967282061383453,11.573416492007214,-2.5535930672607603
3972,training,0.0005153968231752515,0.008125390857458115,0.029282388742424233,3.6142957124858106,11.517211743906868,-2.5348843684031097
3973,training,0.0001961741945706308,0.007199997082352638,0.029282388742424233,3.549031134121834,11.471172664374938,-2.5206205633076304
3974,training,0.00022631089086644351,0.03228218853473663,0.029282388742424233,3.5005586148878063,11.436147156971018,-2.510895593207266
3975,training,0.00019046278612222522,0.045401765033602715,0.029282388742424233,3.452290043049752,11.400607723323173,-2.503890789202551
3976,training,0.0006925323978066444,0.06086918339133263,0.015016818356708084,3.388500102294602,11.352688490343576,-2.491961405211819
3977,training,0.0008190686348825693,0.09180400148034096,0.015016818356708084,3.325316902365366,11.303937957089444,-2.475620282647555
3978,training,0.0004801184986717999,0.11699270829558372,0.015016818356708084,3.262943405167824,11.25422365537626,-2.460677643174847
3979,training,0.0006433756789192557,0.07433219254016876,0.016837121464083303,3.2012936800306684,11.203490186849402,-2.4464648496101686
3980,training,0.00039152969839051366,0.13598884642124173,0.016837121464083303,3.1391031955340636,11.153180280479742,-2.488490000478428
3981,training,5.574677197728306e-05,0.052454493939876556,0.016837121464083303,3.0736587108596356,11.106436478790986,-2.559762635397697
3982,training,0.00026128042372874916,0.060340933501720415,0.016837121464083303,2.9882681060951053,11.054177788338228,-2.619078907507027
3983,training,0.0004922410007566214,0.12378240749239922,0.045727734618625365,2.918052596828465,11.015583750048693,-2.658168841011475
3984,training,0.00038398319156840444,0.13721108809113503,0.045727734618625365,2.8465605293085243,10.979296876357665,-2.6827378928786354
3985,training,0.0005237050354480743,0.1077524870634079,0.045727734618625365,2.7743154792110474,10.944491886658774,-2.7020364504007803
3986,training,9.910083463182673e-05,0.048872776329517365,0.03949836174649278,2.7200181641607033,10.919210572399997,-2.706789074733263
3987,training,0.0006537116132676601,0.11496137827634811,0.03949836174649278,2.6479601670194977,10.88519168009407,-2.6860227333081377
3988,training,0.0005270487163215876,0.05321118235588074,0.03949836174649278,2.5942982376357735,10.858253787570531,-2.666703589173848
3989,training,0.0006985452491790056,0.005830749869346646,0.007840628948136395,2.506806870348954,10.810646122110729,-2.6179243234244
3990,training,0.0006080841412767768,0.02458047866821289,0.007840628948136395,2.439128029813222,10.769125406077197,-2.562646718644956
3991,training,0.0005321374628692865,0.024276569485664368,0.007840628948136395,2.389876539890288,10.735494174459491,-2.522190213195129
3992,training,0.0002818154462147504,0.005172625184059115,0.06112270830112276,2.342186687488834,10.699812679712265,-2.4748355563386424
3993,training,0.0002602270105853677,0.011545941233634921,0.06112270830112276,2.267284989009816,10.635065266190109,-2.379716543836241
3994,training,0.00015065522165969014,0.0027680099010467807,0.06112270830112276,2.198780847506187,10.563314037666693,-2.2862521090595975
3995,training,0.00032279040897265077,0.019677236676216153,0.1293571879790012,2.1609487376815077,10.517200406473117,-2.2290436186387064
3996,training,0.00022584218822885305,0.1638495521619916,0.1293571879790012,2.103836860178792,10.436270214142954,-2.1437798499740417
3997,training,0.00017689811647869647,0.11301123350858688,0.1293571879790012,2.0511360322710463,10.3517607070606,-2.123892077539756
3998,training,0.0004895807360298932,0.004159286618232727,0.11280439935773251,2.0200269632333456,10.300675126133303,-2.107121982569034
3999,training,0.0004848208627663553,0.0013845860958099643,0.11280439935773251,1.981223653024933,10.231339556006903,-2.0507171322698743
4000,training,0.0008604864706285298,0.009865090250968933,0.11280439935773251,1.9390060145706731,10.141534028964363,-1.9704037695279562
4001,training,0.00037618030910380185,0.026266150176525102,0.054632164031591456,1.9102895011922765,10.067407182725676,-1.9102439614872189
4002,training,0.0006012717494741082,0.04239093884825708,0.054632164031591456,1.8913506181574113,10.010587741644429,-1.87656878470016
4003,training,0.0003859534626826644,0.03665312752127647,0.054632164031591456,1.8686653088165215,9.934196954848005,-1.84612155511214
4004,training,0.00014921845286153257,0.04947857186198233,0.007120412103583575,1.8478185543895753,9.857263700934016,-1.824266115339923
4005,training,0.00063880201196298,0.007957451045513153,0.007120412103583575,1.8292577816501105,9.77978054612861,-1.7871060035842625
4006,training,0.0007518487982451916,0.07312502712011337,0.007120412103583575,1.813313621262564,9.701685035061047,-1.7603053039672
4007,training,0.00014571676729246974,0.04232285683974624,0.007120412103583575,1.8023028160722583,9.642918393784136,-1.755098616121821
4008,training,0.0011105438461527228,0.01645436603575945,0.02019693405826476,1.7875793298631486,9.564405741076854,-1.7568402372769436
4009,training,0.0003125355869997293,0.044676847755908966,0.02019693405826476,1.7694545367676269,9.466228265739886,-1.7477282420969145
4010,training,0.00021787633886560798,0.0232164915651083,0.029721599725590835,1.7517467295588038,9.367907308005515,-1.7543527243899408
4011,training,0.0015553515404462814,0.010214470326900482,0.029721599725590835,1.7407611354608301,9.309020027828968,-1.7562899766294853
4012,training,0.00017901019600685686,0.03153225593268872,0.029721599725590835,1.7226183756423057,9.210850677897247,-1.7501621536064411
4013,training,0.0003124235663563013,0.04015729762613773,0.029030289488953958,1.7090325794179906,9.132166969289544,-1.7293872799370178
4014,training,0.0003548479580786079,0.016414484940469265,0.029030289488953958,1.6946262423416856,9.033521973057715,-1.7007967887942113
4015,training,0.00015492542297579348,0.042756687849760056,0.029030289488953958,1.6821833884131927,8.934469945304258,-1.69308078846788
4016,training,0.00045961907017044723,0.010437685064971447,0.023278195170337666,1.6720355890070346,8.855118030320645,-1.7045567290570016
4017,training,0.000686710118316114,0.014005221426486969,0.023278195170337666,1.6639280092373294,8.795824105812024,-1.709232579526257
4018,training,0.0007645036093890667,0.006612988188862801,0.023278195170337666,1.6502177516810748,8.696915483241872,-1.7070116095718206
4019,training,0.0002631080860737711,0.01698239706456661,0.006247396420538756,1.636930484317741,8.597971238350377,-1.7017797675181172
4020,training,0.00011725755757652223,0.00627707876265049,0.006247396420538756,1.6244215306943033,8.498956494064279,-1.6907841200129636
4021,training,0.00024750380543991923,0.03196606785058975,0.00631968073262309,1.6151849521696215,8.41951900027708,-1.681539526825423
4022,training,0.0009861249709501863,0.028570263646543026,0.00631968073262309,1.6085688322960836,8.360017434696646,-1.683562030310249
4023,training,0.00028514827135950327,0.007062837481498718,0.00631968073262309,1.5994842916327068,8.280694502305066,-1.686926579539926
4024,training,0.0003257865319028497,0.015571475960314274,0.010663020229505897,1.590563406266165,8.201328472460322,-1.6770286085673491
4025,training,0.00021897663827985525,0.004145453684031963,0.010663020229505897,1.5806541944686474,8.102000024233107,-1.6632597959054882
4026,training,0.0012756200740113854,0.03277364093810319,0.010663020229505897,1.5733447494835522,8.022312669668981,-1.6622159643070813
4027,training,0.0006049490766599774,0.022192475385963917,0.007365189002070508,1.563546838592689,7.922771925350673,-1.6783688566026265
4028,training,0.0007784849731251597,0.021120816469192505,0.007365189002070508,1.5546024610551488,7.8434903507583575,-1.686605586699237
4029,training,0.0005175935802981257,0.011326087638735771,0.007365189002070508,1.5476793219508749,7.784011984951515,-1.6872623142701406
4030,training,0.0008228198857977986,0.010360496118664745,0.014479780648136865,1.5407956812716683,7.724381503782411,-1.6823660482777323
4031,training,0.0010354374535381794,0.03155044466257095,0.014479780648136865,1.532392645479249,7.645094927141238,-1.6711842739353309
4032,training,0.00037234072806313634,0.02823482733219862,0.014479780648136865,1.5226421681712798,7.545732267038009,-1.6691879618229057
4033,training,0.0009487870847806334,0.01581233460456133,0.008831734545202643,1.512922053322837,7.4463473938348175,-1.6678999592634562
4034,training,0.0006943313637748361,0.08919605612754822,0.008831734545202643,1.5027919354891939,7.346921444863951,-1.6787969650280357
4035,training,0.00030946367769502103,0.1128787212073803,0.008831734545202643,1.4935795515925874,7.267408524702947,-1.6962673297785815
4036,training,0.0005251503898762167,0.04504958912730217,0.01980791215670321,1.4826833026407644,7.187983734247228,-1.7172188354499398
4037,training,0.0005395911866798997,0.028819374740123735,0.01980791215670321,1.4741287289766896,7.129222519773018,-1.705034848843176
4038,training,0.0007762757013551891,0.008189886808395386,0.01980791215670321,1.4669943262424876,7.069924356810877,-1.6750738687630256
4039,training,0.0005837897188030183,0.01588897779583931,0.023665152733761102,1.4601948556037694,6.990375447919254,-1.6374919427724772
4040,training,0.0009027211926877499,0.016936738044023514,0.023665152733761102,1.4568247028120087,6.930765991238576,-1.6183201123923077
4041,training,0.0010003609349951148,0.00470058619976043,0.023665152733761102,1.4538808989408774,6.850980091648573,-1.5971946538388795
4042,training,0.0005255367723293602,0.012614915147423748,0.023665152733761102,1.4526577002513308,6.7909097188853496,-1.5852592765195233
4043,training,0.00036641856422647834,0.0026988983154296866,0.0342062522208933,1.452078478283936,6.731155290946974,-1.5761442006596627
4044,training,0.001113981124944985,0.00021040532737970352,0.0342062522208933,1.4519060220556972,6.65117746417496,-1.5717841534265413
4045,training,0.0012051197700202465,0.00526644941419363,0.0342062522208933,1.4518325105962075,6.551193403302229,-1.5716765241264226
4046,training,0.0009179954649880528,0.000919632613658905,0.03161616644606161,1.45175951327,6.471093473691175,-1.5718350489377297
4047,training,0.0019429135136306286,0.019276749342679977,0.03161616644606161,1.4517123621750874,6.411259893128169,-1.5717737959454086
4048,training,0.0004012092249467969,0.010913319885730743,0.03161616644606161,1.451606193031363,6.3113013484844975,-1.5719346536208445
4049,training,0.0009744925191625953,0.051717035472393036,0.032461989392647335,1.4514840989723408,6.211343407668689,-1.5721152169191661
4050,training,0.0010535010369494557,0.020443521440029144,0.032461989392647335,1.451372475095545,6.131355371181441,-1.5723468748216622
4051,training,0.0008977495599538088,0.007257197052240372,0.032461989392647335,1.4512863371602407,6.071249852112746,-1.5723502891087593
4052,training,0.0004602104891091585,0.00540383905172348,0.031162409927508197,1.4511562304687584,5.9913965349628135,-1.5724764083711533
4053,training,0.0005573586095124483,0.0014585722237825394,0.031162409927508197,1.4510691057524066,5.911449607553226,-1.5705609216334504
4054,training,0.0007168235024437308,0.061210665851831436,0.031162409927508197,1.4510884633913093,5.8713500480529435,-1.5702921803022858
4055,training,0.0010368539951741695,0.050763584673404694,0.026075374444720655,1.4508581314171078,5.791477844058485,-1.5805367180380276
4056,training,0.0006230624858289957,0.04989282786846161,0.026075374444720655,1.4495658746999591,5.711407709079672,-1.5927296866080871
4057,training,0.0013294864911586046,0.02428428828716278,0.026075374444720655,1.4468057043585296,5.611398515970438,-1.6038198488222408
4058,training,0.0003542291815392673,0.01146300695836544,0.029310562064327042,1.4438743846383155,5.531326958938419,-1.611134645266324
4059,training,0.0005349491257220507,0.00011657876893877983,0.029310562064327042,1.4404581248148576,5.4513819853589185,-1.6156324768752621
4060,training,0.0012776521034538746,0.0020560636185109615,0.026214888572403748,1.4367946340332423,5.37161458649181,-1.617534914236247
4061,training,0.00037434956175275147,0.00173268374055624,0.026214888572403748,1.4321826819878343,5.271786482961773,-1.6160966047308876
4062,training,0.00020056946959812194,0.011151222512125969,0.026214888572403748,1.4287155333365904,5.191930109503773,-1.612020186102657
4063,training,0.0009681025985628366,0.0007206294685602171,0.029559196464444923,1.425667972285149,5.111961723062613,-1.6052284969948025
4064,training,0.0003714475315064192,0.0016618636436760426,0.029559196464444923,1.4230928894889034,5.031985340145527,-1.6008411997261076
4065,training,0.0005305733648128808,0.00194499921053648,0.029559196464444923,1.4207897400766891,4.952172947821206,-1.5991614009052986
4066,training,0.0003298663650639355,0.0026859911158680916,0.019514274984196278,1.4186433755799324,4.872296858199081,-1.595809962163484
4067,training,0.00044286978663876653,0.0140292476862669,0.019514274984196278,1.4167116929029142,4.792291050861715,-1.5950570607289296
4068,training,0.00024745779228396714,0.004812111961655319,0.019514274984196278,1.415202746879611,4.732258231975385,-1.59741434591834
4069,training,0.0017074355855584145,0.007379565853625536,0.019514274984196278,1.413576018243437,4.672394561380158,-1.5983169921874534
4070,training,0.0016425709472969174,0.0014250106178224087,0.017906607001027287,1.4113592534879567,4.5923630861218045,-1.5988331822440984
4071,training,0.0005820694495923817,0.01807233225554227,0.017906607001027287,1.4097266578535363,4.5324292263943216,-1.5970485837039166
4072,training,0.0013145564589649439,0.019557013176381585,0.017906607001027287,1.4072399225655476,4.452482381674724,-1.6085307499885018
4073,training,0.0004845655639655888,0.006212899461388591,0.007024983619202844,1.4037595429351113,4.3724767937122815,-1.619671979409568
4074,training,0.00014149457274470478,0.04138828068971634,0.007024983619202844,1.400644542889833,4.312441002348413,-1.6253385096004402
4075,training,0.0003009340143762529,0.03574239835143089,0.007024983619202844,1.3961756889944446,4.232752177019389,-1.6275306464848973
4076,training,0.0007886124076321721,0.05145999509841204,0.0102482307119259,1.3927799139958856,4.172849828568626,-1.6276762432916152
4077,training,0.0004729519714601338,0.03098607249557972,0.0102482307119259,1.3872755507481929,4.073055830249513,-1.623748802696907
4078,training,0.0017896222416311502,0.035729704424738884,0.0102482307119259,1.3841785281436143,4.013170674678206,-1.6213370796915907
4079,training,0.0015838689869269729,0.005318354815244675,0.011987867541802831,1.380353439464023,3.9333940331509343,-1.6158404082324254
4080,training,0.002114837057888508,0.030300593003630638,0.011987867541802831,1.3776617581994148,3.8733627379229616,-1.6157716161065285
4081,training,0.000945759005844593,0.022536814212799072,0.011987867541802831,1.3749693851955507,3.8135091690784595,-1.6160233696470534
4082,training,0.0009086392819881439,0.030292401555925608,0.011987867541802831,1.3722565363410237,3.7535926160884436,-1.616248112850866
4083,training,0.0002209534723078832,0.011358556803315878,0.0044677713900692145,1.3695545821274695,3.693592086882044,-1.6150290258543505
4084,training,0.00030953448731452227,0.05032603442668915,0.0044677713900692145,1.3661307231927313,3.6138103857901056,-1.6125111997415384
4085,training,0.00040165247628465295,0.04287363588809967,0.0044677713900692145,1.3635684010197422,3.553804494979211,-1.6160611481815697
4086,training,0.0005488368333317339,0.02279018983244896,0.030567727572800928,1.3596780324683444,3.4737844618622686,-1.6223190031660049
4087,training,0.0012869888450950384,0.0034045390784740517,0.030567727572800928,1.3557739670155586,3.3940933322808102,-1.6123987851165185
4088,training,0.00025292165810242295,0.013845572248101234,0.030567727572800928,1.3525168498246822,3.29428352176944,-1.594982830402987
4089,training,0.0007104316027835011,0.0384941790252924,0.01724237053455627,1.3512967590896008,3.234371445134187,-1.5874687612420333
4090,training,0.0002892965276259929,0.022296248003840446,0.01724237053455627,1.350482475477806,3.174326886372279,-1.5817502840089475
4091,training,0.0010145260021090508,0.03673928044736385,0.01724237053455627,1.3499166779812775,3.0945082536242463,-1.5731128920102677
4092,training,0.0013120161602273583,0.04691091552376747,0.013813431548506398,1.3501344506220765,2.9945967754982914,-1.5644562176496632
4093,training,0.0007237036479637027,0.014877503737807267,0.013813431548506398,1.3509140516610825,2.894643741153446,-1.5625771083155233
4094,training,0.0004777013382408768,0.011236768215894706,0.013813431548506398,1.3515431315026094,2.834618029353703,-1.5555591839955303
4095,training,0.00049297307850793,0.0021681897342205048,0.016497961423137895,1.354231319139225,2.73483135412544,-1.532374327257575
4096,training,0.00026819706545211375,0.012085090391337873,0.016497961423137895,1.358885421177547,2.6350673219195757,-1.5186457958979163
4097,training,0.00029287461075000465,0.03212172072380781,0.015424377850671925,1.364586171286525,2.535379480650026,-1.5102566998552225
4098,training,0.0003566155210137367,0.03977002948522568,0.015424377850671925,1.3681979145670915,2.47570370912171,-1.5112969073875304
4099,training,0.0001607418234925717,0.03513992577791214,0.015424377850671925,1.3738499321064574,2.3759161676001375,-1.5173379760218042
4100,training,0.0002598026185296476,0.05925140297040343,0.013270457263136722,1.3780272858476272,2.296066657342217,-1.5186355079267353
4101,training,0.00022546527907252312,0.024429939687252045,0.013270457263136722,1.3842348945915723,2.1763192023674445,-1.5200057049786708
4102,training,0.0002662222250364721,0.04713938944041729,0.013270457263136722,1.3875655537226856,2.1163604195579655,-1.5102756281373415
4103,training,0.0003052008687518537,0.06461297767236829,0.002585699679843514,1.3914916045781904,2.056735222509888,-1.5003867398606534
4104,training,0.0003666020347736776,0.06902339309453964,0.002585699679843514,1.3958669839565607,1.996920005714067,-1.4964784771211934
4105,training,0.0007727609481662512,0.018289092928171158,0.002585699679843514,1.4019186077144399,1.9171214340085525,-1.49531117410346
4106,training,0.002607773756608367,0.010675780475139618,0.005756147867587108,1.4083635844675617,1.8376020988293769,-1.48039635941213
4107,training,0.0046186866238713264,0.013799954205751419,0.005756147867587108,1.4122175126787526,1.7979343883623535,-1.4670460552769766
4108,training,0.004187416285276413,0.01202423125505446,0.005756147867587108,1.4191043357358946,1.7385893459333686,-1.444976850250117
4109,training,0.0020740055479109287,0.038090370595455156,0.005756147867587108,1.43349273505465,1.640038798481153,-1.4026520607477846
4110,training,0.0038178579416126013,0.038453906774520874,0.007350212919632753,1.4443517683503724,1.5812483454345072,-1.3730813769491632
4111,training,0.0013832694385200739,0.059458404779434204,0.007350212919632753,1.4624178025091719,1.504087267678595,-1.3037799422498866
4112,training,0.0011626406339928508,0.04499216377735138,0.007350212919632753,1.4798864731648307,1.4471059902592582,-1.24058650804665
4113,training,0.002073396695777774,0.028212398290634155,0.049606498015816035,1.5009770703954093,1.3916287238814138,-1.1742931287295642
4114,training,0.0006566156516782939,0.052723243832588224,0.049606498015816035,1.5438450818584815,1.3022869217053574,-1.0732993179099244
4115,training,0.0013943485682830215,0.0024129748344421387,0.049606498015816035,1.5947524006063953,1.2170378198020084,-0.9950799883561975
4116,training,0.00029351364355534315,0.06721833348274228,0.1106190327249261,1.62856398030747,1.1683529126392753,-0.9279024376410291
4117,training,0.0008043698035180569,0.025357097387313843,0.1106190327249261,1.6656488856437173,1.1221115284396201,-0.8653501701989783
4118,training,0.0012764842249453068,0.00024813413619995117,0.1106190327249261,1.7197021632309977,1.0641955538579233,-0.7695062694748601
4119,training,0.0009667558479122818,0.04286147654056549,0.13118567714708687,1.7787373028205768,1.0117900108706834,-0.6869399806817742
4120,training,0.0006656230543740094,0.05507212877273558,0.13118567714708687,1.8583324387973748,0.9529541307749563,-0.5848217474862734
4121,training,0.0013298598350957036,0.00708065927028656,0.13118567714708687,1.9088888934477937,0.9209912649381592,-0.5450927742097877
4122,training,0.0012114762794226408,0.034230634570121765,0.11671806282372456,1.9778956227730555,0.881959392551708,-0.4825406564513577
4123,training,0.00019792697275988758,0.015565991401672363,0.11671806282372456,2.0676844270424044,0.839572565894663,-0.39823616786228405
4124,training,0.0007888162508606911,0.007617250084877014,0.11671806282372456,2.1605206661119762,0.8041577247257989,-0.33127020706317206
4125,training,0.0007543075480498374,0.01596475392580031,0.08032070848241575,2.2172539614596096,0.7858290374654492,-0.29419975132676984
4126,training,0.0006646998226642609,0.0346572771668434,0.08032070848241575,2.293858999419212,0.7646430784280532,-0.24725134416918815
4127,training,0.0006735278875567019,0.025163590908050537,0.08032070848241575,2.352168945969267,0.7508732685293671,-0.2160155252607143
4128,training,0.00023056335339788347,0.01144350320100783,0.04314678421051615,2.449995859606562,0.7316408516231524,-0.17348492472985602
4129,training,0.00044807905214838684,0.006768301129341139,0.04314678421051615,2.528658004276384,0.7190567147413874,-0.14419721423095294
4130,training,0.0004230898339301348,0.028437379747629166,0.04314678421051615,2.6076709902926694,0.709060387901954,-0.10632831012355964
4131,training,0.0003014812828041613,0.01979835331439972,0.024151963018206168,2.707033808281221,0.6998714322771998,-0.08187871675942443
4132,training,0.0006595503073185682,0.004165641963481903,0.024151963018206168,2.78672372686497,0.6937459098191504,-0.07357753642011372
4133,training,0.0006018718122504652,0.018422737717628476,0.024151963018206168,2.8465771996795364,0.6895209056397705,-0.06766742412652511
4134,training,0.000730235013179481,0.017418398521840572,0.011412259404168838,2.9062465735301886,0.6856298744700605,-0.06147541238859408
4135,training,0.000621336861513555,0.025733067654073242,0.011412259404168838,2.986056163204422,0.6810990852700999,-0.053432591162982324
4136,training,0.0004964133840985596,0.02240324392914772,0.011412259404168838,3.045908617448496,0.6781683517961726,-0.044487211199004874
4137,training,0.0002463851124048233,0.010730542242527008,0.007823099700999479,3.1056937642487585,0.6756695519399153,-0.03906504917928216
4138,training,0.000353580922819674,0.0065813306719064695,0.007823099700999479,3.1655814211970283,0.6735301997098734,-0.03392132454630192
4139,training,0.0004150106688030064,0.004570125602185724,0.007823099700999479,3.22544613180591,0.671615862125016,-0.029695496851609854
4140,training,0.0013056665193289518,0.005318437702953814,0.007823099700999479,3.3053279467195162,0.6694100905737468,-0.026595509496339275
4141,training,0.0004405304789543152,0.005644103512167931,0.012063302208229317,3.4051844315433017,0.6670452941110768,-0.0221921109253168
4142,training,0.0004940421786159277,0.029635179787874222,0.012063302208229317,3.4651151835570366,0.6658568993552944,-0.01817339424218258
4143,training,0.001359443413093686,0.01704735215753317,0.012063302208229317,3.5449863991385135,0.6643999098412731,-0.017980030617311342
4144,training,0.0008893266785889864,0.025949126109480858,0.013394025529193412,3.6448135832376587,0.6627096274977287,-0.014115641950145296
4145,training,0.0005205698544159532,0.009883887134492397,0.013394025529193412,3.7247518456539295,0.6616569135139172,-0.013763183174116206
4146,training,0.00033488086774013937,0.0034379027783870697,0.015357216554542818,3.804676196299435,0.6605891160776335,-0.014475886458021942
4147,training,0.00013750483049079776,0.02374868281185627,0.015357216554542818,3.8845783904291893,0.6594721364713804,-0.014418065465550934
4148,training,0.000782545655965805,0.015370846726000307,0.015357216554542818,3.944501657379803,0.6586522417476678,-0.011903917094223247
4149,training,0.0005945940501987934,0.012544974684715271,0.012820119782973049,4.02442211734101,0.6578690474554332,-0.009201302131539796
4150,training,0.0004107598797418177,0.003217042423784733,0.012820119782973049,4.144312545046789,0.6568979566689153,-0.008700458354636379
4151,training,0.0010714855743572116,0.0063741430640220625,0.012820119782973049,4.24425120469158,0.656044749545002,-0.009334088337061522
4152,training,0.0008682361803948879,0.007133173756301403,0.01274197729915093,4.344138584228166,0.6552833521797802,-0.0064519023205530475
4153,training,0.000881215906701982,0.03362102806568146,0.01274197729915093,4.424007762387298,0.6550097130354403,-0.0015249562079453437
4154,training,0.0010800465242937207,0.020039573311805725,0.02099641921012308,4.503977641174489,0.6550418599054485,0.0008182805281954494
4155,training,0.0014579968992620707,0.0029997797682881355,0.02099641921012308,4.5839173839535095,0.6550891273850328,0.001046913075046595
4156,training,0.0007359164883382618,0.020913949236273766,0.02099641921012308,4.643930745160156,0.6551419070060801,0.0001872559456395614
4157,training,0.0003947744844481349,0.011844983324408531,0.026659949766128985,4.703884619953315,0.655208920053088,0.0013968767418284682
4158,training,0.0004050634161103517,0.009317222167737782,0.026659949766128985,4.78380583157041,0.6552902468656346,0.0013286737749928891
4159,training,0.0009179215412586927,0.0029820911586284637,0.026659949766128985,4.843833655783818,0.6553710691727853,0.0004436762042823268
4160,training,0.001377871260046959,0.0003948849625885478,0.022674121210738283,4.923771207569976,0.6554662968706764,0.0011997355572672293
4161,training,0.0008429028675891459,0.02393302321434021,0.022674121210738283,5.003719923432134,0.6555094408388694,0.00030022404131007854
4162,training,0.0008073591161519289,0.013161684386432171,0.022674121210738283,5.063719373976069,0.6555019341666447,-0.0008150844507178563
4163,training,0.0007818752201274037,0.010256323963403702,0.028202711220720867,5.14366807468891,0.6555040316736159,-0.0004484727047736687
4164,training,0.0005572582595050335,0.02265316667035222,0.028202711220720867,5.203613514113375,0.6554889799266888,0.00020820469981641218
4165,training,0.0008903889101929963,0.02333899587392807,0.028202711220720867,5.323578269129427,0.6554447417839336,-0.0007340932540838724
4166,training,0.0006712026661261916,0.011771038174629211,0.02917293576982869,5.383549518650961,0.6553701329355014,-0.0016528089170050782
4167,training,0.0006841501453891397,0.00487753190100193,0.02917293576982869,5.463527577827892,0.6552823676204858,-0.0018268579921677736
4168,training,0.000278137915302068,0.013129153288900852,0.02917293576982869,5.543471911007017,0.6551863388443818,-0.0012338960643000093
4169,training,0.00032332775299437344,0.031740928534418344,0.03142827944716255,5.6434228670168505,0.655051104630246,-0.0012567403592758462
4170,training,0.0003662289527710527,0.052968934178352356,0.03142827944716255,5.703362914715775,0.654927998653285,-0.002539381854391176
4171,training,0.0004206656012684107,0.05131707713007927,0.03142827944716255,5.763342700728505,0.6547886889399531,-0.003028775176860695
4172,training,0.00031623567338101566,0.08503228053450584,0.03478197012101207,5.843330779243556,0.654553290521027,-0.0026423027524933055
4173,training,0.0013483944348990917,0.07395154610276222,0.03478197012101207,5.9032106928263754,0.6546271671492044,0.007404112654815553
4174,training,0.0006772592896595597,0.05918312072753906,0.03478197012101207,5.982946112125244,0.6560498394917531,0.02733622420424345
4175,training,0.0015055399853736162,0.027359550818800923,0.033813058332921295,6.06273224591498,0.6590074497144184,0.044937052233395114
4176,training,0.0006653517484664917,0.08034016937017441,0.033813058332921295,6.162420423480404,0.6640801498115283,0.056204987830995985
4177,training,0.00027320749359205365,0.115185072645545,0.033813058332921295,6.222262599767918,0.6675116795926466,0.0579758198977448
4178,training,0.0005326189566403627,0.07817197544500232,0.019302428958666448,6.301981451576349,0.6723506172236315,0.06432312594965794
4179,training,0.000399752170778811,2.5354325771331787e-05,0.019302428958666448,6.401583385497017,0.6790344314956722,0.06582235421285576
4180,training,0.0006541602779179811,0.03664241731166839,0.019302428958666448,6.4813801339749215,0.6838636177076559,0.048754041944903535
4181,training,0.0009953499538823962,0.0018982440233230521,0.01955314686510783,6.561469501453473,0.6867659078131553,0.02486428096062458
4182,training,0.0009493420366197824,0.0038027875125408034,0.01955314686510783,6.621512420938989,0.6877413369737798,0.00876971743287205
4183,training,0.004653999116271734,0.007855528965592388,0.0215185176623268,6.721587491655855,0.6876369498637162,-0.011144250222735443
4184,training,0.0013079106574878097,0.008209272753447294,0.0215185176623268,6.821632269651529,0.685924019234259,-0.02337384274480936
4185,training,0.002776119392365217,0.02415424818173051,0.0215185176623268,6.921529877256842,0.6834019133184461,-0.027521103743379873
4186,training,0.0007892317371442914,0.0021063968306407332,0.03218039394252543,7.021409089802549,0.6805393488419162,-0.03166709853426341
4187,training,0.0016610039165243506,0.006943592801690102,0.03218039394252543,7.101275179730829,0.6780028806261569,-0.032667375852026545
4188,training,0.000943054212257266,0.034654976800084114,0.030317285459897952,7.1811928933961955,0.6753661991988458,-0.032680423778342384
4189,training,0.0004270294448360801,0.016581254079937935,0.030317285459897952,7.28091070347869,0.672479262103845,-0.02183119171560104
4190,training,0.0008016807259991765,0.0017636441625654693,0.030317285459897952,7.380808322300113,0.6704586533802281,-0.019993081283756278
4191,training,0.0020068520680069923,0.008704645122634247,0.01687580578249191,7.440741061982284,0.6692079164748785,-0.022603377583853574
4192,training,0.0033466245513409376,0.005259908735752106,0.01687580578249191,7.520617467958045,0.6674256625582387,-0.02326572638398345
4193,training,0.0015359072713181376,0.08462966792285442,0.01687580578249191,7.580548821268422,0.6660193594538873,-0.023203536944035104
4194,training,0.000880163861438632,0.02027937304228544,0.01687580578249191,7.660444552017162,0.6642620158490772,-0.020386086452652233
4195,training,0.0003998102620244026,0.001372162252664566,0.01075872830948551,7.760297708682194,0.6625962689573324,-0.014236975966565382
4196,training,0.0013736074324697256,0.0036946851760149,0.01075872830948551,7.8402009988411345,0.6615571034933042,-0.013957992949767122
4197,training,0.0011785720707848668,0.007331113796681166,0.013142983606624428,7.940095167423623,0.6601897689670547,-0.014579804436704282
4198,training,0.0007282398291863501,0.009471694473177195,0.013142983606624428,8.000037707088918,0.6593633879441777,-0.012246748222876172
4199,training,0.0006067227222956717,0.00583034660667181,0.013142983606624428,8.079932522362947,0.6583994168693479,-0.012169560032857891
4200,training,0.00044647601316682994,0.007257648743689064,0.02487541430686514,8.159842375051497,0.6575256816697328,-0.011008290450365008
4201,training,0.0012261783704161644,0.0061962902545928955,0.02487541430686514,8.259686317054733,0.6567868885593854,-0.004570141162819254
4202,training,0.0006299014785327017,0.0020770197734236717,0.02487541430686514,8.31966825472296,0.6565500976981212,-0.003562388807571557
4203,training,0.002639761893078685,0.0007358361035585403,0.03212066885376206,8.379643134843711,0.6563064557898811,-0.00488970267656241
4204,training,0.0031953025609254837,0.0061077820137143135,0.03212066885376206,8.479588653312854,0.6558741912001378,-0.005292850590193468
4205,training,0.0005374190513975918,0.005343290977180004,0.03664974686582479,8.5795291160319,0.6553989204177061,-0.0056986990052319015
4206,training,0.0009691347950138152,0.008310292847454548,0.03664974686582479,8.639493947587374,0.6550970356822071,-0.0048602912329372
4207,training,0.0004219735274091363,0.012173130176961422,0.03664974686582479,8.73944212403204,0.654546429634438,-0.0052642021049754545
4208,training,0.0007213346543721855,0.025172277819365263,0.04102623448619105,8.799393563344582,0.6541892596097594,-0.006623038498743067
4209,training,0.0008217011345550418,0.03061787923797965,0.04102623448619105,8.899314066651932,0.6536725403728193,-0.004605633887987547
4210,training,0.0013288537738844752,0.015650954097509384,0.04102623448619105,8.999223017370058,0.6534533868248099,-0.001326285024756448
4211,training,0.0004628650494851172,0.009500231593847275,0.03130982436613611,9.059180330623809,0.6534260158743097,-0.00035918772988812836
4212,training,0.00012878901907242835,0.011090230662375689,0.03130982436613611,9.139130324826114,0.653369349344705,-0.00033712922378155316
4213,training,0.0002663579070940614,0.002868534065783024,0.02837163329914266,9.239066080829758,0.6532814317585506,-0.0012424265496269642
4214,training,0.00035677029518410563,0.0031536221504211426,0.02837163329914266,9.319062080988473,0.6531554010692401,-0.002200789793227402
4215,training,0.0009852570947259665,5.4144300520420074e-05,0.02837163329914266,9.379019869658148,0.6530657367804066,-0.0018124839028353784
4216,training,0.000913567200768739,0.002201976254582405,0.02837163329914266,9.459002390323944,0.6529035466546288,-0.0015830901777350134
4217,training,0.0003728226001840085,0.001925821416079998,0.03381302808658034,9.518990067299187,0.6527833921274399,-0.002803389410560035
4218,training,0.0003011114022228867,0.009587162174284458,0.03381302808658034,9.59892592566706,0.6526179079675202,-0.002668644560384539
4219,training,0.001141645829193294,0.0016546575352549553,0.008538459820936196,9.678901255291963,0.652422085733129,-0.002267526113780255
4220,training,0.00043474382255226374,0.008387829177081585,0.008538459820936196,9.758864012062471,0.6521987899234971,-0.0025898813595206347
4221,training,0.00014164744061417878,0.0032503642141819,0.008538459820936196,9.858751555312502,0.6521213353862318,0.0020904947839469968
4222,training,0.00010795617708936334,0.002169528976082802,0.011378164451470683,9.95868991991757,0.6523950821590788,0.002908567053944876
4223,training,0.0005796412006020546,0.0029668156057596207,0.011378164451470683,10.03868089290673,0.6526407071449185,0.002520374258281531
4224,training,0.0004867303650826216,0.0009629437699913979,0.011378164451470683,10.09863745826764,0.652844070840293,0.003462586243649733
4225,training,0.00033456372329965234,0.002147737890481949,0.010960082697632993,10.178578610445362,0.6531034590584589,0.003799207137955407
4226,training,0.0005255972500890493,0.001212285307701677,0.010960082697632993,10.23859609746217,0.6533009467461811,0.0019624682963165574
4227,training,0.00024740368826314807,0.0025329748168587685,0.010960082697632993,10.318517633719459,0.6535046407299007,0.002096263933860712
4228,training,0.0017260831082239747,0.006800464820116758,0.014020799246427417,10.378462235092869,0.6536295381637036,0.002552689441096647
4229,training,0.0006866782205179334,0.0024609146639704704,0.014020799246427417,10.458438345091109,0.6538114507646874,0.0015337264616134233
4230,training,0.0007577923825010657,0.0007504299283027649,0.014020799246427417,10.51842008945288,0.6539441100970181,0.002046379912315154
4231,training,0.0006700534140691161,0.005997666623443365,0.010327543581375994,10.598371019019606,0.6540998185067959,0.002531486064489674
4232,training,0.0004715573159046471,0.011349166743457317,0.010327543581375994,10.698318543924053,0.6542692861247865,0.0012677284248453983
4233,training,0.0006805305602028966,0.004797410685569048,0.010327543581375994,10.818287152229399,0.654366770899078,0.001134366012824227
4234,training,0.0010399178136140108,0.004035713151097298,0.008931523578261739,10.878228697112972,0.6543907172249415,-6.860571145052489e-05
4235,training,0.0006282535614445806,0.00606937799602747,0.008931523578261739,10.958222822038206,0.6544147560324409,-0.00043033760237160614
4236,training,0.000486541714053601,0.011054391041398048,0.00722272856878566,11.058167126265937,0.6544500084152568,-0.000240522538827781
4237,training,0.0008572637452743948,0.0162856406532228,0.00722272856878566,11.138108306562103,0.6544913948072357,0.0005774355629104603
4238,training,0.0013265280285850167,0.02471286430954933,0.00722272856878566,11.238067371973372,0.65446724671635,-0.0009265514194002232
4239,training,0.0011280486360192299,0.014701479580253363,0.005328745315440877,11.338028672139489,0.654347229788485,-0.000979880888685179
4240,training,0.0011251552496105433,0.019172925502061844,0.005328745315440877,11.397973401233148,0.6542401704084154,-0.0023124464735115565
4241,training,0.0008436490898020566,0.016536880284547806,0.005328745315440877,11.45793946435042,0.6541238783198882,-0.002528249951860016
4242,training,0.0007261787541210651,0.029611028730869293,0.013248131354229767,11.57790656369477,0.6538165469170123,-0.0032610808385136474
4243,training,0.0020896915812045336,0.022134161059511825,0.013248131354229767,11.67786006621461,0.6535331923759778,-0.0035229642071618345
4244,training,0.00030398578383028507,0.023489907383918762,0.014581554280529414,11.777811111395037,0.6532147196517037,-0.0038368537902140672
4245,training,0.000870252144522965,0.013288486748933792,0.014581554280529414,11.857768608451126,0.6529316204057087,-0.003529696256192086
4246,training,0.0006578737520612776,0.004198627080768347,0.014581554280529414,11.91774247333786,0.652692141475176,-0.004195992982386199
4247,training,0.0008839811198413372,0.0016972427256405354,0.01633048893507362,11.977688195339404,0.6524967960615611,-0.0035614840930467246
4248,training,0.0004268533084541559,0.004568635486066341,0.01633048893507362,12.037661258631893,0.6523045966945993,-0.0021662027637545976
4249,training,0.0005457784282043576,0.0025985687971115112,0.01633048893507362,12.117639806321137,0.6521444372756002,-0.0026171259012636814
4250,training,0.0005094185471534729,0.01250504795461893,0.015229113813147883,12.197603066466236,0.6519781366701647,-0.0028378596208074244
4251,training,0.0010839559836313128,0.014135044068098068,0.015229113813147883,12.277555958119088,0.6517898950384746,-0.0024512076642450678
4252,training,0.0014124643057584763,0.024471069686114788,0.015229113813147883,12.337533490765539,0.6516170920155995,-0.002878337141635126
4253,training,0.0013998629292473197,0.021737955510616302,0.02546865644415193,12.457411671788423,0.6515397893156395,0.003112622322636013
4254,training,0.0010988800786435604,0.005997089669108391,0.02546865644415193,12.517420646045839,0.651734013391945,0.002510121550087215
4255,training,0.0009622374200262129,0.012481046840548515,0.02546865644415193,12.597343717637644,0.6520172580871382,0.0033275318004497064
4256,training,0.00030819731182418764,0.0155547137837857,0.025505009396104197,12.677303026482475,0.6522966472900794,0.004124064479532369
4257,training,0.00038287817733362317,0.002479268703609705,0.025505009396104197,12.777240707512007,0.652637706102957,0.003504849944793575
4258,training,0.00035834236769005656,0.0024568289518356323,0.025505009396104197,12.85717094720792,0.6528380461200255,0.001858037700110357
4259,training,0.0004427933890838176,0.006305997259914875,0.027439041522462293,12.937180262672983,0.6529948097214239,0.0012799897695234292
4260,training,0.0005781076615676284,0.006520993076264858,0.027439041522462293,13.01712134508658,0.6531723032072685,0.0018378134074970235
4261,training,0.0004356931895017624,0.014113954035565257,0.027439041522462293,13.077065153809636,0.6532937029510879,0.0025341486494433957
4262,training,0.0005919336108490825,0.013981092721223831,0.03509400524383702,13.157026945881848,0.6534685906814937,0.0015238468473666202
4263,training,0.0019726722966879606,0.0015447493642568588,0.03509400524383702,13.21701353580717,0.6535951839421085,0.0018143079547219979
4264,training,0.0006614839658141136,0.034318563994020224,0.03509400524383702,13.276954705831727,0.653697293690162,0.002100725362381218
4265,training,0.0016139984363690019,0.01735391840338707,0.0295589200198123,13.376907984442521,0.653839525248416,0.0004598985435743062
4266,training,0.002283987822011113,0.016107962001115084,0.0295589200198123,13.476865074331567,0.6538547245634723,-5.4353023385517125e-06
4267,training,0.0008765703532844782,0.0018346579745411873,0.026524305930070415,13.596820964926435,0.6538046339486613,-0.0010771201936507788
4268,training,0.002817654749378562,0.01007177121937275,0.026524305930070415,13.696772332460299,0.6536489358700247,-0.001455740575988226
4269,training,0.0021488922648131847,0.015901731327176094,0.026524305930070415,13.756767327054318,0.6535565798143628,-0.0023606874995500743
4270,training,0.000871618976816535,0.012181845493614674,0.02086648663283329,13.836707840145587,0.6534218701813836,-0.001922919109717854
4271,training,0.0013148902216926217,0.005876757204532623,0.02086648663283329,13.916690640114298,0.6532535026198055,-0.0016598178947090556
4272,training,0.0012781001860275865,0.008015782572329044,0.02086648663283329,14.016643924441603,0.6530367619969232,-0.0019379551762597758
4273,training,0.0019622864201664925,0.018452759832143784,0.003276344642632736,14.096597589792774,0.6528419885072724,-0.0027615095804754777
4274,training,0.003680407302454114,0.02607829589396715,0.003276344642632736,14.196562000500887,0.6525774536410165,-0.0031844846513279937
4275,training,0.001360179390758276,0.0025536417961120605,0.003276344642632736,14.256467869336154,0.6524771796530586,-0.0006385315588537552
4276,training,0.002314929384738207,0.02223488804884255,0.01202893093957274,14.316406294222055,0.6524941904857182,0.0008267279988483149
4277,training,0.001795200863853097,0.050774601790180895,0.01202893093957274,14.396385588405922,0.6525384468051783,-0.00025775213311503026
4278,training,0.0038642757572233677,0.005786523222923279,0.01202893093957274,14.456360433372973,0.6525613375137923,0.00016320267170868993
4279,training,0.0013855912256985903,0.01597997546195984,0.011402417507627357,14.556309475632315,0.6525789072204206,0.0003629311650517684
4280,training,0.0014991115313023329,0.012708866968750954,0.011402417507627357,14.616257540547844,0.6525814287707555,0.00014300171242571081
4281,training,0.0023822388611733913,0.0025121858343482018,0.011402417507627357,14.716209485988255,0.652621382533724,0.00017877564255832252
4282,training,0.0010331848170608282,0.008021068759262562,0.010593712645564596,14.776197813584607,0.6526675811932526,0.00028977234270276514
4283,training,0.0016482463106513023,0.017145944759249687,0.010593712645564596,14.836144565732898,0.6526879101813718,0.0007895810865037348
4284,training,8.868715667631477e-05,0.009631134569644928,0.010593712645564596,14.89605890192437,0.6527881468651305,0.002668023318945284
4285,training,0.0008638675208203495,0.0009567923843860626,0.010593712645564596,14.97602150945376,0.6531490826679115,0.004643898979801471
4286,training,0.0008135376265272498,0.014682498294860125,0.011662831913724615,15.055967847931932,0.6535174652543296,0.005341372414981869
4287,training,0.0007106891134753823,0.008717549149878323,0.011662831913724615,15.115951351849354,0.6538078819870049,0.003962434081265286
4288,training,0.0005298079922795296,0.00532481214031577,0.011662831913724615,15.175901722166383,0.6540935610625864,0.004839162964288338
4289,training,0.0007776017300784588,0.010859651491045952,0.014211083118590071,15.255833824756879,0.6543864091031072,0.002878740911404812
4290,training,0.0007505653193220496,0.02545149391517043,0.014211083118590071,15.375799254205484,0.6546591879632467,0.00267097950566762
4291,training,0.0007043080404400826,0.012530909851193428,0.014211083118590071,15.475744603960097,0.6548110456567697,0.0009211877799264157
4292,training,0.0010601927060633898,0.006942886393517256,0.01744612213368814,15.555674576198992,0.6548478136971654,0.0006132056598900216
4293,training,0.00030483657610602677,0.009915920905768871,0.01744612213368814,15.635667516687354,0.6548885582771875,-0.00044119050594040567
4294,training,0.0019808816723525524,0.0005283970385789871,0.02092246107608568,15.695629423723398,0.654903466935037,0.0002086538434493832
4295,training,0.0009101480827666819,0.010818641632795334,0.02092246107608568,15.775578238015683,0.654902391334009,0.00043883395871050613
4296,training,0.0008228134247474372,0.01987809082493186,0.02092246107608568,15.855529767941642,0.6549182601886918,-3.0172978678729368e-05
4297,training,0.0019248129101470113,0.014813489280641079,0.024057912046887325,15.955492352722963,0.6549094278296042,-0.000942720850805328
4298,training,0.002138826297596097,0.002844950184226036,0.024057912046887325,16.055447445114012,0.6548448089463914,-0.0011544907822616506
4299,training,0.0017660243902355433,0.007073653861880302,0.024057912046887325,16.13542358274959,0.6548000278842793,-0.001262056731983992
4300,training,0.0016127938870340586,0.017715145368129015,0.027043458928722987,16.215367063156293,0.6547504301792596,-0.0005954161424631446
4301,training,0.0008758093463256955,0.009248333051800728,0.027043458928722987,16.275305809562084,0.6546728356031531,-0.0017082220759553615
4302,training,0.002630269853398204,0.008352013304829597,0.027043458928722987,16.35530653087216,0.6545203050874396,-0.0028955260813012086
4303,training,0.0006338506354950368,0.002640671096742153,0.038435439458768386,16.41526731027917,0.6543879684659304,-0.0020532438821054522
4304,training,0.0006747980369254947,0.025743648409843445,0.038435439458768386,16.51523255288306,0.6541392224618461,-0.0022573778393460684
4305,training,0.0008944451110437512,0.012125149369239807,0.038435439458768386,16.575200863520827,0.6539690030130013,-0.0033180923290543453
4306,training,0.0006154360016807914,0.01815764093771577,0.04299757268260662,16.63515941700876,0.6538091562357276,-0.0030634939940678264
4307,training,0.0002902981941588223,0.012355072423815727,0.04299757268260662,16.715147697605097,0.6535392459321478,-0.0031445598073633133
4308,training,0.000523908413015306,0.023496187292039394,0.04299757268260662,16.79508922216956,0.6532336613795636,-0.004020293657108736
4309,training,0.0018531254027038813,0.01000639796257019,0.04752370338203649,16.85504214258653,0.6530424378003228,-0.003353136136945465
4310,training,0.0009267877321690321,0.016241762787103653,0.04752370338203649,16.935005930229796,0.6528396269279413,-0.002311897631964304
4311,training,0.0021781534887850285,0.01763206720352173,0.04752370338203649,17.0149724843268,0.6526156917226461,-0.002565239546708231
4312,training,0.001993867103010416,0.015036708442494273,0.04752370338203649,17.074960827724986,0.652452176738407,-0.0036142242546546768
4313,training,0.0012305349810048938,0.013931533321738243,0.0475923179684202,17.154887320415046,0.6522359902864331,-0.002582946276143492
4314,training,0.001156918820925057,0.013533255085349083,0.0475923179684202,17.254841880435155,0.6519954185625332,-0.002537926574181212
4315,training,0.0013079410418868065,0.00967957591637969,0.0475923179684202,17.31481785552198,0.651819674565219,-0.002820860236520921
4316,training,0.000597981852479279,0.0027224873192608356,0.03382305904065314,17.37477482463889,0.6516860688525294,-0.00253921136957055
4317,training,0.0010624369606375694,0.0022555962204933167,0.03382305904065314,17.454705735353837,0.6515927497992703,-7.518574881122234e-05
4318,training,0.00042376044439151883,0.012650366872549057,0.03382305904065314,17.51465686182851,0.6515737455674055,-0.000390582083766526
4319,training,0.0010000414913520217,0.026676345616579056,0.023394109642984506,17.59465445636951,0.651571801101957,-0.0007684071284882582
4320,training,0.0011645735939964652,0.016114145517349243,0.023394109642984506,17.69460034176888,0.6515740477646799,-0.000651128033420073
4321,training,0.0013848987873643637,0.0007514860481023788,0.023394109642984506,17.7945441854928,0.6515847290775811,-0.000493753451999826
4322,training,0.0006710169836878777,0.0070944782346487045,0.016234193862572098,17.854494522742055,0.6515887851001066,0.0005152167943118041
4323,training,0.00030122464522719383,0.0041199978440999985,0.016234193862572098,17.93443176738043,0.6516027476005819,0.00014895176241031772
4324,training,0.0008061445550993085,0.010359786450862885,0.016234193862572098,18.014436264399443,0.6516348810109736,-0.0003337887986462489
4325,training,0.0011724287178367376,0.006820011883974075,0.026759508153413398,18.074392021935896,0.6516678413823567,0.0007568716629368843
4326,training,0.0016787139466032386,0.00995235558366403,0.026759508153413398,18.134336191809496,0.6516877743775102,0.00022810444683397056
4327,training,0.0019261791603639722,0.004551691934466362,0.026759508153413398,18.254270188970136,0.6517557216832512,0.0006265688351298448
4328,training,0.0009491221280768514,0.0041774967685341835,0.030227773347263863,18.31428389441869,0.6517977251490015,-6.668778154843355e-05
4329,training,0.000827376963570714,0.004972081631422043,0.030227773347263863,18.39422340983262,0.6518576412289058,0.0007674141749711577
4330,training,0.0008664993802085519,0.00043087708763778253,0.030227773347263863,18.47417369746332,0.6519090957768421,0.0011676039514758995
4331,training,0.0014090680051594973,0.0058999956818297505,0.029617043017750894,18.534179676410165,0.6519478293603709,-0.0003427268830710685
4332,training,0.0006453576497733593,0.009580039419233799,0.029617043017750894,18.614125128610617,0.651975122802351,-0.00021709473666002509
4333,training,0.0011892876354977489,0.010717558674514294,0.029617043017750894,18.714070802732635,0.6519958249607127,2.237816740066222e-06
4334,training,0.0016046122182160616,0.0005464954301714897,0.006001052894945569,18.774017931701888,0.6519973823564265,0.00046035464739245286
4335,training,0.0008817351190373302,0.004666386172175407,0.006001052894945569,18.834031130274255,0.652027265518921,-0.0002730859857616413
4336,training,0.000854241254273802,0.008627329021692276,0.006001052894945569,18.91396836022799,0.6520737157603499,0.0005217254336031497
4337,training,0.0004932685405947268,0.010765718761831522,0.0053416720586227,19.01391875777237,0.6521331326331881,0.0007934941530023857
4338,training,0.0010328848147764802,0.020293517038226128,0.0053416720586227,19.07385604335943,0.6521388931051004,-0.00027674098864211634
4339,training,0.0012731089955195785,0.009663859382271767,0.0053416720586227,19.173881985559248,0.6514191921570951,-0.01677896396969877
4340,training,0.0012713499600067735,0.013291819021105766,0.014280580012576235,19.233983890790068,0.6501373483255114,-0.026189284329707744
4341,training,0.002625907538458705,0.05892391409724951,0.014280580012576235,19.33393683090355,0.6468234297704817,-0.04052621254009848
4342,training,0.00046770001063123345,0.04366547055542469,0.014280580012576235,19.43380473750823,0.6436692519188821,-0.01974862057937847
4343,training,0.0007083915988914669,0.043727707117795944,0.02096939502637229,19.533524235762698,0.6428188613834597,0.0023849130880952076
4344,training,0.000817434280179441,0.05535738868638873,0.02096939502637229,19.61343237342221,0.643466888224493,0.013947345145131325
4345,training,0.0005750780692324042,0.007178355008363717,0.02096939502637229,19.673429992919196,0.6443775809559767,0.01562264460828889
4346,training,0.0011018530931323767,0.011112883687019355,0.013804376449280082,19.77344164001873,0.6454773554953231,0.001535610218237218
4347,training,0.0006311018369160593,0.03531181626021862,0.013804376449280082,19.85345130690622,0.6451391366070212,-0.011230185693964173
4348,training,0.0009301312384195626,0.021427148953080174,0.007849838519469686,19.913416517020014,0.6442441627258161,-0.017879940730043658
4349,training,0.0019389615627005696,0.007413232699036598,0.007849838519469686,19.99343040154292,0.6424403002227838,-0.0275873718841064
4350,training,0.001373493461869657,0.011963199824094772,0.007849838519469686,20.093346842098,0.6391728157302642,-0.03892558164605844
4351,training,0.0010922307847067714,0.02134224958717823,0.020543792017582375,20.173255415815,0.6357666175578719,-0.0478100923348674
4352,training,0.0013017442543059587,0.007735770195722578,0.020543792017582375,20.253152760389746,0.6320191553239368,-0.044513690939951715
4353,training,0.0017254636622965336,0.016747268848121166,0.032513557555783355,20.31296735047385,0.6293818047699303,-0.04304150484970838
4354,training,0.00093798094894737,0.010884370654821396,0.032513557555783355,20.412744525512018,0.6254811383115317,-0.034866784646808
4355,training,0.0009760698303580284,0.030166861601173878,0.032513557555783355,20.472632321924703,0.6235182191147995,-0.03265257064109165
4356,training,0.0015877347905188799,0.02429120894521475,0.02782845440106764,20.532521498060365,0.6216811366145912,-0.027862172407357836
4357,training,0.0032694791443645954,0.0262407548725605,0.02782845440106764,20.632343237403692,0.6192098524385269,-0.021638477350255945
4358,training,0.004006153903901577,0.028813758864998817,0.02782845440106764,20.732218883377236,0.6171218584181059,-0.021279546722835434
4359,training,0.0030838835518807173,0.05280575156211852,0.0043582194238906856,20.812138565907986,0.6155210642303229,-0.01882036307528528
4360,training,0.0014008190482854843,0.031073505058884614,0.0043582194238906856,20.87216461561158,0.6142638644970138,-0.025422022714539683
4361,training,0.0009812181815505028,0.009188910014927386,0.009126584128045831,20.99213391604651,0.6098410198620615,-0.04865238577371041
4362,training,0.001279568881727755,0.007547329179942608,0.009126584128045831,21.072016815202183,0.6056859211476403,-0.05360469772120162
4363,training,0.002921170322224498,6.926106289029121e-05,0.009126584128045831,21.151749442127354,0.6012718570368766,-0.05558358827808118
4364,training,0.002030371455475688,0.0166686549782753,0.009503561495739363,21.211636779934434,0.5979205549193366,-0.05761649825674749
4365,training,0.0016982094384729862,0.020287632942199707,0.009503561495739363,21.29145096711365,0.5933237658917315,-0.057771348252341405
4366,training,0.0005866556894034147,0.042150708846747875,0.009503561495739363,21.351198272681735,0.5899100813515054,-0.055411329546479676
4367,training,0.0007430624682456255,0.034286143258214,0.011911278325617768,21.43102854626337,0.5856296949129489,-0.05317113292169865
4368,training,0.0006462234305217862,0.016262656077742577,0.011911278325617768,21.490909184682483,0.5825587873163383,-0.04973012762089169
4369,training,0.0003472769458312541,0.073999909684062,0.011911278325617768,21.550683922782028,0.5796477818476623,-0.046435260991123876
4370,training,0.0013049899134784937,0.055145280435681336,0.011911278325617768,21.630422122189316,0.576753878449876,-0.024160678784843036
4371,training,0.0008140355930663645,0.028349868953228004,0.009614921054685345,21.690255731783626,0.5758989665197164,-0.004849847628634624
4372,training,0.0012551435502246022,0.027088171802461144,0.009614921054685345,21.750099444012655,0.5759795394191457,0.006549075175948301
4373,training,0.00180075503885746,0.020100409165024757,0.009614921054685345,21.829889811809384,0.577092438235283,0.01900965628659429
4374,training,0.0012456910917535424,0.02856345847249031,0.014276898838513024,21.889776881074628,0.5784082695117575,0.024505624874202957
4375,training,0.0008768687257543206,0.1052817665040493,0.014276898838513024,21.969632252616485,0.5805334135378993,0.029400707645914764
4376,training,0.001507144421339035,0.06469105556607246,0.014276898838513024,22.029251590366194,0.5829696765658988,0.05230521311787632
4377,training,0.0008129600901156664,0.05427181348204613,0.014276898838513024,22.08902326835809,0.5866638328102735,0.07014501752303548
4378,training,0.000598136568441987,0.024233387783169746,0.02223135727674068,22.16872122795319,0.5926759571774428,0.07804642394225705
4379,training,0.0016390234231948853,0.059155913069844246,0.02223135727674068,22.268276945518206,0.6006432220374921,0.07944726773715463
4380,training,0.0009704711847007275,0.1079918909817934,0.02223135727674068,22.32790913491011,0.605403219803161,0.07795073540652943
4381,training,0.0021162349730730057,0.08371248841285706,0.013241294176754107,22.427427034957503,0.6134732749821719,0.08758583573511163
4382,training,0.0017172975931316614,0.0746819544583559,0.013241294176754107,22.48722025230878,0.6187376900652939,0.08823545587033267
4383,training,0.00675481092184782,0.07329035736620426,0.013241294176754107,22.546853360048893,0.6239850623445987,0.08573898845028205
4384,training,0.002025279216468334,0.04594658687710763,0.003619943762242923,22.646480930352343,0.6321481072148551,0.07652869581092157
4385,training,0.002650975715368986,0.026105072349309928,0.003619943762242923,22.726315757696586,0.6378095548189502,0.06491101655751644
4386,training,0.002900842810049653,0.03955468349158764,0.003619943762242923,22.826202118478236,0.6434047099871466,0.04798586873088407
4387,training,0.0018409397453069687,0.027389584109187126,0.02215165830935982,22.886178022087428,0.6460550449111734,0.04062777792717817
4388,training,0.0009663535747677088,0.035836612805724144,0.02215165830935982,22.98605541567894,0.6498091547015952,0.03333458459606478
4389,training,0.0011137512046843767,0.024297459051012996,0.024311668084808464,23.105854646134684,0.6535263323402516,0.027964398291063983
4390,training,0.0026277427095919847,0.04619213752448559,0.024311668084808464,23.185868153099236,0.6554819941086617,0.019147411967384734
4391,training,0.0009977823356166482,0.04512854013592005,0.024311668084808464,23.26579524408922,0.6567668501777091,0.012002387085197793
4392,training,0.0018256771145388484,0.03508671559393406,0.02603558218831279,23.36573028501902,0.6577435438603306,0.00791237879606282
4393,training,0.004505662247538567,0.026020534336566925,0.02603558218831279,23.425660956657595,0.6581145907548676,0.00497662920225801
4394,training,0.0018107761861756444,0.0036115217953920364,0.02603558218831279,23.50567182316709,0.6584574259828571,0.0036230145147565975
4395,training,0.001980501227080822,0.003465313464403156,0.019188804897259888,23.58563459680493,0.6587445327044087,0.0013742995953621188
4396,training,0.0010787129867821932,0.014938886743038893,0.019188804897259888,23.685577606509348,0.6585969158344691,-0.005762859535603831
4397,training,0.0016051853308454156,0.025219639763236046,0.019188804897259888,23.74555397812601,0.6581789941268252,-0.007629269447492897
4398,training,0.0007244074949994683,0.02648603543639183,0.024154702137066112,23.805556436227654,0.6576373394526795,-0.01130579074721435
4399,training,0.0031984341330826283,0.01344910217449069,0.024154702137066112,23.885465988043574,0.656700524367885,-0.012521376730624865
4400,training,0.00202938262373209,0.00931704789400101,0.018514177794984744,24.005389630286587,0.6550934351530528,-0.01537655499704432
4401,training,0.0007702858420088887,0.01782597415149212,0.018514177794984744,24.085348594432116,0.6536003873676703,-0.023560678553291407
4402,training,0.001840992015786469,0.03360201232135296,0.018514177794984744,24.165328137260197,0.6514344001565546,-0.02923904386145967
4403,training,0.0004877268511336297,0.0021581463515758497,0.018514177794984744,24.245208973678842,0.6487860458856253,-0.0369041327329348
4404,training,0.0003878341522067785,0.0013894662261009216,0.01849216542688921,24.325127812174287,0.6456337609289636,-0.043128037248649054
4405,training,0.0013995127519592643,0.0351131334900856,0.01849216542688921,24.404867996366765,0.6425704669059535,-0.02917051110542614
4406,training,0.0005723078502342105,0.017590835690498352,0.01849216542688921,24.48465014010352,0.6412264965148177,-0.003017363350116612
4407,training,0.0006464624311774969,0.038627102971076965,0.015567246726910657,24.56443276609824,0.6417358123833614,0.016022114910420784
4408,training,0.0015970049425959587,0.0032311100512742996,0.015567246726910657,24.644348406213034,0.6434053040278636,0.02440738376883654
4409,training,0.001006954349577427,0.02169031277298928,0.008536562766093898,24.744161530740236,0.6460257548800415,0.025703027753120895
4410,training,0.0009658195776864886,0.006838291883468614,0.008536562766093898,24.803979428419584,0.6478502345436342,0.035950821021498575
4411,training,0.001819599885493517,0.04600054770708084,0.008536562766093898,24.883752813261403,0.6515579522890526,0.061542817504186415
4412,training,0.0011559163685888052,0.048753730952739716,0.010158376143456665,24.963347746906543,0.6575032189890528,0.086274760560652
4413,training,0.0014984156005084515,0.04523321986198425,0.010158376143456665,25.062429923739295,0.6680236683184547,0.12538610977294645
4414,training,0.0006795307854190469,0.08250143751502037,0.010158376143456665,25.14117415704602,0.6795216994195824,0.1652566082940191
4415,training,0.0019728823099285364,0.06979028880596161,0.02846904482356436,25.200162452047596,0.6900691566379143,0.1871436888367054
4416,training,0.0012380369007587433,0.010478533804416656,0.02846904482356436,25.278463982192843,0.7059170099814407,0.21323392396815677
4417,training,0.0014115208759903908,0.03893459588289262,0.02846904482356436,25.33656664400553,0.7192666840655293,0.239741375901551
4418,training,0.0002928302565123886,0.00580461323261261,0.02846904482356436,25.432661736414058,0.7453105204184683,0.29058671214942483
4419,training,0.000507198681589216,0.10163098573684695,0.018595626712267214,25.5081978918026,0.770345107699813,0.34960714508998314
4420,training,0.0009435976389795542,0.11043784767389297,0.018595626712267214,25.581498688733653,0.8001816379075397,0.4305005926459521
4421,training,0.0008757196483202279,0.13384170085191727,0.018595626712267214,25.63471963628967,0.8268294389745541,0.4985175047306091
4422,training,0.0016532876761630177,0.17213693261146545,0.045726821075340526,25.71881167111078,0.8790684591217484,0.614184203550464
4423,training,0.002538234693929553,0.17920241504907608,0.045726821075340526,25.79561251354203,0.9409541175571199,0.7438141022475322
4424,training,0.0016808605287224054,0.14760227501392365,0.06236353056880589,25.86410498585634,1.0120983757591004,0.8644624083307361
4425,training,0.001997732324525714,0.07662805914878842,0.06236353056880589,25.923934459587215,1.090984024784657,0.9801406948490365
4426,training,0.0015085035702213645,0.07520925998687744,0.09585651485536865,25.965292074483415,1.1586789773051904,1.062642054294898
4427,training,0.0004345847701188177,0.12866575829684737,0.09585651485536865,26.00955351299072,1.2473042738037778,1.1501563085395814
4428,training,0.0014194492250680923,0.06305921077728274,0.11854288921216678,26.046305173936922,1.3394824274716253,1.2308935495381248
4429,training,0.00032479994115419686,0.0044029951095581055,0.11854288921216678,26.06506412293122,1.3961897489081152,1.2714515534811541
4430,training,0.0018567866645753384,0.06070039235055448,0.11854288921216678,26.091691813090634,1.492154195141311,1.3261154993253859
4431,training,0.0010565323755145073,0.02230260521173477,0.08270505998797321,26.10532082286378,1.5503558210557298,1.354695947794265
4432,training,0.0029856455512344837,0.04642996937036514,0.08270505998797321,26.121104886071898,1.6283915618781464,1.388401172066401
4433,training,0.001019012532196939,0.023156020790338523,0.08270505998797321,26.134338968298408,1.7070056920944228,1.4189137477292864
4434,training,0.0014764207880944014,0.019589595496654524,0.08270505998797321,26.145332465734686,1.7859544964922869,1.4437306140534656
4435,training,0.000663683342281729,0.032143913209438324,0.05337080255011041,26.15567341830134,1.8849767384193703,1.4907686200406531
4436,training,0.001222866354510188,0.004660293459892287,0.05337080255011041,26.160724347571488,1.9644975627700187,1.5226214545957888
4437,training,0.0013764369068667293,0.0021303892135620117,0.045575040340018816,26.163004245661266,2.0640535142549536,1.5751448893321247
4438,training,0.0007724172319285572,0.01338203251361847,0.045575040340018816,26.1616836146872,2.1238856204714565,1.61163199054614
4439,training,0.0007601754041388631,0.014122270047664642,0.045575040340018816,26.15812255029272,2.183344270323461,1.6505570810572854
4440,training,0.0008461896795779467,0.07758928462862968,0.05783397322074016,26.149874633482458,2.2626149030507032,1.6965850087124723
4441,training,0.0009902932215481997,0.01963019371032715,0.05783397322074016,26.13857219667218,2.3416169984945303,1.7251585542050538
4442,training,0.001923318486660719,0.004204235970973955,0.05783397322074016,26.125249594031306,2.42017763277687,1.7534377763255315
4443,training,0.0006145283114165068,0.05308623611927032,0.05783397322074016,26.109517150002173,2.4982188580429177,1.7895709939235087
4444,training,0.0007780020823702216,0.05679298192262651,0.06890071670110393,26.09119170720035,2.5758707552893867,1.8131423751980709
4445,training,0.0015281374799087644,0.09328816272318363,0.06890071670110393,26.07094457401433,2.6529428965738364,1.8414827186555889
4446,training,0.000926720502320677,0.0052970945835113525,0.06890071670110393,26.048949461336328,2.729621905444438,1.8563047094838474
4447,training,0.0011622464517131448,0.05633837729692459,0.0468095037104474,26.025335726407587,2.8057986765093323,1.8907068558011335
4448,training,0.0012057977728545666,0.04199806973338128,0.0468095037104474,25.99937882014031,2.881327622727242,1.9095053682276562
4449,training,0.00026829997659660876,0.002045169472694411,0.0468095037104474,25.972209933966447,2.9562449479437443,1.9272778491053788
4450,training,0.001238873926922679,0.04624515399336815,0.025328909917967022,25.950815504625574,3.0121132569764493,1.9470595437665301
4451,training,0.0008109704940579832,0.016733424738049507,0.025328909917967022,25.91332521424939,3.1046913539888084,1.959460803018805
4452,training,0.0004999060183763504,0.03723909705877304,0.02365215641233504,25.86735409634638,3.215352100858672,1.9706045343807883
4453,training,0.001260208897292614,0.025883965194225297,0.02365215641233504,25.827008278645522,3.306554810591829,2.0056187106295504
4454,training,0.0007609818712808192,0.0071299076080322266,0.02365215641233504,25.783519962857813,3.3963058852888417,2.0384724786776482
4455,training,0.0003969933604821563,0.0298704132437706,0.025755737744081835,25.737383846264795,3.4847466008362264,2.064188658801161
4456,training,0.0010455556912347674,0.005135916173458113,0.025755737744081835,25.698496606511924,3.554403398775325,2.096236795097982
4457,training,0.0006871976656839252,0.018844971433281905,0.04321527254084203,25.657424208732174,3.6226705388228164,2.1271299790331457
4458,training,0.0007661684649065137,0.06165425851941109,0.04321527254084203,25.614587835546857,3.689889898725148,2.1487551889122902
4459,training,0.001958207692950964,0.02798381261527538,0.04321527254084203,25.55914598090636,3.772767707185506,2.1728675040394076
4460,training,0.003361837938427925,0.037080440670251846,0.04321527254084203,25.513609422340263,3.8383357306535615,2.181148214934029
4461,training,0.0016161443199962378,0.01868654042482376,0.04368964693430144,25.467536678731037,3.9034909545073155,2.1898678713868667
4462,training,0.0028425841592252254,0.012173816561698914,0.04368964693430144,25.420873770202732,3.9682327584291266,2.200353375104807
4463,training,0.0008640776504762471,0.006502360512968153,0.04368964693430144,25.36188058892885,4.048772625404345,2.203448127938639
4464,training,0.0012485820334404707,0.0913427360355854,0.02735691906604607,25.31463715947458,4.1132610844605395,2.203594944449775
4465,training,0.00222023855894804,0.04463740438222885,0.02735691906604607,25.27910645824637,4.161197587578559,2.2166125033184714
4466,training,0.0011043227277696133,0.09754730015993117,0.02735691906604607,25.230652663741264,4.224411820959125,2.2281607113841773
4467,training,0.0003994018188677728,0.04665284417569637,0.02735691906604607,25.19367961229068,4.271573150213342,2.2467214970630347
4468,training,0.0014005680568516254,0.005070251761935651,0.013011099237164765,25.143715351302077,4.332997503118026,2.2544238531042744
4469,training,0.0017175925895571709,0.021562248468399048,0.013011099237164765,25.09348610848362,4.394589547215594,2.2541043486003822
4470,training,0.0005292653804644942,0.03846735367551446,0.013011099237164765,25.042981976799034,4.456567629031905,2.2550409744195137
4471,training,0.0009493633988313377,0.03248080983757973,0.014368161268080189,24.993172920173794,4.516814608609829,2.2669340384726437
4472,training,0.0010226658778265119,0.06931523978710175,0.014368161268080189,24.942025524729956,4.57836414516964,2.2600264636146385
4473,training,0.0012025265023112297,0.05623810179531574,0.014368161268080189,24.89129036701382,4.640016630041604,2.258424280946427
4474,training,0.0015273948665708303,0.02876166999340058,0.018533655947306722,24.828019788525864,4.7174408945882575,2.252284350805327
4475,training,0.0011376667534932494,0.016710061579942703,0.018533655947306722,24.765589903524372,4.795583137267558,2.2346377496741523
4476,training,0.0012733307667076588,0.05290376767516136,0.018533655947306722,24.71683954921537,4.859046226467169,2.2157930605462752
4477,training,0.004281417466700077,0.038235606625676155,0.018533655947306722,24.68117641165947,4.907441314390333,2.1957937057966106
4478,training,0.002586581278592348,0.011511245742440225,0.026306885935570356,24.62354745022541,4.9891606401550606,2.176537094027236
4479,training,0.0025769828353077173,0.03441908210515976,0.026306885935570356,24.56703888435144,5.0715640029688025,2.168750311904898
4480,training,0.002122892066836357,0.011932311579585075,0.026306885935570356,24.521891494363835,5.137459662501558,2.175196048353508
4481,training,0.0031180460937321186,0.06097680889070034,0.005239003208862024,24.476116360865692,5.202774352229286,2.1879547019987546
4482,training,0.0025928830727934837,0.10293456725776196,0.005239003208862024,24.429535782020785,5.267651721702958,2.19978843720398
4483,training,0.001145162503235042,0.017142742872238152,0.005239003208862024,24.39434712107286,5.316218718181204,2.19353375675568
4484,training,0.0030016847886145115,0.08983958885073662,0.027907520273956158,24.322763173022096,5.412276955614332,2.229609389829679
4485,training,0.0010226640151813626,0.031055372208356857,0.027907520273956158,24.27354672386027,5.475098565408481,2.2377326146109606
4486,training,0.0007743773167021573,0.04991895332932472,0.027907520273956158,24.23626353475366,5.521920429739011,2.2506212427356074
4487,training,0.0008702652994543314,0.1362624429166317,0.027907520273956158,24.172610755159344,5.598718032650246,2.275777951585436
4488,training,0.0006703385151922703,0.07562024518847466,0.022925133816975033,24.120212781791643,5.659049603742148,2.297684866450804
4489,training,0.0011048975866287947,0.00026585906744003296,0.022925133816975033,24.06657415398916,5.718064019530929,2.3187384377866946
4490,training,0.0011828109854832292,0.05273382365703583,0.022925133816975033,24.02525489992643,5.7611127888079094,2.3549756241854944
4491,training,0.0005570222274400294,0.05336026847362519,0.0153205073901875,23.953218904091997,5.8299485974346705,2.4001169452931927
4492,training,0.0009464026079513133,0.0949409119784832,0.0153205073901875,23.89360753844233,5.8831092865896775,2.4236183635156414
4493,training,0.0003717519866768271,0.04901888594031334,0.0153205073901875,23.833138623591402,5.935259099271027,2.432958260515644
4494,training,0.0005137488478794694,0.11955612152814865,0.0153205073901875,23.772272250576677,5.986700691359512,2.450599175959162
4495,training,0.0006072596297599375,0.044902902096509933,0.02155327381794622,23.71034898413356,6.037095889240442,2.465152863760698
4496,training,0.001014096662402153,0.092298201052472,0.02155327381794622,23.631928350810007,6.098744948829231,2.4862012824539543
4497,training,0.0009898938005790114,0.10033958405256271,0.02155327381794622,23.568402557328955,6.147224779833203,2.488488698981399
4498,training,0.0009443793096579611,0.05408875644207001,0.01744490845392093,23.520790204412258,6.1836122829659,2.489481605189552
4499,training,0.0007963083917275071,0.07143548876047134,0.01744490845392093,23.457268315459633,6.23189640623867,2.4971805751629224
4500,training,0.0005025472491979599,0.05760619416832924,0.01744490845392093,23.392536113072634,6.277897446697264,2.555902502729484
4501,training,0.0007519797654822469,0.04793376289308071,0.05964639599386359,23.308188841451493,6.330807467595254,2.592987944819631
4502,training,0.0010738371638581157,0.08207073993980885,0.05964639599386359,23.222318531397367,6.3813351912929575,2.6279126729965143
4503,training,0.001195669756270945,0.021968450397253036,0.05964639599386359,23.134656716058437,6.42881270962394,2.6612063904228074
4504,training,0.0009906156919896603,0.022122367983683944,0.046788017984172994,23.063798973852666,6.465409559697862,2.6587167505290026
4505,training,0.0005813392344862223,0.014434514567255974,0.046788017984172994,22.993063546566173,6.5028241024125775,2.6538938349682324
4506,training,0.0011435614433139563,0.02450936660170555,0.046788017984172994,22.922398069298993,6.540446303638493,2.650711948267554
4507,training,0.00047682347940281034,0.03645308222621679,0.026937233657921382,22.852101581212068,6.578499738987311,2.6382037872017823
4508,training,0.0006673642783425748,0.02357461676001549,0.026937233657921382,22.79971987708748,6.607606981515653,2.6300026216767334
4509,training,0.0009671854786574841,0.03128356533125043,0.026937233657921382,22.747366638256157,6.637071965999846,2.6309776580125326
4510,training,0.0008197271381504834,0.04500508867204189,0.022951902936685756,22.677657987691905,6.675973110206205,2.6310729334036678
4511,training,0.0008717920281924307,0.010684285312891006,0.022951902936685756,22.625394318745627,6.705348543292153,2.626856377643217
4512,training,0.0018987723160535097,0.001210806891322136,0.022951902936685756,22.55578452253842,6.744803697236682,2.628234688857106
4513,training,0.0018850417109206319,0.008625767193734646,0.022951902936685756,22.486125662222307,6.78380541414128,2.634262103673656
4514,training,0.0013148646103218198,0.007719093933701515,0.01844310529082882,22.433788506970888,6.81284195257764,2.634771092314331
4515,training,0.0005762136424891651,0.015175549779087305,0.01844310529082882,22.36383514535695,6.8516807700041715,2.6349630729686218
4516,training,0.0011825242545455694,0.01503231097012758,0.01844310529082882,22.29391724645752,6.890533192015134,2.6337993065793315
4517,training,0.0008735462324693799,0.015676303766667843,0.017870536893504114,22.24166234216458,6.919632682119622,2.631736091421487
4518,training,0.0010803428012877703,0.014966792427003384,0.017870536893504114,22.189221260593914,6.948919404192337,2.6348408301234363
4519,training,0.0010040013585239649,0.0034544728696346283,0.017870536893504114,22.11932881913194,6.987645427413003,2.6352966906514186
4520,training,0.0010513858869671822,0.01892082951962948,0.017870536893504114,22.067107380834706,7.016783198931724,2.628310866024551
4521,training,0.0007662974530830979,0.0822153240442276,0.01357334811518819,21.9803125658467,7.066350301180718,2.6171393210163294
4522,training,0.0004928755806759,0.0780954547226429,0.01357334811518819,21.9283083574663,7.0963218793065375,2.6256177535750798
4523,training,0.0016699256375432014,0.011576386168599132,0.01357334811518819,21.85858732510675,7.135004099307281,2.6433904704028746
4524,training,0.0007870357949286699,0.01167813315987587,0.01932487465676413,21.770596225802763,7.182095466445622,2.654159433513892
4525,training,0.002582165878266096,0.0249595302157104,0.01932487465676413,21.682659451855088,7.229759260735382,2.6337629734531824
4526,training,0.0012446374166756868,0.033484102226793766,0.02381427465816565,21.63030360054136,7.258956893188391,2.6321968361707913
4527,training,0.0003114157007075846,0.01290442980825901,0.02381427465816565,21.577866540058615,7.28807204619192,2.640451361001642
4528,training,0.0011704368516802788,0.021002897527068853,0.02381427465816565,21.50772276323255,7.3259658024565555,2.649330270334187
4529,training,0.000955442781560123,0.026035440678242594,0.02381427465816565,21.454813254450524,7.354235575555848,2.651797537234503
4530,training,0.0013684588484466076,0.005954032763838766,0.02414690667298572,21.36661263806747,7.401213337187375,2.652078143869223
4531,training,0.000382460915716365,0.043639762327075005,0.02414690667298572,21.295996843606506,7.438789956842547,2.6539205837484077
4532,training,0.0004902812652289867,0.03587830998003483,0.02414690667298572,21.24320534661994,7.466932638923717,2.647009163833037
4533,training,0.00126572884619236,0.018761081621050835,0.016943871165861345,21.15522232788476,7.514202006538073,2.653885780192437
4534,training,0.0011663082987070084,0.05035163648426533,0.016943871165861345,21.066689893254782,7.560367870281953,2.668062550513244
4535,training,0.001539719640277326,0.04225454945117235,0.014436358230413256,20.995360388572557,7.596568766638617,2.6755431812463453
4536,training,0.0003668098070193082,0.07900123298168182,0.014436358230413256,20.92384780026392,7.632654258740968,2.669159798129951
4537,training,0.0009971581166610122,0.012614808976650238,0.014436358230413256,20.870704379687687,7.66026109596581,2.654208887712059
4538,training,0.0009993312414735556,0.04760083369910717,0.014436358230413256,20.782590696504815,7.707428228962371,2.6493674545160752
4539,training,0.0011607694905251265,0.025173157453536987,0.0021609996786697153,20.71220926141878,7.7455152262090765,2.640351598881327
4540,training,0.0005355753237381577,0.07851697131991386,0.0021609996786697153,20.624584070413075,7.793510692884997,2.6436142295463774
4541,training,0.0015309711452573538,0.08354544080793858,0.009290827284911181,20.554309407700135,7.831869616702949,2.638574594157201
4542,training,0.0033461295533925295,0.06472382601350546,0.009290827284911181,20.50195268397007,7.860842830935799,2.6335709820959874
4543,training,0.0019629576709121466,0.018734494224190712,0.009290827284911181,20.414757752825707,7.909628720889465,2.6293036946331405
4544,training,0.001472942065447569,0.005322394892573355,0.007072411510114493,20.344890464609563,7.948281137280857,2.645832209877263
4545,training,0.0012667342089116573,0.060267385095357895,0.007072411510114493,20.291969478064722,7.976684703994111,2.6508593088328394
4546,training,0.0011257128790020943,0.015274235978722574,0.007072411510114493,20.221578643691895,8.014476677462506,2.6430453378655554
4547,training,0.0009781117551028728,0.004920843988656998,0.007072411510114493,20.168928183530383,8.043139591867325,2.6443634138503707
4548,training,0.0007334041874855757,0.044815169647336006,0.014589535909841302,20.08092396689597,8.090342266371316,2.656117187616622
4549,training,0.0023949388414621353,0.006244715303182602,0.014589535909841302,20.01000821680416,8.127417085068844,2.6626544723108205
4550,training,0.00037033564876765013,0.0035305330529809,0.014589535909841302,19.956918224620516,8.15470160734204,2.6716353981860563
4551,training,0.0010329948272556067,0.003681219997815788,0.00678786168755486,19.86767715024175,8.199630677847178,2.677358477161916
4552,training,0.0009034894173964858,0.02071589045226574,0.00678786168755486,19.760338131484758,8.253252356383154,2.678219163446046
4553,training,0.0005321077187545598,0.02399852965027094,0.010054605140892181,19.706716862026724,8.280216200725528,2.671995476052704
4554,training,0.0002665479842107743,0.03451586980372667,0.010054605140892181,19.635423480736925,8.316774622327149,2.6643598030179816
4555,training,0.000535758095793426,0.01691556256264448,0.010054605140892181,19.56452871154459,8.353652254911704,2.6594777744040488
4556,training,0.0014164575841277838,0.041597976349294186,0.0027626028048990422,19.493720200002677,8.390598518189575,2.662801804137332
4557,training,0.003253246657550335,0.06349590979516506,0.0027626028048990422,19.405124247828358,8.43688976246664,2.6565484793987526
4558,training,0.0027962718158960342,0.0442487858235836,0.0027626028048990422,19.352038667181976,8.465059705457724,2.6503833013989277
4559,training,0.004964758176356554,0.11501782014966011,0.006899852482745338,19.299252455246975,8.493334217226707,2.651761162809996
4560,training,0.0014145025052130222,0.07036913931369781,0.006899852482745338,19.22882577476335,8.530864943652706,2.647825258046279
4561,training,0.001078520785085857,0.0694032795727253,0.006899852482745338,19.15835318206917,8.568578539416148,2.6566972591438893
4562,training,0.0005061397096142173,0.06350993178784847,0.006899852482745338,19.10516064037414,8.596292846272268,2.6660518726638864
4563,training,0.0011135655222460628,0.06136712105944753,0.013540561459505796,19.051880665020533,8.623445749179586,2.6735305934100673
4564,training,0.002030182396993041,0.00429589673876762,0.013540561459505796,18.980405494301447,8.659475627867682,2.6740912974650706
4565,training,0.0022851205430924892,0.002194325439631939,0.013540561459505796,18.92685152165765,8.686388097182153,2.6788537682800753
4566,training,0.0027457503601908684,0.013775896281003952,0.008067310667425456,18.873208046370152,8.713078235772322,2.6800297469821905
4567,training,0.0020164877641946077,0.03318605897948146,0.008067310667425456,18.783461678772397,8.75686937158802,2.698878337867791
4568,training,0.001541554694995284,0.01402199268341063,0.008067310667425456,18.69301588217059,8.799354639331295,2.7041676747992915
4569,training,0.0020476134959608316,0.03455600701272488,0.012180434033563186,18.638558730838973,8.824352305445771,2.722646711025252
4570,training,0.0005711250705644488,0.004011629149317743,0.012180434033563186,18.528530622991674,8.87164696705943,2.7427459096789994
4571,training,0.0014666627394035459,0.0365900443866849,0.012180434033563186,18.454859340309827,8.902409028267774,2.749024186426234
4572,training,0.002110208384692669,0.034217920154333115,0.004720806282456494,18.380961848520446,8.932452315097494,2.763438950473029
4573,training,0.002118845237419009,0.04605306964367628,0.004720806282456494,18.30657322304547,8.96161833532363,2.7711698197578642
4574,training,0.0012597243767231703,0.0004530278965830803,0.004720806282456494,18.213224677862314,8.996952498846696,2.788419849455208
4575,training,0.001180905383080244,0.0015948079526424408,0.0125832593957184,18.156908038208837,9.01772820418316,2.78657367845326
4576,training,0.0013609887100756168,0.03260860964655877,0.0125832593957184,18.082084122689164,9.045378073198354,2.7908934755142405
4577,training,0.0006200209027156234,0.035671330988407135,0.002216367664643605,17.988085774079725,9.078613775336477,2.8164657578400765
4578,training,0.0010656971717253327,0.04402695829048753,0.002216367664643605,17.931145949458035,9.097530961487506,2.820700379944808
4579,training,0.009753258898854256,0.06185486540198326,0.002216367664643605,17.855318869804638,9.122647672502792,2.8215523554525928
4580,training,0.003340994007885456,0.01481703296303749,0.002216367664643605,17.7984859412912,9.141724358422618,2.8127854985952054
4581,training,0.0012234484311193228,0.08121677860617639,0.01591601357918202,17.722876357476398,9.167751696762663,2.810470105494979
4582,training,0.0016419754829257727,0.023263372480869293,0.01591601357918202,17.647181362758015,9.192962265199784,2.832350582419925
4583,training,0.00048005382996052504,0.05081689916551113,0.01591601357918202,17.59007700964378,9.211140202085756,2.832938615078273
4584,training,0.0012167815584689379,0.004170825704932213,0.011225940800430679,17.49497041415945,9.24172494489754,2.828320305455616
4585,training,0.001840716227889061,0.031080208718776703,0.011225940800430679,17.400026411671977,9.272049788757032,2.8407189759533424
4586,training,0.003277042880654335,0.004886386916041371,0.011225940800430679,17.342747149273173,9.289317165112628,2.857175649421116
4587,training,0.0009773344499990344,0.09416576754301786,0.024332397750952275,17.24684899975056,9.316576213089611,2.8693217473343093
4588,training,0.0016386060742661357,0.07949847728013992,0.024332397750952275,17.169746520470316,9.337041418584056,2.897198682253118
4589,training,0.0015438464470207691,0.01411288557574153,0.016348439787476438,17.053245274495705,9.364382539015576,2.9216351700548135
4590,training,0.0012233663583174348,0.054410580545663834,0.016348439787476438,16.994666202214976,9.377465046355741,2.921716132029707
4591,training,0.00022009490930940956,0.014825334306806326,0.016348439787476438,16.936294040541938,9.390455053539508,2.9253550239052752
4592,training,0.0007229404291138053,0.021732797846198082,0.016348439787476438,16.85830362383433,9.407334391746716,2.9278772309961556
4593,training,0.0011647188803181052,0.009857877623289824,0.018573042267370197,16.780178836888975,9.424091400882908,2.933519050381457
4594,training,0.0004015610902570188,0.010125275701284409,0.018573042267370197,16.701926089519283,9.440580652243215,2.9337132672903725
4595,training,0.002895347774028778,0.03203525021672249,0.018573042267370197,16.66294967739832,9.448893875147554,2.9279149067145123
4596,training,0.001628640340641141,0.03941513551399112,0.04690031131968896,16.584789652853395,9.46602541346777,2.9277410346977835
4597,training,0.0003390178899280727,0.04752135369926691,0.04690031131968896,16.506727839949026,9.48305764351718,2.9253406671741624
4598,training,0.0013653405476361513,0.08593884855508804,0.04690031131968896,16.448304401035248,9.496118432280255,2.9157405165760077
4599,training,0.00041934981709346175,0.012024679686874151,0.04690031131968896,16.389804764879262,9.509839667988135,2.9077985406067737
4600,training,0.0004595122882165015,0.0240315031260252,0.061524739599730684,16.273350693057438,9.537839105481575,2.907034905468626
4601,training,0.0007922969525679946,0.0584956631064415,0.061524739599730684,16.21502699943978,9.551797012648066,2.906134624735902
4602,training,0.0005166521295905113,0.03400353901088238,0.03681889887900728,16.11791482738092,9.575061035818539,2.9054667798636267
4603,training,0.0002080604317598045,0.03548321779817343,0.03681889887900728,16.040300985885768,9.593774808493007,2.902127497013003
4604,training,0.0005636223359033465,0.009884590283036232,0.03681889887900728,15.962658843574667,9.612610553089773,2.9075166195202184
4605,training,0.0006280062953010201,0.027992811053991314,0.010948799670706503,15.90428309753124,9.626486034797987,2.908223222150486
4606,training,0.0007848500972613692,0.06297737546265125,0.010948799670706503,15.826599220608038,9.64474224481606,2.913565493569329
4607,training,0.00029057214851491153,0.028003272134810686,0.010948799670706503,15.729215614218699,9.666425063288168,2.931374172736689
4608,training,0.00043398316483944654,0.056938111782073975,0.03857384678926418,15.651187392764188,9.682826837123992,2.9329336750318054
4609,training,0.0004895788733847439,0.09096673037856817,0.03857384678926418,15.61197716782327,9.691253806170376,2.92639696449173
4610,training,0.0005113054066896439,0.023350302129983902,0.03857384678926418,15.534030080427994,9.70859389708209,2.919459352423782
4611,training,0.0006554287974722683,0.06539290025830269,0.03857384678926418,15.475474843077397,9.722246838200782,2.9052990492971222
4612,training,0.000619859027210623,0.08900745958089828,0.011179341253662965,15.39788944446271,9.741702175100746,2.8881617494957412
4613,training,0.0007882734062150121,0.017010793089866652,0.011179341253662965,15.339953013104756,9.756859523986234,2.8823900435264806
4614,training,0.0002906973531935364,0.04686981439590451,0.011179341253662965,15.28240628947411,9.772422963442716,2.865975578391331
4615,training,0.00033222633646801114,0.007999159395694733,0.02938230413000165,15.16792720654828,9.810209547416486,2.775720437625757
4616,training,0.0014327100943773985,0.03567858785390854,0.02938230413000165,15.093755068722361,9.84046205987911,2.7348855502789715
4617,training,0.0011018062941730022,0.04049265012145043,0.02938230413000165,15.020569984358465,9.873220913649776,2.70670438922035
4618,training,0.0016106811817735434,0.0535926278680563,0.0051152212125313064,14.966186970807579,9.898946955118896,2.693775477700139
4619,training,0.0015620182966813445,0.014128364622592926,0.0051152212125313064,14.894377041343677,9.93406608302373,2.680529870517028
4620,training,0.00043519603786990047,0.04348946362733842,0.0051152212125313064,14.840758841986759,9.961365525518824,2.660132366680531
4621,training,0.0013078013435006142,0.0019018203020095825,0.0051152212125313064,14.78775541427284,9.989834766100781,2.6367547549530466
4622,training,0.0006920905434526503,0.025603309273719774,0.013552848619626117,14.683598191095951,10.049559808752239,2.6088243240128666
4623,training,0.0003369931655470282,0.03167682141065599,0.013552848619626117,14.632235715579322,10.080414157667038,2.590593318713374
4624,training,0.0012601655907928944,0.0011069737374782632,0.013552848619626117,14.581274048989348,10.112520596311384,2.5669332535491622
4625,training,0.002305566566064954,0.02054443582892418,0.006653932713552904,14.481932454085776,10.179969039846895,2.527340161772089
4626,training,0.0016090039862319827,0.016250737011432648,0.006653932713552904,14.400728334213383,10.238310821474675,2.5124436729128474
4627,training,0.001094502629712224,0.002376209944486618,0.03892977007740557,14.32062039997327,10.29826085125399,2.484827027625924
4628,training,0.0012008239282295108,0.013320349156856537,0.03892977007740557,14.242247062815254,10.360380101218256,2.4601806333156984
4629,training,0.0007213710923679173,0.03029542975127697,0.03892977007740557,14.165478036419685,10.424613094671773,2.428971398540409
4630,training,0.000298305822070688,0.018739815801382065,0.05963796808480467,14.105388543339577,10.477354698059777,2.4165530456124427
4631,training,0.0008172198431566358,0.017358110286295414,0.05963796808480467,14.060557232847652,10.517374806634805,2.4075496640003746
4632,training,0.0008281494374386966,0.006700064986944199,0.05963796808480467,14.001418808731046,10.571150184943937,2.401029913934601
4633,training,0.000608948350418359,0.02779074758291245,0.05963796808480467,13.957395131130449,10.611830934651891,2.390043054825385
4634,training,0.0006097336299717426,0.02688075788319111,0.03402032536031294,13.899092968436081,10.666754164015682,2.3817101610590656
4635,training,0.0009509098017588258,0.003431089222431183,0.03402032536031294,13.841356207776267,10.722129293536954,2.3718967079385784
4636,training,0.0016875553410500288,0.018031159415841103,0.03402032536031294,13.770090428381632,10.792325013813642,2.355704861411976
4637,training,0.003790666814893484,0.049342818558216095,0.03402032536031294,13.727912566284528,10.834859307589474,2.3485953851896832
4638,training,0.001916686538606882,0.032738104462623596,0.006546563225734944,13.658184583710758,10.906614793117255,2.3345361429622447
4639,training,0.002658185316249728,0.01647308468818664,0.006546563225734944,13.58925626817807,10.979020828767531,2.331251874508487
4640,training,0.007609604392200708,0.03327637165784836,0.006546563225734944,13.519925690828948,11.050882449363641,2.3484906273722976
4641,training,0.0034188327845185995,0.0022797733545303345,0.0032909150244333535,13.477399297706771,11.093080812493929,2.37405656780128
4642,training,0.0030429759062826633,0.005096659064292908,0.0032909150244333535,13.419168343303845,11.147308896911868,2.4095158597268056
4643,training,0.0006147496751509607,0.009490422904491425,0.0032909150244333535,13.343575777749615,11.212088556065234,2.4577679289500907
4644,training,0.0008344961097463965,0.10045968927443027,0.014844814085666144,13.265053351377754,11.273445104014266,2.4981679940905037
4645,training,0.002372251357883215,0.030450277030467987,0.014844814085666144,13.200815056893035,11.321012589778,2.5069965568921853
4646,training,0.0008922565029934049,0.00023435801267623901,0.014844814085666144,13.152488696354547,11.356022155522165,2.529276363281699
4647,training,0.0012429310008883476,0.026729553937911987,0.014844814085666144,13.086341121260094,11.40041449802976,2.5700948665728283
4648,training,0.0011718934401869774,0.03274008631706238,0.03540359883603196,13.035607407393833,11.431679063103914,2.609819237373688
4649,training,0.0004920180654153228,0.04938821867108346,0.03540359883603196,12.948188523396135,11.478908842082896,2.6822066968386857
4650,training,0.0017799274064600468,0.025344524532556527,0.03540359883603196,12.857767931055793,11.521300892713533,2.7174033612712214
4651,training,0.0012252537999302149,0.05098901689052582,0.03241581652600364,12.784720562340212,11.553308407344074,2.7409293324881645
4652,training,0.00043200122308917344,0.06689713895320892,0.03241581652600364,12.710916506936154,11.583933207367512,2.752570826898437
4653,training,0.001223571365699172,0.08653241395950317,0.03241581652600364,12.61818301629108,11.6207656991596,2.7746694070381794
4654,training,0.001065630349330604,0.10174869745969772,0.023280796711856063,12.54337102956337,11.648365715977091,2.8014716227620737
4655,training,0.0001422983914380893,0.05080561712384224,0.023280796711856063,12.486834196803443,11.667855672803316,2.817290916460874
4656,training,0.0007441055495291948,0.07265314273536205,0.023280796711856063,12.429990214334065,11.686623917478535,2.825935217559368
4657,training,0.0006583537324331701,0.0310734361410141,0.011149509944746054,12.353969046697262,11.710696859027726,2.8434961446431593
4658,training,0.000432429660577327,0.03974444232881069,0.011149509944746054,12.296651591427661,11.72813709226139,2.847972207770396
4659,training,0.0004373550182208419,0.0026521943509578705,0.011149509944746054,12.239288865530899,11.745344628414298,2.851432981361214
4660,training,0.00016347135533578694,0.05740644410252571,0.014556893968902836,12.16275195890129,11.768335277400638,2.845695640392381
4661,training,0.0005113986553624272,0.08427311852574348,0.014556893968902836,12.067174986925002,11.797050204908254,2.8581891469839262
4662,training,0.0020293882116675377,0.01572936400771141,0.014556893968902836,12.0096179299535,11.81344756333707,2.8711735267822136
4663,training,0.0019277549581602216,0.0012674573808908463,0.014556893968902836,11.93258891450272,11.834452190979817,2.8747778882382593
4664,training,0.0018688945565372705,0.013514144346117973,0.017809569690965314,11.874747591618952,11.850222545793699,2.875705517187844
4665,training,0.0014744121581315994,0.000211221631616354,0.017809569690965314,11.816951860263464,11.866127142765105,2.869450648544709
4666,training,0.00048050834448076785,0.025420410558581352,0.017809569690965314,11.740040739091233,11.88766576802632,2.866880708544951
4667,training,0.0011605510953813791,0.02459801360964775,0.007547255316439127,11.643903056849405,11.914519240904427,2.87200198892666
4668,training,0.0015355421928688884,0.01999177131801844,0.007547255316439127,11.586089583722206,11.930654299372907,2.8664842057607567
4669,training,0.0010306756012141705,0.015123902820050716,0.007547255316439127,11.490130123279805,11.95751182213883,2.8750328761643695
4670,training,0.0013175723142921925,0.0014037173241376877,0.010401172999623266,11.432356378704057,11.973110022073408,2.88004859679419
4671,training,0.0007381777977570891,0.011261755600571632,0.010401172999623266,11.355243396560237,11.993589407009228,2.881407193370479
4672,training,0.0029872755985707045,0.028971669264137745,0.010401172999623266,11.297265039044905,12.009038373090826,2.8815187215992113
4673,training,0.0015471922233700752,0.026545479893684387,0.021361886022786106,11.200687070975658,12.03430321281044,2.8912961544018945
4674,training,0.00033008353784680367,0.06776151061058044,0.021361886022786106,11.123255752456888,12.053468109686088,2.906705001392079
4675,training,0.00045817240606993437,0.07610611990094185,0.021361886022786106,11.045606717656321,12.07190404564769,2.9023917813470974
4676,training,0.0012302144896239042,0.013443278148770332,0.010065134127934977,10.987292081913058,12.086467619207049,2.8914955419877146
4677,training,0.0008819002541713417,0.060563625767827034,0.010065134127934977,10.871324985363657,12.116147954196672,2.897381849059752
4678,training,0.0008589679491706192,0.012126047164201736,0.010065134127934977,10.793753708548635,12.135739494221605,2.8896389895665706
4679,training,0.0008793753804638982,0.07243946567177773,0.013386286628289782,10.716546197964169,12.155632757009862,2.892340985368917
4680,training,0.00039153810939751565,0.09246921725571156,0.013386286628289782,10.658572364522811,12.170397052601704,2.88882457329241
4681,training,0.000790400430560112,0.08662149542942643,0.013386286628289782,10.600481070704145,12.185621567544217,2.882122538468075
4682,training,8.071670890785754e-05,0.05706942826509476,0.02390365339533386,10.484681540152437,12.216732624564623,2.877594554494084
4683,training,0.0002655235293786973,0.09217775659635663,0.02390365339533386,10.426949251207223,12.232199328054753,2.8826405092372798
4684,training,0.00025194426416419446,0.042372070252895355,0.02390365339533386,10.369082306233032,12.247419084362413,2.883654843442872
4685,training,0.0005841648089699447,0.03110881894826889,0.006547772893181458,10.311089305308423,12.262604489701813,2.888996448244445
4686,training,0.00047940213698893785,0.001303158700466156,0.006547772893181458,10.233743815884733,12.281760660451678,2.9106366875789917
4687,training,0.005394435953348875,0.010244868695735931,0.006547772893181458,10.17537234372587,12.295220404223048,2.9181129734297353
4688,training,0.0009986974764615297,0.02842116542160511,0.006547772893181458,10.097377667377273,12.312512652653252,2.9308798478003943
4689,training,0.0005466844886541367,0.0035749822854995866,0.023726528957361083,10.019277256605088,12.32857593801992,2.946381593565563
4690,training,0.0024857257958501577,0.038314640522003174,0.023726528957361083,9.960541515116676,12.33961512048004,2.965030197378541
4691,training,0.0017075726063922048,0.02609494701027871,0.023726528957361083,9.881698334562362,12.352914217421064,2.982192573563979
4692,training,0.0031906263902783394,0.04745578020811081,0.009385519062432292,9.80275318775668,12.365003441285412,2.9979852498301556
4693,training,0.0014527835883200169,0.0814544940367341,0.009385519062432292,9.723691298544896,12.375968815567994,3.0073418034203145
4694,training,0.0008891542092896998,0.071658194065094,0.009385519062432292,9.644451671523097,12.38676557557095,3.0044011249850375
4695,training,0.001983629772439599,0.004114730283617973,0.010808737489798517,9.60474513310776,12.392251960101552,3.0041107822034276
4696,training,0.0008943162974901497,0.07958328351378441,0.010808737489798517,9.52568798950724,12.40302346052236,3.0100943352060274
4697,training,0.00019496941240504384,0.06696879118680954,0.010808737489798517,9.466098145997512,12.411015002740568,3.004188361365965
4698,training,0.0003629891434684396,0.16431270912289622,0.010808737489798517,9.406966468773795,12.418315114943965,3.0436246765504804
4699,training,0.0010708477348089218,0.0832594111561775,0.03399463653539808,9.34755227215009,12.422591767488386,3.0969222406658257
4700,training,0.0023161605931818485,0.04490854311734437,0.03399463653539808,9.248058805115228,12.423826747689025,-3.1277766566653367
4701,training,0.0011089693289250135,0.04891933128237724,0.03399463653539808,9.188291064394939,12.422295083462318,-3.1071935605299617
4702,training,0.0015006728935986757,0.025122780352830887,0.03548935211140225,9.108569073006167,12.418999139769367,-3.0956510795068506
4703,training,0.0007901092758402228,0.01415404211729765,0.03548935211140225,9.008780532078141,12.414382385206066,-3.0947948213609964
4704,training,0.00052692333701998,0.022020998876541853,0.03548935211140225,8.948812470162084,12.411641824613053,-3.0982840202045345
4705,training,0.0006593602593056858,0.024285001680254936,0.030028919222733694,8.888946877326992,12.409058327787207,-3.0988716522632647
4706,training,0.0006050964584574103,0.022303355857729912,0.030028919222733694,8.829071929883641,12.406592232478637,-3.101947525495492
4707,training,0.0003990544064436108,0.02032391168177128,0.030028919222733694,8.749094290963066,12.403553210320196,-3.1068468845164716
4708,training,0.0002639354206621647,0.007973687723279,0.030028919222733694,8.669195195844274,12.400902961626981,-3.1104604870124555
4709,training,0.00041788307134993374,0.003978444263339039,0.019481507876052857,8.589310912901468,12.398658537319212,-3.11583933877045
4710,training,0.0002587713534012437,0.00393641646951437,0.019481507876052857,8.529280430731694,12.397278880697725,-3.121883498652937
4711,training,0.001321056392043829,0.007939341943711042,0.019481507876052857,8.449307687625558,12.395864164460098,-3.1268489599851166
4712,training,0.00029952562181279063,0.007917810697108507,0.01764328246085509,8.389455784404724,12.395021502461056,-3.1273338722815254
4713,training,0.0032751807011663914,0.010298516193870455,0.01764328246085509,8.289533807762577,12.393681919934115,-3.1291332681456514
4714,training,0.004952518735080957,0.026657724753022194,0.01764328246085509,8.209578083560569,12.392692087746013,-3.1295169744703193
4715,training,0.0015416017267853022,0.0774191077798605,0.014248455070489524,8.109661224495285,12.391423081904536,-3.128995886714087
4716,training,0.001459251157939434,0.009686227887868881,0.014248455070489524,8.029613131570247,12.390534909158829,-3.1338389519620957
4717,training,0.0016987196868285537,0.013480070978403091,0.014248455070489524,7.949638497768068,12.389482484372671,-3.119679138477363
4718,training,0.0003158396575599909,0.017590291798114777,0.016748943566233607,7.869913327368889,12.387169711258796,-3.104726379249787
4719,training,0.0004303090972825885,0.015559786465018988,0.016748943566233607,7.809944163446455,12.38470289082619,-3.098339110848758
4720,training,0.00035182025749236345,0.0024141548201441765,0.016748943566233607,7.690282692064366,12.379098786533795,-3.093673447514777
4721,training,0.000482714269310236,0.018152535194531083,0.006957828388745007,7.630381670868694,12.376169885413939,-3.0927889118914087
4722,training,0.0017219798173755407,0.01675427844747901,0.006957828388745007,7.530585511113922,12.371333354761862,-3.093487509894269
4723,training,0.0011236346326768398,0.02672598324716091,0.010981415518714255,7.450768218371779,12.367588042874976,-3.095185087574983
4724,training,0.0005337540060281754,0.030688221100717783,0.010981415518714255,7.390799127365461,12.364877582413563,-3.098346024216379
4725,training,0.0011321182828396559,0.03340008109807968,0.010981415518714255,7.330934446339826,12.362272081881216,-3.09841564903209
4726,training,0.000882117310538888,0.009060842916369442,0.010981415518714255,7.271076613685071,12.359776462982978,-3.1012468515222604
4727,training,0.0015440508723258972,0.023547211661934856,0.0031920213275377276,7.171180148995125,12.356077722250584,-3.1093877782144923
4728,training,0.0030501740984618664,0.01715533039532602,0.0031920213275377276,7.071245979073244,12.353236742909546,-3.1172931827815065
4729,training,0.003274165093898773,0.012874506413936615,0.0031920213275377276,6.971320004026674,12.35091773970051,-3.119405446591032
4730,training,0.0009533423581160605,0.048477694392204285,0.00717995542098551,6.911400821881887,12.349359666909994,-3.1107854736081535
4731,training,0.001234498806297779,0.020200659520924088,0.00717995542098551,6.851624723439033,12.347283648521671,-3.102405005876459
4732,training,0.0005124664166942239,0.045920779928565025,0.00717995542098551,6.771761851790797,12.34372424279652,-3.0932506936494617
4733,training,0.0006187193212099373,0.0676970686763525,0.005518470542586278,6.711995450295255,12.340654584773668,-3.088347965374374
4734,training,0.0006422034348361194,0.026041656732559204,0.005518470542586278,6.632412004426076,12.335748972623154,-3.0682672448907926
4735,training,0.0007249175105243921,0.1194988898932934,0.011719132947978836,6.512859309149259,12.326131607013409,-3.058035921161583
4736,training,0.0007479158230125904,0.04865565244108439,0.011719132947978836,6.453354047625149,12.320661684052894,-3.0403341375341757
4737,training,0.0009523042244836688,0.026784677058458328,0.011719132947978836,6.393970675571479,12.314047206401932,-3.023984275893332
4738,training,0.002590528456494212,0.061291806399822235,0.016521630049596156,6.275191595806252,12.29885818334304,-3.006167052897354
4739,training,0.0014018117217347026,0.10334120690822603,0.016521630049596156,6.2158717969696955,12.290389008335259,-2.9919556204544517
4740,training,0.0008367225527763367,0.036849744617938995,0.016521630049596156,6.137123089663408,12.277509393228499,-2.965931650004066
4741,training,0.0015669891145080328,0.016629125922918316,0.016521630049596156,6.058747020078735,12.263042675792102,-2.9570301185885928
4742,training,0.0013940369244664907,0.056394217535853386,0.03318553000389051,5.99975678760475,12.252077475604466,-2.9597125267381585
4743,training,0.0005614489200524986,0.025049442425370216,0.03318553000389051,5.9211481877692425,12.237460367405204,-2.9497092366912145
4744,training,0.0011090399930253625,0.019694305025041103,0.03318553000389051,5.862460690592876,12.225785221589863,-2.9430582659069686
4745,training,0.0014942630659788847,0.04010818060487509,0.0068607736565404,5.784061772552349,12.2099870909345,-2.9443581713187057
4746,training,0.001580680487677455,0.06269900128245354,0.0068607736565404,5.72503800118579,12.19842948774156,-2.952769399884565
4747,training,0.00046770626795478165,0.011631972156465054,0.0068607736565404,5.66643069629139,12.187214021645069,-2.9497975689655753
4748,training,0.0010195182403549552,0.01075737550854683,0.0068607736565404,5.5879728568532645,12.171726938170247,-2.9456956394780662
4749,training,0.0004654441145248711,0.03726776409894228,0.014137058016488086,5.528995801580539,12.160208661001853,-2.9529367288503736
4750,training,0.0007676621316932142,0.02656622417271138,0.014137058016488086,5.450415568662911,12.145667779106965,-2.966223438208787
4751,training,0.000747183570638299,0.05175386276096105,0.014137058016488086,5.37158027574881,12.132186571024084,-2.9782649061184965
4752,training,0.002211125800386071,0.01824444904923439,0.020317982803647487,5.292462137655791,12.119755765958436,-2.9930726573112887
4753,training,0.0018754086922854185,0.027026576921343803,0.020317982803647487,5.233120107087458,12.111079716787934,-2.997486444842471
4754,training,0.0015917213167995214,0.011408235877752304,0.020317982803647487,5.134300945015642,12.096631975021625,-2.996871467903012
4755,training,0.002728166524320841,0.012544294819235802,0.028346034959891474,5.075086255015169,12.087780854636335,-2.9877713546899
4756,training,0.0009354989160783589,0.00863195210695266,0.028346034959891474,4.996203187808783,12.075072742983748,-2.9755117463217307
4757,training,0.0009891018271446228,0.02497139200568199,0.028346034959891474,4.917596622781925,12.061193542902341,-2.95737621422471
4758,training,0.0011593187227845192,0.017060235142707818,0.012256811149498418,4.8196519996254255,12.0420198350024,-2.942452567781341
4759,training,0.0010241061681881547,0.01166268065571785,0.012256811149498418,4.741579073997251,12.025564096221638,-2.9248864911283015
4760,training,0.0007340691518038511,0.03455460071563721,0.012256811149498418,4.683085137174076,12.01224144447308,-2.9090538345530557
4761,training,0.0008950568735599518,0.01058226078748703,0.022972955167982683,4.625146708606821,11.997778465406366,-2.8832311353515623
4762,training,0.0032296518329530954,0.009153440594673157,0.022972955167982683,4.567500116970848,11.981850088457973,-2.8610743162251056
4763,training,0.002030312782153487,0.012236125767230988,0.022972955167982683,4.491064397797276,11.958585968754212,-2.830606128888517
4764,training,0.001801530597731471,0.005653962492942824,0.022972955167982683,4.415703352734355,11.932849566096781,-2.7945698425608607
4765,training,0.005524897947907448,0.024036429822444916,0.03007471008166778,4.322626362398708,11.897294354883506,-2.759530923090538
4766,training,0.002472509862855077,0.0431848019361496,0.03007471008166778,4.249155326347661,11.86657253769571,-2.729522061872778
4767,training,0.0011612368980422616,0.06564615853130817,0.051194281493381136,4.1945953746445275,11.84197749868616,-2.7075606551000373
4768,training,0.002335328608751297,0.09327748790383339,0.051194281493381136,4.087334146803026,11.789144217728484,-2.661900736448698
4769,training,0.0006527899531647563,0.04825377371162176,0.051194281493381136,4.034845956470529,11.760841255363333,-2.633115860471792
4770,training,0.0004688836052082479,0.10534332226961853,0.04965292658494014,3.965597434327808,11.721116931917543,-2.610697111697438
4771,training,0.000847100222017616,0.11156423762440681,0.04965292658494014,3.9144868804085884,11.69027980674856,-2.585669527548585
4772,training,0.0005817613564431667,0.06242632120847702,0.04965292658494014,3.8311820629380633,11.63572501144525,-2.538014282969802
4773,training,0.0022044600918889046,0.06899614166468382,0.03371010071723115,3.766236350294046,11.589504952442118,-2.508787821816648
4774,training,0.0005892095505259931,0.037439536303281784,0.03371010071723115,3.7181540657987577,11.553561551612058,-2.4904633589734377
4775,training,0.0018982859328389168,0.006645601242780685,0.03371010071723115,3.6394315942143125,11.492221981920478,-2.471483230022952
4776,training,0.0009637700859457254,0.06518475711345673,0.03371010071723115,3.5926415844023993,11.454992397664032,-2.4706439662975925
4777,training,0.0006480489391833544,0.04054663889110089,0.015651303431402534,3.530340604857335,11.405058340793916,-2.457083752392361
4778,training,0.0005448972806334496,0.013744737952947615,0.015651303431402534,3.468809709244483,11.354029460850777,-2.4426913566106867
4779,training,0.00048636170686222613,0.10819846764206886,0.015651303431402534,3.4077235225095386,11.302474881810094,-2.442561573228367
4780,training,0.0007305216859094799,0.07015271484851837,0.015651303431402534,3.3621758926911847,11.263880997083472,-2.431489820299248
4781,training,0.0009757932275533676,0.11051218211650848,0.011091714236177682,3.3018390555204995,11.211484378970908,-2.426129795464189
4782,training,0.0006187588442116976,0.08455878682434559,0.011091714236177682,3.2566970098644363,11.172002285763158,-2.419789083697957
4783,training,0.000644673767965287,0.134988933801651,0.011091714236177682,3.1969586565827237,11.119123079759186,-2.4136239920383584
4784,training,0.0008667039219290018,0.12149918079376221,0.011896818744038556,3.1031733810247575,11.042163676540397,-2.517032570991193
4785,training,4.7180670662783086e-05,0.06587328016757965,0.011896818744038556,3.036141303788346,10.9976387179458,-2.593693304364524
4786,training,0.0002954548108391464,0.039746759459376335,0.011896818744038556,2.9484728185520828,10.948557851995801,-2.6656098762977876
4787,training,0.0007036049501039088,0.1277356781065464,0.01712045446546912,2.858525606189737,10.904450560869627,-2.702535317085535
4788,training,0.000544381036888808,0.14195425435900688,0.01712045446546912,2.785800190769195,10.871057002468344,-2.716596559170469
4789,training,0.0023557604290544987,0.09746013768017292,0.01712045446546912,2.731066255600166,10.84662233795432,-2.726520787505075
4790,training,0.0005835163174197078,0.0013749450445174893,0.0054996535614575464,2.639826010596582,10.806056738442624,-2.7165274781559177
4791,training,0.00011225011257920414,0.045105442404746995,0.0054996535614575464,2.585796060911539,10.780697548525211,-2.6824212605117532
4792,training,0.0003234012401662767,0.004350706934928922,0.0054996535614575464,2.497908858648334,10.734144929495828,-2.626374981714353
4793,training,7.035871385596693e-05,0.03817972540855405,0.029857497088875383,2.4302652128579862,10.692475322604762,-2.5502292276752723
4794,training,0.000576973776333034,0.10510580241680145,0.029857497088875383,2.3662829796799176,10.64568428360906,-2.469780134624117
4795,training,0.00041165691800415516,0.052461832761764526,0.029857497088875383,2.3057985102297076,10.594227533900298,-2.403837226739664
4796,training,0.0003955428546760231,0.04826454818248749,0.07915107456425934,2.2485115138623737,10.539108323643744,-2.3477090711252595
4797,training,0.0004703640006482601,0.027282238006591797,0.07915107456425934,2.208314286224274,10.49547252156328,-2.2799864669628036
4798,training,0.00023177015827968717,0.05423419177532193,0.07915107456425934,2.170922628178372,10.44905724393665,-2.2226645739157607
4799,training,0.0010024465154856443,0.018361851572990417,0.12724516856690424,2.125036040016757,10.384340726681895,-2.1497031127288344
4800,training,0.00025289671611972153,0.03982535004615784,0.12724516856690424,2.0938795853258725,10.33370631766675,-2.09442836970591
4801,training,0.0003404523304197937,0.03149624913930893,0.12724516856690424,2.065240025391501,10.281309192857975,-2.051760411918309
4802,training,0.0003897380083799362,0.04128887504339218,0.09705948891979177,2.022032146126142,10.191844443106966,-1.9909575658634218
4803,training,0.0004222380230203271,0.012875348329544067,0.09705948891979177,1.9914528017416224,10.118429206949907,-1.9387209635438514
4804,training,0.000938105396926403,0.01723699271678923,0.09705948891979177,1.9710267172322256,10.062345852103299,-1.9012691855109092
4805,training,0.00018255418399348855,0.059239063411951065,0.09705948891979177,1.952495907947397,10.005714504850012,-1.8769519208924346
4806,training,0.00021836929954588413,0.03719544783234596,0.0509856949918068,1.9184199653824545,9.890981426532793,-1.843159429852741
4807,training,0.0005603921017609537,0.023613397032022462,0.0509856949918068,1.8978486098946814,9.813846697396563,-1.8192576468729804
4808,training,0.00043210634612478316,0.028527919203042984,0.011107284222061631,1.8790760486258984,9.736132347706803,-1.7959259036902895
4809,training,0.00020807053078897297,0.03396575339138508,0.011107284222061631,1.857628012022264,9.638573499711464,-1.782583151346112
4810,training,0.00023815609165467322,0.022695901803672314,0.011107284222061631,1.8411795183503292,9.560400211139541,-1.7735067952805084
4811,training,0.00023195554967969656,0.01244424283504486,0.01492501647872781,1.8293795480763468,9.501786410605181,-1.7648473105563667
4812,training,0.0005154298851266503,0.015645653707906604,0.01492501647872781,1.8181310076685566,9.442789582640787,-1.7532081071600731
4813,training,9.719724766910076e-05,0.03340853564441204,0.01492501647872781,1.8039622346230708,9.364210636085113,-1.7489339172463114
4814,training,0.00016037101158872247,0.006750991567969322,0.01492501647872781,1.7932575748588968,9.305249646734351,-1.7521818382883223
4815,training,0.000193545944057405,0.006132852286100388,0.014211741026251066,1.7751665369705998,9.206939998181937,-1.753387360441765
4816,training,0.0003376969543751329,0.015180743299424648,0.014211741026251066,1.7576411096778355,9.108602743136407,-1.740148719243804
4817,training,0.00041672406950965524,0.012125305831432346,0.020688964153925425,1.7476337393127166,9.049422098228234,-1.7371435227299519
4818,training,0.000265972368652001,0.0036517828702926636,0.020688964153925425,1.7377816150917331,8.99039255826627,-1.7342758731688448
4819,training,0.00021372188348323107,0.03273935243487358,0.020688964153925425,1.7248912006546138,8.911434483836587,-1.7332310842433716
4820,training,0.00046651766751892865,0.01673956494778395,0.020688964153925425,1.7152815984216068,8.852248806799338,-1.7288448490758488
4821,training,0.00145420350600034,0.007379572838544842,0.0124312073142982,1.703079697459071,8.773397009105578,-1.718426150566969
4822,training,0.0006350932526402175,0.06598850898444653,0.0124312073142982,1.6944987421695217,8.714035666485756,-1.7115344338307994
4823,training,0.000302862492389977,0.03050132468342781,0.0124312073142982,1.6837365187414413,8.634876017294147,-1.7007528373964789
4824,training,0.0005181897431612015,0.004378898069262505,0.01047974312022908,1.6733578920972685,8.555656878034892,-1.7029858411951488
4825,training,0.0001445584639441222,0.051149290055036545,0.01047974312022908,1.6597214448669262,8.456650819279943,-1.7120135762229522
4826,training,0.0002449411840643734,0.042637044563889503,0.01047974312022908,1.648749241791277,8.377636852176757,-1.7012650592611884
4827,training,0.0005440870299935341,0.01604512333869934,0.005038191212684024,1.6413828413997258,8.318190755051843,-1.6878521994966706
4828,training,0.0003582634381018579,0.0005914308130741085,0.005038191212684024,1.6302773654935383,8.219057676140565,-1.6806364920882713
4829,training,0.00036205025389790535,0.004230287857353691,0.005038191212684024,1.6212718332115983,8.139578014270691,-1.6885081194840414
4830,training,0.0009777472587302327,0.004888651426881551,0.018589080455371845,1.611489515859433,8.060302679715344,-1.6972017248418523
4831,training,0.0006983958301134408,0.037069314159452915,0.018589080455371845,1.60386102536411,8.000775024715798,-1.7004105601999235
4832,training,0.0005957976682111621,0.0011388435959816014,0.018589080455371845,1.59358896488575,7.921491019733978,-1.6974520310492112
4833,training,0.0006556165753863752,0.06337191723287106,0.00358143320785722,1.5861355182171475,7.862151520629476,-1.692982866905523
4834,training,0.0010093245655298233,0.02170783281326294,0.00358143320785722,1.5762955502678464,7.782757206100908,-1.7010414670818088
4835,training,0.00035440290230326355,0.01923653343692422,0.00358143320785722,1.5658373623082276,7.703520628780812,-1.702862300196891
4836,training,0.0011427340796217322,0.008638715371489525,0.00358143320785722,1.5579032479744683,7.644140359331941,-1.7043880267235776
4837,training,0.0003085231874138117,0.001447964459657669,0.00992341319763965,1.5424091573413914,7.5252845407412465,-1.6939169417419464
4838,training,0.00043959368485957384,0.005947494879364967,0.00992341319763965,1.5351826344976558,7.4658282132126095,-1.689931659200939
4839,training,0.0007212964701466262,0.0638047382235527,0.009803348018552087,1.523790451536514,7.366623066039379,-1.6817627133641269
4840,training,0.0005352025618776679,0.07772433198988438,0.009803348018552087,1.5172057200112599,7.306999206613023,-1.6835766368626441
4841,training,0.00034612786839716136,0.010055370628833778,0.009803348018552087,1.5028881444639353,7.187957730170226,-1.6966064994844883
4842,training,0.000357058277586475,0.03863837011158466,0.01599411950493684,1.4956676699373528,7.1285690898726894,-1.6851692872007074
4843,training,0.0008664859342388809,0.0027146227657794952,0.01599411950493684,1.489271622862284,7.069039153580942,-1.6710306876919614
4844,training,0.00036206262302584946,0.04051572643220425,0.01599411950493684,1.4821874153135033,6.9896236579813795,-1.6495084545793512
4845,training,0.0012997370213270187,0.00015400350093842247,0.01599411950493684,1.4766811044526578,6.909976716264678,-1.6292160003779521
4846,training,0.0007354537956416607,0.011861005797982216,0.014115222463161206,1.471674965066819,6.810317549803684,-1.6128021085574848
4847,training,0.0009045511251315475,0.019147487357258797,0.014115222463161206,1.4693904931472723,6.750513518595375,-1.6055936816287157
4848,training,0.0003376185486558825,0.00796380965039134,0.014115222463161206,1.4675523073893648,6.69069517702549,-1.5992469615643385
4849,training,0.0003082609036937356,0.011985850520431995,0.01810306489616382,1.4649046055628998,6.590840913697345,-1.5959904065794157
4850,training,0.000500095949973911,0.03368373587727547,0.01810306489616382,1.463438099967733,6.530895604819758,-1.593847677035621
4851,training,0.0006469012587331235,0.01652140822261572,0.01810306489616382,1.4619105269439843,6.451133097494521,-1.5868920174875876
4852,training,0.0002734079025685787,0.0069877393543720245,0.026816225156211813,1.4610796588068298,6.391149765640092,-1.5828127780328665
4853,training,0.00021540626767091453,0.016462083905935287,0.026816225156211813,1.460097179092036,6.3112482073235,-1.5833197874226494
4854,training,0.0003348623577039689,0.01747345132753253,0.026816225156211813,1.4590911225117178,6.231384977646373,-1.5844044735785958
4855,training,0.0007576156058348715,0.024011426605284214,0.02525370062904805,1.4580757119381274,6.151565583779917,-1.583713107286953
4856,training,0.0009776504011824727,0.00038512563332915306,0.02525370062904805,1.4574055754419792,6.091538648152863,-1.5793388429750748
4857,training,0.0007377692381851375,0.005239855032414199,0.02525370062904805,1.4569493960757458,6.031685298272804,-1.5784390265251207
4858,training,0.0012574378633871675,0.010683864820748568,0.026117504924430577,1.4561884513766574,5.931753706365578,-1.580533127123367
4859,training,0.002647584304213524,0.023102745413780212,0.026117504924430577,1.4551281810953136,5.831841582539017,-1.5829254585582413
4860,training,0.0006693370523862541,0.06945910304784775,0.024844555986854432,1.4541677992040731,5.751946721887968,-1.5832810408373759
4861,training,0.0008659725426696241,0.05736646614968777,0.024844555986854432,1.4523232166542905,5.651924418878216,-1.5971110696583108
4862,training,0.0004805457137990743,0.056803761050105095,0.024844555986854432,1.4505268675850647,5.591880468673033,-1.6037673138064115
4863,training,0.00023828666599001735,0.0428750766441226,0.024036962730738885,1.447698419847912,5.512029409154193,-1.609271601377393
4864,training,0.00022317403636407107,0.0005850978195667197,0.024036962730738885,1.4437212230232823,5.412210160113837,-1.6132810148814523
4865,training,0.0007895317394286394,0.04257589904591441,0.024036962730738885,1.4413504620219062,5.35225477473015,-1.605355644765254
4866,training,0.00048112531658262014,0.0271473191678524,0.022231156256967043,1.4386492776329665,5.272398884004522,-1.605398312268308
4867,training,0.0007708226912654936,0.03270649537444115,0.022231156256967043,1.4358600365630918,5.192554888815195,-1.606766117353914
4868,training,0.0001302552263950929,0.029816236346960068,0.022231156256967043,1.4330345570935974,5.112768603541422,-1.6071104049806253
4869,training,0.000591096468269825,0.039991072146221995,0.017954611241657464,1.4294172285474447,5.0129561774528995,-1.6078014803899525
4870,training,0.0004757890128530562,0.04043913399800658,0.017954611241657464,1.4264935467416102,4.93306557529867,-1.6068792378156367
4871,training,0.0006733981426805258,0.04002947127446532,0.01910372971898684,1.4227889577528385,4.833199897254009,-1.6088768216627456
4872,training,0.000330774812027812,0.032114545290824026,0.01910372971898684,1.4204030162872776,4.773293154853903,-1.6123074596184197
4873,training,0.00021971114620100707,0.018589741550385952,0.01910372971898684,1.4170825353139225,4.693520549934047,-1.6135855444453233
4874,training,0.00046841049334034324,0.047516586259007454,0.01910372971898684,1.4146008009710005,4.633574932053807,-1.610157796194744
4875,training,7.926828402560204e-05,0.03775929473340511,0.011626854081371487,1.4120760553038385,4.573648497618627,-1.6173783147779281
4876,training,0.0003110451507382095,0.01934894872829318,0.011626854081371487,1.4068783271470728,4.473828699239617,-1.6294068404180646
4877,training,0.0004196647787466645,0.009224846959114075,0.011626854081371487,1.403344059195422,4.413954192467733,-1.6302862137124405
4878,training,0.0007383786141872406,0.015833014622330666,0.012231374632797744,1.3997215066808224,4.354105951829842,-1.6317707187738857
4879,training,0.0001710128999548033,0.004855124279856682,0.012231374632797744,1.3948831293859412,4.274381746499189,-1.6325118598545454
4880,training,0.0004616088408511132,0.0013365615159273165,0.012231374632797744,1.3902476575387912,4.194684599187239,-1.6259396932449923
4881,training,0.00011484773131087422,0.007893959060311317,0.015208612270273406,1.3850540884920002,4.094980449252701,-1.6203777175032776
4882,training,0.0002596214471850544,0.007593068876303732,0.015208612270273406,1.3821887145757972,4.035058928635115,-1.6158106456558328
4883,training,0.00041624571895226836,0.0009212763980031013,0.015208612270273406,1.3787704992998626,3.9552042014316164,-1.6142116571302794
4884,training,0.0003712162433657795,0.030899424105882645,0.012687146591168484,1.3744668362952264,3.8554202979973264,-1.6149620888332548
4885,training,0.0004062322259414941,0.03496830025687814,0.012687146591168484,1.371855398788009,3.795547302292325,-1.6144654692950315
4886,training,5.1303879445185885e-05,0.007733182515949012,0.012687146591168484,1.3691861378962271,3.735629376864466,-1.6161155706428716
4887,training,0.0003244393737986684,0.0023651830852031673,0.03969403144793702,1.36565312997578,3.655882069814144,-1.6150650198986287
4888,training,0.0005846821004524827,0.011262064799666405,0.03969403144793702,1.362945052399354,3.5959754642320094,-1.6187689871503366
4889,training,0.0004216463421471417,0.08459819108247757,0.03969403144793702,1.35875463144068,3.516148809415284,-1.6263508103059796
4890,training,0.0008177002309821546,0.04930455610156059,0.03969403144793702,1.355738330963698,3.4564402810316626,-1.6162972427612277
4891,training,0.0009425778407603502,0.054832758381962776,0.021323503534618243,1.3520416588634745,3.3567435811308446,-1.6004975283700382
4892,training,0.002015843288972974,0.011375132016837597,0.021323503534618243,1.3505122761759945,3.2967634185191104,-1.5913753576369551
4893,training,0.002852932084351778,0.011074008420109749,0.021323503534618243,1.3489510950353207,3.196942494907782,-1.5813360455434433
4894,training,0.0005388255231082439,0.010122692212462425,0.008411409024730676,1.3484552109983245,3.097142304896874,-1.5692923050135963
4895,training,0.0018888963386416435,0.044572073966264725,0.008411409024730676,1.3488265342369792,3.017302571837665,-1.563689703498543
4896,training,0.0006867966149002314,0.023119233548641205,0.01186901725411652,1.3497643383935123,2.917349291299762,-1.561600249552547
4897,training,0.0014050034806132317,0.028011735528707504,0.01186901725411652,1.3511262568548907,2.8375199370154314,-1.543720979060073
4898,training,0.0009941582102328539,0.00494430772960186,0.01186901725411652,1.354008781757151,2.7576679951448364,-1.5255053564306884
4899,training,0.0006010276265442371,0.030373215675354004,0.007133834350622381,1.3604905247131975,2.6380350026510624,-1.5097917725150158
4900,training,0.00030468296608887613,0.03285139799118042,0.007133834350622381,1.3672123330558397,2.5383741119702714,-1.4960854515826163
4901,training,0.0003343932912684977,0.04656358947977424,0.004524920037156212,1.371809724781614,2.4784121268168215,-1.493623077457492
4902,training,0.0002813093888107687,0.05791355483233929,0.004524920037156212,1.3779753993748034,2.3987600359512937,-1.494894721728555
4903,training,0.0004320208390709013,0.05083938129246235,0.004524920037156212,1.3824368681665098,2.3389663641075584,-1.4981134629917003
4904,training,0.0007084285607561469,0.015076193027198315,0.004524920037156212,1.3866943962353706,2.2789765805483815,-1.5015378059796034
4905,training,0.0004882419016212225,0.04486521100625396,0.0019842877752338467,1.390905733047812,2.2193572840675713,-1.4984595356606185
4906,training,0.001191187184303999,0.0519003770314157,0.0019842877752338467,1.3983297373581458,2.1196820180914773,-1.494736903207093
4907,training,0.0006773796631023288,0.10110870469361544,0.0019842877752338467,1.4028777010295483,2.0597237035135034,-1.4947771134603083
4908,training,0.0004670440102927387,0.027278896421194077,0.009018093221340012,1.4088336292211812,1.9799848144307675,-1.498599847612705
4909,training,0.0006932825781404972,0.06175477430224418,0.009018093221340012,1.4133053283471553,1.920334252189296,-1.4899019775338922
4910,training,0.001009292434900999,0.038443677127361305,0.009018093221340012,1.4184701858303268,1.8604538300655202,-1.479472113450437
4911,training,0.0012064395705237985,0.013002388179302216,0.008520593966925371,1.4265439446001134,1.7811574862804664,-1.4578699079355748
4912,training,0.005537987221032381,0.02768519520759581,0.008520593966925371,1.4340222777444849,1.721858441768238,-1.430232823722594
4913,training,0.0036891521885991096,0.020606555044651004,0.008520593966925371,1.4468421643788663,1.6431033729596114,-1.3884979255142158
4914,training,0.00472825113683939,0.02132764458656311,0.017712219820797584,1.463355111386787,1.5653497315395046,-1.3344207967299573
4915,training,0.0030245736707001925,0.013919442892074613,0.017712219820797584,1.4785317990630156,1.5077854102890704,-1.2889230685307846
4916,training,0.003665430936962366,0.06220629811286926,0.017712219820797584,1.5031697699471787,1.4323153400102262,-1.221545771286201
4917,training,0.0017331611597910523,0.00858663022518158,0.017712219820797584,1.53352541610552,1.3592921706829473,-1.1316588872507332
4918,training,0.0021407916210591793,0.0684254840016365,0.07585292782530106,1.5604788116270105,1.3059729259251238,-1.075213515089706
4919,training,0.0013500482309609652,0.027909323573112488,0.07585292782530106,1.5897028913148266,1.2541284457620165,-1.0490200897219988
4920,training,0.002267675707116723,0.04955483973026273,0.07585292782530106,1.6309840418288943,1.1868032190429256,-0.9770936133231224
4921,training,0.0012414015363901854,0.06333358585834503,0.07585292782530106,1.6657603546344546,1.138611521214965,-0.9158148515804845
4922,training,0.0011955145746469498,0.06278879940509796,0.1482454609859424,1.7310735805301167,1.0648938975571047,-0.7703722722366527
4923,training,0.0018134231213480234,0.003015294671058655,0.1482454609859424,1.7752822779867612,1.0249185530178462,-0.7041845658209485
4924,training,0.0033691285643726587,0.03154161572456357,0.14732264561539454,1.8377925029243125,0.976472380679837,-0.6134824914202751
4925,training,0.0010320581495761871,0.06068007647991183,0.14732264561539454,1.9044853813810803,0.9339406814234029,-0.519864914299672
4926,training,0.0021305165719240904,0.06227201223373416,0.14019247456601158,1.9747380852969418,0.89687721190949,-0.4578155617880612
4927,training,0.0017723455093801022,0.03139592707157135,0.14019247456601158,2.0286456162160325,0.8716235445102245,-0.4193777562721841
4928,training,0.0008099984843283892,0.04678821563720703,0.14019247456601158,2.102208086750746,0.8408537505728851,-0.3730106017570532
4929,training,0.0015884402673691511,0.03330473601818085,0.10738041534398199,2.196009975767812,0.8077822463628151,-0.3054602584582445
4930,training,0.0005535805830731988,8.188188076019287e-05,0.10738041534398199,2.2916715969953594,0.7803881007990097,-0.2576016117900278
4931,training,0.000541563262231648,0.02961336448788643,0.10738041534398199,2.368993775107836,0.7615146383411252,-0.2223623402558046
4932,training,0.00041934315231628716,0.027698412537574768,0.06428120006078689,2.4470495231794382,0.7451807218587072,-0.18968131855838885
4933,training,0.0003454512625467032,0.005555741488933549,0.06428120006078689,2.5058626781196103,0.7344685898720975,-0.171755211491376
4934,training,0.00023594213416799903,0.023674432188272476,0.06428120006078689,2.5845094662850707,0.7218869753380465,-0.14658613462520292
4935,training,0.0004138496005907655,0.01280121877789498,0.026160162400455766,2.663561401691891,0.7111508255255591,-0.12376691956975318
4936,training,0.00041302989120595157,0.04202813655138016,0.026160162400455766,2.7231279242384496,0.7042147990411373,-0.10770266606469298
4937,training,0.0004386647487990558,0.027125906199216843,0.026160162400455766,2.782419696828207,0.6985003526283485,-0.08286826653245906
4938,training,0.0003008771745953709,0.038497792556881905,0.026160162400455766,2.8422974486144703,0.6942597983088457,-0.0588893576586558
4939,training,0.0005757459439337254,0.017198452726006508,0.003959224524427089,2.9219153768843764,0.6906971314647684,-0.03123866722137098
4940,training,0.00037408326170407236,0.0010798228904604912,0.003959224524427089,3.021892329952067,0.6877653768226885,-0.030875883308887297
4941,training,0.0001984074478968978,0.00019478518515825272,0.01291758707757917,3.12180768179566,0.6846128918542662,-0.03173392596479316
4942,training,6.305900024017319e-05,0.0025012675032485276,0.01291758707757917,3.181748959969975,0.682642261171489,-0.034260001716010555
4943,training,0.0005616210401058197,0.011601191945374012,0.01291758707757917,3.2617914392131158,0.6798445472869704,-0.0354773294094596
4944,training,0.0002835452032741159,0.01719820313155651,0.021431735660912166,3.3617332060887715,0.6762955323068515,-0.035884829746137714
4945,training,0.00033846450969576836,0.022106488235294822,0.021431735660912166,3.441596682647795,0.6734904174400745,-0.03381389512356314
4946,training,0.00026561555569060147,0.007595916744321585,0.021431735660912166,3.5214144270800847,0.6709918968886898,-0.028229710795024916
4947,training,0.00014477086369879544,0.007191223092377186,0.027428945703235324,3.601354782294375,0.668867333631894,-0.025303146885052162
4948,training,0.0008667998481541872,0.008666923269629478,0.027428945703235324,3.6813906447889178,0.6670296880018223,-0.02084448698161179
4949,training,0.0010954320896416903,0.003735779784619808,0.027428945703235324,3.7613800529119263,0.6654822365202152,-0.01919409199217893
4950,training,0.0004997038631699979,0.0069761676713824255,0.024632338540433698,3.8613275450132614,0.6635273029518726,-0.019692844188103464
4951,training,0.000503606628626585,0.017525344155728817,0.024632338540433698,3.941163564378199,0.6620193258803679,-0.017338271330713452
4952,training,0.0004447413666639477,0.007311183959245682,0.024632338540433698,4.001157617058441,0.6610838075811462,-0.013512695528043269
4953,training,0.00019455903384368867,0.006887312047183514,0.02308660054754548,4.061140656463844,0.6604128982809737,-0.009600876887867612
4954,training,0.0004878015024587512,0.02820996195077896,0.02308660054754548,4.141003386019424,0.6597041592448531,-0.008814891061426737
4955,training,0.0008531420025974512,0.011685354635119438,0.02308660054754548,4.201068139340701,0.6591744355270952,-0.009414800187292243
4956,training,0.0006261253729462624,0.010764507576823235,0.02308660054754548,4.301048625243744,0.658256064209095,-0.009824142148687624
4957,training,0.0013912308495491743,0.006838640198111532,0.02503253022784162,4.3609525518846946,0.6576839282773389,-0.009558281446918431
4958,training,0.0006350635667331517,0.02112504094839096,0.02503253022784162,4.4608777846617,0.6568549727307698,-0.006249067362739169
4959,training,0.0014561251737177372,0.01950054243206978,0.03145933339234356,4.560825056975445,0.6562800979479262,-0.005823170561878567
4960,training,0.00038376598968170583,0.013516804203391075,0.03145933339234356,4.620855990174683,0.6559277516024612,-0.006414531212597525
4961,training,0.0014672183897346258,0.0014171050861477852,0.03145933339234356,4.680842079934065,0.6555610378134008,-0.006108454935143217
4962,training,0.0005111907375976443,0.01647364255040884,0.03011568174618471,4.80086951261443,0.6547925731074031,-0.006640810522455707
4963,training,0.0005471309996210039,0.008149121422320604,0.03011568174618471,4.8606539035584015,0.6544577120457356,-0.004393217320190315
4964,training,0.0010537775233387947,0.0069498177617788315,0.03011568174618471,4.940653591244202,0.6541650739343924,-0.003631901135683833
4965,training,0.0007194416830316186,0.01325440127402544,0.024774698256754525,5.040623964520132,0.6538408111408217,-0.003581219027222145
4966,training,0.0010246571619063616,0.009336268529295921,0.024774698256754525,5.160528569860836,0.653437563818238,-0.0035730018705253832
4967,training,0.0012292831670492887,0.011666463688015938,0.024493513146296792,5.260491515670031,0.6530899736181016,-0.0037204810624801425
4968,training,0.001448124647140503,0.009650715626776218,0.024493513146296792,5.36045745503554,0.6527302502702983,-0.0038844769425865717
4969,training,0.0006795162917114794,0.0018414705991744995,0.024493513146296792,5.420563286803475,0.6525088365130147,-0.0038287475901154296
4970,training,0.002069616923108697,0.01058227475732565,0.02830313041970856,5.480404339706404,0.6523247645164075,-0.00189963723150566
4971,training,0.0023482181131839752,0.010500095784664154,0.02830313041970856,5.5604307388069385,0.6522345331443347,-0.001177673445426521
4972,training,0.0005289482069201767,0.012516479939222336,0.02830313041970856,5.64053566880336,0.652155266518259,-0.001153356930159422
4973,training,0.0002525943564251065,0.034603673964738846,0.02830313041970856,5.700371288292171,0.6521113042909067,-0.0008112048795969765
4974,training,0.0008801883086562157,0.080155860632658,0.040235704758996356,5.80034592026741,0.6520386100449462,-0.0006736243429485171
4975,training,0.00025990704307332635,0.03942497354000807,0.040235704758996356,5.880206534345633,0.652410493387742,0.01487723056547129
4976,training,0.0009163538925349712,0.022348383441567417,0.04082811998031737,5.960153392508999,0.6543661810861148,0.03163939297457376
4977,training,0.0019738757982850075,0.031167073175311085,0.04082811998031737,6.020005973353037,0.6562641298191323,0.02876863555371667
4978,training,0.0009978603338822722,0.05147109366953373,0.04082811998031737,6.09983057223105,0.6587161737087356,0.034956134066759265
4979,training,0.000588929106015712,0.08046550862491131,0.04082811998031737,6.179705352671077,0.6618407606943424,0.04303072318417896
4980,training,0.0005275640869513154,0.09885553829371929,0.035144553466785695,6.239611440293048,0.6646279878783706,0.049812169215564125
4981,training,0.0013999294023960829,0.0837753415107727,0.035144553466785695,6.339248569682229,0.6702886135231586,0.06477448736745627
4982,training,0.0006561101181432605,0.013890989124774933,0.02741659649059167,6.43889378120476,0.6770570298347854,0.06878937327447691
4983,training,0.00022949089179746807,0.01676356792449951,0.02741659649059167,6.558968814491327,0.6834936888528073,0.033518478357815976
4984,training,0.0008384034736081958,0.007169533520936973,0.02741659649059167,6.61885681195264,0.6849444555002222,0.015869475758838604
4985,training,0.0003396174870431423,0.00023265555500983845,0.015230690341702637,6.679125372625979,0.6854313214735059,0.0007026774048243243
4986,training,0.002845754846930504,0.009271666407585144,0.015230690341702637,6.77920391990456,0.6847431095322379,-0.01248435224211336
4987,training,0.004866340197622776,0.008962252177298069,0.03394298386439565,6.879194801496126,0.6831577763662144,-0.019363381230932127
4988,training,0.0016414547571912408,0.007654950954020023,0.03394298386439565,6.979178698338285,0.6810082709843361,-0.02332628665826247
4989,training,0.0018551565008237958,0.03315253555774689,0.03394298386439565,7.059041882428845,0.6790712515564002,-0.024517639342234228
4990,training,0.0010005731601268053,0.027600044384598732,0.030714885428429654,7.138964491172398,0.6769894267893014,-0.027796905415344207
4991,training,0.0009272539173252881,0.0600268729031086,0.030714885428429654,7.21896274384081,0.674707208585957,-0.029001180769754917
4992,training,0.000651102454867214,0.0012235078029334536,0.030714885428429654,7.299025585831322,0.6723862278594315,-0.029465603518308542
4993,training,0.0005868145963177085,0.012545647099614143,0.023883875779877627,7.358850137667997,0.6706561985859162,-0.028223860649493674
4994,training,0.0005501798586919904,0.001916001085191966,0.023883875779877627,7.458752808286351,0.6680737450570181,-0.0226094428121355
4995,training,0.0015921960584819317,0.048739705234766006,0.023883875779877627,7.5586870029874715,0.6660029765824873,-0.01932403547434865
4996,training,0.0008769691339693964,0.0053274016827344894,0.014826881524970907,7.6386752832763385,0.6644796929963804,-0.019398940919184232
4997,training,0.0008184293401427567,0.002621131017804146,0.014826881524970907,7.69876475108451,0.6633484679850453,-0.017761670491623558
4998,training,0.0009168002288788557,0.008794281631708145,0.014826881524970907,7.778593847822808,0.6621033540451319,-0.012524269388846954
4999,training,0.0014064281713217497,0.006526299752295017,0.0119864275515888,7.858526943054778,0.6611420541786656,-0.012238012296069571
5000,training,0.0006477448623627424,0.017792288213968277,0.0119864275515888,7.918644457709359,0.6604083616846202,-0.012727083908036556
5001,test,0,0.025562187656760216,0.0119864275515888,7.9784965610258505,0.6596599371796478,-0.012624189213654633
5002,test,0,0.025232845917344093,0.0119864275515888,8.038585967799207,0.6587994401253302,-0.01688309400722906
5003,test,0,0.021369613707065582,0.01811028637941531,8.098574724699414,0.6576610767500523,-0.02120620233864864
5004,test,0,0.043561375699937344,0.01811028637941531,8.178506376323888,0.6557248464601256,-0.02672008258320856
5005,test,0,0.03303077816963195,0.01811028637941531,8.25852420873917,0.6533781451511376,-0.03228137223156809
5006,test,0,0.04395551327615976,0.028727974160948754,8.318591029343084,0.6514266509576703,-0.03267132122298899
5007,test,0,0.029575331136584275,0.028727974160948754,8.378413021224812,0.649433523659617,-0.03392267101833895
5008,test,0,0.039535306394100196,0.028727974160948754,8.438512475370965,0.6474130014752515,-0.032887980055626875
5009,test,0,0.03959838766604662,0.03578541377935882,8.518384519119476,0.6449129347953657,-0.029864722853302376
5010,test,0,0.04430250218138099,0.03578541377935882,8.578238408182537,0.6431852280942535,-0.027684968802222105
5011,test,0,0.06084182392805815,0.03578541377935882,8.658266950885528,0.641084359913492,-0.025414468527219247
5012,test,0,0.059021972119808204,0.03517300995067664,8.738283140866367,0.6391079407498915,-0.024643858628954633
5013,test,0,0.058766464702785015,0.03517300995067664,8.818137782487808,0.6370981175228485,-0.025706221241816467
5014,test,0,0.06358928140252829,0.03517300995067664,8.878106495420216,0.6355154100088727,-0.027178857018321796
5015,test,0,0.06928395200520752,0.03517300995067664,8.93816594550669,0.6338693583456474,-0.027813728815321407
5016,test,0,0.06896287854760885,0.023662080018633392,9.03808823460569,0.6310718429213619,-0.027561628124298077
5017,test,0,0.07434716634452343,0.023662080018633392,9.117938188830017,0.6289170514801191,-0.025750866565305106
5018,test,0,0.0741067072376609,0.024922973125149288,9.177968160171204,0.6274273108848207,-0.024210644899297678
5019,test,0,0.07475214637815952,0.024922973125149288,9.257988297751876,0.6256068861595204,-0.021623081137421313
5020,test,0,0.03978885896503925,0.024922973125149288,9.337837055016722,0.6239396293366687,-0.02021387467181716
5021,test,0,0.024692902341485023,0.024922973125149288,9.417735211322665,0.6223785586580706,-0.018700110821684816
5022,test,0,0.004150141030550003,0.03493905627998931,9.477810077665946,0.6214059861023201,-0.013404014507070936
5023,test,0,0.07983455900102852,0.03493905627998931,9.557739770168999,0.6205295765182933,-0.009966881687843335
5024,test,0,0.0036046733148396006,0.03493905627998931,9.617599010121227,0.6199130581686592,-0.010659738236854462
5025,test,0,0.004940667189657688,0.007523245523947099,9.677723400742511,0.6192522727329386,-0.012007166745481822
5026,test,0,0.0017397990450263023,0.007523245523947099,9.737565962099339,0.6185041109322023,-0.01334882992995222
5027,test,0,0.010467346757650375,0.007523245523947099,9.79762297705939,0.6176770416501476,-0.014670793296248444
5028,test,0,0.002212880179286003,0.007523245523947099,9.87764004013158,0.6165878701094815,-0.011823700600925961
5029,test,0,0.05356129910796881,0.01976124739069181,9.937434055415403,0.615897100267578,-0.011954335573176239
5030,test,0,0.050346183590590954,0.01976124739069181,9.997524767774697,0.6151885309719561,-0.012165743559998636
5031,test,0,0.05102603044360876,0.01976124739069181,10.097490053404222,0.6139822933165996,-0.013382306823226126
5032,test,0,0.059514793567359454,0.024452852886941046,10.157359078469934,0.6131677036308301,-0.014200559457861289
5033,test,0,0.05186092760413886,0.024452852886941046,10.217384681173964,0.6122716221175194,-0.016131553619864358
5034,test,0,0.05300449673086405,0.024452852886941046,10.27738279040238,0.6112875640938507,-0.016850996828690304
5035,test,0,0.05773633811622858,0.03726811530437577,10.357268139064502,0.6099041916340792,-0.01716104514281275
5036,test,0,0.06029986403882504,0.03726811530437577,10.437235773421119,0.6085639469744584,-0.01658215055393541
5037,test,0,0.057171263732016094,0.03726811530437577,10.497333474950349,0.6075933023955439,-0.016067690291241808
5038,test,0,0.05639361124485732,0.03726811530437577,10.55715251866623,0.6066361949162014,-0.015836015369165662
5039,test,0,0.06007482577115297,0.05187255769513083,10.637147488287011,0.6054193406470091,-0.014872880856564633
5040,test,0,0.05693891923874616,0.05187255769513083,10.697186470592246,0.6045653097108685,-0.013967293646678123
5041,test,0,0.059758261777460575,0.05187255769513083,10.797110932377029,0.603209182298417,-0.01281542211775997
5042,test,0,0.054162046872079365,0.06087598408718293,10.856988629352369,0.6024445330540744,-0.012731777891927792
5043,test,0,0.05552267748862504,0.06087598408718293,10.937026426858079,0.6014849960321454,-0.011967130641894076
5044,test,0,0.059088767506182194,0.06087598408718293,10.996962104968595,0.6008228093736049,-0.010339860725444577
5045,test,0,0.059477161616086974,0.06922662533056043,11.076856408301282,0.600036816160112,-0.009304262296195822
5046,test,0,0.05823312420397997,0.06922662533056043,11.156849779189525,0.599341677848477,-0.008583555534881295
5047,test,0,0.04744069604203105,0.06922662533056043,11.256807643620292,0.5986167115079255,-0.006653133429101008
5048,test,0,0.046685268171131604,0.06984147326814946,11.336834246330184,0.5982051772814163,-0.004434837711716053
5049,test,0,0.05128032062202691,0.06984147326814946,11.436778176316475,0.5980323741749435,0.0007930211693255658
5050,test,0,0.05908594559878111,0.06984147326814946,11.536734432793034,0.5982136134851211,0.0024375413283960275
5051,test,0,0.05620570760220289,0.0695276559129143,11.616595406311884,0.598462042125966,0.003743502401509707
5052,test,0,0.07388335093855858,0.0695276559129143,11.736616360056614,0.5990752060802539,0.006884735581581317
5053,test,0,0.114382172934711,0.07603707769691569,11.796485296651285,0.5993584399122868,0.0012572999625970692
5054,test,0,0.1290480736643076,0.07603707769691569,11.896459876591964,0.5993451340976441,9.659220957557914e-05
5055,test,0,0.11529281269758938,0.07603707769691569,11.976512842290578,0.5993815763500171,0.0003942505533512046
5056,test,0,0.10820782463997605,0.08238722106642592,12.036477737782466,0.5994753977888626,0.0025541038340408267
5057,test,0,0.11739217769354582,0.08238722106642592,12.116361964953992,0.5997679381690815,0.004842407293472303
5058,test,0,0.12064006458967924,0.08238722106642592,12.176470948771671,0.6000623566708562,0.004209883476327216
5059,test,0,0.120299750007689,0.0899226884203564,12.236357847411837,0.600293888750246,0.0029502105173007985
5060,test,0,0.12766035366803408,0.0899226884203564,12.33632279875085,0.6005078781012662,0.0017216598061459097
5061,test,0,0.13048527855426073,0.09430856390622139,12.41627667843357,0.6005886044546447,0.000114317670897454
5062,test,0,0.12272104714065793,0.09430856390622139,12.496349696128785,0.6004969803856587,-0.003129951006587855
5063,test,0,0.11303362250328064,0.09430856390622139,12.556331958771034,0.6003530520003612,-0.001697816026668442
5064,test,0,0.10016818344593048,0.09430856390622139,12.616214873933462,0.6003422374705685,0.0017922224106480512
5065,test,0,0.09764453582465647,0.09304610311438358,12.696229642121907,0.6008468187374388,0.010287374895380888
5066,test,0,0.08552655577659607,0.09304610311438358,12.75611580181885,0.6016405832026038,0.015725660585942252
5067,test,0,0.06335535272955894,0.09304610311438358,12.855957770222691,0.6036860999067485,0.026164781068419792
5068,test,0,0.06796989683061838,0.09629428936435803,12.915856308954954,0.6054257047606915,0.0318244254236668
5069,test,0,0.06725033279508352,0.09629428936435803,12.975822674235342,0.6074598465587466,0.034739082490502594
5070,test,0,0.07839945238083602,0.09629428936435803,13.055632491446767,0.6102134867541292,0.033838177316171766
5071,test,0,0.08084895089268683,0.09629428936435803,13.115633528460833,0.6121943089235099,0.03183644403666204
5072,test,0,0.08135214447975159,0.09717065950608471,13.175581327608363,0.614037437400298,0.028701226701702866
5073,test,0,0.06844602432101965,0.09717065950608471,13.255477899643163,0.6160262400007468,0.021030980052676097
5074,test,0,0.05070795211941003,0.09717065950608471,13.335480231569512,0.6175088454306028,0.01594167492067431
5075,test,0,0.05086949560791254,0.09346048803843586,13.435407025330333,0.6192214487316665,0.01823421654976238
5076,test,0,0.039997599087655544,0.09346048803843586,13.495427310710033,0.6203815681494712,0.020200611621796587
5077,test,0,0.047678582370281226,0.09346048803843586,13.555241845366089,0.6216516191283057,0.022552109284165095
5078,test,0,0.03187709581106901,0.0796874757612084,13.63521832540452,0.6235681598600684,0.024834326923734787
5079,test,0,0.025294429622590542,0.0796874757612084,13.715204343784697,0.6257615838981846,0.029565451407825717
5080,test,0,0.042043158784508705,0.0796874757612084,13.774945427440363,0.6276479547599341,0.033711802933585056
5081,test,0,0.0069104330614209175,0.05875639274804435,13.834858977278996,0.630096186403586,0.049607973639251055
5082,test,0,0.013534654863178732,0.05875639274804435,13.89459305642778,0.6333702534945936,0.057439741163813535
5083,test,0,0.01908200327306986,0.05875639274804435,13.974324875409632,0.6380768250609855,0.06029150550943887
5084,test,0,0.01098833978176117,0.02509971556432734,14.074104285920239,0.6439050904469684,0.05544203757833882
5085,test,0,0.02652803622186184,0.02509971556432734,14.154045693470643,0.6480748964963329,0.04766421553714305
5086,test,0,0.01518942043185234,0.02509971556432734,14.21406466018625,0.6505764247248598,0.03494840325362057
5087,test,0,0.04425533162429929,0.02509971556432734,14.293988241154281,0.6527358657016198,0.020319881558744125
5088,test,0,0.033462658524513245,0.008384607740046093,14.354166914577462,0.6535261254413404,0.005393594644010505
5089,test,0,0.03611599560827017,0.008384607740046093,14.454311152967728,0.652963874806748,-0.016507427014461406
5090,test,0,0.05278579145669937,0.01095056492796921,14.55435122658269,0.6506412071187081,-0.029621058249081626
5091,test,0,0.058549943380057805,0.01095056492796921,14.634313908932766,0.6479730147886056,-0.0372207124613831
5092,test,0,0.05737814772874117,0.01095056492796921,14.754271859359843,0.6431339635654957,-0.04179623736461764
5093,test,0,0.06029189843684435,0.00898140764371275,14.854126695698868,0.6391412998742064,-0.03721515542653772
5094,test,0,0.07258194405585527,0.00898140764371275,14.933929710892606,0.6362926359079697,-0.03418907009359982
5095,test,0,0.07879904191941023,0.00898140764371275,14.993837025112345,0.6343033839838277,-0.032053085713873726
5096,test,0,0.06842282135039568,0.02325101152487731,15.093769823162281,0.6312387904057408,-0.029977699512746075
5097,test,0,0.06569264084100723,0.02325101152487731,15.153801502977702,0.6295174900661911,-0.027242118700326643
5098,test,0,0.07254298869520427,0.03540353406573842,15.213620798585376,0.6279865841045209,-0.023220647642343537
5099,test,0,0.07870800700038671,0.03540353406573842,15.293641872155101,0.6262658524909581,-0.021220528548110042
5100,test,0,0.08404083643108606,0.03540353406573842,15.393617641191241,0.6241735598586331,-0.02178982974745336
5101,test,0,0.04189845640212298,0.04005967920107582,15.453563210879325,0.6228937417873421,-0.02095854982938106
5102,test,0,0.04142436198890209,0.04005967920107582,15.55349704308349,0.6208283059334931,-0.0201893341457025
5103,test,0,0.04432921577244997,0.04005967920107582,15.633406782173806,0.6192309841412637,-0.019713517901635263
5104,test,0,0.049814485013484955,0.044359020386622705,15.733364219332973,0.6172604817872794,-0.02004248921099757
5105,test,0,0.03476161416620016,0.044359020386622705,15.793466509400103,0.6161071854350119,-0.018411194132945355
5106,test,0,0.051469698548316956,0.044359020386622705,15.873359919791842,0.6148055409024011,-0.014122964125097122
5107,test,0,0.05044247955083848,0.058242933940180944,15.93324530010456,0.6139666054146724,-0.014034991874460856
5108,test,0,0.04103045351803302,0.058242933940180944,16.013275374207357,0.6129572639889298,-0.011316501407097107
5109,test,0,0.0421804590150714,0.058242933940180944,16.073200204665376,0.6123704282058678,-0.008571129083185216
5110,test,0,0.04983180668205023,0.058242933940180944,16.133127027799098,0.6119111453021808,-0.006900659845485883
5111,test,0,0.04383308254182339,0.06656852683928281,16.233085223101888,0.6113855708940936,-0.004399014412887399
5112,test,0,0.045335629023611546,0.06656852683928281,16.33305483607379,0.6111335638878111,-0.0014603151426451303
5113,test,0,0.041132750920951366,0.069837968053511,16.433017251650526,0.6111433845599709,0.00085120155587245
5114,test,0,0.04525683168321847,0.069837968053511,16.552906073955523,0.6114667300992584,0.004196902220580957
5115,test,0,0.04327662009745836,0.07733305347164805,16.613028008469094,0.6117467517913886,0.004757132959042715
5116,test,0,0.05325461085885763,0.07733305347164805,16.69287728499948,0.6121340259313206,0.004642903467733526
5117,test,0,0.04366950783878565,0.07733305347164805,16.73298086799082,0.6122795415415461,0.002128146152486861
5118,test,0,0.03712017647922039,0.07712038069256053,16.812930083483465,0.6123714728507809,0.0004464806222485473
5119,test,0,0.04539798479527235,0.07712038069256053,16.872787936035913,0.6124121020941703,0.0009044856853752944
5120,test,0,0.03868151921778917,0.07712038069256053,16.932953900229464,0.6124644918119783,0.0003675394831902479
5121,test,0,0.044927024282515056,0.07712038069256053,16.992779207048553,0.6125068367292759,0.0007897443722281009
5122,test,0,0.0438724746927619,0.076867077712099,17.052840062777765,0.6125496973210807,0.000445862755629437
5123,test,0,0.004642108455300332,0.076867077712099,17.1128121269804,0.6125900879890628,0.0006706664392182301
5124,test,0,0.014741165563464163,0.076867077712099,17.192726130351243,0.6126227195955161,8.664501552633087e-05
5125,test,0,0.041204788722097874,0.07038760950666215,17.272709516356088,0.6126915387274856,0.0016539994492761872
5126,test,0,0.048188737593591206,0.07038760950666215,17.33279052109564,0.6128100297007231,0.0019706283128467835
5127,test,0,0.0403556814417243,0.07038760950666215,17.41266712021233,0.6129110978947531,0.0002732713204819051
5128,test,0,0.042770703323185444,0.07038760950666215,17.49263644585899,0.6128702765392294,-0.0011236235422652627
5129,test,0,0.03761726059019565,0.05268723499206577,17.53272543552994,0.6128216852422812,-0.001477101777413346
5130,test,0,0.03866361640393734,0.05268723499206577,17.612647762651342,0.6126915253037442,-0.0013765465424549809
5131,test,0,0.038989742286503315,0.05268723499206577,17.672697635520635,0.6126488811036152,-0.0004572007531832765
5132,test,0,0.09003285691142082,0.043544483512824576,17.73264063954626,0.6126857505638721,0.0013285452462837206
5133,test,0,0.06642113905400038,0.043544483512824576,17.812375633354506,0.6136283743546465,0.03490039033725849
5134,test,0,0.05592492595314979,0.043544483512824576,17.892271044592366,0.6176077744598729,0.052522035374233694
5135,test,0,0.05839131027460098,0.043544483512824576,17.952265855335146,0.6206577317447876,0.04774645667664729
5136,test,0,0.03935351921245456,0.023792770600732205,18.012115115363375,0.6231972222637405,0.03734266560257043
5137,test,0,0.08471843227744102,0.023792770600732205,18.072305693363887,0.6250929928311832,0.024507589857766174
5138,test,0,0.08260103315114975,0.023792770600732205,18.1723965445456,0.6265046557463609,0.0035388096819788414
5139,test,0,0.08237545937299728,0.030735419163490228,18.232260451383144,0.6264009416611412,-0.006555340462505402
5140,test,0,0.05682249460369349,0.030735419163490228,18.29240570951488,0.6257624570942626,-0.014152562948937724
5141,test,0,0.05983795132488012,0.030735419163490228,18.39241866818371,0.6239724883012125,-0.021440253925391384
5142,test,0,0.007445084862411022,0.041869248810777145,18.492413320847422,0.6215812698176819,-0.027156639029858466
5143,test,0,0.013148315250873564,0.041869248810777145,18.61226117524151,0.6183683616722585,-0.025336721765689987
5144,test,0,0.006159206386655568,0.04981794325495561,18.692311694093053,0.6163696869502266,-0.025412074592756545
5145,test,0,0.006860480178147554,0.04981794325495561,18.752131903298597,0.6148361963945659,-0.02596326794831173
5146,test,0,0.017283694352954623,0.04981794325495561,18.83209559190727,0.6127444263321042,-0.02642227627685077
5147,test,0,0.018605425022542477,0.04981794325495561,18.892188810430625,0.6112030377937467,-0.02480013260677661
5148,test,0,0.02586284000426531,0.0245420426873148,18.992112206033234,0.6086725827849887,-0.02627779983509592
5149,test,0,0.019629919901490208,0.0245420426873148,19.051946685116654,0.6070464247357319,-0.027962267536102092
5150,test,0,0.012501110322773457,0.0245420426873148,19.13195261725129,0.604783315880034,-0.02857324717484615
5151,test,0,0.02524405159056186,0.008934672004315893,19.191952724067395,0.6031415811490125,-0.02595216583207819
5152,test,0,0.024153586477041245,0.008934672004315893,19.2518018279466,0.6016532179127896,-0.023698614690467915
5153,test,0,0.02201121859252452,0.008934672004315893,19.351725485138765,0.59949523839693,-0.019825401345101287
5154,test,0,0.03484912123531103,0.02787689132083254,19.431748021896073,0.5980980804881475,-0.015606110050347436
5155,test,0,0.034703358076512814,0.02787689132083254,19.51174064848436,0.5969669015495228,-0.014159852703424783
5156,test,0,0.07656267657876015,0.030214516326333353,19.611698690897825,0.5952908720927969,-0.019819877998246166
5157,test,0,0.0717680910602212,0.030214516326333353,19.731732453655113,0.5919956282292587,-0.03701107103708869
5158,test,0,0.06890466157346964,0.04581979381177994,19.83169052400852,0.5879322531117819,-0.04395831090154978
5159,test,0,0.040851413272321224,0.04581979381177994,19.89143516158607,0.5853286028170276,-0.04246685417564478
5160,test,0,0.07284670416265727,0.04581979381177994,19.991302413483734,0.5812868192879206,-0.03838547147935169
5161,test,0,0.0496513769030571,0.06491287744902499,20.071234688698357,0.5783695237094871,-0.03469402431203614
5162,test,0,0.026816563680768013,0.06491287744902499,20.1312874336137,0.5763524448148313,-0.03316053935073495
5163,test,0,0.06218176241964102,0.06491287744902499,20.191106985693448,0.5742871482530224,-0.03680585612433523
5164,test,0,0.08250654675066471,0.0710343559129526,20.271191145947736,0.5707858918347464,-0.05388151011452781
5165,test,0,0.05778920371085405,0.0710343559129526,20.33122948424917,0.5670072444029344,-0.07247974396984656
5166,test,0,0.07069253362715243,0.0710343559129526,20.390939662406073,0.5622648415905934,-0.08301247382833958
5167,test,0,0.07365234289318323,0.0710343559129526,20.470709838837774,0.5555645806917301,-0.08356197502121927
5168,test,0,0.05319688096642494,0.09524104202177595,20.530446433250816,0.5506362520670043,-0.08045339484327896
5169,test,0,0.051602426916360855,0.09524104202177595,20.630036734812407,0.5432325382932552,-0.06617608960356222
5170,test,0,0.0608256533741951,0.09524104202177595,20.729715782040817,0.5375473078731947,-0.04726153728155811
5171,test,0,0.04624496400356294,0.08806234113321453,20.809510520330637,0.534307396676623,-0.03362601683858749
5172,test,0,0.0790430186316371,0.08806234113321453,20.869559685327047,0.5325711700110773,-0.02457753634860672
5173,test,0,0.0778071777895093,0.08806234113321453,20.929379351510544,0.531199999073824,-0.024163483536900895
5174,test,0,0.08964089956134558,0.05672483652702841,21.049355240678217,0.5282361400008094,-0.02419573210009355
5175,test,0,0.0365245807915926,0.05672483652702841,21.10928049507287,0.5266733811318843,-0.028228182864827783
5176,test,0,0.10049832332879306,0.05672483652702841,21.209196444571173,0.5239284012325123,-0.02559140751721831
5177,test,0,0.11748500540852547,0.05128402611202072,21.289266990477017,0.5217786350706562,-0.03002331513164842
5178,test,0,0.1352822370827198,0.05128402611202072,21.349145148641583,0.5198230332507111,-0.036070394099520994
5179,test,0,0.16134519875049588,0.05128402611202072,21.44909845910255,0.5156632110380528,-0.04656914749343625
5180,test,0,0.16460603568702933,0.05729608750106008,21.509127308704013,0.5126490088582353,-0.05406644058787363
5181,test,0,0.16468534898012877,0.05729608750106008,21.569044835794266,0.5092534288064313,-0.058652210797275714
5182,test,0,0.180038976483047,0.05729608750106008,21.66883703957246,0.5032137027330605,-0.06176023147827625
5183,test,0,0.1708328388631344,0.07585411235954348,21.748592746151047,0.49829403744969636,-0.06099743047157503
5184,test,0,0.16676292195916176,0.07585411235954348,21.828431417727263,0.49371306610248,-0.05323614938304118
5185,test,0,0.10805216431617734,0.07585411235954348,21.92824827546071,0.48893100481656415,-0.04266273136732448
5186,test,0,0.10740358009934425,0.08437051399698532,21.98818869406942,0.4866680347098117,-0.03250542018949247
5187,test,0,0.12841301411390302,0.08437051399698532,22.047970021705712,0.485008655484003,-0.02278893112098887
5188,test,0,0.12176776677370069,0.08437051399698532,22.107913082338218,0.48430742393486026,0.0018154417083183622
5189,test,0,0.12134884763509035,0.0936421645909297,22.18765606579682,0.48543993769468224,0.02340443504094039
5190,test,0,0.1091616889461875,0.0936421645909297,22.247532666192388,0.4870442605313509,0.029120399153366637
5191,test,0,0.122630781494081,0.0936421645909297,22.287514421526353,0.4882523586801362,0.03099074462635701
5192,test,0,0.10034818574786185,0.0936421645909297,22.367375758015903,0.49068578456815515,0.02930296695413736
5193,test,0,0.1092492053285241,0.11434569687804565,22.4274436235063,0.492490782383125,0.030759934903548423
5194,test,0,0.0986528927460313,0.11434569687804565,22.487236659836846,0.49440619668148905,0.03235075704811522
5195,test,0,0.11038021463900805,0.11434569687804565,22.56712193324659,0.49693926210304856,0.030705302721975646
5196,test,0,0.14210282545536757,0.11434569687804565,22.627217717657103,0.49874236588181925,0.02844038737097346
5197,test,0,0.13615609239786866,0.12966821308513435,22.68701726561389,0.500368183776767,0.025521282224557292
5198,test,0,0.1380173722282052,0.12966821308513435,22.76696585265562,0.5022534567498119,0.02204830276530476
5199,test,0,0.13879345636814833,0.12966821308513435,22.84704550408407,0.5039011370226809,0.018084354451387005
5200,test,0,0.15306473430246118,0.1297599889823184,22.906918181524354,0.5049363974598283,0.015979781945277584
5201,test,0,0.13371178600937128,0.1297599889823184,23.006830613437057,0.5063810705498807,0.013593065813449118
5202,test,0,0.12578911986202004,0.1297599889823184,23.086733580894407,0.507484702698818,0.014678686067566477
5203,test,0,0.09714181348681451,0.13883845666801445,23.186619443432406,0.5092040780834323,0.020224166105143455
5204,test,0,0.10116634890437126,0.13883845666801445,23.28645104867099,0.5117595538801455,0.03175897124582631
5205,test,0,0.08833657577633856,0.13883845666801445,23.366391994335533,0.5147265166471819,0.041567377244946246
5206,test,0,0.09053532313555479,0.14150648246553438,23.426153719658856,0.5174655196512982,0.049396475260201515
5207,test,0,0.09300398174673319,0.14150648246553438,23.486011048152687,0.5205285433724369,0.05232191182929609
5208,test,0,0.1233047740533948,0.14150648246553438,23.545952783876483,0.5237355024740424,0.05349949938167016
5209,test,0,0.12794707901775834,0.1398633419661122,23.605706142719473,0.5269102758675026,0.053165647227534515
5210,test,0,0.12559239473193884,0.1398633419661122,23.68559247175099,0.5311640683488973,0.052604748298253255
5211,test,0,0.10671450663357974,0.1398633419661122,23.74551016516525,0.534280455907714,0.050502631726133645
5212,test,0,0.1076167793944478,0.1398633419661122,23.80532501795859,0.53720511831483,0.04765423712780621
5213,test,0,0.10084431059658527,0.13319447775680154,23.86535154602188,0.5400300761194119,0.045801499587746625
5214,test,0,0.08771943021565677,0.13319447775680154,23.945149609278896,0.5436396347895621,0.04519992005785734
5215,test,0,0.06861654017120597,0.13319447775680154,24.024919856484413,0.5472713736165675,0.04644286913695708
5216,test,0,0.06154658552259207,0.13319447775680154,24.084938807989992,0.5501037753282263,0.0470242213173353
5217,test,0,0.16973699256777763,0.11013764082934498,24.164718251533408,0.5541162845326942,0.05368183694037714
5218,test,0,0.1422399776056409,0.11013764082934498,24.264382512033652,0.5599160691540178,0.06342161355825561
5219,test,0,0.12313068844377995,0.11013764082934498,24.324108365763223,0.5637721246917179,0.06532235736011455
5220,test,0,0.10040777176618575,0.10395999714083591,24.4237359001035,0.5706818051671958,0.07336104819873536
5221,test,0,0.08495608996599913,0.10395999714083591,24.483549283532092,0.5752674854295851,0.07893712950234652
5222,test,0,0.09801661595702171,0.10395999714083591,24.563163438545498,0.5817056679839117,0.08211928405046263
5223,test,0,0.04009087011218071,0.0945369172569957,24.642824295057757,0.5880197116660124,0.0762710574026903
5224,test,0,0.0133436881005764,0.0945369172569957,24.702667139286692,0.5927077662914871,0.08090121162677787
5225,test,0,0.03611312806606293,0.0945369172569957,24.78215916422,0.5997743703839192,0.09770051957548291
5226,test,0,0.006197720766067505,0.08064590977133095,24.88125249100207,0.6107563528093654,0.12463827739434805
5227,test,0,0.02200348675251007,0.08064590977133095,24.940450459694837,0.6188435905460938,0.14932765378794008
5228,test,0,0.030038937926292406,0.08064590977133095,25.018978376981558,0.6322029668335185,0.1863584411709477
5229,test,0,0.02948592603206633,0.048746671037811926,25.096862217982455,0.6485643049517721,0.22874297945422273
5230,test,0,0.07566402852535248,0.048746671037811926,25.15497379368528,0.6630642726127577,0.26159522005328983
5231,test,0,0.0727631151676178,0.048746671037811926,25.23130895760993,0.685384179363486,0.3070560773985081
5232,test,0,0.05424618907272816,0.010915336314705783,25.325285169318942,0.7181430995342929,0.3641720949053469
5233,test,0,0.08791147731244564,0.010915336314705783,25.380869088509314,0.7400880420152804,0.3878507307840129
5234,test,0,0.026325754821300507,0.010915336314705783,25.454076546183895,0.7716868405271681,0.4280515697000837
5235,test,0,0.03785238415002823,0.07574133545748886,25.525682272118537,0.8063007406800758,0.4719121278279448
5236,test,0,0.08893589675426483,0.07574133545748886,25.57856813453005,0.8341044120785169,0.4965317012568084
5237,test,0,0.17490339279174805,0.07574133545748886,25.665213934198388,0.8833072211322831,0.5354661760901774
5238,test,0,0.1963198259472847,0.08654496480364093,25.74970992861655,0.9360939089153458,0.5808791160755717
5239,test,0,0.19135663658380508,0.08654496480364093,25.81530166363348,0.981067794094512,0.6200852889756486
5240,test,0,0.24544496089220047,0.08654496480364093,25.894993987232077,1.0408049492881566,0.6663321628244566
5241,test,0,0.30962084978818893,0.08075297656947017,25.972027923547465,1.1040235184841853,0.7083465220538546
5242,test,0,0.31310997158288956,0.08075297656947017,26.04621519982135,1.170501457924842,0.7543622438568008
5243,test,0,0.3069269433617592,0.08075297656947017,26.10319597004424,1.2262094312440033,0.7942035237338702
5244,test,0,0.2931527793407441,0.02406947771890368,26.15759526949043,1.2842588606196323,0.8413407795406871
5245,test,0,0.3051639050245285,0.02406947771890368,26.209028599499895,1.3448523042485565,0.893080150988813
5246,test,0,0.30577886104583735,0.02406947771890368,26.25734779648855,1.4081447553546895,0.9458577717674714
5247,test,0,0.30071496963500977,0.02406947771890368,26.302141060413856,1.4738864571213224,1.0001135418772906
5248,test,0,0.31494787335395813,0.1080493618852684,26.333225721877497,1.5246354143403937,1.0424042814260466
5249,test,0,0.29072630405426025,0.1080493618852684,26.371582164269984,1.594465176679448,1.0938337924155512
5250,test,0,0.2994273006916046,0.1080493618852684,26.397820032451584,1.6480142417181545,1.1377342933536492
5251,test,0,0.26577138900756836,0.19222931443407507,26.42912992013582,1.721011252069888,1.1938336431723866
5252,test,0,0.3032341599464416,0.19222931443407507,26.456042670270655,1.7957823120733112,1.2568439457065517
5253,test,0,0.31958484649658203,0.19222931443407507,26.478081911145647,1.8719425616034373,1.3197437285088582
5254,test,0,0.2929811179637909,0.2423221792316862,26.499051005118552,1.969056501061812,1.3963869613449045
5255,test,0,0.31158734858036047,0.2423221792316862,26.51272451751197,2.067519028396328,1.469520030952115
5256,test,0,0.2956394255161285,0.262335468728937,26.51903658087264,2.1666621291880976,1.5458960475081343
5257,test,0,0.26858317852020264,0.262335468728937,26.51900016239993,2.226156072662253,1.5970098996902244
5258,test,0,0.3361857235431671,0.262335468728937,26.514032831923135,2.3053029329657857,1.6707972189748312
5259,test,0,0.21536308526992798,0.262335468728937,26.506592312031675,2.3646140580182773,1.7200559990219049
5260,test,0,0.17704567313194275,0.2530188663890166,26.49189148154363,2.4424601556896355,1.7967698246058728
5261,test,0,0.14941121637821198,0.2530188663890166,26.470996444725188,2.5188833391049017,1.880007136110977
5262,test,0,0.20571646094322205,0.2530188663890166,26.451224927704164,2.5750379791512215,1.936858169904751
5263,test,0,0.1213526651263237,0.2295607215225079,26.42028323116785,2.6479704966797875,2.005229934982611
5264,test,0,0.10308703780174255,0.2295607215225079,26.375653781129664,2.7368673488654656,2.067097819255636
5265,test,0,0.09375525638461114,0.2145509609427661,26.316022252387054,2.8405092255076725,2.1160082354471474
5266,test,0,0.14422312285751104,0.2145509609427661,26.28457662797737,2.8917094233608367,2.1252300152556134
5267,test,0,0.14616484940052032,0.2145509609427661,26.232078457382165,2.9768101930780246,2.119845585048143
5268,test,0,0.14499225839972496,0.18943428806831122,26.180294924144256,3.0623710841278213,2.109736849835754
5269,test,0,0.17090654745697975,0.18943428806831122,26.129471266871718,3.148521162061665,2.0972162519498716
5270,test,0,0.15766047593206167,0.16092618967469388,26.07972984875884,3.2353037618483933,2.085072696162548
5271,test,0,0.1402014493942261,0.16092618967469388,26.040627733914103,3.30496038346834,2.07996153855434
5272,test,0,0.11755592003464702,0.16092618967469388,26.011175454064407,3.357137092311658,2.0907485751454407
5273,test,0,0.11511192098259923,0.16092618967469388,25.981136602734534,3.409071069825481,2.0989282743573416
5274,test,0,0.10304950177669525,0.12873705000929295,25.940534916802154,3.4777427437522435,2.1110684387501646
5275,test,0,0.13847491145133972,0.12873705000929295,25.909336568920022,3.528923450670327,2.1284248372702597
5276,test,0,0.1109821908175945,0.12873705000929295,25.855656726772803,3.613095575809008,2.1457158360908837
5277,test,0,0.1497672284021974,0.09149516292875852,25.800598910848933,3.6964079900564397,2.164019169341903
5278,test,0,0.15195585880428553,0.09149516292875852,25.767115486366933,3.7459600837994556,2.164505272990997
5279,test,0,0.13966469932347536,0.09149516292875852,25.71123935801361,3.8287949107852537,2.1645156281268076
5280,test,0,0.13543287105858326,0.08665709184252719,25.65531090622214,3.9115815538123075,2.165609813325948
5281,test,0,0.11800731346011162,0.08665709184252719,25.59918193891388,3.99421066910149,2.1698309310950976
5282,test,0,0.1641236487776041,0.08665709184252719,25.56518738248634,4.043612632452767,2.1780868563952778
5283,test,0,0.1360585577785969,0.08665709184252719,25.519195957820376,4.108969292377168,2.1883000632846072
5284,test,0,0.15328911691904065,0.10392153836808281,25.484422951233114,4.157547096009055,2.1962388719653165
5285,test,0,0.14931422844529155,0.10392153836808281,25.43726021111865,4.222001064697887,2.208606234008125
5286,test,0,0.17400800064206123,0.10392153836808281,25.38910921823526,4.285716575369685,2.2268930241623037
5287,test,0,0.1680978937074542,0.10392153836808281,25.352457707415944,4.333006512465847,2.232737198568292
5288,test,0,0.21157065313309434,0.12197584613020651,25.306578848908547,4.393485973943657,2.20918336032775
5289,test,0,0.13302436284720898,0.12197584613020651,25.234945244241164,4.489628077364449,2.21266491571174
5290,test,0,0.11922650132328273,0.15161136038426257,25.1751957826763,4.5688701393216204,2.2172076453674
5291,test,0,0.10968185123056173,0.15161136038426257,25.11508477286935,4.6487921308530264,2.2132838005702085
5292,test,0,0.1448711482807994,0.15161136038426257,25.067246542156084,4.712920459568841,2.2093315411642
5293,test,0,0.13197179138660434,0.15161136038426257,25.019572912026163,4.777127360819914,2.2089357021106624
5294,test,0,0.1280377320945263,0.18408091802452123,24.98384788574807,4.825166859630757,2.2120954519965372
5295,test,0,0.12405970692634583,0.18408091802452123,24.93596892587887,4.889087736839509,2.2153054307312834
5296,test,0,0.07680162694305182,0.18408091802452123,24.887683438711527,4.95278042948692,2.2234592800894033
5297,test,0,0.08272678405046462,0.200287348526264,24.826720155911914,5.031833924000842,2.229013023733877
5298,test,0,0.08794436603784563,0.200287348526264,24.765229878971926,5.110422103641031,2.240121819650804
5299,test,0,0.07952743023633958,0.200287348526264,24.727909733361034,5.157212026944785,2.2482344443234026
5300,test,0,0.05995479226112367,0.200287348526264,24.67754944165881,5.219023828006633,2.262088707297495
5301,test,0,0.05304785817861557,0.14214894253737145,24.63913660426286,5.264928022425718,2.2710829430239934
5302,test,0,0.03641994297504424,0.14214894253737145,24.58726552938714,5.3256037493627755,2.2865029065147557
5303,test,0,0.031379569321870804,0.14214894253737145,24.534415362822408,5.385383084033911,2.3048484594000294
5304,test,0,0.018578868359327316,0.09422343186844033,24.48035028635026,5.444037882725546,2.3260272560116055
5305,test,0,0.03002412989735604,0.09422343186844033,24.438957103514902,5.486982376288604,2.3491381629752026
5306,test,0,0.048451611772179604,0.09422343186844033,24.382185644389686,5.543091016376954,2.375140055638206
5307,test,0,0.004020776599645615,0.09422343186844033,24.309133842620266,5.610927220941563,2.4123013025072186
5308,test,0,0.024030443280935284,0.06372127295130083,24.2338569141976,5.6764801525358966,2.4372914369552943
5309,test,0,0.0063653066754341125,0.06372127295130083,24.188023348027176,5.714870374137257,2.4512390675828577
5310,test,0,0.04584239795804024,0.06372127295130083,24.126049929003923,5.765143726783181,2.4691361183939162
5311,test,0,0.014389663934707642,0.031479940081207934,24.06310296561959,5.8143649845426575,2.487056022569441
5312,test,0,0.035760972648859024,0.031479940081207934,23.999281288569325,5.862499587248949,2.5028182323563053
5313,test,0,0.032163809752091765,0.031479940081207934,23.934866663925206,5.909586735286674,2.517801943973976
5314,test,0,0.04525727778673172,0.031479940081207934,23.886160457682216,5.944322626332527,2.526303194188656
5315,test,0,0.06114979833364486,0.005031167898159807,23.804283552578983,6.001447969567593,2.537127861094409
5316,test,0,0.0031342152506113052,0.005031167898159807,23.754805749291904,6.035392665429631,2.542816725545775
5317,test,0,0.046507297083735466,0.005031167898159807,23.688725702037132,6.080105454204917,2.5524065890231924
5318,test,0,0.07881519943475723,0.005031167898159807,23.638835168240675,6.113234704827278,2.5578822303629973
5319,test,0,0.07040117308497429,0.023784670346350498,23.55519767686348,6.167751587963649,2.568945403281184
5320,test,0,0.07604152988642454,0.023784670346350498,23.487872835360207,6.210657681614188,2.577984831495982
5321,test,0,0.03609910700470209,0.023784670346350498,23.437223660562715,6.242588815508721,2.580328353014204
5322,test,0,0.008167479187250137,0.04820765597581134,23.38644341229897,6.274495746906922,2.5794803737404783
5323,test,0,0.059698774479329586,0.04820765597581134,23.318746352436506,6.316774284385074,2.5877667980844383
5324,test,0,0.0512331249192357,0.04820765597581134,23.250800655069256,6.358862124304948,2.586318066704752
5325,test,0,0.0686696507036686,0.04238826080339448,23.18298900216576,6.400978941946419,2.58653892663884
5326,test,0,0.04114696569740772,0.04238826080339448,23.132036186531284,6.432615481814467,2.58263879943355
5327,test,0,0.0751168429851532,0.04238826080339448,23.064384890820456,6.4752783501718705,2.5750899014603057
5328,test,0,0.09572382643818854,0.04688723324329566,22.99719554696053,6.518455105028342,2.5668871951965984
5329,test,0,0.04001407697796823,0.04688723324329566,22.930302993265148,6.562236571224269,2.556711487180422
5330,test,0,0.09757937490940093,0.04688723324329566,22.880303236803048,6.595365501124155,2.559168680003123
5331,test,0,0.051635081879794584,0.04688723324329566,22.813438612229568,6.638999377598234,2.5676856512106285
5332,test,0,0.08715372066944836,0.06363282929183176,22.74630377848976,6.682173775833621,2.572417539348224
5333,test,0,0.0691969059407711,0.06363282929183176,22.695726465413948,6.714368681424871,2.575968946590834
5334,test,0,0.07833262067288159,0.06363282929183176,22.628141668177115,6.756960986032812,2.582485627278588
5335,test,0,0.10702990274876356,0.08409338409591817,22.543389304311866,6.809715014576482,2.588031294481201
5336,test,0,0.1505034053698182,0.08409338409591817,22.475437429764646,6.851558848808709,2.592475305537927
5337,test,0,0.0914260158315301,0.08409338409591817,22.42426336583624,6.882759274268511,2.5946048193436364
5338,test,0,0.12159049417823553,0.08791146099432204,22.373039679764407,6.913839684042818,2.5972144604789373
5339,test,0,0.08406363241374493,0.08791146099432204,22.304731405404393,6.955161750657922,2.59901661043833
5340,test,0,0.09922071266919374,0.08791146099432204,22.21916458833007,7.006637371225563,2.6005490201204795
5341,test,0,0.09907789621502162,0.09726164102257844,22.150598175053368,7.047691234341436,2.6024906606518763
5342,test,0,0.10791152063757181,0.09726164102257844,22.081980342499502,7.088484363692701,2.60658661443779
5343,test,0,0.08025441225618124,0.09726164102257844,22.013139879417626,7.129069956957087,2.6116048364507747
5344,test,0,0.14917052071541548,0.10278986517543183,21.94421785027428,7.1693372890257265,2.61517490744957
5345,test,0,0.06440630834549667,0.10278986517543183,21.875091632764,7.209369811292982,2.6172933258338014
5346,test,0,0.06995751243084668,0.10278986517543183,21.78849335701836,7.259046356744708,2.6234082467306727
5347,test,0,0.08758021425455809,0.11294749812198411,21.71902700989296,7.2982961699682996,2.6295296702895374
5348,test,0,0.07374252658337356,0.11294749812198411,21.666716650443497,7.32754673718161,2.634472272866126
5349,test,0,0.16871913522481918,0.11294749812198411,21.596848870939777,7.366236240061985,2.6369441641323332
5350,test,0,0.09946515131741761,0.11586320281884656,21.544488212920538,7.395346199809922,2.629455256089624
5351,test,0,0.09572683181613684,0.11586320281884656,21.474820045462234,7.434578175503041,2.6311339482078138
5352,test,0,0.11493794992566106,0.11586320281884656,21.422547734899254,7.463794227322379,2.633098025811291
5353,test,0,0.08488577231764793,0.12422542579173852,21.35269687798918,7.502373091892594,2.6396758596834995
5354,test,0,0.11737856641411779,0.12422542579173852,21.26498923312992,7.549957752208536,2.6480896330072916
5355,test,0,0.13589502032846212,0.12422542579173852,21.21211917461798,7.57821625800889,2.6539846376868295
5356,test,0,0.09146337304264307,0.13275498237713404,21.12381481254404,7.6247616381067544,2.659680542366221
5357,test,0,0.12233644071966412,0.13275498237713404,21.052977780422122,7.661639831283743,2.6634939218197378
5358,test,0,0.13183695450425148,0.13275498237713404,20.99982264888312,7.689004016753837,2.6674514845773794
5359,test,0,0.11025380063802004,0.13104337099391966,20.928609698412345,7.7252911114423695,2.673874001216234
5360,test,0,0.0704249097034335,0.13104337099391966,20.85728468839107,7.761284733601742,2.674450497562683
5361,test,0,0.09570239949971439,0.13104337099391966,20.768109011928193,7.806064005043707,2.679520665561202
5362,test,0,0.11670923233032224,0.13614939758420816,20.69656136865094,7.841420206780139,2.684729867534882
5363,test,0,0.05784716084599495,0.13614939758420816,20.642799841178157,7.86763477419813,2.6902527373129086
5364,test,0,0.13116217125207189,0.13614939758420816,20.57073457296595,7.902280407212771,2.697699257676111
5365,test,0,0.10009010881185532,0.13199968707449633,20.48046200389933,7.944947122664694,2.702655968104361
5366,test,0,0.06085745897144079,0.13199968707449633,20.40811976401065,7.978590560970147,2.71106965429855
5367,test,0,0.11206623632460831,0.13199968707449633,20.37186549874552,7.995157667185768,2.7132817063715438
5368,test,0,0.09322357457131149,0.13199968707449633,20.29911143396273,8.028350111578119,2.714206494773309
5369,test,0,0.0711329123005271,0.1269816799944295,20.208242454107967,8.069954812267573,2.7087102755033436
5370,test,0,0.11529254168272018,0.1269816799944295,20.135847306702626,8.103581560965257,2.7041163033622233
5371,test,0,0.08059766236692667,0.12124366197065724,20.06348846393857,8.137213227356453,2.7110423014409104
5372,test,0,0.050315394066274166,0.12124366197065724,19.99078359740402,8.170370546160328,2.71537031032619
5373,test,0,0.10292038600891827,0.12124366197065724,19.917898779887814,8.203357440647135,2.7183362734342214
5374,test,0,0.07245068531483413,0.11621291799958176,19.845060064612895,8.23612586005483,2.7185320882208446
5375,test,0,0.12794415559619662,0.11621291799958176,19.790491988785853,8.2606514140692,2.718856346276909
5376,test,0,0.0925807049497962,0.11621291799958176,19.735704818757984,8.285309478068948,2.718686900157703
5377,test,0,0.051959908567368984,0.11621291799958176,19.66291237101095,8.318058675851297,2.7180251836993317
5378,test,0,0.11584698874503374,0.10984178883877825,19.60831117276135,8.342631369087123,2.7187495208679864
5379,test,0,0.06656412873417139,0.10984178883877825,19.553551756985616,8.367283563587343,2.7182913526669186
5380,test,0,0.04183077532798052,0.10984178883877825,19.499021866206245,8.391781585125065,2.719634496436332
5381,test,0,0.05044325347989798,0.10984178883877825,19.44420156846139,8.416358823349894,2.72082389553028
5382,test,0,0.05785676371306181,0.10320680221168291,19.353037265687846,8.457160231311532,2.7209327021101957
5383,test,0,0.03756183385848999,0.10320680221168291,19.26184308549383,8.49789004361859,2.7223659496223607
5384,test,0,0.09305528271943331,0.09627852701170761,19.20726030739078,8.522059175847028,2.727642244149537
5385,test,0,0.033092278987169266,0.09627852701170761,19.097304660166373,8.569894683391933,2.7322196101821277
5386,test,0,0.0330616133287549,0.09627852701170761,19.042244449623606,8.59340546483704,2.7444151933544587
5387,test,0,0.04574916232377291,0.08089912816059383,18.968329271573808,8.624037904860169,2.751579972753434
5388,test,0,0.03404874354600907,0.08089912816059383,18.91298552993361,8.646685881820144,2.7542755785579662
5389,test,0,0.03418423980474472,0.08089912816059383,18.83892628588371,8.676641891949215,2.7602569210443475
5390,test,0,0.0264103002846241,0.08089912816059383,18.783077848800026,8.698892416713388,2.7649784230285963
5391,test,0,0.00030404143035411835,0.07426607746547101,18.7087526780061,8.727902237833385,2.774340753732382
5392,test,0,0.03751977579668164,0.07426607746547101,18.615341286416772,8.763263332427606,2.7841924444459374
5393,test,0,0.02931400202214718,0.07426607746547101,18.55913587036107,8.783994614729531,2.7927871841521155
5394,test,0,0.04431165009737015,0.05637964100020038,18.50265232273018,8.804354831492423,2.798295264231659
5395,test,0,0.04896745132282376,0.05637964100020038,18.389507652083406,8.844082353315441,2.8099686014948677
5396,test,0,0.07890864834189415,0.05637964100020038,18.351872884072638,8.85687396996665,2.8182667544118054
5397,test,0,0.10342080146074295,0.03710068565664315,18.256908417875625,8.887681858278642,2.8365689343442675
5398,test,0,0.1278882548213005,0.03710068565664315,18.199531727157744,8.905347668649533,2.8495805093987485
5399,test,0,0.2148583047091961,0.03710068565664315,18.142200090928483,8.922070919111997,2.8673227136244326
5400,test,0,0.17976047843694687,0.0019124521048811303,18.065119614440142,8.942795764601701,2.890023585269664
5401,test,0,0.2526289187371731,0.0019124521048811303,18.00698299205363,8.957162188844952,2.9081168766425907
5402,test,0,0.24252850934863088,0.0019124521048811303,17.929244185274204,8.974782570305228,2.9304475522144515
5403,test,0,0.24555353447794914,0.0019124521048811303,17.87064025052122,8.986918923697614,2.9435478042774363
5404,test,0,0.26482877880334854,0.056213518062923566,17.811886741937993,8.998200222534473,2.9596596914094397
5405,test,0,0.2900956869125366,0.056213518062923566,17.752986035557846,9.00858735356916,2.9758029957758927
5406,test,0,0.34792799502611155,0.056213518062923566,17.674211585792836,9.020840183729865,2.9964094616408823
5407,test,0,0.32051321119070053,0.056213518062923566,17.614895175623815,9.028807320843784,3.0214361224364255
5408,test,0,0.3271368741989136,0.1267464396972418,17.53556928553373,9.036959025168752,3.0583103362547437
5409,test,0,0.3318011239171028,0.1267464396972418,17.416288828057457,9.043255910519056,3.1204146719908716
5410,test,0,0.3110988065600395,0.22340212410127352,17.35661360018633,9.043497988888824,-3.128157069117166
5411,test,0,0.34341050684452057,0.22340212410127352,17.29690118350682,9.041721999242034,-3.0954564387052894
5412,test,0,0.3634295016527176,0.22340212410127352,17.197682393212496,9.034051470704183,-3.0325779859263435
5413,test,0,0.27905432879924774,0.32436941255270796,17.138611690377957,9.026096920881225,-2.982615885491216
5414,test,0,0.3140006959438324,0.32436941255270796,17.041145215269324,9.006891908748841,-2.9139075308266715
5415,test,0,0.32982777059078217,0.32436941255270796,16.983180292306354,8.992318716031038,-2.87609067068943
5416,test,0,0.27847736328840256,0.4502184256364002,16.90716128845819,8.969337384885632,-2.8208672965374184
5417,test,0,0.30095256119966507,0.4502184256364002,16.8508559999778,8.94947262124635,-2.7863796439332975
5418,test,0,0.3362342417240143,0.4502184256364002,16.77641850888546,8.920440249612406,-2.754142579021086
5419,test,0,0.3230006769299507,0.4502184256364002,16.70328485608932,8.889024870151214,-2.7174091536841387
5420,test,0,0.34356658160686493,0.5418710986934754,16.649246871074574,8.863734521950336,-2.689349905729459
5421,test,0,0.3451113700866699,0.5418710986934754,16.59591311726153,8.836708523834796,-2.655686203541489
5422,test,0,0.33556807041168213,0.5418710986934754,16.543703060210976,8.807933623198888,-2.6178670903576373
5423,test,0,0.3181575685739517,0.5418710986934754,16.492727101614108,8.777040462771666,-2.5749365195776615
5424,test,0,0.296395480632782,0.6863852055934437,16.427100355519933,8.732406528300215,-2.514856187022733
5425,test,0,0.306173600256443,0.6863852055934437,16.379338142066885,8.696380232335503,-2.4758433749241484
5426,test,0,0.30177927017211914,0.6863852055934437,16.31806274868198,8.645737483467277,-2.4280115856909146
5427,test,0,0.39358679950237274,0.6863852055934437,16.2588704162177,8.592476860859444,-2.3894820674127817
5428,test,0,0.3202701658010483,0.8815891184961427,16.202161265714253,8.536621219511309,-2.3316657949508635
5429,test,0,0.2822473272681236,0.8815891184961427,16.162126523148146,8.492471403372763,-2.2841853098185654
5430,test,0,0.3440549671649933,0.8815891184961427,16.111555222002707,8.431101225344449,-2.2361522117258663
5431,test,0,0.360209658741951,1.1299093875037571,16.064144029152747,8.36733315100439,-2.1824887955280023
5432,test,0,0.43790510296821594,1.1299093875037571,16.031313371486437,8.317861771628664,-2.1301572773677933
5433,test,0,0.27682603523135185,1.1299093875037571,15.983826321487557,8.231242243151177,-2.0006650177431617
5434,test,0,0.2229973003268242,1.3220649425284605,15.95451448207149,8.157706826676769,-1.901216026363322
5435,test,0,0.25817759335041046,1.3220649425284605,15.942430831066075,8.120089944671966,-1.8650228277859795
5436,test,0,0.3015011250972748,1.3220649425284605,15.92675278399238,8.062863509987093,-1.806875772842994
5437,test,0,0.19713720679283142,0.01373541586339123,15.914648351070728,8.00465868034966,-1.7486105310058504
5438,test,0,0.2472931109368801,0.01373541586339123,15.903472573818808,7.92593499754792,-1.673161246417432
5439,test,0,0.19605913013219833,0.01373541586339123,15.898333400989479,7.827088204285947,-1.5729960451206881
5440,test,0,0.2442639982327819,0.1964395051681946,15.900284960062546,7.767729400883808,-1.5009772293491757
5441,test,0,0.30161235481500626,0.1964395051681946,15.9065089406089,7.708754937860058,-1.431374545873836
5442,test,0,0.2881568372249603,0.1964395051681946,15.921045560945482,7.6308700085308585,-1.3410705788885164
5443,test,0,0.3159276992082596,0.3992994892746167,15.936399991258648,7.573170994818162,-1.2815954908079832
5444,test,0,0.32726939022541046,0.3992994892746167,15.961898135512643,7.498174682149425,-1.2043188634046909
5445,test,0,0.27569763362407684,0.3992994892746167,15.976825285293566,7.461425733191501,-1.1655194617569093
5446,test,0,0.3274567127227783,0.3992994892746167,16.0198822303899,7.372141053535653,-1.0835973929307392
5447,test,0,0.30298154056072235,0.6389707857204351,16.0489994783311,7.320091119156487,-1.0372852043513783
5448,test,0,0.3521841913461685,0.6389707857204351,16.08043495836895,7.269394238199856,-0.9951120240720073
5449,test,0,0.2912241816520691,0.6389707857204351,16.113954133217124,7.220196840005276,-0.9470535232594723
5450,test,0,0.29170814156532293,0.6389707857204351,16.175253977631115,7.14206382708271,-0.8645032046560411
5451,test,0,0.2659116387367248,0.9068604610794715,16.24263448346078,7.069060095626128,-0.7887796017507102
5452,test,0,0.2977774143218994,0.9068604610794715,16.285513302297613,7.027869601306989,-0.7429947499536709
5453,test,0,0.28931887447834015,0.9068604610794715,16.34567002799462,6.975779876652472,-0.6833213764728268
5454,test,0,0.303845077753067,1.17210130090278,16.39270949123086,6.93931325002407,-0.6354613190146674
5455,test,0,0.31889843940734863,1.17210130090278,16.475032042373442,6.883865303472243,-0.5481712189342793
5456,test,0,0.29534813761711126,1.17210130090278,16.544156164304223,6.844891478232543,-0.4777057241293338
5457,test,0,0.2845694273710251,1.3723552854708498,16.597709175769957,6.819140702440321,-0.4194070310397302
5458,test,0,0.3078058063983918,1.3723552854708498,16.671275012330053,6.789716563912658,-0.34184919095332883
5459,test,0,0.318780779838562,1.3723552854708498,16.7280080887384,6.771257602809141,-0.28785446788508967
5460,test,0,0.3459104374051094,1.3723552854708498,16.80480763246783,6.751333185477996,-0.22097796748144932
5461,test,0,0.3008696213364601,0.08606856274105483,16.86334768462672,6.739365337733423,-0.1840358686316761
5462,test,0,0.32656752318143845,0.08606856274105483,16.922258808772508,6.729421007885168,-0.15132578607578334
5463,test,0,0.32938892021775246,0.08606856274105483,16.981390992154914,6.721144976742981,-0.126998300859982
5464,test,0,0.27199506387114525,0.3157376271786272,17.060643911472777,6.712126871632042,-0.10257972053427815
5465,test,0,0.31001677364110947,0.3157376271786272,17.120206194827485,6.706449327045675,-0.08822530446005306
5466,test,0,0.33174462616443634,0.3157376271786272,17.219639331157815,6.698549201637269,-0.06895570588542914
5467,test,0,0.30130770057439804,0.3157376271786272,17.27937765810937,6.694687714046323,-0.0601423548230288
5468,test,0,0.3138122521340847,0.5569335754483534,17.339071656015925,6.6914270055253935,-0.050444265507779765
5469,test,0,0.3297423794865608,0.5569335754483534,17.398989608010353,6.688623244026626,-0.0426905018532193
5470,test,0,0.2538222447037697,0.5569335754483534,17.458708338561593,6.686296188255807,-0.036866279874129826
5471,test,0,0.2815946526825428,0.5569335754483534,17.518666582356,6.684294367941574,-0.028310839531611568
5472,test,0,0.2573517337441445,0.7854782448158675,17.598405704835688,6.6827434075164,-0.00842482161744376
5473,test,0,0.3504747888073325,0.7854782448158675,17.658013607468938,6.6830648606137135,0.02000924778964285
5474,test,0,0.29051972925663,0.7854782448158675,17.7178708960352,6.684948088227624,0.03524522209200326
5475,test,0,0.33274288475513464,1.0203079472237704,17.777760775995848,6.686926479030957,0.02916848901005356
5476,test,0,0.17061502486467356,1.0203079472237704,17.85778438582757,6.6888151810726955,0.016619035446403044
5477,test,0,0.4181978516280651,1.0203079472237704,17.917782684833092,6.690201722537629,0.035355247223480116
5478,test,0,0.23135093599557877,1.0203079472237704,17.977706043607554,6.692544622160023,0.03560140003565663
5479,test,0,0.34041672945022583,1.2569904133496068,18.05760558547455,6.695609193494777,0.048345246424255243
5480,test,0,0.27230410650372505,1.2569904133496068,18.13760387563579,6.699345871696685,0.04053743835119979
5481,test,0,0.21749451011419296,1.2569904133496068,18.197525170069632,6.701441571634469,0.028999554416370543
5482,test,0,0.03662743419408798,1.4919694437627804,18.27732038855936,6.704365533149321,0.04860860590209852
5483,test,0,0.32303477078676224,1.4919694437627804,18.377150034556784,6.709223778347868,0.04088456606146634
5484,test,0,0.04594269394874573,1.4919694437627804,18.45725446145595,6.711892014696919,0.026048914746586726
5485,test,0,0.220286606810987,0.2244734267173016,18.51729761726954,6.7130223450278805,0.011311194891560265
5486,test,0,0.2693521976470947,0.2244734267173016,18.617351744651252,6.713661947766878,0.0021129990856080076
5487,test,0,0.2686009705066681,0.2244734267173016,18.69731874034687,6.713263295432614,-0.014634568718921296
5488,test,0,0.32357077300548553,0.45689462352506643,18.757416704180073,6.711936386405238,-0.028792616616994247
5489,test,0,0.02054615318775177,0.45689462352506643,18.837492093965764,6.708839264798932,-0.049001734665891215
5490,test,0,0.02915431186556816,0.45689462352506643,18.93735907765364,6.702751167699578,-0.0740488941830449
5491,test,0,0.22462044656276708,0.6983583175941223,18.997126937470938,6.6979593744567305,-0.0869135706693543
5492,test,0,0.3865455463528633,0.6983583175941223,19.05682419956839,6.692739432865454,-0.08202287053874167
5493,test,0,0.11843255907297134,0.6983583175941223,19.116635909981266,6.688020292856075,-0.0809604038856831
5494,test,0,0.2870422750711441,0.6983583175941223,19.196353130839583,6.681562584666495,-0.07666202792169839
5495,test,0,0.3174888342618942,0.9359618480322957,19.256153905778902,6.676931250662322,-0.08061119164401964
5496,test,0,0.18794108182191852,0.9359618480322957,19.315860379026336,6.671939400417271,-0.08729033369844494
5497,test,0,0.28957476466894155,0.9359618480322957,19.41539959182294,6.662663308151719,-0.09921318873667408
5498,test,0,0.2091608503833413,1.1737041883062143,19.475092524502923,6.656499743680828,-0.10594254749596974
5499,test,0,0.31782400514930487,1.1737041883062143,19.554574932976873,6.647861254734578,-0.11025863148200217
5500,test,0,0.21174753922969103,1.1737041883062143,19.63397856056931,6.639055199664214,-0.11234965273981656
5501,test,0,0.24502325057983398,1.4067946024272133,19.69356139528043,6.632343577162948,-0.1112925840758087
5502,test,0,0.08009123057126999,1.4067946024272133,19.753081781471337,6.62573185065675,-0.10957602085026528
5503,test,0,0.356376408599317,1.4067946024272133,19.87221892106413,6.613779949101743,-0.08969739293664242
5504,test,0,0.22019057068973782,0.18845950412565576,19.9318434641775,6.60853642329023,-0.08908393127469723
5505,test,0,0.24672417249530554,0.18845950412565576,20.011541058863944,6.601238978873114,-0.09364171859693729
5506,test,0,0.15643492713570595,0.18845950412565576,20.07116814195797,6.595528837842271,-0.09668060465613214
5507,test,0,0.22446313872933388,0.18845950412565576,20.15068342042875,6.587686128005921,-0.10315720584017583
5508,test,0,0.06013039406388997,0.4227365255318616,20.21036317144372,6.581361837005691,-0.10755158445478803
5509,test,0,0.12793021742254496,0.4227365255318616,20.28978639034108,6.572485506281546,-0.11459779903941666
5510,test,0,0.30216609407216305,0.4227365255318616,20.36919636665577,6.56322154151947,-0.11867328225503918
5511,test,0,0.10633138660341501,0.6649692272763297,20.428748206890607,6.55606330346861,-0.12100301308820707
5512,test,0,0.2586058108136058,0.6649692272763297,20.488196410511087,6.548709865439498,-0.12459994103683719
5513,test,0,0.3184905983507633,0.6649692272763297,20.547658325552373,6.54122521767596,-0.1273246978803733
5514,test,0,0.26462826132774353,0.6649692272763297,20.626984493930376,6.5307924546223735,-0.13454455887337585
5515,test,0,0.3199719116091728,0.9085552553460893,20.686353958486244,6.5224643434812615,-0.14436881825534623
5516,test,0,0.32810555398464203,0.9085552553460893,20.745741623000235,6.513574873253801,-0.15375127087842178
5517,test,0,0.2775930054485798,0.9085552553460893,20.84442489740614,6.4971896405702605,-0.17470354989364892
5518,test,0,0.3052883446216583,1.1545541040159373,20.923001853527392,6.48266842262109,-0.18895597740155176
5519,test,0,0.29088906571269035,1.1545541040159373,21.001471691799647,6.4671494637015545,-0.2017461178756486
5520,test,0,0.3028085827827454,1.1545541040159373,21.099314135836796,6.446389852900655,-0.21729911976419966
5521,test,0,0.2694135382771492,1.395362417271868,21.177455393294082,6.428853346646838,-0.22530630894611192
5522,test,0,0.019830040633678436,1.395362417271868,21.235823705258127,6.415330930318785,-0.23009974438427483
5523,test,0,0.2587430141866207,1.395362417271868,21.27484406187492,6.406106746191987,-0.23478005481825728
5524,test,0,0.30453953891992563,0.16813343502710526,21.352566181460574,6.387230169717911,-0.24198821526392822
5525,test,0,0.20054072607308626,0.16813343502710526,21.41066976175575,6.37270291321504,-0.24789107794757398
5526,test,0,0.3042623633518815,0.16813343502710526,21.507526922530648,6.347824768819854,-0.2547522963801618
5527,test,0,0.31054666917771107,0.16813343502710526,21.565712900595617,6.332573103767805,-0.25820167532756616
5528,test,0,0.23822655808180568,0.40282143456211306,21.623541580376916,6.317224955999949,-0.26016691174168805
5529,test,0,0.2704246276989579,0.40282143456211306,21.739480801578154,6.286229913087721,-0.26229086909960314
5530,test,0,0.2931771660223603,0.40282143456211306,21.797416134026996,6.270643362140493,-0.26336141738212865
5531,test,0,0.32252261880785227,0.634922751358082,21.85539735781222,6.254938224558299,-0.26638169904647796
5532,test,0,0.30218284111469984,0.634922751358082,21.951767870276676,6.228263120598731,-0.2737051087311574
5533,test,0,0.32513929158449173,0.634922751358082,22.028646788360163,6.2064324691555175,-0.2793841269229604
5534,test,0,0.2862353203818202,0.8739494592944579,22.08637959161165,6.189719724742545,-0.28456124601363214
5535,test,0,0.28903307765722275,0.8739494592944579,22.16316561272959,6.167064969162455,-0.2882451216168611
5536,test,0,0.2946137711405754,0.8739494592944579,22.239715846156024,6.144577707410157,-0.2810451452766095
5537,test,0,0.3008153364062309,1.1141439845116814,22.297350227371545,6.128225622483326,-0.27135954454608735
5538,test,0,0.3045883402228356,1.1141439845116814,22.355245503614942,6.112533333402901,-0.25709500319232464
5539,test,0,0.2862429693341255,1.1141439845116814,22.413131213024336,6.0978154091833545,-0.23941615952925516
5540,test,0,0.3189357668161392,1.1141439845116814,22.49095819891445,6.0800652968173745,-0.2082044969987498
5541,test,0,0.35781288892030716,1.352314137724137,22.54963594974313,6.068314289222289,-0.18813392548544652
5542,test,0,0.23159863054752355,1.352314137724137,22.60848493725999,6.057406303763721,-0.17963130388183657
5543,test,0,0.16420469433069224,1.352314137724137,22.687158755908293,6.044039140392308,-0.15510799208220732
5544,test,0,0.05259285122156143,0.11337405891870145,22.785787883653303,6.031160533057564,-0.10453223578750702
5545,test,0,0.3032818734645843,0.11337405891870145,22.845282181612323,6.025943186323776,-0.06955431816106554
5546,test,0,0.3265110328793525,0.11337405891870145,22.904900928582613,6.022642625412381,-0.04260949929940097
5547,test,0,0.25190857797861105,0.356731222947389,22.984487560952843,6.02059983230884,-0.010802118344945455
5548,test,0,0.28223102912306786,0.356731222947389,23.064273362824117,6.020916897185394,0.01880305367472654
5549,test,0,0.2915250882506371,0.356731222947389,23.14420669347984,6.023334822297507,0.04140026164141821
5550,test,0,0.25357646122574806,0.5946547678576828,23.243941652979515,6.028451930835638,0.06085632791980818
5551,test,0,0.260210782289505,0.5946547678576828,23.303601430903353,6.0323347767158895,0.06780997780706467
5552,test,0,0.3413866478949785,0.5946547678576828,23.3634428114158,6.036629769278092,0.07683275970321223
5553,test,0,0.1956570632755756,0.8401414493478941,23.463048824414788,6.044736921305966,0.08391514293012442
5554,test,0,0.1814757212996483,0.8401414493478941,23.54271909533406,6.051795624340944,0.09447916293593847
5555,test,0,0.17961042653769255,0.8401414493478941,23.602281399041104,6.057560281012005,0.0977812386018884
5556,test,0,0.20407999586313966,1.079158044839178,23.701755904644564,6.067406446625805,0.0993138786306536
5557,test,0,0.2729612737894058,1.079158044839178,23.76162154576194,6.073386490972277,0.09986863404846337
5558,test,0,0.29226041585206985,1.079158044839178,23.840974339434215,6.081801437909207,0.11554647697363875
5559,test,0,0.2633732808753848,1.3307853180232165,23.940067875412826,6.094169381810461,0.1312659066179427
5560,test,0,0.3120619663968682,1.3307853180232165,23.999410034534623,6.102065175663307,0.13301197432599007
5561,test,0,0.327916894108057,1.3307853180232165,24.09846181444819,6.115375731485608,0.13350822119040448
5562,test,0,0.3697840375825763,1.3307853180232165,24.157935414537487,6.123604940081833,0.1429940040009756
5563,test,0,0.3393552452325821,0.07105570536196118,24.217168619319086,6.132103305656983,0.14110479611033314
5564,test,0,0.2104337178170681,0.07105570536196118,24.296483667181207,6.143013601874831,0.13125512421291277
5565,test,0,0.14243482798337936,0.07105570536196118,24.356080620268976,6.1506699728944305,0.12405732021668224
5566,test,0,0.1772485263645649,0.31391450000316845,24.4354384502394,6.160072312615168,0.11086909677910692
5567,test,0,0.25070191547274584,0.31391450000316845,24.49522601352345,6.166433504723035,0.10143799657165016
5568,test,0,0.2624950334429741,0.31391450000316845,24.574974243126853,6.174181861614929,0.0929778640080406
5569,test,0,0.24142625927925113,0.5545706238720554,24.674621768882083,6.18289382857094,0.0807351478885306
5570,test,0,0.21437150146812198,0.5545706238720554,24.754149609947206,6.189588838831095,0.08937603698932811
5571,test,0,0.23326064832508564,0.5545706238720554,24.813917982087453,6.194879134056597,0.0867821110039396
5572,test,0,0.2428530286997557,0.7564822947186663,24.873772600466626,6.20003844312265,0.08582311298179515
5573,test,0,0.1997737344354391,0.7564822947186663,24.95333063981311,6.206953989285243,0.08786744622678062
5574,test,0,0.22633468825370073,0.7564822947186663,25.01312645796312,6.212244110447403,0.0887529421081592
5575,test,0,0.30466177314519877,0.9957541663090519,25.09287356500657,6.219430907212789,0.0919373016194183
5576,test,0,0.2897138837724924,0.9957541663090519,25.172260405329588,6.227404675339418,0.10918433711589245
5577,test,0,0.32818673178553576,0.9957541663090519,25.251617201836464,6.236590786881536,0.11918190441991028
5578,test,0,0.3204490132629872,0.9957541663090519,25.31124111216218,6.243949737399949,0.12647604050805997
5579,test,0,0.2959214961156249,1.2365178411600324,25.370524072052774,6.251753206724219,0.13500866191669572
5580,test,0,0.3219127189368009,1.2365178411600324,25.449642633288736,6.2626868660782,0.13839857466268016
5581,test,0,0.28529351670295,1.2365178411600324,25.54853239413286,6.276770883535947,0.14500437458920173
5582,test,0,0.007038046605885029,1.47663549287284,25.60805039929796,6.285432629809106,0.14226052250602475
5583,test,0,0.08763332571834327,1.47663549287284,25.707026912319385,6.299410753723477,0.13854554176282974
5584,test,0,0.15483348164707422,1.47663549287284,25.785776169564627,6.310502005145814,0.13463644422550453
5585,test,0,0.16218858864158392,0.20718774888264202,25.864943749372422,6.321202797719477,0.13425876970493936
5586,test,0,0.18557794857770205,0.20718774888264202,25.964015469958685,6.3344682391594995,0.13119156536619958
5587,test,0,0.19349220301955938,0.20718774888264202,26.02366955001137,6.342268305004589,0.12836363433986125
5588,test,0,0.20161070954054597,0.44893551051124314,26.122835338170148,6.354942783560152,0.12536947074998758
5589,test,0,0.3290212657302618,0.44893551051124314,26.24181932986529,6.3696314101728655,0.11927941726135487
5590,test,0,0.2521594576537609,0.6889278906738525,26.32117711654373,6.379546903312497,0.12987363892659776
5591,test,0,0.299199235625565,0.6889278906738525,26.420125316732396,6.392868938863973,0.1361205511096518
5592,test,0,0.2801604578271508,0.9286137812129487,26.53906126766976,6.408880225640257,0.13030639771836638
5593,test,0,0.2875934205949307,0.9286137812129487,26.61828991926249,6.419284946334445,0.13054214277091053
5594,test,0,0.34509607776999474,0.9286137812129487,26.69744551997259,6.42957021530406,0.1265593154108825
5595,test,0,0.3282165303826332,1.169011094578437,26.756910488999715,6.43734780178232,0.13633469782657265
5596,test,0,0.3024081140756607,1.169011094578437,26.835958330684655,6.448978826647765,0.15611611305730183
5597,test,0,0.3020147494971752,1.169011094578437,26.91456612968731,6.4620402331408995,0.17241487667308178
5598,test,0,0.32751394063234335,1.169011094578437,26.97351754566804,6.472494808343094,0.17842802318971132
5599,test,0,0.30209118220955133,1.40618070187607,27.05215538432709,6.487053277793263,0.1867057304152587
5600,test,0,0.3084521219134331,1.40618070187607,27.13057202574566,6.5020301135136895,0.18970094326917084
5601,test,0,0.28059054538607603,1.40618070187607,27.208602825005023,6.517839101704029,0.21253807154170395
5602,test,0,0.2793752588331699,0.19068503201840212,27.30600810170216,6.5398245341886945,0.22947377894732104
5603,test,0,0.31795113533735275,0.19068503201840212,27.364340219687435,6.553696066498746,0.23669198978449754
5604,test,0,0.31820514053106314,0.19068503201840212,27.422432676775397,6.568059416225169,0.24794488541025692
5605,test,0,0.34777627885341644,0.4281251934096699,27.480388898681902,6.5830131360672475,0.25751581031844806
5606,test,0,0.3109253197908401,0.4281251934096699,27.557298763066054,6.604151219856272,0.27972656015358144
5607,test,0,0.3242342099547386,0.4281251934096699,27.63364109571902,6.627058648472398,0.30140558183716565
5608,test,0,0.3108934164047241,0.6659538723325299,27.70959151129284,6.651558728210679,0.3245994255831292
5609,test,0,0.33236794173717504,0.6659538723325299,27.766123610688954,6.671107677783514,0.341028566013761
5610,test,0,0.32594162970781326,0.6659538723325299,27.840850986817227,6.698764098314013,0.3675846938389496
5611,test,0,0.32045965641736984,0.9049991349326926,27.933278125284954,6.736131473357604,0.4011050926940025
5612,test,0,0.32619714736938477,0.9049991349326926,28.00641429312375,6.768237902794715,0.4269683374142489
5613,test,0,0.25736553966999054,0.9049991349326926,28.078716024570923,6.80228530423504,0.45422260477642645
5614,test,0,0.007295209914445877,1.14348496883246,28.167653278226766,6.847411496429047,0.48371455043011596
5615,test,0,0.3302383609116077,1.14348496883246,28.23792487229675,6.88509735339174,0.500752357529994
5616,test,0,0.28348002117127175,1.14348496883246,28.290364331135432,6.9140335728069084,0.5067572253018148
5617,test,0,0.29769562650471926,1.377615661527716,28.360266703952252,6.953019331102228,0.5089381533705306
5618,test,0,0.0018389327451586723,1.377615661527716,28.44744355522856,7.001824297254852,0.5107106619638629
5619,test,0,0.011327107436954975,1.377615661527716,28.51710213808294,7.040920952153221,0.5113902346037644
5620,test,0,0.006082831881940365,0.04175485556363124,28.58680978851046,7.079887528531686,0.5077240856059193
5621,test,0,0.022357281297445297,0.04175485556363124,28.639101454814615,7.122464458648869,0.28021942747326867
5622,test,0,0.12801328301429743,0.047369514880991725,28.639176864358326,7.17538424172153,-0.2150563286804039
5623,test,0,0.23009996395558122,0.047369514880991725,28.644330671147113,7.178336328081315,0.02508776815788443
5624,test,0,0.3667479455471039,0.047369514880991725,28.638245761656712,7.193612746725095,-0.2588473937574636
5625,test,0,0.3638680577278137,0.047369514880991725,28.64276028908115,7.188758886278494,-0.2474065947641491
5626,test,0,0.31989162415266037,0.047369514880991725,28.638525457663683,7.178347586559225,-0.26031922743781366
5627,test,0,0.23177993297576902,0.047369514880991725,28.64288447204484,7.164504955180179,-0.2406061308377609
5628,test,0,0.010761302895843983,0.047369514880991725,28.642007348111793,7.154362585530072,-0.24262539759156485
5629,test,0,0.09913865476846695,0.047369514880991725,28.642152178120245,7.146970255836603,-0.25266652579557913
5630,test,0,0.4097018986940384,0.047369514880991725,28.642983582199037,7.138646396004115,-0.2092382446375776
5631,test,0,0.41316357254981995,0.047369514880991725,28.6402244982552,7.135809444291997,-0.2656779040953122
5632,test,0,0.37838758155703545,0.047369514880991725,28.642451238240838,7.12748210202388,-0.24992631763422732
5633,test,0,0.24189718812704086,0.047369514880991725,28.638316787836906,7.112750341868038,-0.2645580269936078
5634,test,0,0.08211102709174156,0.047369514880991725,28.643861651221453,7.101718961404722,-0.23882329285344578
5635,test,0,0.2501506498083472,0.047369514880991725,28.641648895222136,7.089370509169956,-0.2590927784637921
5636,test,0,0.1474385904148221,0.047369514880991725,28.640623141754098,7.076953799300339,-0.26175037715399946
5637,test,0,0.025592681020498276,0.047369514880991725,28.640417352252545,7.057176587539448,-0.266436733229029
5638,test,0,0.33993982523679733,0.047369514880991725,28.64371778822904,7.0469484939388805,-0.24011887029380571
5639,test,0,0.35713020712137217,0.047369514880991725,28.643205385804595,7.035475511555425,-0.24072221349619852
5640,test,0,0.4274246208369732,0.047369514880991725,28.64311452312485,7.026074912862688,-0.24390214381821326
5641,test,0,0.22745844069868326,0.047369514880991725,28.638428916371474,7.009806377209687,-0.2626233426874517
5642,test,0,0.1518173599615693,0.047369514880991725,28.64051406758617,6.994109584292693,-0.24733198476890975
5643,test,0,0.11738397926092148,0.047369514880991725,28.643055283064523,6.973714008486271,-0.2334094984435243
5644,test,0,0.3004373461008072,0.08316419910527127,28.6413019697894,6.9479515424055425,-0.23021366123920634
5645,test,0,0.35782161355018616,0.08316419910527127,28.64203982918028,6.9327447792907275,-0.2450407628811939
5646,test,0,0.021066829562187195,0.08316419910527127,28.643553626910144,6.913698583631442,-0.2386692223846307
5647,test,0,0.36737342178821564,0.08316419910527127,28.643447100330498,6.8947301594157615,-0.20662524980502064
5648,test,0,0.0751357153058052,0.08316419910527127,28.64186531763167,6.877620426778466,-0.2195337279423887
5649,test,0,0.0510647427290678,0.08316419910527127,28.638468213559424,6.862944345567041,-0.26379375351586287
5650,test,0,0.2705208361148834,0.08316419910527127,28.640880714647896,6.853093064103774,-0.23550877345343535
5651,test,0,0.1252928301692009,0.08316419910527127,28.64030822686201,6.837510842245952,-0.2472363899344799
5652,test,0,0.04438645765185356,0.08316419910527127,28.64003787453572,6.826238218705134,-0.24686235072494123
5653,test,0,0.1788860261440277,0.08316419910527127,28.641830003131467,6.811104241020055,-0.22744538590924215
5654,test,0,0.003547880798578266,0.08316419910527127,28.64323338114499,6.791633434670538,-0.2373198071871199
5655,test,0,0.1867578299716115,0.08316419910527127,28.638929951979417,6.778275842191756,-0.2590473967588378
5656,test,0,0.09037534892559052,0.08316419910527127,28.639810688617146,6.765161811454227,-0.2427069559791492
5657,test,0,0.00940113328397274,0.08316419910527127,28.643125606396833,6.751367279437863,-0.22751301532562326
5658,test,0,0.12980869412422175,0.06901336280725236,28.642125705653825,6.732645161950871,-0.2491071066997648
5659,test,0,0.08890536054968834,0.06901336280725236,28.641945911232217,6.7099852328991805,-0.24772990807112524
5660,test,0,0.28876355290412903,0.06901336280725236,28.642813259674025,6.695759322191002,-0.2213872499789077
5661,test,0,0.009580393321812153,0.06901336280725236,28.64188731828765,6.6764500260911905,-0.235267683642386
5662,test,0,0.008184405975043774,0.06901336280725236,28.640330250948256,6.654338671447704,-0.24625398466552298
5663,test,0,0.27816446498036385,0.06901336280725236,28.63982681252436,6.639633151933072,-0.2720729284151361
5664,test,0,0.3015961647033692,0.06901336280725236,28.640485510288368,6.630469646540683,-0.2355466753651789
5665,test,0,0.13539321999996898,0.06901336280725236,28.641582153061897,6.6234693586295945,-0.24278541624758532
5666,test,0,0.013910968787968159,0.06901336280725236,28.638628934730782,6.6047504795567775,-0.26253266493019073
5667,test,0,0.1711678607389331,0.06901336280725236,28.64417690126943,6.588798026000255,-0.2124837656207147
5668,test,0,0.02812543511390686,0.06901336280725236,28.641312046687943,6.578903246347891,-0.23704672542245306
5669,test,0,0.0019969502463936806,0.06901336280725236,28.643307513029065,6.560782759993288,-0.24219257958098095
5670,test,0,0.23730542790144685,0.06901336280725236,28.64325838461543,6.551922529776505,-0.24319437826895074
5671,test,0,0.3361967653036117,0.08675008012587838,28.640017292497582,6.533236742389447,-0.24690022590103833
5672,test,0,0.239910613745451,0.08675008012587838,28.64336725872856,6.5148882816870675,-0.23557235368817206
5673,test,0,0.07880984991788864,0.08675008012587838,28.639663798187136,6.497645645071918,-0.2533393489806145
5674,test,0,0.4043897241353988,0.08675008012587838,28.643421300568956,6.490518945069948,-0.24099812459336903
5675,test,0,0.0074198925867676735,0.08675008012587838,28.642931157452963,6.471816064963565,-0.045096667870914
5676,test,0,0.08779003471136093,0.09547843552182277,28.6387954941812,6.490880163517995,-0.02906245186229017
5677,test,0,0.08916770666837692,0.09547843552182277,28.6423924556954,6.512198590802354,-0.04747375411566233
5678,test,0,0.6405325308442116,0.09547843552182277,28.63766033380516,6.534819811128687,-0.11120573176534929
5679,test,0,0.5701127573847771,0.09547843552182277,28.64091769580691,6.561268881632247,-0.2122843629069091
5680,test,0,0.01850426197052002,0.09547843552182277,28.638852945579625,6.540616038324207,-0.25917663254573176
5681,test,0,0.23807915206998584,0.018774470788723602,28.64248259056037,6.5307366525376525,-0.24080329201577183
5682,test,0,0.2327926978468895,0.018774470788723602,28.64353260288773,6.50996688473756,-0.20339937379117728
5683,test,0,0.007268101908266544,0.018774470788723602,28.64019879430817,6.508309393169701,-0.24162661948892808
5684,test,0,0.09784246236085893,0.018774470788723602,28.640174602957533,6.491815523585107,-0.24918609318262072
5685,test,0,0.1705808863043785,0.018774470788723602,28.6407858544376,6.480036038435695,-0.2361213534390153
5686,test,0,0.4241897836327553,0.018774470788723602,28.643407582995867,6.474912399218528,-0.24210862592539506
5687,test,0,0.23307505249977112,0.018774470788723602,28.639680111786262,6.459478744759039,-0.24656832508795232
5688,test,0,0.06476740073412655,0.018774470788723602,28.639732651142594,6.435846483961071,-0.25156221116482413
5689,test,0,0.1143569489941001,0.018774470788723602,28.639279849765234,6.418169508701906,-0.2514416072168766
5690,test,0,0.16020824760198593,0.018774470788723602,28.640187274164393,6.4113501587757895,-0.2415324029775292
5691,test,0,0.15576281771063805,0.018774470788723602,28.6402204118718,6.398970786221617,-0.24018321762753322
5692,test,0,0.11210249736905098,0.018774470788723602,28.64109705677365,6.386055317948457,-0.24101635121598625
5693,test,0,0.3752315938472747,0.018774470788723602,28.638651087066215,6.371000012367043,-0.26161887130623956
5694,test,0,0.4325930094346404,0.018774470788723602,28.642126059431785,6.363520596820792,-0.25179980842117905
5695,test,0,0.02503298968076706,0.018774470788723602,28.63828287008126,6.3509896766632945,-0.2615469105936911
5696,test,0,0.15318268537521365,0.018774470788723602,28.642554210247475,6.339127425356209,-0.24914423289707988
5697,test,0,0.2158415196463466,0.027968905648239416,28.63917124924791,6.323181629806108,-0.25434331176312575
5698,test,0,0.12989023327827454,0.027968905648239416,28.64129330885731,6.310338512136331,-0.24961440878951555
5699,test,0,0.1207730146124959,0.027968905648239416,28.642403062934527,6.291218318239132,-0.23453783314000246
5700,test,0,0.12000956013798714,0.027968905648239416,28.640630340820504,6.2669779626702145,-0.24209790126304956
5701,test,0,0.004310558550059795,0.027968905648239416,28.6416880704952,6.25594169826627,-0.24292409487878702
5702,test,0,0.14745234698057172,0.027968905648239416,28.638943597782685,6.240521416685465,-0.2572215296153296
5703,test,0,0.3346644639968872,0.027968905648239416,28.64226044287432,6.229996702736567,-0.24954350140903778
5704,test,0,0.13884252309799194,0.027968905648239416,28.63974821818706,6.208702221213438,-0.2515221012186694
5705,test,0,0.014980012550950047,0.027968905648239416,28.640463851665455,6.201426344675284,-0.2520470957059509
5706,test,0,0.06629129406064749,0.027968905648239416,28.641174859368395,6.191788724086249,-0.25203344170777037
5707,test,0,0.29912782460451126,0.027968905648239416,28.639629295931666,6.181570110166239,-0.2653743832343996
5708,test,0,0.19341051857918504,0.027968905648239416,28.643747126247032,6.17447675794604,-0.22790088632745054
5709,test,0,0.26708798110485077,0.027968905648239416,28.639112438270043,6.1607638424222095,-0.2561976397065306
5710,test,0,0.04482515994459391,0.027968905648239416,28.643091135105493,6.149296571526331,-0.24440341974744736
5711,test,0,0.3249928876757622,0.027968905648239416,28.64050900560076,6.136785237993778,-0.25530587631907975
5712,test,0,0.10863452404737473,0.0517039192425804,28.643475123367853,6.127810777670077,-0.20458130189492205
5713,test,0,0.22877469658851618,0.0517039192425804,28.642830820649475,6.114349303247564,-0.24583912730953328
5714,test,0,0.08934737741947173,0.0517039192425804,28.641732704184744,6.102108033533055,-0.2519644145264728
5715,test,0,0.1848486140370369,0.0517039192425804,28.64357403182405,6.087627647389202,-0.2129759978048455
5716,test,0,0.08974872808903456,0.0517039192425804,28.64188470723686,6.073156206430398,-0.2185140808165515
5717,test,0,0.4345206245779991,0.0517039192425804,28.63873437737968,6.060920760930842,-0.25847473694182244
5718,test,0,0.02773025631904602,0.0517039192425804,28.638987660118577,6.047530973176913,-0.2601482835475333
5719,test,0,0.03102244157344103,0.0517039192425804,28.64040114563784,6.029005514401815,-0.24479102670082026
5720,test,0,0.008969148620963095,0.0517039192425804,28.643289995806345,6.014182600770609,-0.23193272022636954
5721,test,0,0.21169746667146683,0.0517039192425804,28.643133340918226,6.000191842745534,-0.22780421563767655
5722,test,0,0.29785026609897614,0.0517039192425804,28.639476629906035,5.9884581630856974,-0.2532538717860201
5723,test,0,0.4356282278895378,0.0517039192425804,28.639277062503968,5.976857563532045,-0.256559443231394
5724,test,0,0.012175115756690502,0.0517039192425804,28.639358938298834,5.96012226145158,-0.24316648312838257
5725,test,0,0.03029362764209509,0.0517039192425804,28.64171732247602,5.944356232171743,-0.23379093921491903
5726,test,0,0.04602188151329755,0.0517039192425804,28.64008444532874,5.933734283018785,-0.24798308694692306
5727,test,0,0.4702697359025478,0.006613929451327156,28.641724028559597,5.9235549506779055,-0.2306527201467653
5728,test,0,0.09239665791392326,0.006613929451327156,28.640778325628528,5.913979555003093,-0.2463178778081152
5729,test,0,0.04453382734209299,0.006613929451327156,28.640495798980076,5.896032433585847,-0.24398897294712651
5730,test,0,0.10020933393388987,0.006613929451327156,28.639863277849066,5.8755761713008825,-0.25075302547373446
5731,test,0,0.00510620791465044,0.006613929451327156,28.64209661782126,5.8537198500228005,-0.24795163038816767
5732,test,0,0.1119982274249196,0.006613929451327156,28.642200030701293,5.837247530530734,-0.25065325023735835
5733,test,0,0.035363391041755676,0.006613929451327156,28.643086507738396,5.826393579966928,-0.20911340093169806
5734,test,0,0.30222727451473475,0.006613929451327156,28.639255792203336,5.814247333887559,-0.2558849860093015
5735,test,0,0.23174093663692474,0.006613929451327156,28.63945434258408,5.799325729039695,-0.25690958126300917
5736,test,0,0.3494994193315506,0.006613929451327156,28.638156448409436,5.778985221217113,-0.26376661461416157
5737,test,0,0.3164796456694603,0.006613929451327156,28.6401415470359,5.764955441523731,-0.2734394348533229
5738,test,0,0.055066950619220734,0.006613929451327156,28.641037162988606,5.756664031385869,-0.2307838961094325
5739,test,0,0.05130326468497515,0.006613929451327156,28.641704282362547,5.748220647176293,-0.24699192058094618
5740,test,0,0.32825611531734467,0.006613929451327156,28.640059984801784,5.737921289447,-0.24785975300578328
5741,test,0,0.1528763519600034,0.006613929451327156,28.639028352748547,5.731018970783137,-0.26369764326819717
5742,test,0,0.13329289853572845,0.05104218385315665,28.63896639654482,5.713988414309851,-0.24514288103820775
5743,test,0,0.11870087031275034,0.05104218385315665,28.6394626972579,5.69367531695757,-0.24147104374176998
5744,test,0,0.12817683722823858,0.05104218385315665,28.64079533043481,5.678409412790954,-0.23831987057429718
5745,test,0,0.07139941118657589,0.05104218385315665,28.639516141538486,5.663515301330887,-0.25079055083650226
5746,test,0,0.0001630270853638649,0.05104218385315665,28.643093532692763,5.659823976123638,-0.24499953097359303
5747,test,0,0.14797846134752035,0.05104218385315665,28.64188364569385,5.6455844014333545,-0.21949575504331048
5748,test,0,0.05136388633400202,0.05104218385315665,28.643077513730226,5.620686119494383,-0.23956858542359932
5749,test,0,0.09305427689105272,0.05104218385315665,28.64302844332453,5.601694518260632,-0.21681202938042712
5750,test,0,0.23485707491636276,0.05104218385315665,28.641445065691286,5.582725292305671,-0.23196159135748343
5751,test,0,0.19261656980961564,0.05104218385315665,28.643655691172146,5.562952398226737,-0.23460336739775878
5752,test,0,0.4513011872768402,0.05104218385315665,28.643057406290968,5.548652582832694,-0.2164940082228339
5753,test,0,0.3302061920985579,0.05104218385315665,28.63893517896926,5.530167454209432,-0.2566393081113544
5754,test,0,0.2895602872595191,0.06751083280855258,28.641636027195844,5.516974060697676,-0.258413278088997
5755,test,0,0.0021609170362353325,0.06751083280855258,28.6390205947076,5.508205580531461,-0.27767991427529587
5756,test,0,0.007723112590610981,0.06751083280855258,28.64011979715094,5.49348176968203,-0.24411445165171627
5757,test,0,0.2100435569882393,0.06751083280855258,28.642720144390466,5.473949222725471,-0.21358400752891352
5758,test,0,0.07914108037948608,0.06751083280855258,28.64344853209423,5.468271866741401,-0.24190335074822783
5759,test,0,0.005373801104724407,0.06751083280855258,28.63851947008046,5.457440535488912,-0.27253608582927896
5760,test,0,0.0026295138522982597,0.06751083280855258,28.642696618888948,5.450495049072503,-0.25071786217265063
5761,test,0,0.4886008193716406,0.06751083280855258,28.644942643327674,5.444094724904748,-0.2572660194870686
5762,test,0,0.04935718234628439,0.06751083280855258,28.6400770620714,5.434255862674315,-0.2537095330205193
5763,test,0,0.34360045194625854,0.06751083280855258,28.638926128039557,5.420959568731764,-0.2584705195388948
5764,test,0,0.06749894749373198,0.06751083280855258,28.64315858724042,5.401842842473122,-0.2370176749733089
5765,test,0,0.3619910776615143,0.06751083280855258,28.6414118649191,5.391975041578349,-0.23512010972223277
5766,test,0,0.08717712759971619,0.06751083280855258,28.639154970842988,5.377725659268368,-0.25996259830983587
5767,test,0,0.3067471198737621,0.06751083280855258,28.642529408187105,5.36827030467246,-0.21505879831564248
5768,test,0,0.01955985650420189,0.06751083280855258,28.642340494320134,5.3567177629303195,-0.22203873561425172
5769,test,0,0.2978455312550068,0.06751083280855258,28.639707826759743,5.3452190748051915,-0.25757586318367987
5770,test,0,0.1418202230706811,0.06751083280855258,28.639277085101195,5.3335721838660515,-0.25554450251920513
5771,test,0,0.5268855355679989,0.0654518214327439,28.640409774678357,5.321532729153131,-0.2466073952032129
5772,test,0,0.5487605333328247,0.0654518214327439,28.63911063378488,5.310140358985166,-0.2578605131562198
5773,test,0,0.0024682460352778435,0.0654518214327439,28.642038782392742,5.29856206652084,-0.22970552647246467
5774,test,0,0.05323056783527136,0.0654518214327439,28.638251135964403,5.2869551881855115,-0.25128419968576404
5775,test,0,0.09919074177742004,0.0654518214327439,28.63956269715339,5.277567527430034,-0.2528281124688978
5776,test,0,0.016169916838407516,0.0654518214327439,28.639900159828418,5.266551289026441,-0.24905948447500212
5777,test,0,0.11135879997164012,0.0654518214327439,28.640243384104018,5.253453510081271,-0.2398849564378021
5778,test,0,0.16499596182256937,0.0654518214327439,28.640821649579895,5.238696345466482,-0.2405348257513188
5779,test,0,0.045093387365341187,0.0654518214327439,28.643531106875393,5.227437416803468,-0.23122606437974477
5780,test,0,0.4428341835737228,0.0654518214327439,28.643507831157248,5.220378093768778,-0.24026950257118856
5781,test,0,0.011516067199409008,0.0654518214327439,28.641101336157394,5.202497507477637,-0.25898409097778896
5782,test,0,0.27926284447312355,0.0654518214327439,28.64350758707992,5.186144295987935,-0.2417364338640326
5783,test,0,0.2508763512596488,0.0654518214327439,28.642072450828568,5.16742723134217,-0.22322464230367295
5784,test,0,0.013341479934751987,0.0654518214327439,28.640395569912613,5.153157287030252,-0.2435153157077422
5785,test,0,0.2902441918849945,0.0654518214327439,28.641357804519043,5.136641945848636,-0.23648264436585603
5786,test,0,0.030838817358016968,0.0654518214327439,28.64116733747209,5.127008497414808,-0.24156530299724918
5787,test,0,0.00562706682831049,0.04061825213067607,28.64079157892641,5.105236373830895,-0.2303509583926249
5788,test,0,0.09295267239212988,0.04061825213067607,28.64191582139213,5.080402126772046,-0.22865710938932496
5789,test,0,0.01844637468457222,0.04061825213067607,28.642260037294474,5.061359337002351,-0.2185720384110106
5790,test,0,0.028700940310955048,0.04061825213067607,28.64168981676285,5.029568035053139,-0.22993952803335616
5791,test,0,0.022406257688999176,0.04061825213067607,28.642080417503973,5.003257326557513,-0.22135699218313498
5792,test,0,0.09185483679175377,0.04061825213067607,28.641647135948432,4.9889633583425335,-0.25867553606517385
5793,test,0,0.05661207623779775,0.04061825213067607,28.6383743156573,4.9724961221825845,-0.2625444799905943
5794,test,0,0.03586007282137871,0.04061825213067607,28.63860736251741,4.946449209796865,-0.2594747292313502
5795,test,0,0.11373330280184746,0.04061825213067607,28.637123456469915,4.934954581532051,-0.28095923895938363
5796,test,0,0.050227243453264236,0.039125903827451076,28.64025560743142,4.907367728471653,-0.26072054899000413
5797,test,0,0.00876068323850632,0.039125903827451076,28.63792178870184,4.879775822695453,-0.2745594095804676
5798,test,0,0.01050934195518493,0.039125903827451076,28.641947179875817,4.873403906461508,-0.2546550125078409
5799,test,0,0.030704155564308167,0.039125903827451076,28.64072014913566,4.857884410882494,-0.25159058319072714
5800,test,0,0.3709396198391915,0.039125903827451076,28.64287250329104,4.845595205518615,-0.2240873584223727
5801,test,0,0.10437291022390127,0.039125903827451076,28.637999499475843,4.83922878313533,-0.2932550570758816
5802,test,0,0.19480022415518758,0.039125903827451076,28.643461057780343,4.821709772898879,-0.2417664704544093
5803,test,0,0.31042881309986115,0.039125903827451076,28.636803328554585,4.807389744651579,-0.3031408791690508
5804,test,0,0.004081472754478451,0.039125903827451076,28.638836194180467,4.7868013580269775,-0.2617832342659559
5805,test,0,0.05132846534252167,0.039125903827451076,28.641494624085198,4.779898071085028,-0.25839389351772957
5806,test,0,0.03950701281428337,0.039125903827451076,28.6421230220714,4.770649926431237,-0.24907542142123182
5807,test,0,0.38453907147049904,0.039125903827451076,28.631222564649295,4.758252727650751,-0.31981009811656413
5808,test,0,0.05343037098646164,0.039125903827451076,28.641000181133435,4.751729785481203,-0.2630285207720153
5809,test,0,0.060210276395082474,0.039125903827451076,28.64359830416838,4.7420810430772145,-0.2421403582369061
5810,test,0,0.01920876279473304,0.039125903827451076,28.645078532085844,4.732178007731511,-0.21359023827813187
5811,test,0,0.036833275109529495,0.08682165843118501,28.643727468429407,4.7155896706712985,-0.24101060363048343
5812,test,0,0.06426151841878891,0.08682165843118501,28.645956761531085,4.708547570014684,-0.21964062467517328
5813,test,0,0.27354613319039345,0.08682165843118501,28.645536851818907,4.6961186594369115,-0.22488245745221372
5814,test,0,0.16882347315549848,0.08682165843118501,28.645129703027827,4.692613039837486,-0.22887301410549032
5815,test,0,0.024707840755581856,0.08682165843118501,28.645477024341147,4.690658282761882,-0.2256883543204887
5816,test,0,0.06714596226811409,0.08682165843118501,28.64525792765584,4.68930959544476,-0.22527485161540908
5817,test,0,0.04344917833805084,0.08682165843118501,28.64486207804926,4.6875640382981345,-0.23162447080590928
5818,test,0,0.03727397695183754,0.08682165843118501,28.643536836775212,4.68640687791653,-0.23863058296676792
5819,test,0,0.02738485811278224,0.08682165843118501,28.643404038063572,4.686291289532309,-0.2415437197036583
5820,test,0,0.03356650471687317,0.08682165843118501,28.64340917207588,4.685988539075869,-0.23643964477628113
5821,test,0,0.05432818830013275,0.08682165843118501,28.643397487148167,4.685871589505461,-0.2352601796012241
5822,test,0,0.14243239536881447,0.08682165843118501,28.64343436411098,4.685897905964989,-0.23975866255326952
5823,test,0,0.1597983054816723,0.08682165843118501,28.643356295806104,4.685579576553531,-0.2369166823816928
5824,test,0,0.0953591838479042,0.08682165843118501,28.64340253655546,4.68543890085958,-0.23484946946661348
5825,test,0,0.1644979789853096,0.08682165843118501,28.64335794651408,4.685366324680024,-0.23013729310383754
5826,test,0,0.06247687106952071,0.08682165843118501,28.643359381168143,4.685373899950562,-0.23387816516548549
5827,test,0,0.19290028512477875,0.08682165843118501,28.643376259846136,4.6853232940083345,-0.23239975371537433
5828,test,0,0.003679626388475299,0.08682165843118501,28.643344003520685,4.685326164060813,-0.23103615083819465
5829,test,0,0.13134677708148956,0.08682165843118501,28.643327517844952,4.685232979654346,-0.23173808698941284
5830,test,0,0.13844955153763294,0.08682165843118501,28.64334870278359,4.685195146258635,-0.22950413646882747
5831,test,0,0.16854457557201383,0.08682165843118501,28.64334177458186,4.6851703223251855,-0.22804206566593543
5832,test,0,0.05917418748140335,0.08682165843118501,28.6433325398217,4.685195725005419,-0.22870638639523067
5833,test,0,0.15416966378688812,0.08682165843118501,28.64333030104757,4.685221766296389,-0.22941422536720485
5834,test,0,0.08121632784605028,0.08682165843118501,28.643342457371233,4.685199192828864,-0.22848490208241984
5835,test,0,0.1574915610253811,0.08682165843118501,28.64334525533694,4.685226081973851,-0.22883973234936986
5836,test,0,0.11280953139066696,0.08682165843118501,28.643356854843006,4.685241961129706,-0.2295179927407768
5837,test,0,0.16761838644742968,0.08682165843118501,28.643346851775565,4.685243142391432,-0.2293508153995611
5838,test,0,0.1585196740925312,0.08682165843118501,28.643330398715833,4.685238317156638,-0.2289259878356081
5839,test,0,0.02699535340070723,0.08682165843118501,28.643350787148414,4.685236132672549,-0.22888700958978503
5840,test,0,0.1626687087118626,0.08682165843118501,28.643345276349727,4.685221780878031,-0.22893704010491683
5841,test,0,0.15352734178304672,0.08682165843118501,28.643343267172792,4.685231889629002,-0.22885632884357432
5842,test,0,0.1296621561050415,0.08682165843118501,28.64334155197818,4.685257792543373,-0.22976781332190352
5843,test,0,0.03342510014772415,0.08682165843118501,28.643346394620465,4.685253105481876,-0.22942872205148132
5844,test,0,0.013742372393608093,0.08682165843118501,28.643344791688207,4.685255443653235,-0.22913978932890028
5845,test,0,0.23235191404819489,0.08682165843118501,28.64333483023164,4.685281102567184,-0.23184935747521337
5846,test,0,0.17646239697933197,0.08682165843118501,28.643349903428284,4.685246093744912,-0.229728731922229
5847,test,0,0.19882648065686226,0.08682165843118501,28.64336925952859,4.685251882944273,-0.23101217736037793
5848,test,0,0.16779201850295064,0.08682165843118501,28.643359686191207,4.685181706054809,-0.2297243237935825
5849,test,0,0.1752261184155941,0.08682165843118501,28.643337842349364,4.685182114135048,-0.22835989301700393
5850,test,0,0.23776571825146675,0.08682165843118501,28.643330463210354,4.685209708896683,-0.22919389011288197
5851,test,0,0.03860197216272354,0.08682165843118501,28.643341735218865,4.685218783287434,-0.22890562841511075
5852,test,0,0.2020663693547249,0.08682165843118501,28.64335148558477,4.685236183681312,-0.22985379061003597
5853,test,0,0.1688489243388176,0.08682165843118501,28.64334903520176,4.685256183921803,-0.22984050374893727
5854,test,0,0.16271265968680382,0.08682165843118501,28.643347251915944,4.6852869321264725,-0.22958216162298267
5855,test,0,0.16062668338418007,0.08682165843118501,28.64335422281648,4.685280741510193,-0.2293210204561665
5856,test,0,0.09053079783916472,0.08682165843118501,28.643337977006766,4.685274439282566,-0.229384539750328
5857,test,0,0.17755359411239624,0.08682165843118501,28.643303048939014,4.685238527163053,-0.22913324017024944
5858,test,0,0.016977116465568542,0.08682165843118501,28.643343526381074,4.6852076567861545,-0.22897427769767154
5859,test,0,0.15875306725502014,0.08682165843118501,28.643359109219517,4.685200824633272,-0.229594605852804
5860,test,0,0.17238403111696243,0.08682165843118501,28.643342029352933,4.685198335495588,-0.22845645576905488
5861,test,0,0.0347520187497139,0.08682165843118501,28.64334305268148,4.685231646705814,-0.22929672004441318
5862,test,0,0.21606034040451055,0.08682165843118501,28.64333031842917,4.685251214577724,-0.23155695691476721
5863,test,0,0.14911875873804092,0.08682165843118501,28.643348321205817,4.685200242718129,-0.2284579917979216
5864,test,0,0.1474299430847168,0.08682165843118501,28.643380485465567,4.685249194155939,-0.2337270366027789
5865,test,0,0.20211514830589294,0.08682165843118501,28.643354256563867,4.685071115074505,-0.2298942406053543
5866,test,0,0.1661098413169384,0.08682165843118501,28.643344172376953,4.6846635296191135,-0.22242257992224285
5867,test,0,0.19881542772054672,0.08682165843118501,28.643296975029273,4.684661463478672,-0.22321713258371192
5868,test,0,0.14443336427211761,0.08682165843118501,28.643342144136117,4.684501368841066,-0.22774752671379292
5869,test,0,0.14658993482589722,0.08682165843118501,28.64326978769376,4.684232611586607,-0.21887132325768707
5870,test,0,0.18579526990652087,0.08682165843118501,28.643325844090242,4.684241950712788,-0.2260768136801835
5871,test,0,0.41352878510951996,0.08682165843118501,28.64329012577703,4.683990609332661,-0.2216912884976951
5872,test,0,0.18389969319105146,0.08682165843118501,28.643246171907,4.683868644201708,-0.2150845388460446
5873,test,0,0.15839887782931328,0.08682165843118501,28.643242076735614,4.68389476858479,-0.2158163785386201
5874,test,0,0.1888412609696388,0.08682165843118501,28.643253706605073,4.683848022104994,-0.21490744106951865
5875,test,0,0.0834859311580658,0.08682165843118501,28.64324407000073,4.683870977262939,-0.2154565999448936
5876,test,0,0.16385265812277794,0.08682165843118501,28.643259105393945,4.683891903468401,-0.21671186407155113
5877,test,0,0.40683865919709206,0.08682165843118501,28.643249256703125,4.683792400553051,-0.21847918824905108
5878,test,0,0.19081649184226987,0.08682165843118501,28.643198549775718,4.683669093692117,-0.21585017466186832
5879,test,0,0.14447548612952232,0.08682165843118501,28.643233808178223,4.683641626810313,-0.211719442746663
5880,test,0,0.2064332067966461,0.08682165843118501,28.643237664708316,4.683492473880007,-0.21459449229012725
5881,test,0,0.20516179874539373,0.08682165843118501,28.64321951467061,4.683354607530552,-0.2115072481339164
5882,test,0,0.03372154384851456,0.08682165843118501,28.64322169681602,4.683332595147751,-0.21058487810666116
5883,test,0,0.14993903040885923,0.08682165843118501,28.643219508043913,4.683341838249426,-0.2098234945413156
5884,test,0,0.4022847041487694,0.08682165843118501,28.643253131566482,4.6833568229083316,-0.21418571204849382
5885,test,0,0.016166538000106784,0.08682165843118501,28.64320728212585,4.683181927608036,-0.20815953069012352
5886,test,0,0.2072713263332844,0.08682165843118501,28.643239716153488,4.683201165869236,-0.2126715421526109
5887,test,0,0.20772964507341385,0.08682165843118501,28.643204180427727,4.68291135313559,-0.20786830963051978
5888,test,0,0.18076403066515923,0.08682165843118501,28.643202486256044,4.682876104206986,-0.20449137822099914
5889,test,0,0.21301521360874173,0.08682165843118501,28.643183677011926,4.682741551489067,-0.2053333367118092
5890,test,0,0.17261739075183868,0.08682165843118501,28.643177125235983,4.682539812060873,-0.20359119675898474
5891,test,0,0.06622198224067688,0.08682165843118501,28.643147220797026,4.682487625267451,-0.20525853423582377
5892,test,0,0.024300478398799896,0.08682165843118501,28.643160827236837,4.682337487615084,-0.19967876474644777
5893,test,0,0.21046975627541542,0.08682165843118501,28.643158742048126,4.682190139443099,-0.19813581003275663
5894,test,0,0.17852334305644035,0.08682165843118501,28.64320206569545,4.68223201852398,-0.20460263568349618
5895,test,0,0.2001605853438377,0.08682165843118501,28.643128764823324,4.68208095900473,-0.20315820655348096
5896,test,0,0.08026417344808578,0.08682165843118501,28.643117129017185,4.681912333802018,-0.19944738205555237
5897,test,0,0.056886225938797,0.08682165843118501,28.643097189242127,4.68183437346207,-0.1996179317816352
5898,test,0,0.19558337330818176,0.08682165843118501,28.64313816087513,4.681649435816382,-0.19273970088385434
5899,test,0,0.16396464407444,0.08682165843118501,28.643127813056044,4.681512085768166,-0.1913537597750439
5900,test,0,0.14806234464049342,0.08682165843118501,28.6431227086196,4.681406143574721,-0.19028740569543146
5901,test,0,0.2085907682776451,0.08682165843118501,28.643117075617646,4.681208860778045,-0.18830549842422384
5902,test,0,0.0477256253361702,0.08682165843118501,28.643142189146854,4.681226491324675,-0.19506840939886394
5903,test,0,0.11483388394117355,0.08682165843118501,28.64310953303909,4.681097352284418,-0.18731633583505014
5904,test,0,0.2030175291001797,0.08682165843118501,28.643115063018755,4.681036036475388,-0.18656184375564044
5905,test,0,0.04233647882938385,0.08682165843118501,28.64312102198656,4.681057262688459,-0.19244804494085493
5906,test,0,0.21502853557467463,0.08682165843118501,28.64309850674541,4.680861144702156,-0.18618383057257318
5907,test,0,0.20650485903024676,0.08682165843118501,28.643104458113235,4.680794658815177,-0.1841283364581927
5908,test,0,0.02116911113262178,0.08682165843118501,28.64310788650812,4.680743200845837,-0.18357597375078047
5909,test,0,0.08815788477659225,0.08682165843118501,28.643110635681047,4.680772987414678,-0.18873050750814965
5910,test,0,0.041168034076690674,0.08682165843118501,28.64309439303553,4.6806815828899895,-0.18640155790719032
5911,test,0,0.058818258345127106,0.08682165843118501,28.643098378666586,4.680667634098951,-0.18317845509900318
5912,test,0,0.07377999275922775,0.08682165843118501,28.643090465351307,4.680672157274554,-0.18314632491030114
5913,test,0,0.13266512379050255,0.08682165843118501,28.643075072493804,4.680674402667567,-0.18394132114456682
5914,test,0,0.0791506692767143,0.08682165843118501,28.643105847066533,4.680694544192009,-0.18482664062354093
5915,test,0,0.08605730533599854,0.08682165843118501,28.643105267157377,4.680707405572636,-0.18506411247864007
5916,test,0,0.19782931357622147,0.08682165843118501,28.64309614198948,4.680702762796282,-0.1832267717996874
5917,test,0,0.18436112627387047,0.08682165843118501,28.643110102527448,4.680613307704049,-0.18187414451329456
5918,test,0,0.20928490906953812,0.08682165843118501,28.64311835616164,4.680605825917136,-0.18793248886587208
5919,test,0,0.15427741408348083,0.08682165843118501,28.643099072830083,4.680473244958728,-0.1825921578909741
5920,test,0,0.12170543521642685,0.08682165843118501,28.643092017344728,4.6803743556494455,-0.17990541540932525
5921,test,0,0.1298023872077465,0.08682165843118501,28.643045094629887,4.680408346210801,-0.18496604589410393
5922,test,0,0.2524622566998005,0.08682165843118501,28.643094239474806,4.680315488274779,-0.1828181901863841
5923,test,0,0.24024116992950442,0.08682165843118501,28.643089306192092,4.680255579305767,-0.18101758762916043
5924,test,0,0.22235869616270065,0.08682165843118501,28.643080840459323,4.680208142879933,-0.17824752458036452
5925,test,0,0.14426302164793015,0.08682165843118501,28.64309943174822,4.680236024746829,-0.17953718270129765
5926,test,0,0.1217900151386857,0.08682165843118501,28.64306591917099,4.680266935163081,-0.1795430919108439
5927,test,0,0.14625059813261032,0.08682165843118501,28.643085520621437,4.680261736211213,-0.1790899396554569
5928,test,0,0.2236739806830883,0.08682165843118501,28.64307610525353,4.680253236412511,-0.17885250394751762
5929,test,0,0.22331472858786583,0.08682165843118501,28.64308494124865,4.680259630757977,-0.1788086658590424
5930,test,0,0.22265592589974403,0.08682165843118501,28.643079833069155,4.680239780233035,-0.17893094845300409
5931,test,0,0.18856161832809448,0.08682165843118501,28.64308515046075,4.680218005304961,-0.17892961424812345
5932,test,0,0.14749448746442795,0.08682165843118501,28.643085145575697,4.680220242117329,-0.17856776697767165
5933,test,0,0.14080992713570595,0.08682165843118501,28.6430804032076,4.680200619875924,-0.17982807198985798
5934,test,0,0.1415765546262264,0.08682165843118501,28.643073572860267,4.680213745242476,-0.18041681955281422
5935,test,0,0.22478965669870377,0.08682165843118501,28.643089108395248,4.680206292154544,-0.17822480494333331
5936,test,0,0.22218109667301178,0.08682165843118501,28.643079680344073,4.680190765155586,-0.1781162955715061
5937,test,0,0.23049630224704742,0.08682165843118501,28.643081965839645,4.6801551423844465,-0.17773250929757622
5938,test,0,0.2214773818850517,0.08682165843118501,28.643082246908172,4.6800965571221775,-0.1771228464334071
5939,test,0,0.16092176735401154,0.08682165843118501,28.643082595418782,4.679927430927786,-0.1754028834963162
5940,test,0,0.14872680604457855,0.08682165843118501,28.643071050599815,4.679935278706375,-0.17688194451694494
5941,test,0,0.03664342314004898,0.08682165843118501,28.643073881500502,4.679931585970252,-0.1755130392275547
5942,test,0,0.0006280848756432533,0.08682165843118501,28.643072425805965,4.679919483656397,-0.17539263042069572
5943,test,0,0.03559340164065361,0.08682165843118501,28.64308413830525,4.6799075514977275,-0.17520411270288117
5944,test,0,0.19061775505542755,0.08682165843118501,28.643072885749078,4.67991869691249,-0.17654991699549447
5945,test,0,0.03411315381526947,0.08682165843118501,28.64308032014095,4.679894716540418,-0.17511367832945
5946,test,0,0.18959158658981323,0.08682165843118501,28.643072785619914,4.679847216086576,-0.17522178188217463
5947,test,0,0.03764193877577782,0.08682165843118501,28.643081877921315,4.6798388284541605,-0.1756373280808401
5948,test,0,0.03537336736917496,0.08682165843118501,28.643064517614945,4.679849329391973,-0.17463194037479962
5949,test,0,0.12005660682916641,0.08682165843118501,28.64306102038427,4.679866495166298,-0.17578387883189175
5950,test,0,0.05873902887105942,0.08682165843118501,28.643072360708626,4.679878121022893,-0.17515361817989164
5951,test,0,0.03482523933053017,0.08682165843118501,28.643076291730193,4.679874323977464,-0.17487456705052054
5952,test,0,0.04786243289709091,0.08682165843118501,28.64308106606433,4.679895976155891,-0.1776890283431459
5953,test,0,0.06028033420443535,0.08682165843118501,28.64307832174547,4.679858562457011,-0.1769924101729437
5954,test,0,0.034269317984580994,0.08682165843118501,28.64307096466124,4.679851756718112,-0.17486090041606495
5955,test,0,0.04700607806444168,0.08682165843118501,28.643038802042685,4.679760266514366,-0.17514029781202256
5956,test,0,0.04275709018111229,0.08682165843118501,28.643075473093642,4.679763123144942,-0.17491592648048576
5957,test,0,0.05118521302938461,0.08682165843118501,28.643071577470227,4.679757114127939,-0.17369440145260295
5958,test,0,0.035163313150405884,0.08682165843118501,28.643050624540223,4.679793506717391,-0.1754125742618534
5959,test,0,0.030029982328414917,0.08682165843118501,28.643078246621194,4.679809111039185,-0.17494443089397255
5960,test,0,0.06909698992967606,0.08682165843118501,28.643064154024444,4.679808888289477,-0.17442566313129407
5961,test,0,0.027062762528657913,0.08682165843118501,28.64306993436016,4.679821938518843,-0.17446159647533094
5962,test,0,0.03147568181157112,0.08682165843118501,28.643078028909173,4.679839736911168,-0.1759080446128051
5963,test,0,0.11175698786973953,0.08682165843118501,28.643069455283257,4.679838215159722,-0.17453228456515937
5964,test,0,0.03850066661834717,0.08682165843118501,28.64307829665555,4.679858580702023,-0.17477201104823942
5965,test,0,0.03590570017695427,0.08682165843118501,28.643045650474143,4.6798850740860445,-0.1781140386578054
5966,test,0,0.04224850982427597,0.08682165843118501,28.6430773958352,4.679812679062782,-0.17425173894136758
5967,test,0,0.034929901361465454,0.08682165843118501,28.643062829097662,4.679846441301192,-0.17624997543135856
5968,test,0,0.034811776131391525,0.08682165843118501,28.643072623884425,4.679843441722276,-0.17461255491528324
5969,test,0,0.024563774466514587,0.08682165843118501,28.643068148171533,4.6798611263832095,-0.1749091867598133
5970,test,0,0.18201972544193268,0.08682165843118501,28.64305357883552,4.679882070905346,-0.1757404253924851
5971,test,0,0.0351640023291111,0.08682165843118501,28.643069198824353,4.679896567976296,-0.17688919926360627
5972,test,0,0.0857795774936676,0.08682165843118501,28.643064319756494,4.67989344402637,-0.17654983373815025
5973,test,0,0.034830525517463684,0.08682165843118501,28.643093999912033,4.679798695192197,-0.1792705171353698
5974,test,0,0.016914624720811844,0.08682165843118501,28.643072088390692,4.679620533580294,-0.17232032270447442
5975,test,0,0.03442132845520973,0.08682165843118501,28.643072511429157,4.679645598115472,-0.17551525112050523
5976,test,0,0.0731872096657753,0.08682165843118501,28.64303572266686,4.679551744715967,-0.1744090036973349
5977,test,0,0.028081849217414856,0.08682165843118501,28.643064919668287,4.6794475920893435,-0.17059939529061785
5978,test,0,0.03645125776529312,0.08682165843118501,28.643073528514332,4.679460906833374,-0.16986031612481564
5979,test,0,0.13005638122558594,0.08682165843118501,28.64306442655448,4.6793455022784975,-0.17452873845756797
5980,test,0,0.049769334495067596,0.08682165843118501,28.643057958640625,4.679203061971342,-0.168561446544625
5981,test,0,0.0032438850030303,0.08682165843118501,28.6430646229952,4.679065437521603,-0.16673730182229232
5982,test,0,0.010661561973392963,0.08682165843118501,28.643065677844877,4.67884035134634,-0.16448911641970299
5983,test,0,0.11575726419687271,0.08682165843118501,28.643056380302955,4.678864298621243,-0.17094341562832235
5984,test,0,0.035581909120082855,0.08682165843118501,28.643065155139546,4.678784460364042,-0.16598535487599106
5985,test,0,0.11036554723978043,0.08682165843118501,28.643097862619726,4.678653580454126,-0.16205336410662838
5986,test,0,0.034938421100378036,0.08682165843118501,28.643057122227056,4.678664670279053,-0.16999367545473487
5987,test,0,0.046532198786735535,0.08682165843118501,28.643056544676085,4.678637734109902,-0.16798220059074917
5988,test,0,0.039282914251089096,0.08682165843118501,28.643048374082028,4.678482030441645,-0.160943885673852
5989,test,0,0.03444885462522507,0.08682165843118501,28.64305940780242,4.678501684839198,-0.16157687330724751
5990,test,0,0.028526216745376587,0.08682165843118501,28.643051773863252,4.678471544365881,-0.16192884040366587
5991,test,0,0.03429413586854935,0.08682165843118501,28.643064247529832,4.678380609145346,-0.1643299580672228
5992,test,0,0.0375160351395607,0.08682165843118501,28.64305800292182,4.678233102585946,-0.16381595957881456
5993,test,0,0.03751003369688988,0.08682165843118501,28.643012461098408,4.6780712283056465,-0.16282561315620048
5994,test,0,0.03695077449083328,0.08682165843118501,28.643052441815986,4.6779051934534195,-0.15985868459816827
5995,test,0,0.03668484836816788,0.08682165843118501,28.6430459537045,4.677744162510632,-0.15366855111095035
5996,test,0,0.037036117166280746,0.08682165843118501,28.643051011555407,4.6776384366029005,-0.15232410336506902
5997,test,0,0.03702579066157341,0.08682165843118501,28.643054927642183,4.677580706528442,-0.15182061699410657
5998,test,0,0.039804209023714066,0.08682165843118501,28.642988441715115,4.677622248984822,-0.1522740369686956
5999,test,0,0.03529606759548187,0.08682165843118501,28.643024141834022,4.677287563628374,-0.15056364342350273
6000,test,0,0.03870191425085068,0.08682165843118501,28.64305023090799,4.677307470892567,-0.15003083756777474
6001,test,0,0.05464326590299606,0.08682165843118501,28.643050382236368,4.677271835936129,-0.14870273446616636
6002,test,0,0.022411491721868515,0.08682165843118501,28.64304549151263,4.677307472357731,-0.14918719850067377
6003,test,0,0.0448184460401535,0.08682165843118501,28.643046814263965,4.677327527425221,-0.1497731338984298
6004,test,0,0.10417933017015457,0.08682165843118501,28.643049688500206,4.677328037292108,-0.14932370297445935
6005,test,0,0.048398517072200775,0.08682165843118501,28.64304104430383,4.6773391499114485,-0.14946727139627164
6006,test,0,0.03668166324496269,0.08682165843118501,28.643019793228824,4.677370248017028,-0.15083928902151103
6007,test,0,0.03709255903959274,0.08682165843118501,28.64304672601685,4.67738279023306,-0.15004251480012354
6008,test,0,0.1585872918367386,0.08682165843118501,28.643042927907107,4.6773627530780475,-0.14954122465166383
6009,test,0,0.03826712444424629,0.08682165843118501,28.643049806503228,4.677386673010809,-0.14992603866157855
6010,test,0,0.044728729873895645,0.08682165843118501,28.643054118353522,4.677409941491273,-0.15133729023152734
6011,test,0,0.03896326944231987,0.08682165843118501,28.64304687499032,4.6774251431545,-0.1504274724544962
6012,test,0,0.0366080217063427,0.08682165843118501,28.6430373629373,4.677440026946279,-0.1506425941211871
6013,test,0,0.03887559473514557,0.08682165843118501,28.64304957295675,4.677429807111027,-0.15034496915316606
6014,test,0,0.18566207587718964,0.08682165843118501,28.64304720266921,4.677409098778935,-0.15046868940106672
6015,test,0,0.04907514154911041,0.08682165843118501,28.64303964633074,4.677412535783668,-0.15041643151331113
6016,test,0,0.04516126215457916,0.08682165843118501,28.643045369621646,4.677431119248369,-0.1505571039198161
6017,test,0,0.05948922783136368,0.08682165843118501,28.643049944822646,4.67744537624115,-0.150510968008027
6018,test,0,0.042192310094833374,0.08682165843118501,28.643044992040338,4.677415892130752,-0.15071562612129066
6019,test,0,0.03736373409628868,0.08682165843118501,28.643043226537916,4.677435807547028,-0.15059485543346665
6020,test,0,0.006868290714919567,0.08682165843118501,28.6430466449051,4.677413902278296,-0.1506841349047275
6021,test,0,0.03762158006429672,0.08682165843118501,28.64304525858678,4.6773984644819,-0.15075968163535422
6022,test,0,0.004556453786790371,0.08682165843118501,28.643035106748403,4.677300864025699,-0.15131350423185588
6023,test,0,0.07605481892824173,0.08682165843118501,28.64301973430412,4.67734648704733,-0.15063880392483872
6024,test,0,0.03885463625192642,0.08682165843118501,28.64304432082434,4.677295206538512,-0.1507337899485514
6025,test,0,0.0358651839196682,0.08682165843118501,28.643037085418364,4.677275800142243,-0.1501423064195162
6026,test,0,0.03807023912668228,0.08682165843118501,28.64304825653607,4.677284472646303,-0.1498232728811934
6027,test,0,0.03908320516347885,0.08682165843118501,28.643045753608728,4.677272791165196,-0.14965951734073238
6028,test,0,0.04275478422641754,0.08682165843118501,28.643047201355753,4.677285083487642,-0.149305207977755
6029,test,0,0.03527313098311424,0.08682165843118501,28.643029467975254,4.677275249897384,-0.1510565424866468
6030,test,0,0.029875408858060837,0.08682165843118501,28.64304528654901,4.677278645010705,-0.14901346728123432
6031,test,0,0.05254438519477844,0.08682165843118501,28.643047493661573,4.677273008406077,-0.15191574363473206
6032,test,0,0.038990721106529236,0.08682165843118501,28.643056413368765,4.677252713187317,-0.14851287481875314
6033,test,0,0.036040015518665314,0.08682165843118501,28.64305425538777,4.677176942940107,-0.14776524093106233
6034,test,0,0.046397410333156586,0.08682165843118501,28.643073892685507,4.6771490370767355,-0.14663254205070897
6035,test,0,0.06632788479328156,0.08682165843118501,28.64304918012207,4.6770910427813535,-0.14727976955253455
6036,test,0,0.03810891881585121,0.08682165843118501,28.643025696646106,4.676976904306952,-0.15135550865428227
6037,test,0,0.03868488594889641,0.08682165843118501,28.64304513989752,4.676883575508649,-0.14660763296786036
6038,test,0,0.053557757288217545,0.08682165843118501,28.64303633752982,4.676786106291739,-0.14346271600600968
6039,test,0,0.0033283429220318794,0.08682165843118501,28.64300122764822,4.676788319901779,-0.1490493647486045
6040,test,0,0.03743220493197441,0.08682165843118501,28.6430488839481,4.676691060738604,-0.14372792619689262
6041,test,0,0.021520547568798065,0.08682165843118501,28.643040781719495,4.676694764680921,-0.1426105233400654
6042,test,0,0.018185768276453018,0.08682165843118501,28.64305439779101,4.676510304366179,-0.1458320865919437
6043,test,0,0.036204420030117035,0.08682165843118501,28.643049091009104,4.676411480867778,-0.14014245404352013
6044,test,0,0.033665746450424194,0.08682165843118501,28.643059985682783,4.676314842654679,-0.13909445228753164
6045,test,0,0.043439507484436035,0.08682165843118501,28.64304656836199,4.676246111409715,-0.13800993456388108
6046,test,0,0.04563303291797638,0.08682165843118501,28.64306164495476,4.676160137048322,-0.13737036382969384
6047,test,0,0.06685026735067368,0.08682165843118501,28.643053334664614,4.676169789757306,-0.13996325033373128
6048,test,0,0.03162777051329613,0.08682165843118501,28.643061257174566,4.676126791056712,-0.13952212026584732
6049,test,0,0.05043379217386246,0.08682165843118501,28.643055534423677,4.6761264374401135,-0.13763987196913802
6050,test,0,0.05080413818359375,0.08682165843118501,28.64305233864626,4.676133430750688,-0.1378835182434572
6051,test,0,0.19122090935707092,0.08682165843118501,28.643058031897688,4.676140677661775,-0.13742521215659054
6052,test,0,0.026025429368019104,0.08682165843118501,28.64305904269365,4.6761580717624796,-0.13934199799216565
6053,test,0,0.02710452303290367,0.08682165843118501,28.643055248491052,4.676129652572776,-0.13725179198953943
6054,test,0,0.028367672115564346,0.08682165843118501,28.643060993041058,4.676158087900307,-0.1390799306608687
6055,test,0,0.14797131717205048,0.08682165843118501,28.64303320909504,4.676131887123193,-0.13901975970185376
6056,test,0,0.19326095283031464,0.08682165843118501,28.64305160160661,4.676117912643194,-0.14053280463960108
6057,test,0,0.03943927586078644,0.08682165843118501,28.643058189447988,4.676024550576339,-0.13621338327986351
6058,test,0,0.17204760015010834,0.08682165843118501,28.643068806954922,4.675932259246932,-0.13523359275145933
6059,test,0,0.032834406942129135,0.08682165843118501,28.643049775527274,4.675939621201978,-0.13987430755375613
6060,test,0,0.08478177338838577,0.08682165843118501,28.6430492106933,4.675940853593596,-0.13858869496492973
6061,test,0,0.03513745218515396,0.08682165843118501,28.643068464585863,4.675909264655418,-0.13501795067578296
6062,test,0,0.05867311730980873,0.08682165843118501,28.643054282528546,4.675930625084731,-0.1370701235569319
6063,test,0,0.05406338348984718,0.08682165843118501,28.643055441837806,4.675894627453416,-0.1378757637323643
6064,test,0,0.032585740089416504,0.08682165843118501,28.643062016374135,4.675768754502656,-0.13364677095747762
6065,test,0,0.02756677195429802,0.08682165843118501,28.64306418086084,4.6757886728671485,-0.13338962329036322
6066,test,0,0.03297406807541847,0.08682165843118501,28.643010559066507,4.675716600121429,-0.13748386230211293
6067,test,0,0.051693592220544815,0.08682165843118501,28.64305950609905,4.675614025375792,-0.1364442587036988
6068,test,0,0.03021405264735222,0.08682165843118501,28.64307347963628,4.675392756179086,-0.12982368185700677
6069,test,0,0.1262780874967575,0.08682165843118501,28.643079599389274,4.675338958409155,-0.12907325925223728
6070,test,0,0.03361612558364868,0.08682165843118501,28.64303499826424,4.67533307371901,-0.13352425637981405
6071,test,0,0.03350035101175308,0.08682165843118501,28.64306895063785,4.67524975587194,-0.12851184516680383
6072,test,0,0.012332267127931118,0.08682165843118501,28.64308077866136,4.675167380975575,-0.1275555723085569
6073,test,0,0.034793466329574585,0.08682165843118501,28.643083794317253,4.675081959415161,-0.12670132414525867
6074,test,0,0.008555197156965733,0.08682165843118501,28.643069502756113,4.675098602632613,-0.13048183556160386
6075,test,0,0.03335331752896309,0.08682165843118501,28.64307910582462,4.674967729341062,-0.12742540705138122
6076,test,0,0.03350435569882393,0.08682165843118501,28.643189089971667,4.67485734278093,-0.12143433176806591
6077,test,0,0.05879293382167816,0.08682165843118501,28.643078112509755,4.674648495542855,-0.12542479346807664
6078,test,0,0.04127088934183121,0.08682165843118501,28.643092612050474,4.674376149645864,-0.12002004268472102
6079,test,0,0.04111531004309654,0.08682165843118501,28.64310523699543,4.674227160899986,-0.1180856091618195
6080,test,0,0.039108991622924805,0.08682165843118501,28.643058341139046,4.674253348849534,-0.12407956957732517
6081,test,0,0.03615361079573631,0.08682165843118501,28.643102448806175,4.674110065367481,-0.11699304419067036
6082,test,0,0.057236574590206146,0.08682165843118501,28.643059373222506,4.674148955066898,-0.11905511094178035
6083,test,0,0.034377072006464005,0.08682165843118501,28.643104181926134,4.673985156321431,-0.11562981264622792
6084,test,0,0.049125153571367264,0.08682165843118501,28.643102341873337,4.673944683687239,-0.11583385481363148
6085,test,0,0.03493642434477806,0.08682165843118501,28.643112601513828,4.673938050076098,-0.11578493565358969
6086,test,0,0.03179854154586792,0.08682165843118501,28.643111213424785,4.673913940933368,-0.11497224216210301
6087,test,0,0.03801045939326286,0.08682165843118501,28.64311377161758,4.673946176777052,-0.11538108751502325
6088,test,0,0.03417370468378067,0.08682165843118501,28.643118311813044,4.673948762528243,-0.115315109480062
6089,test,0,0.13719676434993744,0.08682165843118501,28.643110749917206,4.673940434508419,-0.11539707298206457
6090,test,0,0.06059939041733742,0.08682165843118501,28.643111793749846,4.673918218272096,-0.11503157630271844
6091,test,0,0.034075893461704254,0.08682165843118501,28.643106057885003,4.673948730559302,-0.11562908895748696
6092,test,0,0.11031833291053772,0.08682165843118501,28.643104744037498,4.673954695760232,-0.11551361477947474
6093,test,0,0.16363561153411865,0.08682165843118501,28.64310766707523,4.673966961923705,-0.1155953940055763
6094,test,0,0.024234147742390633,0.08682165843118501,28.64309141664046,4.67398645538953,-0.11923264315135779
6095,test,0,0.12432826310396194,0.08682165843118501,28.6431193023509,4.67367238280414,-0.11256007937119451
6096,test,0,0.11200518161058426,0.08682165843118501,28.643106003772992,4.6736977362981085,-0.11576494011891852
6097,test,0,0.17026668787002563,0.08682165843118501,28.64305278367849,4.6735736853184395,-0.1185531289914873
6098,test,0,0.17911362648010254,0.08682165843118501,28.64313446440483,4.673552191606533,-0.11131698531339329
6099,test,0,0.0519903227686882,0.08682165843118501,28.643124116487463,4.67359498452677,-0.11202685692265221
6100,test,0,0.043881937861442566,0.08682165843118501,28.643123291320006,4.673567771314419,-0.11214878409023141
6101,test,0,0.03387123718857765,0.08682165843118501,28.64311859154962,4.673553532475419,-0.11273604684355806
6102,test,0,0.03354518115520477,0.08682165843118501,28.643117317390303,4.673567200138812,-0.11310200149605443
6103,test,0,0.09737789630889893,0.08682165843118501,28.64311060043336,4.673575781603164,-0.11370646771756615
6104,test,0,0.037274789065122604,0.08682165843118501,28.64312411044391,4.673573741348697,-0.11159644813199342
6105,test,0,0.03443808853626251,0.08682165843118501,28.643131541133652,4.673566485355824,-0.1114656421500572
6106,test,0,0.02929512783885002,0.08682165843118501,28.643119817770053,4.673553266676205,-0.11195357955352433
6107,test,0,0.03606274351477623,0.08682165843118501,28.64311880541296,4.673549176424636,-0.11185245767445051
6108,test,0,0.03966408222913742,0.08682165843118501,28.643120204332728,4.673549845531367,-0.11188199253832228
6109,test,0,0.04592243954539299,0.08682165843118501,28.643139228622214,4.673529282840579,-0.11106524546583736
6110,test,0,0.05208486691117287,0.08682165843118501,28.643123114455975,4.673558123194857,-0.11158775159304406
6111,test,0,0.17995235323905945,0.08682165843118501,28.643119118012024,4.673560823148259,-0.1123694767958875
6112,test,0,0.035978395491838455,0.08682165843118501,28.643127142980887,4.673488880162203,-0.11073878292711792
6113,test,0,0.05419742316007614,0.08682165843118501,28.643136611559544,4.673496792608559,-0.11074574739161502
6114,test,0,0.17148175835609436,0.08682165843118501,28.643124754489676,4.673490187092059,-0.11115871776298503
6115,test,0,0.0031675957143306732,0.08682165843118501,28.643129437352425,4.673473267566151,-0.1105388437391688
6116,test,0,0.0998561903834343,0.08682165843118501,28.64312418306427,4.673485319203281,-0.11066741239289209
6117,test,0,0.03837352618575096,0.08682165843118501,28.643123262812487,4.67352137120861,-0.1111618641438235
6118,test,0,0.11278679221868515,0.08682165843118501,28.643126550967406,4.673543274301118,-0.11190315968343244
6119,test,0,0.03321848064661026,0.08682165843118501,28.64312714133357,4.673550220794332,-0.11386277055874722
6120,test,0,0.03314441815018654,0.08682165843118501,28.643132890098283,4.67352936685402,-0.11308059549657999
6121,test,0,0.026636602357029915,0.08682165843118501,28.643126848531427,4.67349499745776,-0.11076765140552357
6122,test,0,0.04675879329442978,0.08682165843118501,28.643116456294287,4.673525550297897,-0.11130880431849466
6123,test,0,0.038210660219192505,0.08682165843118501,28.643123139950532,4.673523550180295,-0.11195969431110785
6124,test,0,0.044812750071287155,0.08682165843118501,28.643125481657943,4.673512044458967,-0.11112103769717013
6125,test,0,0.04678159952163696,0.08682165843118501,28.64311867553081,4.6734953061669655,-0.1107814440779859
6126,test,0,0.038725681602954865,0.08682165843118501,28.64312921851307,4.673509251618469,-0.11098111004858173
6127,test,0,0.035443611443042755,0.08682165843118501,28.64313463433308,4.673522405635644,-0.11106233453829517
6128,test,0,0.036015838384628296,0.08682165843118501,28.64312947393042,4.6734968766153,-0.11101280337954957
6129,test,0,0.03912533447146416,0.08682165843118501,28.643129472791145,4.673514870700847,-0.11099834750216384
6130,test,0,0.0033460715785622597,0.08682165843118501,28.64312755875551,4.673481236109386,-0.11120235471357622
6131,test,0,0.03649168834090233,0.08682165843118501,28.643115109419504,4.6733934041639875,-0.11173392273002004
6132,test,0,0.05534946918487549,0.08682165843118501,28.64312437564032,4.673426222853878,-0.11151917545414546
6133,test,0,0.030477087944746017,0.08682165843118501,28.643127142098855,4.673445198410163,-0.11135833910082445
6134,test,0,0.026070065796375275,0.08682165843118501,28.643125546497988,4.673450196857094,-0.11116326155532512
6135,test,0,0.038080375641584396,0.08682165843118501,28.643121133083433,4.673451721356327,-0.11104376289874925
6136,test,0,0.034741636365652084,0.08682165843118501,28.64313696320106,4.673457822588459,-0.11038739879973909
6137,test,0,0.047711294144392014,0.08682165843118501,28.643116923139132,4.673472285929068,-0.11272054153658889
6138,test,0,0.03302977234125137,0.08682165843118501,28.643124141326098,4.673447569105701,-0.1110555085605391
6139,test,0,0.03523103520274162,0.08682165843118501,28.643141917104362,4.673414340083944,-0.10991050946258783
6140,test,0,0.053790055215358734,0.08682165843118501,28.643131987060613,4.673438694402423,-0.11106801898289531
6141,test,0,0.005096882581710815,0.08682165843118501,28.643128260145694,4.673401058163651,-0.11035765360936206
6142,test,0,0.06273291260004044,0.08682165843118501,28.643143314466077,4.673338658695721,-0.10917368687083652
6143,test,0,0.03668559342622757,0.08682165843118501,28.64310060955247,4.673367179161785,-0.11522430482263302
6144,test,0,0.030052170157432556,0.08682165843118501,28.643133540062564,4.673301923468479,-0.10897473759960338
6145,test,0,0.06127665936946869,0.08682165843118501,28.643148260695884,4.673215438040048,-0.10791764009262303
6146,test,0,0.03161056339740753,0.08682165843118501,28.643116381652558,4.673238917270066,-0.11098366722065181
6147,test,0,0.08765094727277756,0.08682165843118501,28.643111279071665,4.673189416580839,-0.11176482391334039
6148,test,0,0.11815721541643143,0.08682165843118501,28.643126392531165,4.673124108425399,-0.1099305229709465
6149,test,0,0.03546340391039848,0.08682165843118501,28.643147191467303,4.673045316183142,-0.10640085096238258
6150,test,0,0.05477993190288544,0.08682165843118501,28.643159268723487,4.673020018466814,-0.1059474046352893
6151,test,0,0.035871218889951706,0.08682165843118501,28.64315924811256,4.673010776026486,-0.10586747928812146
6152,test,0,0.0013994686305522919,0.08682165843118501,28.643161510484738,4.672992395849023,-0.10564478553477567
6153,test,0,0.011442656628787518,0.08682165843118501,28.64312879563625,4.673000676681998,-0.10870402299788727
6154,test,0,0.03476649522781372,0.08682165843118501,28.643145293439115,4.67297265314719,-0.10596752262384333
6155,test,0,0.03569345921278,0.08682165843118501,28.643158301953868,4.6729449282886275,-0.10522934681303185
6156,test,0,0.04062202200293541,0.08682165843118501,28.643130904411667,4.672974128547022,-0.10743138148220796
6157,test,0,0.035660069435834885,0.08682165843118501,28.643140595794797,4.672921724811281,-0.10860528812972456
6158,test,0,0.04974040761590004,0.08682165843118501,28.643147445595734,4.672815201192291,-0.10807239946690758
6159,test,0,0.03623851016163826,0.08682165843118501,28.643142626509608,4.672760477338674,-0.1063705026738373
6160,test,0,0.03274746239185333,0.08682165843118501,28.643167723678935,4.672610621569461,-0.10186874046941594
6161,test,0,0.02643895149230957,0.08682165843118501,28.6431803050712,4.6725444428230025,-0.10115916288329453
6162,test,0,0.03728564456105232,0.08682165843118501,28.643151321205274,4.672569442825558,-0.10529920603062735
6163,test,0,0.034850239753723145,0.08682165843118501,28.643156661206564,4.672484714597931,-0.10437264670752298
6164,test,0,0.037534382194280624,0.08682165843118501,28.64318315295908,4.672332299706014,-0.09905958027357914
6165,test,0,0.06046779453754425,0.08682165843118501,28.64313685935007,4.672371514339849,-0.10111647781251772
6166,test,0,0.04684358835220337,0.08682165843118501,28.64317334374147,4.672247000712365,-0.1004497055511518
6167,test,0,0.15900248289108276,0.08682165843118501,28.6431880675778,4.672226535817148,-0.09857403496715998
6168,test,0,0.09847020357847214,0.08682165843118501,28.64319080159144,4.672226229472845,-0.09798436633957895
6169,test,0,0.0463813841342926,0.08682165843118501,28.643166103695666,4.672246224775399,-0.10202949661503333
6170,test,0,0.05053862929344177,0.08682165843118501,28.643166250631147,4.672161849147756,-0.09945017458389452
6171,test,0,0.1438850313425064,0.08682165843118501,28.64322212999055,4.672109118610619,-0.09606771498295529
6172,test,0,0.03680294007062912,0.08682165843118501,28.643199095259394,4.672048318732455,-0.0960579522630195
6173,test,0,0.15858224034309387,0.08682165843118501,28.64319795385544,4.672011374561838,-0.09669011188474522
6174,test,0,0.09834399074316025,0.08682165843118501,28.643183771227307,4.67192888943495,-0.0983357999826669
6175,test,0,0.15772773325443268,0.08682165843118501,28.64321536705558,4.671880787146712,-0.09449614545527528
6176,test,0,0.03997453302145004,0.08682165843118501,28.64320930036345,4.671899453178269,-0.09480347377332769
6177,test,0,0.03510137274861336,0.08682165843118501,28.643202952801985,4.6718498629711025,-0.09510526963222696
6178,test,0,0.032996807247400284,0.08682165843118501,28.643193423992294,4.671826678573389,-0.09532566199672939
6179,test,0,0.03664179518818855,0.08682165843118501,28.643191102914123,4.671829958709404,-0.09547541307656897
6180,test,0,0.15007969737052917,0.08682165843118501,28.643198881134907,4.67186212811049,-0.09506500457666957
6181,test,0,0.05330678075551987,0.08682165843118501,28.643200061056625,4.671883156254908,-0.0946460985590121
6182,test,0,0.05149408429861069,0.08682165843118501,28.64320410123909,4.6718927197080315,-0.09474377329605659
6183,test,0,0.037371210753917694,0.08682165843118501,28.643214478877784,4.6718852546507135,-0.09457003282011708
6184,test,0,0.12608665227890015,0.08682165843118501,28.6432039237005,4.671860872906617,-0.09485409978846679
6185,test,0,0.03543364256620407,0.08682165843118501,28.643200566928815,4.671865136381432,-0.09461105796203854
6186,test,0,0.04444587603211403,0.08682165843118501,28.64320323530437,4.67188062255254,-0.09463486642427175
6187,test,0,0.0382719524204731,0.08682165843118501,28.643214100152093,4.671886383144049,-0.09460225371869649
6188,test,0,0.03810494393110275,0.08682165843118501,28.643205546756963,4.671827862511299,-0.09490840352061189
6189,test,0,0.04411107301712036,0.08682165843118501,28.64320259317298,4.671874324838929,-0.09468490218493712
6190,test,0,0.07589946687221527,0.08682165843118501,28.64320485781232,4.671842120582651,-0.09485782746983898
6191,test,0,0.11898400634527206,0.08682165843118501,28.643202933063503,4.671802181050424,-0.09515146325481495
6192,test,0,0.04325326159596443,0.08682165843118501,28.643194865328727,4.671788836312724,-0.09478902106861034
6193,test,0,0.039255689829587936,0.08682165843118501,28.643210635263546,4.671824624874363,-0.09476598775437177
6194,test,0,0.07946327328681946,0.08682165843118501,28.64321421727196,4.671826866145975,-0.09403364088579744
6195,test,0,0.05599253997206688,0.08682165843118501,28.643203395892762,4.671824142820979,-0.09406183973043705
6196,test,0,0.03729267790913582,0.08682165843118501,28.64320513539864,4.671851441371877,-0.09435926868705502
6197,test,0,0.03925668075680733,0.08682165843118501,28.643218567356165,4.67184115037965,-0.09409996273820015
6198,test,0,0.09556779265403748,0.08682165843118501,28.643209793226948,4.671842122986123,-0.09419764062360853
6199,test,0,0.04394623637199402,0.08682165843118501,28.643208710063476,4.671841527433582,-0.09422775285664475
6200,test,0,0.054305046796798706,0.08682165843118501,28.643214157290597,4.671833903939052,-0.09407075000942805
6201,test,0,0.03849036991596222,0.08682165843118501,28.64321338181407,4.67184329018117,-0.09416766951041551
6202,test,0,0.03735834360122681,0.08682165843118501,28.6432063043192,4.671830378727618,-0.09423811017450757
6203,test,0,0.03801226243376732,0.08682165843118501,28.64320173195253,4.671772949347399,-0.09463863699980951
6204,test,0,0.03824436664581299,0.08682165843118501,28.643201897473798,4.671802512617565,-0.09444551050163688
6205,test,0,0.03466253727674484,0.08682165843118501,28.643209340531335,4.671825042534705,-0.09406037721789302
6206,test,0,0.061970897018909454,0.08682165843118501,28.64322216279892,4.671823398645365,-0.09389217493067148
6207,test,0,0.01753229647874832,0.08682165843118501,28.64319545634459,4.671806696967555,-0.09472743027398295
6208,test,0,0.038427796214818954,0.08682165843118501,28.6432059872433,4.671807957710371,-0.09443409553029396
6209,test,0,0.16474607586860657,0.08682165843118501,28.643213313542468,4.671803232289923,-0.09375761901765965
6210,test,0,0.042706478387117386,0.08682165843118501,28.643208425347837,4.671837590867693,-0.09433093154596642
6211,test,0,0.034331053495407104,0.08682165843118501,28.64320340786295,4.671799444051964,-0.09477141768597477
6212,test,0,0.05305318906903267,0.08682165843118501,28.643207346886566,4.671845234008568,-0.09430039688965357
6213,test,0,0.06358809024095535,0.08682165843118501,28.643220171894253,4.671832069315909,-0.09399928353806074
6214,test,0,0.03817196190357208,0.08682165843118501,28.643212095745824,4.671856816177997,-0.09401823316191876
6215,test,0,0.06270428001880646,0.08682165843118501,28.643208208329618,4.671810268003642,-0.09389499999533912
6216,test,0,0.04200395941734314,0.08682165843118501,28.643210231672622,4.67177032430451,-0.09345973592680015
6217,test,0,0.06661397963762283,0.08682165843118501,28.64321671955038,4.671681271212226,-0.09253166138482341
6218,test,0,0.13427592813968658,0.08682165843118501,28.64323169315005,4.67163061112451,-0.09196496810872731
6219,test,0,0.11275637894868851,0.08682165843118501,28.643229513436832,4.6716367309412785,-0.09205061327651033
6220,test,0,0.08126714825630188,0.08682165843118501,28.643222474838286,4.6716335265662154,-0.0922563455016983
6221,test,0,0.04270145669579506,0.08682165843118501,28.643210608264894,4.671613100346181,-0.09235516951326148
6222,test,0,0.004319582134485245,0.08682165843118501,28.643209758835702,4.671606161488764,-0.09247343862563824
6223,test,0,0.056217461824417114,0.08682165843118501,28.643210087894843,4.67157693697098,-0.09266698737300459
6224,test,0,0.038157589733600616,0.08682165843118501,28.64321678677761,4.671570326053981,-0.09267969541786727
6225,test,0,0.07018087059259415,0.08682165843118501,28.6432263675434,4.671593506763103,-0.09196054641930704
6226,test,0,0.00028162356466054916,0.08682165843118501,28.643235445521867,4.671588143797475,-0.0915462960699948
6227,test,0,0.04497385025024414,0.08682165843118501,28.643224009785715,4.671585539586842,-0.0917046249791426
6228,test,0,0.043599121272563934,0.08682165843118501,28.643230293949642,4.67155777056957,-0.09125465256418186
6229,test,0,0.038111813366413116,0.08682165843118501,28.643238601278238,4.671518868989175,-0.0908438831737983
6230,test,0,0.021015245467424393,0.08682165843118501,28.643243497054165,4.671481868832036,-0.09045778079840372
6231,test,0,0.013530105352401733,0.08682165843118501,28.643208367545427,4.6715056943904845,-0.09332270269017424
6232,test,0,0.018671564757823944,0.08682165843118501,28.643237140345573,4.671421650832507,-0.08989755891495982
6233,test,0,0.04679292440414429,0.08682165843118501,28.643226787895728,4.67145486898349,-0.09039099382422733
6234,test,0,0.037662751972675323,0.08682165843118501,28.643224222307758,4.671394799250821,-0.09102095224405063
6235,test,0,0.0020875083282589912,0.08682165843118501,28.643236459950813,4.671333313354389,-0.08950387669953568
6236,test,0,0.02463483437895775,0.08682165843118501,28.64325970482718,4.671300947848746,-0.08858514632982632
6237,test,0,0.03949452564120293,0.08682165843118501,28.643207563443184,4.671326373647729,-0.09354157644990836
6238,test,0,0.05731924623250961,0.08682165843118501,28.643243104121467,4.671241819108025,-0.08817580977907438
6239,test,0,0.016221284866333008,0.08682165843118501,28.64326005029583,4.6711658038963435,-0.08727071619907871
6240,test,0,0.10569620132446289,0.08682165843118501,28.643206280532,4.6711941741009095,-0.09367234340132244
6241,test,0,0.004015584476292133,0.08682165843118501,28.64324390766899,4.671113142602507,-0.08866417240650354
6242,test,0,0.00597256887704134,0.08682165843118501,28.643265138015064,4.671052543550244,-0.0861467290857124
6243,test,0,0.01347111165523529,0.08682165843118501,28.643233316874387,4.671084719798902,-0.08839464443525988
6244,test,0,0.08608760684728622,0.08682165843118501,28.643256405741127,4.671004030258568,-0.08595711964415713
6245,test,0,0.005263345316052437,0.08682165843118501,28.643272577896564,4.670928032795599,-0.0849111510852202
6246,test,0,0.0038489364087581635,0.08682165843118501,28.643280451891805,4.670894873770406,-0.0845347987025958
6247,test,0,0.0023850081488490105,0.08682165843118501,28.643291884016357,4.6708544028113,-0.08406955925392494
6248,test,0,0.0007648719474673271,0.08682165843118501,28.64324747019911,4.670863270512984,-0.08747471033764795
6249,test,0,0.006147108506411314,0.08682165843118501,28.64326427730412,4.670818173161342,-0.0843684271672499
6250,test,0,0.010929928161203861,0.08682165843118501,28.643286241269177,4.670758658383948,-0.08319815573425487
6251,test,0,0.017495542764663696,0.08682165843118501,28.643204933845944,4.670775100804207,-0.08743072425726597
6252,test,0,0.010763055644929409,0.08682165843118501,28.6432763834387,4.670725670589264,-0.08296303565363596
6253,test,0,0.07939018309116364,0.08682165843118501,28.643293590680145,4.670698099694436,-0.08251758000352472
6254,test,0,0.07520293444395065,0.08682165843118501,28.64326109732045,4.670719226149816,-0.08508496975036188
6255,test,0,0.004467827267944813,0.08682165843118501,28.64328682728313,4.6706863344982175,-0.0824844733846381
6256,test,0,0.10659249871969223,0.08682165843118501,28.643289409655978,4.6706541486183895,-0.08215688324103762
6257,test,0,0.01134645938873291,0.08682165843118501,28.643293238109962,4.670649534467865,-0.08210535991804357
6258,test,0,0.00836715754121542,0.08682165843118501,28.64328553324838,4.670635136422578,-0.08200788102288924
6259,test,0,0.052392564713954926,0.08682165843118501,28.6432950940602,4.670626083570886,-0.08185951423032205
6260,test,0,0.07235237956047058,0.08682165843118501,28.643277436813282,4.6706118111113755,-0.08213460732505473
6261,test,0,0.010117540135979652,0.08682165843118501,28.64328013479013,4.670614750415349,-0.08194028913847158
6262,test,0,0.004865205846726894,0.08682165843118501,28.64327599371498,4.670525255515197,-0.08251214504178087
6263,test,0,0.05750333517789841,0.08682165843118501,28.64328550001064,4.670580560656669,-0.08216232397528155
6264,test,0,0.005068926140666008,0.08682165843118501,28.643287248082746,4.670574604174149,-0.08221076221002553
6265,test,0,0.01284792646765709,0.08682165843118501,28.643276628555636,4.670567201936166,-0.08231952193323568
6266,test,0,0.010925337672233582,0.08682165843118501,28.643284610887783,4.670587587565679,-0.08203504910216128
6267,test,0,0.008638295345008373,0.08682165843118501,28.64329229441872,4.6706002237998,-0.0816156040413121
6268,test,0,0.0033959606662392616,0.08682165843118501,28.643300739404346,4.670588915981338,-0.08146698974205284
6269,test,0,0.018561474978923798,0.08682165843118501,28.643276583267706,4.670564348565971,-0.0825897099292582
6270,test,0,0.005583810620009899,0.08682165843118501,28.643286802699624,4.670575155495679,-0.08150692001234629
6271,test,0,0.0049295807257294655,0.08682165843118501,28.6432868745114,4.670559720356009,-0.08128351366589166
6272,test,0,0.0017468687146902084,0.08682165843118501,28.643291948301748,4.670554973352084,-0.08119459586488388
6273,test,0,0.0009426334872841835,0.08682165843118501,28.64330302337305,4.670545295311851,-0.08103709961944443
6274,test,0,0.14517752826213837,0.08682165843118501,28.643284080967632,4.670537109240181,-0.08151115930748318
6275,test,0,0.0036385459825396538,0.08682165843118501,28.643292585461463,4.6704810858818195,-0.08139056285901512
6276,test,0,0.009922239929437637,0.08682165843118501,28.64328547322324,4.670479747003856,-0.08128157590313559
6277,test,0,0.05600041151046753,0.08682165843118501,28.643275920988458,4.670485958929197,-0.08136251223741751
6278,test,0,0.16024406254291534,0.08682165843118501,28.643284804776194,4.6704678298335995,-0.08159513905322979
6279,test,0,0.07479085773229599,0.08682165843118501,28.643283708142313,4.670470963280183,-0.08135929624449334
6280,test,0,0.00044943299144506454,0.08682165843118501,28.643296551985543,4.6704889835131995,-0.08052537537321813
6281,test,0,0.007577314041554928,0.08682165843118501,28.643284733784103,4.670518270255262,-0.08111264394410071
6282,test,0,0.014518742449581623,0.08682165843118501,28.643288287227687,4.670499957859337,-0.08188596243363513
6283,test,0,0.018544580787420273,0.08682165843118501,28.643294377786653,4.670487000414709,-0.08122308912480196
6284,test,0,0.006127926521003246,0.08682165843118501,28.643282144926697,4.67049437215357,-0.08162707761740116
6285,test,0,0.013004587031900883,0.08682165843118501,28.643292663081986,4.67048442757198,-0.08148483342889846
6286,test,0,0.0589495524764061,0.08682165843118501,28.64329981471469,4.670464547648261,-0.08034756942372157
6287,test,0,0.018117308616638184,0.08682165843118501,28.643294743749685,4.670477592461673,-0.08039570465489891
6288,test,0,0.0123141435906291,0.08682165843118501,28.64330974485046,4.670475806608293,-0.08007408897782595
6289,test,0,0.005175010301172733,0.08682165843118501,28.64327696275269,4.670486800891376,-0.0832124611786067
6290,test,0,0.007002322003245354,0.08682165843118501,28.64328933382883,4.670424990696333,-0.08092718630468186
6291,test,0,0.005470764823257923,0.08682165843118501,28.643303968998467,4.670389585853553,-0.07997112409040232
6292,test,0,0.08148330450057983,0.08682165843118501,28.643304400306494,4.670351433169728,-0.07920707650142773
6293,test,0,0.02214735746383667,0.08682165843118501,28.6433162327822,4.670326125434865,-0.07875622804672912
6294,test,0,0.03370930254459381,0.08682165843118501,28.643303121945763,4.670345258266028,-0.0800522033529152
6295,test,0,0.013380656950175762,0.08682165843118501,28.643305427179076,4.670320510159824,-0.07881822350424651
6296,test,0,0.050281792879104614,0.08682165843118501,28.643296827183327,4.670349264485824,-0.07942226031606037
6297,test,0,0.07319006323814392,0.08682165843118501,28.643306887949407,4.670359490283695,-0.0795245997960795
6298,test,0,0.12574537098407745,0.08682165843118501,28.643314155388875,4.670366911363694,-0.07928339623205374
6299,test,0,0.14372968673706055,0.08682165843118501,28.643299427782114,4.6703840430990065,-0.07990448284372337
6300,test,0,0.1373993158340454,0.08682165843118501,28.643301916491858,4.67038908805692,-0.07950580260148957
6301,test,0,0.03505701944231987,0.08682165843118501,28.64327721083964,4.670419672863865,-0.08163557381403716
6302,test,0,0.010009149089455605,0.08682165843118501,28.64325271900456,4.670361327953703,-0.08263936121498255
6303,test,0,0.05781141296029091,0.08682165843118501,28.643282949068706,4.67025505625092,-0.08246990407083857
6304,test,0,0.09344903379678726,0.08682165843118501,28.64327851909134,4.670167049877607,-0.08122743777095759
6305,test,0,0.005805203691124916,0.08682165843118501,28.643278135043644,4.670058701814281,-0.07959498166179196
6306,test,0,0.0019344445317983627,0.08682165843118501,28.643336240360235,4.669979188683666,-0.07535991572281206
6307,test,0,0.016811441630125046,0.08682165843118501,28.6433004264569,4.67000919694692,-0.0787554220600636
6308,test,0,0.0381353497505188,0.08682165843118501,28.643307479608765,4.6699414356654945,-0.0766176648972922
6309,test,0,0.08418811857700348,0.08682165843118501,28.64334905769998,4.669835001271975,-0.07389639677375037
6310,test,0,0.0847371518611908,0.08682165843118501,28.64330252416908,4.669868078053231,-0.07861144394012248
6311,test,0,0.14510616660118103,0.08682165843118501,28.64334994954542,4.669732627885381,-0.07299395737907832
6312,test,0,0.10055702179670334,0.08682165843118501,28.64336356849527,4.66974221510787,-0.07292786572912353
6313,test,0,0.0065951040014624596,0.08682165843118501,28.643333935940355,4.669736660989808,-0.07416084781748246
6314,test,0,0.08177930861711502,0.08682165843118501,28.64335697349417,4.669746361333183,-0.07301507187438747
6315,test,0,0.16761183738708496,0.08682165843118501,28.643362954424006,4.669725064726015,-0.07277073870883004
6316,test,0,0.07559502124786377,0.08682165843118501,28.64334745597522,4.669721482678058,-0.07285166488239347
6317,test,0,0.005714711267501116,0.08682165843118501,28.643352436997613,4.669715066362615,-0.07290660557040417
6318,test,0,0.010856248438358307,0.08682165843118501,28.64335042854888,4.6697098544001285,-0.07312307185494438
6319,test,0,0.0717485249042511,0.08682165843118501,28.643344736494896,4.6697208539834705,-0.07306774283354907
6320,test,0,0.004165499471127987,0.08682165843118501,28.64334916475719,4.6697139229543385,-0.07325916126107271
6321,test,0,0.13063976168632507,0.08682165843118501,28.643358107878328,4.66971489405792,-0.07273636563430201
6322,test,0,0.061951011419296265,0.08682165843118501,28.643352349146966,4.669707669375373,-0.07263873982609884
6323,test,0,0.013308740220963955,0.08682165843118501,28.643352214695014,4.669698329739247,-0.0725381730478816
6324,test,0,0.06944058835506439,0.08682165843118501,28.643342759251226,4.669731220838789,-0.07306427973389333
6325,test,0,0.018565084785223007,0.08682165843118501,28.643351639313565,4.669755741948664,-0.07323520830203442
6326,test,0,0.022614531219005585,0.08682165843118501,28.64334647874471,4.669753987133383,-0.07307891256355714
6327,test,0,0.005327939055860043,0.08682165843118501,28.643345171103675,4.669783917118217,-0.0738958221937761
6328,test,0,0.01345791108906269,0.08682165843118501,28.64334558855713,4.669805895906093,-0.07378989207445204
6329,test,0,0.013019404374063015,0.08682165843118501,28.6433447593596,4.6698223488238435,-0.07399518081630573
6330,test,0,0.15124332904815674,0.08682165843118501,28.643341636931318,4.669854233006562,-0.07430089699666048
6331,test,0,0.05853194370865822,0.08682165843118501,28.643335463579557,4.669874797777213,-0.07491149826123539
6332,test,0,0.005946877412497997,0.08682165843118501,28.643351532506113,4.669826763941556,-0.07376772040618333
6333,test,0,0.006525970064103603,0.08682165843118501,28.64335228625361,4.669802674524608,-0.07355958401552543
6334,test,0,0.05337756127119064,0.08682165843118501,28.64332150312462,4.669842372110987,-0.07604620656664597
6335,test,0,0.020946437492966652,0.08682165843118501,28.64333281721958,4.66977553454437,-0.07546146197704505
6336,test,0,0.008930027484893799,0.08682165843118501,28.64335177815927,4.669721384213426,-0.07277190367131696
6337,test,0,0.002087438479065895,0.08682165843118501,28.64334118481826,4.6697475178814845,-0.07430540864762777
6338,test,0,0.12003571540117264,0.08682165843118501,28.643349435149233,4.6697320828632165,-0.07356057775351436
6339,test,0,0.058568134903907776,0.08682165843118501,28.643332987336937,4.669724254620597,-0.07592939830611108
6340,test,0,0.021901600062847137,0.08682165843118501,28.643328087780272,4.669661792891064,-0.07590197300012827
6341,test,0,0.0025108670815825462,0.08682165843118501,28.643369137025232,4.66955504696902,-0.0710961405674692
6342,test,0,0.03396674990653992,0.08682165843118501,28.64333457584465,4.66958588113794,-0.07509634331714572
6343,test,0,0.039999037981033325,0.08682165843118501,28.64335953892396,4.669449388435784,-0.07153099100206672
6344,test,0,0.028766967356204987,0.08682165843118501,28.643389350360092,4.669345759589139,-0.068962932389694
6345,test,0,0.10532660782337189,0.08682165843118501,28.64335619524585,4.669376914145867,-0.07349196006737393
6346,test,0,0.002017897553741932,0.08682165843118501,28.643386834907215,4.669284901307013,-0.06840699312192619
6347,test,0,0.13778389990329742,0.08682165843118501,28.643403248173275,4.669227531608403,-0.06774676959512217
6348,test,0,0.02032301016151905,0.08682165843118501,28.643401843186236,4.669237601398552,-0.06744719613408703
6349,test,0,0.11330481618642807,0.08682165843118501,28.64339080972619,4.66920178306709,-0.0679407100590831
6350,test,0,0.07450265437364578,0.08682165843118501,28.643405087639064,4.669188217588101,-0.06737553325724929
6351,test,0,0.015575049445033073,0.08682165843118501,28.64339628152088,4.669185437723279,-0.0674091629227466
6352,test,0,0.007719992659986019,0.08682165843118501,28.64339834114146,4.6691850635877925,-0.06742611290085274
6353,test,0,0.01681235246360302,0.08682165843118501,28.643390571523966,4.669168740612994,-0.06755678275227989
6354,test,0,0.032532401382923126,0.08682165843118501,28.643400455857094,4.669185140087215,-0.06745908391377121
6355,test,0,0.0016839532181620598,0.08682165843118501,28.64339886767092,4.669186735337347,-0.0675083074246962
6356,test,0,0.011725367978215218,0.08682165843118501,28.643389530029033,4.669184231510775,-0.06756877942249805
6357,test,0,0.022111862897872925,0.08682165843118501,28.643390672468204,4.669168917009317,-0.0679738416610126
6358,test,0,0.12696215510368347,0.08682165843118501,28.64338786312281,4.669168824053241,-0.06769977974229055
6359,test,0,0.0034416448324918747,0.08682165843118501,28.643396942317494,4.6691870691991335,-0.06756686803157542
6360,test,0,0.013210602104663849,0.08682165843118501,28.64338727506818,4.6691994179635685,-0.06764268700983696
6361,test,0,0.024938786402344704,0.08682165843118501,28.643395061572,4.66921444131932,-0.06773227738387963
6362,test,0,0.01756158098578453,0.08682165843118501,28.643403362610037,4.66921788867645,-0.06768222489799999
6363,test,0,0.0991140678524971,0.08682165843118501,28.643391270466314,4.669218873848584,-0.06779286575524326
6364,test,0,0.10230977088212967,0.08682165843118501,28.643395119401482,4.669227458743164,-0.06785397895524639
6365,test,0,0.002747616730630398,0.08682165843118501,28.643388858666533,4.66924413874475,-0.06835128714460918
6366,test,0,0.09360755980014801,0.08682165843118501,28.64339763576887,4.669213904535084,-0.06763357103663717
6367,test,0,0.12000315636396408,0.08682165843118501,28.64336858720505,4.669245053564153,-0.06976545969941772
6368,test,0,0.017224319279193878,0.08682165843118501,28.643361268396013,4.669171856511461,-0.07204420202867905
6369,test,0,0.08551472425460815,0.08682165843118501,28.64341388100311,4.669056538694138,-0.0660572082149276
6370,test,0,0.15583178400993347,0.08682165843118501,28.6433623377441,4.669091044353864,-0.07096435868362422
6371,test,0,0.02540481835603714,0.08682165843118501,28.643420407443998,4.66902664267525,-0.06572397844899319
6372,test,0,0.0035003898665308952,0.08682165843118501,28.643393083759136,4.669034818652537,-0.06768880822877617
6373,test,0,0.006904474459588528,0.08682165843118501,28.643391095389813,4.6690131126282495,-0.06784505176521248
6374,test,0,0.15266065299510956,0.08682165843118501,28.643391423125014,4.66899232340679,-0.06761639041321846
6375,test,0,0.01997452974319458,0.08682165843118501,28.643414726605453,4.668992290963514,-0.06545027090395161
6376,test,0,0.008959771133959293,0.08682165843118501,28.643418046573416,4.668995473358436,-0.0654343114562534
6377,test,0,0.01280234009027481,0.08682165843118501,28.643416430967065,4.668998998450521,-0.06547562503609348
6378,test,0,0.03384552150964737,0.08682165843118501,28.643412574527062,4.668999113884178,-0.06550180052939147
6379,test,0,0.0005049984902143478,0.08682165843118501,28.643409624030905,4.668988953327974,-0.06562871621164226
6380,test,0,0.0036144303157925606,0.08682165843118501,28.643407375487985,4.668988671124973,-0.06548546031907897
6381,test,0,0.15412768721580505,0.08682165843118501,28.64342588372686,4.668983955200617,-0.06527998539779915
6382,test,0,0.017994068562984467,0.08682165843118501,28.643412147500584,4.6689609498969995,-0.06548308006434501
6383,test,0,0.0043800631538033485,0.08682165843118501,28.643403925148274,4.66895052501479,-0.0655486768900391
6384,test,0,0.00016065407544374466,0.08682165843118501,28.643412189381973,4.6689553007449325,-0.06559229612857907
6385,test,0,0.13919569551944733,0.08682165843118501,28.643410892831888,4.668947962830397,-0.06579592039984374
6386,test,0,0.07742689549922943,0.08682165843118501,28.643411778174034,4.668931269290007,-0.06528921939718509
6387,test,0,0.04826527461409569,0.08682165843118501,28.643407270480637,4.668967856145787,-0.06569645588870025
6388,test,0,0.003609779290854931,0.08682165843118501,28.643405978227783,4.668980089208462,-0.06647299483990117
6389,test,0,5.4200179874897e-05,0.08682165843118501,28.64343185488782,4.668931310062462,-0.06479265127495554
6390,test,0,0.01264848094433546,0.08682165843118501,28.64339630342139,4.6689625666208245,-0.06690379002656904
6391,test,0,0.11045681685209274,0.08682165843118501,28.643407116150854,4.668921913245467,-0.06629406984058402
6392,test,0,0.01493394747376442,0.08682165843118501,28.64342452895655,4.668873937478499,-0.06421583082149855
6393,test,0,0.14143642783164978,0.08682165843118501,28.64348584135992,4.668818145616204,-0.06265013165855522
6394,test,0,0.03964941203594208,0.08682165843118501,28.64340582602865,4.66877885353748,-0.0676944469386669
6395,test,0,0.0681256577372551,0.08682165843118501,28.643445696326353,4.668683048580161,-0.06227185122780006
6396,test,0,0.04310109093785286,0.08682165843118501,28.643400148418536,4.668717663986544,-0.0668661892143419
6397,test,0,0.024904726073145866,0.08682165843118501,28.643412923516337,4.668640965459326,-0.06589323822401966
6398,test,0,0.01085283700376749,0.08682165843118501,28.64346142295259,4.6685456181548854,-0.060856971296022314
6399,test,0,0.010691743344068527,0.08682165843118501,28.643394545407943,4.668574176776833,-0.06499662522839487
6400,test,0,0.009353268891572952,0.08682165843118501,28.643444780116965,4.668417226794134,-0.06205985205711269
6401,test,0,0.009824160486459732,0.08682165843118501,28.64347624041425,4.668328649338095,-0.05870101789142727
6402,test,0,0.11796575039625168,0.08682165843118501,28.643422516688247,4.668370534539597,-0.06230976614872619
6403,test,0,0.030869171023368835,0.08682165843118501,28.643449462132423,4.668243366305826,-0.0628123083113652
6404,test,0,0.0022484613582491875,0.08682165843118501,28.643494811715144,4.66817414010709,-0.05713326518166154
6405,test,0,0.023429203778505325,0.08682165843118501,28.643492868511903,4.668133208310176,-0.056747615688252165
6406,test,0,0.00788137037307024,0.08682165843118501,28.64350493157697,4.66809239199032,-0.05630957488808537
6407,test,0,0.0860615149140358,0.08682165843118501,28.64350942355964,4.668046534663502,-0.05582322284560888
6408,test,0,0.01888786442577839,0.08682165843118501,28.643478335328837,4.6680826375590305,-0.05742601605337968
6409,test,0,0.005048112012445927,0.08682165843118501,28.643502040305723,4.668029479363287,-0.055823444889925224
6410,test,0,0.14210450649261475,0.08682165843118501,28.64351425301089,4.667996453744236,-0.05533158773377923
6411,test,0,0.025051843374967575,0.08682165843118501,28.64351271591135,4.668011002582247,-0.05546977734209853
6412,test,0,0.003707575611770153,0.08682165843118501,28.64348745074172,4.6680116008593,-0.05660739958343191
6413,test,0,0.04012639448046684,0.08682165843118501,28.643499111062006,4.667997090843297,-0.05561348990777263
6414,test,0,0.024410314857959747,0.08682165843118501,28.64351519748646,4.667993862620559,-0.0552961831345864
6415,test,0,0.015391257591545582,0.08682165843118501,28.64349448405915,4.66796831408787,-0.05622519773708901
6416,test,0,0.045344747602939606,0.08682165843118501,28.643500834719365,4.667989385944093,-0.05536548439333168
6417,test,0,0.061120547354221344,0.08682165843118501,28.6435166425671,4.667985342321213,-0.05521377208644971
6418,test,0,0.02079135552048683,0.08682165843118501,28.64351440035016,4.667992123117065,-0.055288909095327375
6419,test,0,0.14486411213874817,0.08682165843118501,28.643506547731683,4.6679879282891426,-0.055353573259534085
6420,test,0,0.0324951633810997,0.08682165843118501,28.64350465056178,4.667996278391132,-0.055521822793525376
6421,test,0,0.12511101365089417,0.08682165843118501,28.643498545414374,4.668002725765088,-0.05552822252410636
6422,test,0,0.04954168200492859,0.08682165843118501,28.64349194251774,4.668027616384583,-0.056389539222489446
6423,test,0,0.10730244964361191,0.08682165843118501,28.643481071854506,4.668037671157889,-0.058916306052092894
6424,test,0,0.03792503476142883,0.08682165843118501,28.643516196776076,4.667972399062073,-0.05506180369810864
6425,test,0,0.014060103334486485,0.08682165843118501,28.64345441115508,4.667997165658952,-0.06019061402168537
6426,test,0,0.04769738018512726,0.08682165843118501,28.64345896732889,4.667931769044376,-0.05933125398475855
6427,test,0,0.003305620513856411,0.08682165843118501,28.643510086293066,4.667843246887779,-0.05484449600117863
6428,test,0,0.00736140226945281,0.08682165843118501,28.643540638058997,4.667752051709778,-0.05283316503425924
6429,test,0,0.1229962632060051,0.08682165843118501,28.643470068683396,4.667768976910237,-0.05727338059482653
6430,test,0,0.005389335565268993,0.08682165843118501,28.64353642876804,4.667676004878229,-0.05215277543360786
6431,test,0,0.0033004647120833397,0.08682165843118501,28.64356419937023,4.667654355341548,-0.05163489455071229
6432,test,0,0.007169961463660002,0.08682165843118501,28.643517660774712,4.667652754158816,-0.053704457635435195
6433,test,0,0.0054000793024897575,0.08682165843118501,28.643550367581163,4.6676069604283095,-0.05139931524006318
6434,test,0,0.05003216117620468,0.08682165843118501,28.64355238610523,4.6675652463827895,-0.05099086407095048
6435,test,0,0.07420197874307632,0.08682165843118501,28.643563065472406,4.667508170542159,-0.05040068192092936
6436,test,0,0.06559741497039795,0.08682165843118501,28.64351379130702,4.667536799178412,-0.05420623222651921
6437,test,0,0.0027254102751612663,0.08682165843118501,28.64352495821898,4.667506410213391,-0.052507927956460115
6438,test,0,0.0016057034954428673,0.08682165843118501,28.64353245909893,4.667481150229257,-0.05199222574539591
6439,test,0,0.004246852360665798,0.08682165843118501,28.643564973864933,4.667472721625011,-0.05005317196993671
6440,test,0,0.0049010952934622765,0.08682165843118501,28.6435686848604,4.667459100431222,-0.04989721428520804
6441,test,0,0.06864270567893982,0.08682165843118501,28.64353537699367,4.667453263607182,-0.05209208381731836
6442,test,0,0.00907656829804182,0.08682165843118501,28.643556143860025,4.667443311597396,-0.049881649839967554
6443,test,0,0.14456291496753693,0.08682165843118501,28.64357135432621,4.667439597986659,-0.04969249889764881
6444,test,0,0.006876823492348194,0.08682165843118501,28.643564380297626,4.667457257319972,-0.04989563147677294
6445,test,0,0.006830144673585892,0.08682165843118501,28.643552100036107,4.6674402747298425,-0.050040639468265986
6446,test,0,0.009051794186234474,0.08682165843118501,28.643558755417057,4.667459323233223,-0.04996353525296301
6447,test,0,0.021700561046600342,0.08682165843118501,28.643562960224674,4.667467148138551,-0.04999898979068371
6448,test,0,0.00585684459656477,0.08682165843118501,28.643557567436105,4.667461503641059,-0.05008059998071592
6449,test,0,0.12060222774744034,0.08682165843118501,28.64355454457864,4.6674555612168485,-0.050179528354641845
6450,test,0,0.07893604785203934,0.08682165843118501,28.643553418358795,4.667466266177218,-0.050119537587488466
6451,test,0,0.0059497239999473095,0.08682165843118501,28.643557099153842,4.6674787421879484,-0.050219004440411066
6452,test,0,0.09626174718141556,0.08682165843118501,28.64356007793821,4.6674783175837735,-0.050165689895260025
6453,test,0,0.01758919097483158,0.08682165843118501,28.643545671510253,4.667489021486917,-0.050432942244814684
6454,test,0,0.00259519275277853,0.08682165843118501,28.64355620624074,4.667493867009582,-0.05036964919828074
6455,test,0,0.04876450076699257,0.08682165843118501,28.643554055505827,4.6674819299664465,-0.050402904224689536
6456,test,0,0.06751617044210434,0.08682165843118501,28.643546978109615,4.667462867435434,-0.05017916352239704
6457,test,0,0.07265401631593704,0.08682165843118501,28.643551066734595,4.667498646150607,-0.050439695406215734
6458,test,0,0.0767340138554573,0.08682165843118501,28.643557287330754,4.6675093323019565,-0.050404758276171045
6459,test,0,0.018064875155687332,0.08682165843118501,28.64354247954661,4.667532914608827,-0.051787587677737695
6460,test,0,0.01316637359559536,0.08682165843118501,28.64354435825901,4.667532323443498,-0.05136003340542368
6461,test,0,0.0055252378806471825,0.08682165843118501,28.643549842086294,4.667521043614794,-0.05056072750157623
6462,test,0,0.056388337165117264,0.08682165843118501,28.64354167728505,4.667549618062122,-0.05139296327884236
6463,test,0,0.005281704477965832,0.08682165843118501,28.64354563131524,4.6675642055691595,-0.05129438856497824
6464,test,0,0.027210846543312073,0.08682165843118501,28.643544651796514,4.667555950808356,-0.05092105788756614
6465,test,0,0.004364450462162495,0.08682165843118501,28.64354136947099,4.667590765885843,-0.05137319802953576
6466,test,0,0.09371895343065262,0.08682165843118501,28.643541113721163,4.66761079002675,-0.05177077917787716
6467,test,0,0.047989167273044586,0.08682165843118501,28.64353346251179,4.667610834368696,-0.05164309826498594
6468,test,0,0.006861747708171606,0.08682165843118501,28.64354526700096,4.667624876084598,-0.051635656651638676
6469,test,0,0.018303627148270607,0.08682165843118501,28.643542559184784,4.6676425513972735,-0.051836993554477205
6470,test,0,0.019930556416511536,0.08682165843118501,28.643547531575983,4.667644907951726,-0.0518133041667137
6471,test,0,0.002236674539744854,0.08682165843118501,28.643535585171417,4.667647584181958,-0.05192745616359863
6472,test,0,0.008249868638813496,0.08682165843118501,28.643536533935016,4.667656787843817,-0.05202514416302304
6473,test,0,0.0937572568655014,0.08682165843118501,28.643541927385268,4.6676645450799095,-0.05203189183192309
6474,test,0,0.0011845864355564117,0.08682165843118501,28.643539607579676,4.667663261214527,-0.052058033137035595
6475,test,0,0.011461444199085236,0.08682165843118501,28.643532463210768,4.66768595020751,-0.052343131387734124
6476,test,0,0.1459929645061493,0.08682165843118501,28.64352489678724,4.667712608038379,-0.05274192928433924
6477,test,0,0.0062435101717710495,0.08682165843118501,28.643524030419275,4.667733041516092,-0.05355977286022107
6478,test,0,0.027406517416238785,0.08682165843118501,28.643523449288754,4.667736889656999,-0.05334504086229566
6479,test,0,0.0027407193556427956,0.08682165843118501,28.643538840098945,4.667688197522392,-0.05221053356460276
6480,test,0,0.00524472538381815,0.08682165843118501,28.643541033129836,4.667681435754916,-0.052142408072589956
6481,test,0,0.0016407733783125877,0.08682165843118501,28.643520440356465,4.667704067723133,-0.05364408249561739
6482,test,0,0.09551200270652771,0.08682165843118501,28.64353608960373,4.667678018221043,-0.052139422775546514
6483,test,0,0.06845631450414658,0.08682165843118501,28.643553727138773,4.667660131673237,-0.05187772346634638
6484,test,0,0.14162611961364746,0.08682165843118501,28.643510710784046,4.667677546629089,-0.05597087570618242
6485,test,0,0.02305559068918228,0.08682165843118501,28.64354367265045,4.667607505263894,-0.05153976069543163
6486,test,0,0.29736632108688354,0.08682165843118501,28.643554555456152,4.667601293287756,-0.05092080013118965
6487,test,0,0.02835342288017273,0.08682165843118501,28.64353422680246,4.667582451065375,-0.052224856470258374
6488,test,0,0.10165070742368698,0.08682165843118501,28.64351865307573,4.667509161272339,-0.052653685530550345
6489,test,0,0.00928429700434208,0.08682165843118501,28.6435239504262,4.6675408953216335,-0.05257692925577923
6490,test,0,0.0009473040699958801,0.08682165843118501,28.643544327020443,4.6675670465764725,-0.051300216251055436
6491,test,0,0.09975159913301468,0.08682165843118501,28.64354705367642,4.667580385702568,-0.051237938053902296
6492,test,0,0.003839951939880848,0.08682165843118501,28.643545822478423,4.667584599542961,-0.0512821326167773
6493,test,0,0.050469785928726196,0.08682165843118501,28.643550163583388,4.667586896107771,-0.05121331768524344
6494,test,0,0.030837755650281906,0.08682165843118501,28.643531960899416,4.66761247568701,-0.052201482542590535
6495,test,0,0.0035056015476584435,0.08682165843118501,28.643538038378132,4.667611292398085,-0.05202604762835368
6496,test,0,0.005008833482861519,0.08682165843118501,28.643543476399678,4.667604108842342,-0.05138634001495397
6497,test,0,0.05366244912147522,0.08682165843118501,28.643530062170598,4.667638771606751,-0.05208398445788856
6498,test,0,0.09251046925783157,0.08682165843118501,28.643529612472744,4.667653780217357,-0.05282716634392641
6499,test,0,0.11591167002916336,0.08682165843118501,28.643539998945094,4.667645569618954,-0.05192094447491902
6500,test,0,0.003427094779908657,0.08682165843118501,28.643541012579988,4.66765942406027,-0.05192541870586553
6501,test,0,0.10584211349487305,0.08682165843118501,28.643518461181273,4.667682731477149,-0.05359456432787116
6502,test,0,0.002342013642191887,0.08682165843118501,28.643537214128155,4.66765238502067,-0.05188531915392355
6503,test,0,0.0044410694390535355,0.08682165843118501,28.643525766076756,4.667680445086744,-0.052477337728205856
6504,test,0,0.005353984422981739,0.08682165843118501,28.64352569302259,4.667697059674634,-0.052639691856429326
6505,test,0,0.1311892569065094,0.08682165843118501,28.643528150743045,4.667721400988127,-0.052971281226696476
6506,test,0,0.11351833492517471,0.08682165843118501,28.643530241760303,4.6677273120032154,-0.05275621157401869
6507,test,0,0.0016339272260665894,0.08682165843118501,28.643498826316232,4.667703370044119,-0.054578767936926655
6508,test,0,0.002360357902944088,0.08682165843118501,28.64354587746984,4.667618103800026,-0.051542473387048295
6509,test,0,0.030718974769115448,0.08682165843118501,28.643544917265874,4.6675513695382955,-0.05127956804265877
6510,test,0,0.05500291287899017,0.08682165843118501,28.643568824542708,4.667497109365038,-0.049992260835649754
6511,test,0,0.07770226150751114,0.08682165843118501,28.643550375797055,4.66750729647577,-0.05054936387535744
6512,test,0,0.010997551493346691,0.08682165843118501,28.643537104661394,4.667436669020529,-0.05267126542985111
6513,test,0,0.0040197959169745445,0.08682165843118501,28.643549805069995,4.667344034891706,-0.05078746037008997
6514,test,0,0.005694063380360603,0.08682165843118501,28.64358470133373,4.667262889476123,-0.04792158182987057
6515,test,0,0.06914900988340378,0.08682165843118501,28.64353469052917,4.667294895723939,-0.05161632483564898
6516,test,0,0.08007602393627167,0.08682165843118501,28.643527790311342,4.667240612892887,-0.05147750319759136
6517,test,0,0.024145014584064484,0.08682165843118501,28.643594046658546,4.667168411303533,-0.046963615738988
6518,test,0,0.051469698548316956,0.08682165843118501,28.643614629952157,4.667152013934613,-0.046268568917987744
6519,test,0,0.055727653205394745,0.08682165843118501,28.643566016716157,4.66713004347727,-0.049958062850216756
6520,test,0,0.09693111479282379,0.08682165843118501,28.643599583646047,4.667045399006919,-0.04576629063491974
6521,test,0,0.0049904342740774155,0.08682165843118501,28.643567668775955,4.6670770019722685,-0.04815271245900803
6522,test,0,0.002054528333246708,0.08682165843118501,28.643591155924586,4.666975994071068,-0.04659154900291614
6523,test,0,0.01090121641755104,0.08682165843118501,28.643628821748354,4.66689838830686,-0.044192498875521194
6524,test,0,0.02756662666797638,0.08682165843118501,28.64355595325322,4.666933974526859,-0.048148569889068474
6525,test,0,0.013545556925237179,0.08682165843118501,28.643566173445226,4.666845590722778,-0.047801893057190986
6526,test,0,0.02204027771949768,0.08682165843118501,28.643637942097115,4.666773713402938,-0.04296527487208093
6527,test,0,0.005198162980377674,0.08682165843118501,28.643647857931033,4.666695293916592,-0.042164098588334524
6528,test,0,0.0018069418147206306,0.08682165843118501,28.643653803219873,4.666639699369441,-0.04161133778654782
6529,test,0,0.01533414889127016,0.08682165843118501,28.6436040356064,4.666658618722245,-0.04587452772470404
6530,test,0,0.10192254930734634,0.08682165843118501,28.64365491952042,4.666585815413815,-0.04108967024134053
6531,test,0,0.01944809779524803,0.08682165843118501,28.643665857329086,4.6665430553510845,-0.04064030268407289
6532,test,0,0.0200103260576725,0.08682165843118501,28.643589360744063,4.666577752965207,-0.04483532860062862
6533,test,0,0.08083812147378922,0.08682165843118501,28.643611141347346,4.666506484310654,-0.04433814638174383
6534,test,0,0.020668793469667435,0.08682165843118501,28.64362813633574,4.666431625722253,-0.042913143820700654
6535,test,0,0.009637029841542244,0.08682165843118501,28.643676143262216,4.666358975309874,-0.038817826298757414
6536,test,0,0.008435912430286407,0.08682165843118501,28.643692157180165,4.666297154169305,-0.038134175200685426
6537,test,0,0.008576564490795135,0.08682165843118501,28.64364483300431,4.666321422717695,-0.041151764142044585
6538,test,0,0.003945055417716503,0.10237011250857735,28.643656719454725,4.666232051014189,-0.04018620983018405
6539,test,0,0.0530344657599926,0.10237011250857735,28.643692326599428,4.666146123628441,-0.03726110788624414
6540,test,0,0.01000544335693121,0.10237011250857735,28.64371400568105,4.666072798260346,-0.03590033745414097
6541,test,0,0.00863954983651638,0.10237011250857735,28.643680626069738,4.666090729494757,-0.03846365335899673
6542,test,0,0.00607909495010972,0.10237011250857735,28.643682931921806,4.666057371582178,-0.038224194263771154
6543,test,0,0.0730031356215477,0.10237011250857735,28.64371766510088,4.665998116802346,-0.03516137323513195
6544,test,0,0.12152356654405594,0.10237011250857735,28.643684567159244,4.666027007732208,-0.03761364007811274
6545,test,0,0.13078081607818604,0.10237011250857735,28.64367315197671,4.665975818385379,-0.03935034730869036
6546,test,0,0.13057804107666016,0.10237011250857735,28.643734738739926,4.665921972492723,-0.034368659556029246
6547,test,0,0.004604711197316647,0.10237011250857735,28.64373697058676,4.665913003636236,-0.03429487220200614
6548,test,0,0.08525007218122482,0.10237011250857735,28.643712218982806,4.665919001750953,-0.03504524140687045
6549,test,0,0.09034483879804611,0.10237011250857735,28.64373238560828,4.665915091209481,-0.034332686451764745
6550,test,0,0.007016628514975309,0.10237011250857735,28.64373565489709,4.665921261583224,-0.03435350595458804
6551,test,0,0.1149819865822792,0.10237011250857735,28.643719420687678,4.665870723683207,-0.034684457451764114
6552,test,0,0.10496057569980621,0.10237011250857735,28.643720328366925,4.66591233536808,-0.034435718836986595
6553,test,0,0.008048811927437782,0.10237011250857735,28.64372508745428,4.66591620227581,-0.03438954903754325
6554,test,0,0.026332393288612366,0.10237011250857735,28.643733769925053,4.665921262156102,-0.03436062117682772
6555,test,0,0.011263835243880749,0.10237011250857735,28.6437228756661,4.665901115562853,-0.0345242191920916
6556,test,0,0.015238494612276554,0.10237011250857735,28.64372588108068,4.665921468694122,-0.034417479631536935
6557,test,0,0.061642467975616455,0.10237011250857735,28.643729116276106,4.665921259170093,-0.034445456235465195
6558,test,0,0.000797618180513382,0.10237011250857735,28.643723622242486,4.665902999112959,-0.0345881498137027
6559,test,0,0.141373872756958,0.10237011250857735,28.643713361272958,4.665858456107141,-0.03485292552469239
6560,test,0,0.008257664740085602,0.10237011250857735,28.643739145718648,4.665873072348143,-0.03384050681923168
6561,test,0,0.13068801164627075,0.10237011250857735,28.64372840249616,4.665889022055359,-0.034063015627962816
6562,test,0,0.013664094731211662,0.10237011250857735,28.64371835185519,4.665928473480508,-0.034666084696769864
6563,test,0,0.045195572078228,0.10237011250857735,28.643699052871373,4.665942676145624,-0.03688631452604737
6564,test,0,0.1115904375910759,0.10237011250857735,28.643730216266345,4.665900371195018,-0.03416572559267971
6565,test,0,0.0064580319449305534,0.10237011250857735,28.643744155498652,4.665902555122676,-0.03395203903844164
6566,test,0,0.01033682283014059,0.10237011250857735,28.643688649769448,4.665904535876932,-0.03778891786116238
6567,test,0,0.009475763887166977,0.10237011250857735,28.643700883981673,4.6658209465492675,-0.03648670403439882
6568,test,0,0.061523884534835815,0.10237011250857735,28.6437197977643,4.665775697374421,-0.03509747610097083
6569,test,0,0.007897562347352505,0.10237011250857735,28.643759914759727,4.665719245979167,-0.03227705785916759
6570,test,0,0.004497627727687359,0.10237011250857735,28.643767156586314,4.665665782400513,-0.03173152790561921
6571,test,0,0.00957866944372654,0.10237011250857735,28.64370789907888,4.665688706868263,-0.03543888256704472
6572,test,0,0.011111565865576267,0.10237011250857735,28.64372396323271,4.665620615894825,-0.03454249823603309
6573,test,0,0.13275882601737976,0.10237011250857735,28.64372650196459,4.6655610752274805,-0.034232958500260424
6574,test,0,0.15223947167396545,0.10237011250857735,28.643747104891066,4.665515018164746,-0.032578219217309676
6575,test,0,0.001819070428609848,0.10237011250857735,28.643794605155346,4.665465281422488,-0.029698182619767734
6576,test,0,0.004090375266969204,0.10237011250857735,28.64377527541478,4.665475414591759,-0.02995173060957302
6577,test,0,0.010893596336245537,0.10237011250857735,28.64374982216299,4.665447892641523,-0.032077081267594496
6578,test,0,0.10746368020772934,0.10237011250857735,28.64378308795779,4.665427926686729,-0.029454916913204912
6579,test,0,0.0004762653261423111,0.10237011250857735,28.643796526181045,4.665426607600192,-0.02933526884026156
6580,test,0,0.007551824674010277,0.10237011250857735,28.64376762445929,4.665434733642039,-0.030409225544221537
6581,test,0,0.028460808098316193,0.10237011250857735,28.643778654502704,4.665426634904668,-0.02978272715051177
6582,test,0,0.10110919922590256,0.10237011250857735,28.643795827645267,4.665439710650054,-0.029463893154438675
6583,test,0,0.007636972703039646,0.10237011250857735,28.643781100134177,4.665452989281567,-0.029684162948480444
6584,test,0,0.054856956005096436,0.10237011250857735,28.64377941628099,4.665455475493617,-0.029816600806102992
6585,test,0,0.00426554586738348,0.10237011250857735,28.643783680113035,4.665464363569727,-0.029658771337615082
6586,test,0,0.0021845223382115364,0.10237011250857735,28.643778155315736,4.665467922952791,-0.030068019011014257
6587,test,0,0.00320576224476099,0.10237011250857735,28.64377512436578,4.665449075936638,-0.029888576296006785
6588,test,0,0.10286092013120651,0.10237011250857735,28.64377438061033,4.665451640284092,-0.029846081033994918
6589,test,0,0.013857921585440636,0.10237011250857735,28.64378639098245,4.665467842046264,-0.029804894526023976
6590,test,0,0.01159181073307991,0.10237011250857735,28.643787299649546,4.665472492691294,-0.02981758172586232
6591,test,0,0.009180773049592972,0.10237011250857735,28.643785958315217,4.665475734886688,-0.029861253122636537
6592,test,0,0.07673022150993347,0.10237011250857735,28.643774285290093,4.665467593279578,-0.030055214078393178
6593,test,0,0.015616783872246742,0.10237011250857735,28.643777260045933,4.665483793181695,-0.029990951865181966
6594,test,0,0.011685198172926903,0.10237011250857735,28.643790212726902,4.665483347198745,-0.02989179039343516
6595,test,0,0.00157186109572649,0.10237011250857735,28.643760871969167,4.665474754761367,-0.03128108861012691
6596,test,0,0.0035621775314211845,0.10237011250857735,28.643759299226762,4.665466482408535,-0.031170082790036826
6597,test,0,0.006308367475867271,0.10237011250857735,28.643775986595895,4.665470342572497,-0.029943629948891333
6598,test,0,0.006503347773104906,0.10237011250857735,28.64378869278627,4.665473801606224,-0.0298367323629207
6599,test,0,0.008087191730737686,0.10237011250857735,28.643770044790656,4.665483469228813,-0.030356277385162948
6600,test,0,0.007764609530568123,0.10237011250857735,28.643771053458348,4.665473323599664,-0.030765849382206754
6601,test,0,0.005907702259719372,0.10237011250857735,28.643794271059605,4.665463137090607,-0.02968942393548873
6602,test,0,0.07540053129196167,0.10237011250857735,28.643792342676065,4.665462407361049,-0.029680212926159136
6603,test,0,0.07466591149568558,0.10237011250857735,28.643776108527792,4.665452745858512,-0.02983020291353807
6604,test,0,0.011785761453211308,0.10237011250857735,28.643785277911658,4.665476744895603,-0.0298842118231079
6605,test,0,0.08224552124738693,0.10237011250857735,28.643784609259022,4.6654837008273855,-0.029936987610680765
6606,test,0,0.017182040959596634,0.10237011250857735,28.64377606053593,4.665467274004145,-0.03008900727493247
6607,test,0,0.012306143529713154,0.10237011250857735,28.643776222506656,4.665480791144985,-0.030011392969873114
6608,test,0,0.007779291830956936,0.10237011250857735,28.643778292156014,4.665468928831282,-0.030095830678808153
6609,test,0,0.007571166381239891,0.10237011250857735,28.643771467025953,4.665419156009376,-0.03040597494182597
6610,test,0,0.03527942672371864,0.10237011250857735,28.6437696563724,4.665437580606072,-0.030320814446589888
6611,test,0,0.07344719767570496,0.10237011250857735,28.64377284635679,4.6654231921485625,-0.030412842347989903
6612,test,0,0.02424335479736328,0.10237011250857735,28.643766263370157,4.665363006876101,-0.03083190174609407
6613,test,0,0.011555470526218414,0.10237011250857735,28.643768919177752,4.665415005053249,-0.030527316991130687
6614,test,0,0.000509914942085743,0.10237011250857735,28.64377715205249,4.665432531106597,-0.03041914973930974
6615,test,0,0.0018651774153113365,0.10237011250857735,28.643762875966864,4.665406974543038,-0.030714969654408446
6616,test,0,0.01493628229945898,0.10237011250857735,28.643772757131163,4.665445664264587,-0.03042819591056778
6617,test,0,0.08357959985733032,0.10237011250857735,28.643773621689405,4.665458607820669,-0.030320411978753577
6618,test,0,0.002996775321662426,0.10237011250857735,28.643769935411008,4.665448803828728,-0.030435181754435187
6619,test,0,0.00040808599442243576,0.10237011250857735,28.643766530445827,4.6654376773795025,-0.030541436080655373
6620,test,0,0.007929762825369835,0.10237011250857735,28.643766289016476,4.665427810758654,-0.030634271232759656
6621,test,0,0.039032943546772,0.10237011250857735,28.643772133360162,4.66541665081103,-0.030712261251437036
6622,test,0,0.14264604449272156,0.10237011250857735,28.643762326561802,4.665364129916481,-0.031077286501172818
6623,test,0,0.0014452198520302773,0.10237011250857735,28.64377756685618,4.665384845264846,-0.030294692171698345
6624,test,0,0.023079488426446915,0.10237011250857735,28.643770357487124,4.6653990175400475,-0.030742925841411924
6625,test,0,0.009245858527719975,0.10237011250857735,28.64378729256799,4.665396724049789,-0.02934348896982824
6626,test,0,0.06778614223003387,0.10237011250857735,28.643789294266313,4.665404928033649,-0.029241275252298266
6627,test,0,0.13467097282409668,0.10237011250857735,28.643787240302302,4.665402693475197,-0.029138006366602996
6628,test,0,0.06945257633924484,0.10237011250857735,28.64377563302111,4.665433197657703,-0.029984938985068328
6629,test,0,0.10879994928836823,0.10237011250857735,28.64375023263758,4.665447904775023,-0.031944039617596356
6630,test,0,0.049985796213150024,0.10237011250857735,28.64379246115542,4.665390481526588,-0.029009065236105764
6631,test,0,0.008026810362935066,0.10237011250857735,28.643752605620907,4.6654179769351005,-0.031688071585843476
6632,test,0,8.430797606706619e-05,0.10237011250857735,28.643776670071357,4.665342904530533,-0.02998262474613358
6633,test,0,0.08448353409767151,0.10237011250857735,28.64380854276554,4.665272106512215,-0.027802941497192004
6634,test,0,0.011924972757697105,0.10237011250857735,28.64376644043876,4.665293120174565,-0.03082424184615023
6635,test,0,0.13120011985301971,0.10237011250857735,28.643801625296682,4.665209786482689,-0.027854430797156146
6636,test,0,0.13475054502487183,0.10237011250857735,28.643822629297432,4.665208096036678,-0.026698514449079933
6637,test,0,0.008155697025358677,0.10237011250857735,28.6438284680185,4.6651669895570205,-0.02649863854086481
6638,test,0,0.12405375391244888,0.10237011250857735,28.64380392137427,4.665147216612615,-0.02780585270792097
6639,test,0,0.06620825827121735,0.10237011250857735,28.643819477259257,4.665108272961435,-0.026348314839289358
6640,test,0,0.02563803642988205,0.10237011250857735,28.64382071136836,4.665121093783588,-0.026344692802853575
6641,test,0,0.06189172714948654,0.10237011250857735,28.64383267023682,4.665131979179541,-0.026351277270942604
6642,test,0,0.14300335943698883,0.10237011250857735,28.64381926672689,4.665115705827166,-0.026532076041505617
6643,test,0,0.01203080266714096,0.10237011250857735,28.64382269722421,4.665133132251155,-0.02644350196020995
6644,test,0,0.007247546687722206,0.10237011250857735,28.643833427264727,4.665132880643369,-0.026362304141542555
6645,test,0,0.0026215435937047005,0.10237011250857735,28.643816233469586,4.6651302284359675,-0.02649103270007988
6646,test,0,0.009387300349771976,0.10237011250857735,28.64382662457221,4.6651388182841345,-0.026489590039383847
6647,test,0,0.008360199630260468,0.10237011250857735,28.643824174815666,4.665144548647758,-0.02655242916394904
6648,test,0,0.007527912501245737,0.10237011250857735,28.64382640909308,4.665141348109756,-0.026536178893395653
6649,test,0,0.003975679166615009,0.10237011250857735,28.643820100440035,4.6651221751273315,-0.026638204454315875
6650,test,0,0.05228285491466522,0.10237011250857735,28.64381079626193,4.665123449211381,-0.02664753579951697
6651,test,0,0.14712248742580414,0.10237011250857735,28.643818753379808,4.665145381884133,-0.02661778410902472
6652,test,0,0.051048509776592255,0.10237011250857735,28.643820794440437,4.665158383331014,-0.026728061252819853
6653,test,0,0.0071791065856814384,0.10237011250857735,28.643818319063698,4.665153899586123,-0.02660078458538694
6654,test,0,0.10458268970251083,0.10237011250857735,28.643806556465876,4.665188570734534,-0.027279652518112145
6655,test,0,0.00807565450668335,0.10237011250857735,28.643802565208833,4.66520448310278,-0.028052406749757317
6656,test,0,0.007771407254040241,0.10237011250857735,28.643812263405877,4.665209155440763,-0.027369490421650818
6657,test,0,0.12105847150087357,0.10237011250857735,28.64379425024499,4.665222240890573,-0.028213062423848738
6658,test,0,0.07418536394834518,0.10237011250857735,28.6437954693102,4.66521395337013,-0.028963800558536448
6659,test,0,0.05234307795763016,0.10237011250857735,28.64382291051101,4.665172369517672,-0.02668498329696467
6660,test,0,0.011034650728106499,0.10237011250857735,28.64379877480121,4.665188443517886,-0.028401692605127312
6661,test,0,0.0019783051684498787,0.10237011250857735,28.64384160358953,4.665152007292465,-0.026126027340870522
6662,test,0,0.09866996109485626,0.10237011250857735,28.643806853882097,4.665149133971752,-0.027458430632493227
6663,test,0,0.009061016142368317,0.10237011250857735,28.643843249077666,4.665131192666906,-0.025812176736438177
6664,test,0,0.03202120214700699,0.10237011250857735,28.643791562972126,4.6651073529931475,-0.028894046110912192
6665,test,0,0.007742538582533598,0.10237011250857735,28.64382469479926,4.665116212838435,-0.026291820891336613
6666,test,0,0.023402143269777298,0.10237011250857735,28.643800396702204,4.665066593103018,-0.028063090582397456
6667,test,0,0.015270785428583622,0.10237011250857735,28.643807741810853,4.665074941567273,-0.027109706915392842
6668,test,0,0.0064739929512143135,0.10237011250857735,28.643812705680336,4.665038232738738,-0.02727855017125969
6669,test,0,0.0068960972130298615,0.10237011250857735,28.643847067874123,4.664966834124149,-0.02470346514528565
6670,test,0,0.051000893115997314,0.10237011250857735,28.64380219674453,4.664994422213198,-0.027600251888802874
6671,test,0,0.053330451250076294,0.10237011250857735,28.643834946349422,4.664951078866811,-0.025354632310252284
6672,test,0,0.06859275698661804,0.10237011250857735,28.64386331947929,4.664878128114094,-0.02379119622374006
6673,test,0,0.009561627171933651,0.10237011250857735,28.64387792044811,4.664851464230425,-0.02341885527220947
6674,test,0,0.10043314099311829,0.10237011250857735,28.64385941349303,4.664845515489914,-0.023501243071764356
6675,test,0,0.11527948826551437,0.10237011250857735,28.64388314751903,4.6648548355200825,-0.022861694255787348
6676,test,0,0.026409896090626717,0.10237011250857735,28.643840017943617,4.664792726187603,-0.02455071071047488
6677,test,0,0.030864514410495758,0.10237011250857735,28.643871503022705,4.664811138038286,-0.0231276577992717
6678,test,0,0.02141868695616722,0.10237011250857735,28.64387606543395,4.664812040940949,-0.023071102166048792
6679,test,0,0.14813044667243958,0.10237011250857735,28.6438601053613,4.6648051620116995,-0.023202486139918866
6680,test,0,0.011533432640135288,0.10237011250857735,28.643867367869415,4.664831345262512,-0.023331592682715306
6681,test,0,0.01567879319190979,0.10237011250857735,28.64385884117919,4.664822472346152,-0.023423839074305668
6682,test,0,0.007958446629345417,0.10237011250857735,28.643859016352994,4.664831876627005,-0.02339925703293085
6683,test,0,0.008556792512536049,0.10237011250857735,28.643853994878157,4.664817863594517,-0.023642232025637262
6684,test,0,0.024216197431087494,0.10237011250857735,28.643857702479437,4.664841870005521,-0.023498134206010206
6685,test,0,0.08839551359415054,0.10237011250857735,28.643863878377008,4.66484880503079,-0.023496788911533728
6686,test,0,0.1344044804573059,0.10237011250857735,28.64385242761807,4.66484054520364,-0.02364476404281813
6687,test,0,0.0036483509466052055,0.10237011250857735,28.643854779001053,4.664865180889986,-0.023702769976377235
6688,test,0,0.10384208709001541,0.10237011250857735,28.643851147119825,4.664862898129159,-0.02376167946566745
6689,test,0,0.006910357624292374,0.10237011250857735,28.64386418763211,4.6648712436096185,-0.023714935248786893
6690,test,0,0.15296953916549683,0.10237011250857735,28.643843031533482,4.66486241015327,-0.024433415583520093
6691,test,0,0.05246269702911377,0.10237011250857735,28.643863277783925,4.664880419886876,-0.023834054916332365
6692,test,0,0.003211171366274357,0.10237011250857735,28.643852228200362,4.664870200716692,-0.023926536005136473
6693,test,0,0.03446177393198013,0.10237011250857735,28.643846462103213,4.664868365827499,-0.023988057840122996
6694,test,0,0.011752325110137463,0.10237011250857735,28.643860520676814,4.664889305463002,-0.02390925680940844
6695,test,0,0.033608220517635345,0.10237011250857735,28.643844172519223,4.664832763410143,-0.0242933389555611
6696,test,0,0.10196497291326523,0.10237011250857735,28.643853918121927,4.664888593611403,-0.023954387990846638
6697,test,0,0.0025480566546320915,0.10237011250857735,28.64385266950657,4.664883230798698,-0.02400101394838622
6698,test,0,0.14955610036849976,0.10237011250857735,28.64384850321441,4.664871692389952,-0.024454026521484064
6699,test,0,0.151513010263443,0.10237011250857735,28.64386066454235,4.664901469983184,-0.024033130759850342
6700,test,0,0.00579445343464613,0.10237011250857735,28.643853221421736,4.664897284231577,-0.024179249987533086
6701,test,0,0.015974324196577072,0.10237011250857735,28.643849616460404,4.664910592456591,-0.024237458422864885
6702,test,0,0.0878959596157074,0.10237011250857735,28.64385426161993,4.664905536877005,-0.024122818956201286
6703,test,0,0.03847550228238106,0.10237011250857735,28.64385404598314,4.664924447167637,-0.02432661471902512
6704,test,0,0.025284241884946823,0.10237011250857735,28.643843084784482,4.664944115496056,-0.02461553622633005
6705,test,0,0.04391413927078247,0.10237011250857735,28.643836068027248,4.664940990970217,-0.024633200426515185
6706,test,0,0.015179230831563473,0.10237011250857735,28.64385088619343,4.664955686364872,-0.024636699933958686
6707,test,0,0.007049630396068096,0.10237011250857735,28.64384016155983,4.664951773339825,-0.024685692120007614
