8,training,0.06505614160046558,-0.0628994862616235,0.016613451225654437,0.4837025042131114
10,training,0.04797878088830825,-0.04230836172824819,0.022627265150966924,0.3771840517847949
12,training,0.029370923346110297,-0.010798183885332224,0.027313814284420392,0.20780097296737637
17,training,0.0031642069488183647,0.0581864214825846,0.0064385635893899175,-0.1297066619104612
18,training,0.01802360341978358,0.07096800533955495,-0.005575320149018874,-0.16494737904341344
20,training,0.036724531348246596,0.10532012659592928,-0.028512176266636782,-0.154284128436831
21,training,0.04379387090213706,0.1418407025412636,-0.03508277155586934,-0.13441510951173966
22,training,0.04970469586185625,0.2102648626953546,-0.04377737514735999,-0.10358107530511675
23,training,0.053016845537716385,0.2543665534386947,-0.048325956289448614,-0.09947996808156725
24,training,0.056449181726937636,0.30890687945072226,-0.0529471370954378,-0.0640615980505493
25,training,0.05789817830582327,0.3502900646227868,-0.055203529872176395,-0.039044617100444746
26,training,0.057796997450368086,0.3812111519481644,-0.056038333862556064,-0.021201472909414737
27,training,0.05787429488739021,0.4296827481820259,-0.05717253812886812,-0.0032195728696500165
29,training,0.05514503784864786,0.5263914418539942,-0.056284771354434514,0.0312619795949979
31,training,0.053053522644971096,0.5879118252296711,-0.055075497062276414,0.02706136945921622
32,training,0.05086955270589792,0.6403706868364524,-0.053699242949483236,0.01699815902071224
33,training,0.048719251984666694,0.6850092437331398,-0.05279126857330871,0.01172065775292873
34,training,0.04752265425931474,0.7234201482010083,-0.05179739418870876,0.018325707777425516
35,training,0.04628904375483357,0.7629618449119929,-0.05128755806348981,0.0067942589443327935
36,training,0.0450377175889686,0.7992577892524415,-0.05059506446899851,0.014165109786070062
37,training,0.043723369866822556,0.8378454409626847,-0.04985915354229428,0.026323187878859157
39,training,0.04076808076759543,0.9186040497740225,-0.04662674890722217,0.03529142140699106
40,training,0.0368882277758694,0.9606980532627135,-0.04495699107338504,0.05023999400759221
41,training,0.033960438778074926,1.0028808476516837,-0.042650151023089146,0.057758483124841616
42,training,0.03046101023516156,1.051303473291264,-0.03948385854463712,0.06959725853920763
44,training,0.008946186785498658,1.1286469425083505,-0.033961854833053695,0.07825775715659301
45,training,0.01512217702859028,1.1705459658890052,-0.030673042899720105,0.06662773372289484
46,training,0.01681820228769621,1.2076275554532987,-0.02873264749449951,0.0515041619024459
48,training,0.022649396067025995,1.2971608747942667,-0.0256675122412674,0.026881995948342747
49,training,0.022210711560041067,1.3421262455094627,-0.025078462785683382,0.016584602335615137
50,training,0.022638038386413335,1.3799085114149867,-0.025309060979497706,-0.013908459931323244
58,training,0.03109275732264336,1.7401770036635988,-0.02817780757582523,0.04281586930676412
59,training,0.0350640683583696,1.7706904943837822,-0.02664877589519534,0.04947014385979045
60,training,0.035504627534224155,1.8129843080822803,-0.024797253380718122,0.04551416469532326
61,training,0.03746323965184635,1.8526556156108753,-0.02343211332217447,0.030181537338616816
63,training,0.036916144725396026,1.9348225354540138,-0.023601464398834707,-0.0008945929060920592
64,training,0.03582834600669121,1.9837688589468578,-0.02481253929454568,-0.008949206271588113
65,training,0.035552853514927436,2.0260716930133746,-0.026165151410552253,-0.020252676753191347
72,training,0.029260575401489873,2.304413756363041,-0.03231958617711396,0.0017318118894883595
73,training,0.031178663938913186,2.345155807556483,-0.031951755269558416,0.015016708460450983
74,training,0.030531606842101166,2.3984069284587637,-0.03098385264391085,0.011206836070457882
75,training,0.030709035763932635,2.444307663930174,-0.030514474185916348,0.016443542812932362
76,training,0.03133343680900766,2.479887059449343,-0.030309773652065927,0.008733390623163867
77,training,0.03288812243920371,2.520172174179146,-0.030293702669520722,0.009449994399172037
78,training,0.030939238806929628,2.5627763395716614,-0.03063170714467644,-0.004804185660463827
80,training,0.03008820845632674,2.615267681115681,-0.03161755471407438,-0.017524592215575428
88,training,0.02586471147342293,2.933453775476909,-0.03854485877004013,0.019876321022629248
92,training,0.029918435078852803,3.0794462797299484,-0.033866183906583254,0.04005187905582453
93,training,0.014949411521824389,3.1223540587871685,-0.032765908675427745,0.03652016189433527
94,training,0.01760658851728881,3.1715413632072287,-0.031459738084171074,0.023548601155391702
95,training,0.019052583607812024,3.2045249726415235,-0.030928567519205134,0.014309772638475878
96,training,0.02122766581649024,3.2558660613906714,-0.031111035239340327,0.008457914036644735
98,training,0.020635377672158044,3.3256942582574154,-0.03189521572841626,-0.01962144743525575
99,training,0.021825108536492617,3.3781721907720184,-0.03297785967132639,-0.022607557348857155
100,training,0.01946567021631758,3.4108215038924894,-0.034139165179316706,-0.018334097108391238
101,training,0.019364961884211114,3.4328420592222915,-0.03487982676188378,-0.022120638283942888
102,training,0.019331168118126855,3.459124852816552,-0.035518980370236965,-0.021488649553652716
106,training,0.014979364531289705,3.583830215037926,-0.04101675992427224,-0.007344585732358527
107,training,0.016650954088246513,3.6176934683768467,-0.04189658999107616,-0.0027479976831474265
109,training,0.015372466530725508,3.6844121316424285,-0.04137676801406642,0.03349062642700176
110,training,0.017239434451606694,3.7100513144470897,-0.039718506944539544,0.04388916488369995
111,training,0.019540436443623924,3.735413254391426,-0.037476174985653435,0.06490956360136585
112,training,0.0217083076406936,3.771727704029373,-0.03488705810827782,0.0664000016747776
113,training,0.02617283962284738,3.8142747306581612,-0.03221053719347311,0.06520954053742038
114,training,0.027480664605186104,3.8730384239714293,-0.028962744655462155,0.05781459240185233
115,training,0.030304954825444364,3.9234906737885114,-0.026167257713554985,0.05658521651371975
116,training,0.03261942431719665,3.9713927123909714,-0.0243581410753755,0.05128436461989272
117,training,0.03504121510049976,4.01718171988852,-0.023349798432050588,0.029183266180432436
118,training,0.037810281837806076,4.066619462453533,-0.021958587130220246,0.016556058212972385
119,training,0.040598039602912514,4.114239139044145,-0.02109488638188571,0.00236998405337819
120,training,0.04864600065608258,4.150927194058886,-0.02088252293334294,0.002547473086895067
121,training,0.01912959435782003,4.190680500456512,-0.02145718704162223,-0.012627969083057128
122,training,0.010170657955517642,4.243190474801647,-0.02239503574244984,-0.02352061126722858
123,training,0.002314320181081857,4.298465357833393,-0.022957090373727392,-0.02999311759345718
127,training,0.016757496979192155,4.437289787708722,-0.029589975433828783,-0.02318181459745975
128,training,0.015125123829647287,4.478810383046095,-0.031275258997136075,-0.017344431316011634
129,training,0.017440899066084953,4.520539712137174,-0.03233732716002294,-0.024122058896492334
130,training,0.021890717431236786,4.561616480180993,-0.033674712655001826,-0.015615915997989505
131,training,0.02382726261398914,4.624940008348622,-0.035723078327642516,-0.011039254504998998
132,training,0.023743217328797465,4.670062539411307,-0.036603346671619255,0.006814556237602478
134,training,0.02748559921376887,4.8111679986977975,-0.03981475058772979,0.026020914487612026
135,training,0.02848823244060612,4.843948929549397,-0.03987814072362637,0.024076631275154085
136,training,0.029003935297200977,4.882908363757607,-0.039870784138952155,0.026261461426436112
137,training,0.02726583410921698,4.927392101579311,-0.038862590388361866,0.03411472894885484
138,training,0.026707791570739752,4.980716872766694,-0.037428762485987546,0.031157971818480432
139,training,0.026757068684861638,5.006409159762787,-0.03739090671358036,0.026092009243286717
140,training,0.027229245968979764,5.041578400897957,-0.03707638044866004,0.01932898446007023
141,training,0.025513559768962298,5.098287212242158,-0.036516553542637276,0.02173358327466513
142,training,0.025009654235628877,5.128231095768816,-0.03581691260781248,0.0233138849651424
143,training,0.009235587642074647,5.16451753981157,-0.03512572492033859,0.02905005474332332
144,training,0.007121825098906942,5.1960811289403495,-0.03479421463630637,0.019792953144894175
145,training,0.009521449476901329,5.247063158697631,-0.03385141084372324,0.011372977428902383
146,training,0.009920880789992577,5.309005171382024,-0.03098321549563908,0.02945780761689137
147,training,0.013432743932217368,5.338532849111795,-0.030561212649737254,0.02183451287835439
148,training,0.012838111654197524,5.390269197338684,-0.02944447709628307,0.037419620062379144
149,training,0.01011753689172091,5.420999022652652,-0.02840660592572998,0.03042956729808113
150,training,0.013837172009169178,5.457140088465239,-0.027293951809357016,0.041255269451456356
164,training,0.04306164022429905,6.075365203584763,0.030051653438640195,0.11336087583824513
165,training,0.04732723015213775,6.107515467734288,0.03290717463732699,0.10791183909708836
170,training,0.05769619754780795,6.281458235793327,0.04400688164858737,0.061247484076096134
221,training,0.10583638491835684,8.364042779875648,0.15727376995823789,-0.12255813364467294
224,training,0.09394488703097917,8.503054694891324,0.14494160671841866,-0.14811666896862052
225,training,0.08870862218015108,8.538588978102446,0.14092079816236636,-0.15375626116907484
226,training,0.08530868140209691,8.574175292736584,0.1371680136066453,-0.14422558306990937
227,training,0.08087511896555116,8.609653682773885,0.13221214327860742,-0.15285283663344368
228,training,0.07583905752907644,8.631594006888342,0.12817594320326953,-0.15639899746783975
229,training,0.07093556006630534,8.676514370577136,0.12106921002309032,-0.15062408342242078
230,training,0.06335160246460168,8.70783292776738,0.11570460306796206,-0.1448697787952854
231,training,0.059344582323783875,8.753078920376305,0.10981552093256267,-0.11780555351940492
232,training,0.054353618118591684,8.789580433449867,0.10635598950766997,-0.10382387581577221
236,training,0.05039258117696619,8.93393451867474,0.10209925536662443,-0.00536707395862831
240,training,0.052937643185899455,9.150623388329434,0.10713687593115803,0.008306921275023312
280,training,0.02451713818736259,10.753581306228638,0.06464836397813885,0.06384130634296771
281,training,0.024753772381667958,10.793593124643504,0.06537318010696022,0.031589609768045465
282,training,0.023392984985113847,10.83529090214957,0.06502610641172579,0.013817403261370277
283,training,0.026029533444594664,10.872027930575587,0.06555500114586024,0.01587385994362607
284,training,0.022203472453607504,10.921887582996114,0.06646615103079727,0.014073786952045513
285,training,0.022375758351106292,10.951476433455047,0.06751851739456394,0.030276880725611802
286,training,0.0205296588486998,10.986938823140168,0.06798825732933797,0.04233665763031761
287,training,0.021898634134268662,11.02413292316009,0.06911140768490444,0.05831514510275677
320,training,0.1861021372607928,12.260177306403655,0.34597514762437054,0.943016180122494
323,training,0.13689256053528823,12.341952116659773,0.48595335676761386,1.0177633647280617
334,training,0.014760358700331792,12.60385519517226,0.9031707009515676,0.9619230230118111
337,training,0.011962968346968854,12.62519513525339,0.9350281747230997,0.9722241278985975
347,training,0.021136633124546,12.820384004716091,1.2484128253334885,1.1027539134655013
350,training,0.08740515687571715,12.886674472597893,1.3755115383932177,1.0618796766580048
388,training,0.20258499249771209,13.604620286415885,2.9988825595104873,1.829684510341328
407,training,0.18580906807389924,13.366559061182322,3.8069010128660965,1.5732432110002932
410,training,0.17533301716756372,13.378139821139687,3.9045817665125244,1.391134422725032
411,training,0.17069981536734144,13.382951111130495,3.9260653211126244,1.3565344147286231
414,training,0.14855404102091044,13.4031291171333,4.007002713900477,1.3127888400832468
417,training,0.12319088110857683,13.4309167348328,4.1090912355104106,1.316031613107798
418,training,0.11314654196493544,13.439715320465865,4.142344888804899,1.3250506003033569
422,training,0.07913037532490047,13.471255765245006,4.280742766831669,1.3852840197383134
424,training,0.057560770611727735,13.492977662050965,4.398315779183604,1.418326548298531
425,training,0.050883021822459996,13.498553781637407,4.436859861757249,1.4370857188496189
428,training,0.03567416494279481,13.514810076592873,4.571526228091587,1.471091943488653
429,training,0.030033546873036242,13.517973558513848,4.6089352340537335,1.4813356291162345
430,training,0.027499998224301714,13.52121662274793,4.651190704309189,1.4948961588790446
435,training,0.008802276324918305,13.541781943279469,4.866969432258825,1.4507594340508303
437,training,0.010103344777985426,13.554140243546566,4.9617472652851635,1.4487977677573116
444,training,0.010485610300158927,13.578231285312865,5.216382950999414,1.5085407412367635
449,training,0.03491045075485872,13.596791444048177,5.441749136936576,1.5075128795566162
450,training,0.03971836162694277,13.600835616982843,5.485631540369645,1.5076540603273778
452,training,0.048085963983466436,13.606195572254387,5.570888468518309,1.5388679098714784
483,training,0.09546543182321739,13.415471656086828,6.7884911025716015,1.448767530734723
484,training,0.08818630100834807,13.420221545762582,6.821642131032741,1.434583676873824
485,training,0.0793596656779219,13.426616145749325,6.865958241048859,1.4383172295502213
488,training,0.054407591820841976,13.442143769058143,6.984678342207402,1.4658569698457742
492,training,0.00783242023655019,13.454656678502397,7.162569017814968,1.5610265979769173
522,training,0.03308883662495612,13.279357625939499,8.361335820507291,1.5683979252141367
523,training,0.031358332750395325,13.276618342329927,8.36815217420489,1.6260543602974968
543,training,0.020068037783166875,12.831332365666274,9.27438997627903,2.3485969583978323
544,training,0.02544882710722175,12.79317288476874,9.311907776999517,2.3412227625447777
548,training,0.027828887533570074,12.63890120027898,9.465319894826578,2.354869494113054
549,training,0.027132138072346716,12.614329303073365,9.490689565326887,2.3508515736356603
584,training,0.15769744279224818,11.475260366055807,10.093714830953113,-3.014047411234779
612,training,0.1097442781377109,10.233229997884973,9.93408473219608,3.0763582806780807
615,training,0.09098530092395872,10.113422874840108,9.951352581372605,3.0139601483634824
616,training,0.08296921349628385,10.068400821036699,9.958716227571399,2.9921068931155457
617,training,0.07685408567170628,10.037214987940006,9.964326027367074,2.9978263623171064
620,training,0.055112033833235055,9.919996324762385,9.984443974096036,2.994876353970912
622,training,0.03987873116050883,9.827362285899888,10.000232895937827,2.996492010069176
624,training,0.029882651266183505,9.780157291378378,10.007437864137048,3.0131186546838227
625,training,0.025347837825715383,9.749689800653067,10.01160137899555,3.0318587190235484
626,training,0.01854840985000715,9.703474990640588,10.017716566465456,3.0347527305552027
627,training,0.011352100183581439,9.650942011928885,10.024282903248551,3.0430057441111433
643,training,0.013131209174131853,8.956375841330333,10.116248223251937,3.0799253930305586
647,training,0.02632333762934377,8.7719284402551,10.130317298993988,-3.138322420217805
648,training,0.033959053199659826,8.728753741537679,10.132095601280382,-3.1208778620337534
649,training,0.03354347592406327,8.71031286536247,10.131090636019197,-3.098900742736992
664,training,0.014054722311790705,8.096857910874796,10.118875507085802,-3.1312150804106365
665,training,0.009218184607333266,8.043614832844929,10.119743497277037,-3.1099040205840844
666,training,0.008721751939874548,7.9957616172493164,10.120101971531422,-3.096609524994832
667,training,0.010573684972214413,7.953161729371926,10.11922585006172,-3.0900771497197117
671,training,0.008164758060964474,7.755375278867239,10.10965558723783,-3.074856064362367
677,training,0.014914970902585433,7.531186585265179,10.108569137338517,3.1126117042924917
679,training,0.028150770647120193,7.417670546468231,10.115553980194838,3.0969058641391283
681,training,0.0394648856983925,7.32805957462764,10.120258041433045,3.1065162384899425
682,training,0.04304620041542059,7.2957117878918245,10.121511357511578,3.1240152363718328
683,training,0.04727854305789149,7.2528358438283504,10.122882676307341,3.13747978160005
684,training,0.050194469114305806,7.215792002897324,10.123586772840842,-3.1217110806213246
685,training,0.054494706405336504,7.17449759841395,10.123820946979068,-3.111741136306795
688,training,0.05769831009636287,7.0611926509379686,10.119406488124687,-3.0572918558248743
689,training,0.057934301916565005,7.035150832763453,10.117566139977896,-3.0488059032655306
692,training,0.05863731710728368,6.922368555220445,10.108102573261387,-3.035265079157292
694,training,0.0139318013766511,6.851002149135749,10.101079780456661,-3.038698158024881
695,training,0.024469356526633027,6.824647416673927,10.09935869120292,-3.0481313275107778
696,training,0.01722376195100953,6.768501735295848,10.095421613872498,-3.061663778340121
698,training,0.016780155717213887,6.686315956447898,10.091357388340697,-3.0836252754994375
699,training,0.010273923238212898,6.632289108084995,10.089507298118102,-3.093252717760388
700,training,0.0011953552170846317,6.601645452494251,10.088546652408583,-3.1048495004494954
702,training,0.004785627002425403,6.507327206020814,10.086707920012225,-3.1127095407630763
703,training,0.01320015427957321,6.465828354736935,10.086085290616477,-3.1209819912780654
705,training,0.00547340328264786,6.40653043374187,10.084285831198189,-3.0999948118526457
706,training,0.015091166197456225,6.367117840488302,10.08348842621831,-3.101676897988766
707,training,0.011522411173733194,6.325115732085871,10.083037592689786,-3.088286938248434
709,training,0.0030368009457319533,6.232140019287474,10.080998711935083,-3.0848498446197166
710,training,0.007371804140155889,6.192365818054443,10.079129633262255,-3.0654319214724564
711,training,0.010866501362628112,6.149920808674465,10.07728630343027,-3.0497484429777537
712,training,0.005471433624194592,6.108007629874659,10.074889788421839,-3.0531149487494167
713,training,0.010753622286588493,6.0759571333285765,10.072185017368763,-3.036318083048168
714,training,0.007481779793562852,6.0399963919226884,10.069360606270582,-3.0312939630810556
715,training,0.007017899043082606,5.985176603574011,10.065084731335954,-3.0231997897162435
717,training,0.01563749350125846,5.848910243800004,10.054058999052014,-3.029445447605003
719,training,0.01636516288743136,5.773257793044823,10.04688928508815,-3.0299163492942753
720,training,0.014276897202154894,5.720217955142591,10.042287540931419,-3.027917985930492
721,training,0.013383050133515189,5.689360572900462,10.039702330527456,-3.0244964175272653
724,training,0.013919826002844327,5.584235169582248,10.028121585922781,-3.004552783071123
727,training,0.01639358149563523,5.474068134111627,10.014866665139259,-2.9888649079764833
762,training,0.11785033322796808,3.982930814408081,9.74438328297087,3.1171242605189997
766,training,0.08777077151111203,3.801386080974874,9.754887229872764,3.0333546977223933
767,training,0.07867985415713404,3.7607816847621267,9.759364416604871,3.0259154156949535
768,training,0.06638318421055638,3.7064938287392253,9.765316640320673,3.036766682152834
769,training,0.06061122805122603,3.6760021992188467,9.767668650307787,3.04973203567226
770,training,0.05712419007014993,3.6538892535118954,9.768490550777086,3.069213117155766
804,training,0.02413026553119438,2.2184612131392702,9.630057774884703,-3.0249743613132147
811,training,0.05778741815277287,1.9183076461995092,9.598978047157157,-3.0036845557730647
812,training,0.0637446073796191,1.8776606704621361,9.593201033592047,-2.9846941773557045
813,training,0.07381380002791271,1.8205333440148985,9.584950683675212,-2.9771337876394117
814,training,0.08422799793704562,1.7680532936135471,9.576240146544292,-2.952655904102069
816,training,0.10233611435940052,1.666845238946747,9.55904039662277,-2.9478269806142294
845,training,0.08039363738631938,0.6773165982532353,9.128180705860931,-2.0608549860098
850,training,0.03395714585304718,0.5871183387596521,8.953455937858779,-1.9773442948134659
851,training,0.02296123905084176,0.5742153139169986,8.922761206383528,-1.955960013731998
852,training,0.011516561762035646,0.5593516667288251,8.887525205091185,-1.9470394578429047
853,training,0.0153287789170451,0.544078958652879,8.850901113762001,-1.9252719463727725
855,training,0.032981047629093076,0.5198365961597385,8.788008526804088,-1.8871737658532979
884,training,0.03490467123439682,0.5199144338683241,7.5078761594815155,-1.879222578186258
885,training,0.05805596577469871,0.5057364231360352,7.46217998158692,-1.887338978439497
886,training,0.044863903033430796,0.49308084226227744,7.418518963255338,-1.8489507301736947
887,training,0.030842865208460437,0.4823422825479584,7.379390040379735,-1.814581985975445
888,training,0.022347175765634403,0.4744992396917951,7.34371422486672,-1.7807678510413385
919,training,0.09915373562535476,0.5500693956899342,5.808860669765315,-1.7425070673375032
927,training,0.050842547977057576,0.5017178614836029,5.552173256946028,-1.7286530324287719
932,training,0.0249655526220639,0.47758856891896007,5.3532223763110265,-1.616059654354823
937,training,0.029824612467589186,0.4820240066432998,5.1049368558307915,-1.542067090413047
943,training,0.01898942135849279,0.4961753562317788,4.829203471182148,-1.5127236403071977
945,training,0.011963003241156258,0.5056717662918341,4.7271262070230495,-1.489647447346033
946,training,0.008510361514677281,0.5096350508708611,4.682572138443772,-1.4815602318251484
947,training,0.011493949398669427,0.5122662708835183,4.649288654079063,-1.4955459228951036
948,training,0.009248280339023501,0.5159388297886142,4.609112133813146,-1.486576876680797
949,training,0.01438370729960782,0.5191681499188637,4.572182770309556,-1.4931779984347426
950,training,0.01667046215614224,0.5229279964423532,4.520391222484526,-1.5111222805053963
952,training,0.01360426991333681,0.5259615983266527,4.437776347435462,-1.5420970680618429
957,training,0.015165884253771801,0.5258543221214196,4.292021207717145,-1.5695818248281779
959,training,0.01395634910362864,0.5264598623121141,4.2012608590779985,-1.5587461819484083
962,training,0.021005582606316433,0.5310892827756626,4.077469334362798,-1.5364936643581253
994,training,0.038500323748837696,0.6381471730960557,2.773008968553361,-1.6488733622834197
996,training,0.03209523153762895,0.6314843650369171,2.6933020348687284,-1.6485647734231441
997,training,0.03430991418798148,0.6299604237257648,2.6673212505285293,-1.646605274710326
999,training,0.024527961905943547,0.6251669065422534,2.5884274771674005,-1.6528471157318323
1000,training,0.02976365840128538,0.6232033573600645,2.5666210737828825,-1.6591125632386032
1001,training,0.022209317692729314,0.6207872145740994,2.5252562606041993,-1.6563363550061232
1002,training,0.014793251297498913,0.6163867193024375,2.482416851636159,-1.6634867456364293
1003,training,0.01025618155191755,0.6130663319915178,2.4379510352895615,-1.6492417965073223
1004,training,0.04356386764352311,0.609864643918097,2.3842510134303945,-1.6416256209184505
1005,training,0.04332794969379503,0.6092704238252988,2.3553279673581993,-1.625725974630521
1007,training,0.031209674170310436,0.6066398487123035,2.278382189828287,-1.618700947081032
1008,training,0.026307792357887282,0.604495559554395,2.2325924168809888,-1.6234925690678734
1010,training,0.025995499583566693,0.5994433804112035,2.1513339592020255,-1.6286686380616024
1012,training,0.02543388193854826,0.5957307793198457,2.088218644475396,-1.624883771015636
1013,training,0.024109357155850608,0.5931253522739428,2.0339398514925398,-1.6084657717982982
1016,training,0.023036792144513873,0.590549090336311,1.9227927867791421,-1.6011626542669573
1019,training,0.021692270038155593,0.5901253903695965,1.804112082626625,-1.5658527943924596
1040,training,0.21523707526441638,0.8651684880219038,1.0041276472019385,-1.2086206348795274
1041,training,0.2030886482440472,0.8759880015778606,0.9721932902608985,-1.2306273778535686
1042,training,0.19257018532934364,0.8854690523990971,0.944036698048896,-1.2374197824611308
1043,training,0.026998406169100358,0.8951905137842222,0.9148924219573121,-1.2521788583739657
1081,training,0.16540061648934581,1.6682491741890129,-0.19310162239475787,0.0528000875504719
1087,training,0.10008355971398226,1.827282024738815,-0.14635918133792225,0.18741353537260616
1090,training,0.08462642212206813,1.9277512928517424,-0.1316179157795518,0.15231211502698286
1091,training,0.07968366719393577,1.9553414227696602,-0.12792804599594954,0.1596419832765431
1092,training,0.0743539058045662,1.9977412666456753,-0.12215933937640655,0.14942140531754086
1093,training,0.00920322452408009,2.0372752786349833,-0.11702269337353681,0.14322235321599072
1094,training,0.0035092146740476732,2.0731665080819077,-0.11318790088427384,0.12192480022432604
1095,training,0.007862829469010572,2.1244820860493414,-0.10763352162793302,0.11517324945313274
1096,training,0.010028871497822611,2.174275805915842,-0.10345646920982136,0.10121603251408372
1097,training,0.010083100579024132,2.2309055704799934,-0.09916295746727025,0.08264512782072066
1100,training,0.009792538042631393,2.3638650170174165,-0.09109234033151384,0.06437972093137592
1105,training,0.006708564017315178,2.603801667160663,-0.07859976190547344,0.0807696232276765
1106,training,0.008822539314149494,2.6545739233672694,-0.0760326728144823,0.07077063816183926
1107,training,0.00913845585661876,2.7041204699869534,-0.07368859968636993,0.06908068616806139
1108,training,0.006799126408764134,2.7396414591003997,-0.07170992319514463,0.0675253967671118
1109,training,0.0035649369591392813,2.7865956344284055,-0.06906771161323047,0.06769993289063458
1110,training,0.003551952979940373,2.8409438694449793,-0.06667457771235534,0.05362389698034881
1113,training,0.010725679099229906,2.9780914881032925,-0.06274191345911649,0.03972114894273902
1114,training,0.00652048184616472,3.02485414344033,-0.06153742019377469,0.03390878775198315
1115,training,0.00572892445093876,3.0571602727106235,-0.061049371172519754,0.0192480609733185
1119,training,0.009338134724093504,3.192201842242552,-0.06443660803525424,-0.026488241250901982
1121,training,0.0020067604996247858,3.2841733660454646,-0.06748434112978216,-0.05019395085457529
1122,training,0.004812942532673049,3.3303771097412773,-0.06974355688298511,-0.06346260646677372
1123,training,0.006457730861868336,3.3648512067404552,-0.07251575730354783,-0.06640692031868191
1124,training,0.008933859687032343,3.3935234992256658,-0.07486490589447489,-0.0641058158316129
1125,training,0.016014852004182473,3.426924099257417,-0.07730068917255471,-0.057737160788762495
1143,training,0.01043854405954946,4.068665250752959,-0.11434110713124908,-0.0023688059697437357
1144,training,0.010862526351159293,4.111643387725588,-0.1150132328545265,0.016177778053586767
1145,training,0.018246739843454107,4.13960547174953,-0.11464927853263505,0.03226394640316649
1146,training,0.019542202202752317,4.17853071718162,-0.11236808278819269,0.06367567835487162
1147,training,0.0353398512209603,4.233010953660562,-0.10969290433944696,0.08664071451299758
1148,training,0.051726674196502426,4.314313212453861,-0.10634744666255479,0.10109773647969797
1149,training,0.05436442277679097,4.351857598341158,-0.10341048878329154,0.10801035959458426
1150,training,0.05530064946788251,4.39809728156792,-0.09925496841774867,0.1245076271995101
1151,training,0.054338035313596045,4.457880191447431,-0.09415076479494724,0.11091944433593741
1152,training,0.05289099114888333,4.506387481502818,-0.09079164334648843,0.1146639033411786
1153,training,0.049330561248493936,4.5566621721754235,-0.08669619194553593,0.10692680427752833
1154,training,0.044330296181873764,4.627512433828229,-0.08083974058083132,0.10254107544846135
1155,training,0.041772666786261174,4.705984082466903,-0.07546620871441227,0.09079113086803284
1156,training,0.03758264497912686,4.747576552542155,-0.07279619090559492,0.0769402754919854
1157,training,0.0354423051148838,4.806759730729841,-0.06922424947295477,0.07936147863822558
1158,training,0.03198636153470185,4.865847957677858,-0.06570483814611207,0.06418454777127411
1160,training,0.02836439597714201,4.95754614394988,-0.061387581331646034,0.05205545568443869
1161,training,0.028969665734416086,4.985704922464704,-0.060558396354438646,0.04188887243821913
1162,training,0.025815809594642088,5.023002480950915,-0.05959257962543789,0.023692331116919017
1164,training,0.026415777883274864,5.10912609188529,-0.05805938843820561,0.004885874965712823
1166,training,0.0254560440009495,5.2064879743397166,-0.0589779114923502,-0.010240132670316518
1168,training,0.02864043884964092,5.259502558504928,-0.05998658554343432,-0.015128538704520852
1169,training,0.02712200329526488,5.296363635259136,-0.06016396861556837,-0.009405386816480964
1170,training,0.02782465802006622,5.345447012044945,-0.060690643880649625,-0.003803383267287756
1173,training,0.027329685552361236,5.463086628449517,-0.05794472098882414,0.03929066697610494
1174,training,0.02370975868041764,5.496609667091006,-0.056511404573612,0.05164282445915946
1175,training,0.024113798582127904,5.540403095172673,-0.05534606294409686,0.047594227296491806
1176,training,0.02130192618351971,5.594741337102494,-0.053623570949616804,0.04503523215310125
1180,training,0.018035910445680942,5.813145244682154,-0.046960641678754855,0.026057005275801227
1181,training,0.013657265803421161,5.899252285384887,-0.04635697513408552,-0.011491618133879064
1182,training,0.016934389211273364,5.984802150392733,-0.04582184619600702,-0.015673716991973882
1202,training,0.10422495826581621,6.981926004685234,-0.09105910684752164,0.052209750900654404
1203,training,0.10736691231362924,7.0668175033769325,-0.08973685640297085,0.053848464877094965
1206,training,0.10506174776751373,7.268880458483713,-0.08031621580426739,0.10334804030006278
1248,training,0.01642491650283569,8.994933475463265,-0.03209543382167003,-0.011474660862970507
1250,training,0.03280208248971349,9.060165219901924,-0.03129401454354101,0.04334689876732838
1251,training,0.0358877917465411,9.098192868253374,-0.029083946260982287,0.07831411890060477
1263,training,0.0874980296615014,9.601017588509457,-0.024405690335543906,-0.06474594947908402
1264,training,0.09061312368899327,9.652921830811724,-0.026961014320439246,0.004262405681798192
1266,training,0.08992517646696686,9.72957247769628,-0.024468348822063106,0.0780464336685839
1271,training,0.06706399210484736,9.956853454928625,0.0008206260682577362,0.11807395916403447
1274,training,0.05529759554123432,10.083718011399291,0.012877876018544985,0.09779156383450885
1275,training,0.050750251979863964,10.122130844860878,0.01649562906227856,0.09592272439973289
1276,training,0.04782216465155964,10.150572116866723,0.019488417171438066,0.09104926602302917
1277,training,0.044044056004342996,10.186523054830118,0.022480861353927503,0.08617131572839726
1278,training,0.04140587006793791,10.235681453084542,0.0273857397448116,0.09830906755012221
1279,training,0.037651336264480716,10.27343898318954,0.030777752475054376,0.0957374577713074
1308,training,0.16968036880180049,11.429769473178219,0.296938469791365,0.08434334964973843
1318,training,0.10731973746675587,11.822058612459054,0.3751793509312219,0.3344929399603363
1319,training,0.09505633757590022,11.866174676609448,0.39074167274840454,0.368078366969343
1322,training,0.06907763383230034,11.971080772810534,0.4351434323703504,0.448144040572224
1323,training,0.059923538679536606,12.018369903300089,0.4589752948785211,0.48114321798084614
1324,training,0.051762873019927,12.05665889558059,0.4803963328573666,0.5043464986424786
1325,training,0.044435328729856144,12.09460790629996,0.5036823157592919,0.5307582063206745
1326,training,0.04200166920976594,12.11076881660699,0.5143268535529146,0.5532316590415453
1330,training,0.029643302183266405,12.228621321406962,0.59329936273734,0.6581566968957615
1336,training,0.030012302436542408,12.392511147488069,0.7451962270432103,0.8396142701158259
1349,training,0.01254033920201274,12.74593254837183,1.1426258590513456,0.8283045001377897
1368,training,0.19234039005210815,13.302884135891915,1.7296801254020102,1.1505224082003171
1369,training,0.1953771604403949,13.326039702449973,1.7853893123395352,1.2249226971400375
1372,training,0.1815091226200713,13.377279570917091,1.9600720653752026,1.3660149885773343
1380,training,0.033522087431871045,13.44706924277407,2.3868471286452015,1.4459908924598583
1386,training,0.043026185702555675,13.45151098803263,2.6406716530899508,1.6775648872312265
1392,training,0.008828696088995404,13.4153786967167,2.95322042895661,1.7097981364827681
1393,training,0.006873016248391945,13.409792159753048,2.998304115114733,1.7104012021690436
1394,training,0.012333998921807875,13.404616181016088,3.0419146222007516,1.7091469607567673
1395,training,0.008322412454428987,13.397802909109846,3.1025345356629384,1.684933331085075
1396,training,0.013167154485868117,13.396309657528919,3.1204031253132825,1.67243309974314
1397,training,0.015601825239837712,13.39205223732103,3.173784939351786,1.6463687823962292
1402,training,0.02273760036669955,13.381955869959508,3.358756851412698,1.622246793462525
1412,training,0.04686010795241464,13.356155272223475,3.785558248116959,1.633741836405415
1413,training,0.05047051343481942,13.354087869951876,3.82778719754988,1.6290827041642775
1414,training,0.05013904547055138,13.353318095113524,3.858311852787046,1.6111870263547883
1417,training,0.04885930884531627,13.354302115807052,4.004865948512148,1.513221591262436
1422,training,0.027313513809440297,13.378328377850806,4.166449951997509,1.3814492667767129
1434,training,0.039476368974128394,13.441657791432908,4.648719418513472,1.4812252132788128
1436,training,0.04959066529049279,13.451218805475463,4.739543735848782,1.484434581159043
1437,training,0.05216150077692518,13.453883318893803,4.770444035958422,1.4916411977084856
1438,training,0.05484458150529764,13.45779225811678,4.81919477402798,1.5371961528556668
1448,training,0.006647922465887769,13.45836873572773,5.201672552538062,1.649277096087259
1449,training,0.004706122234387951,13.455018268131411,5.251818307376407,1.6469126486652976
1454,training,0.01317645077492263,13.441238662111006,5.462361809072632,1.5878265733538648
1455,training,0.011253281834173661,13.441551213909099,5.507108094806687,1.5581752571136145
1464,training,0.00986306539949036,13.44672282065584,5.864863577892839,1.6739220046323258
1465,training,0.008813604809850571,13.441852767521205,5.921182349103297,1.6848236579561107
1468,training,0.022583125037122932,13.428922785707782,6.049402268863368,1.6623941983415629
1469,training,0.027133899463400543,13.424064016587158,6.103275012654306,1.6644415852056222
1470,training,0.030636761221742716,13.421311480985086,6.14202290959995,1.6460445754354955
1472,training,0.03188517846917672,13.416951937188987,6.2421079415370055,1.6068659315809624
1477,training,0.02957294842651475,13.418400468013067,6.435395837670213,1.4939106670385842
1478,training,0.026128689029712653,13.42115790990332,6.4792664685769585,1.467686141394189
1479,training,0.024636142271127943,13.424766486128856,6.516888005900839,1.4626725684554935
1480,training,0.01937205800474013,13.427593686202728,6.551869187532283,1.4557202372552105
1481,training,0.01817438035006918,13.430723350729348,6.590721555632293,1.4621340657501056
1482,training,0.011820509040970694,13.434563794020578,6.627162097985886,1.4610988243675154
1483,training,0.008635566608577188,13.438183415967352,6.660969573111707,1.4735282164853216
1484,training,0.009781571135351462,13.441908686445613,6.696862624373405,1.481411041771798
1488,training,0.015089946946306063,13.456668224654978,6.876018789504691,1.5293322047825435
1489,training,0.014875800964619438,13.456124826253774,6.901155365179861,1.53836032132066
1493,training,0.011040833481163324,13.462118105352838,7.0481202612162885,1.5508928320626492
1494,training,0.008137206642286118,13.46328332750948,7.08587859089726,1.5490966712942376
1495,training,0.011328951281114566,13.465971366279799,7.129322531584807,1.554058100682073
1496,training,0.014067070347565082,13.468244751001917,7.189978974103764,1.5541468100582523
1497,training,0.018002008723235662,13.469233510352113,7.217589561836651,1.5468491978547472
1498,training,0.016798047129360595,13.470355055875372,7.260041895641623,1.5451111077136859
1499,training,0.020689808224968024,13.471607350391624,7.298175393632857,1.5459780644742929
1510,training,0.03629446887016573,13.478642121035909,7.7653004090887645,1.5555684029770689
1512,training,0.041563764165557716,13.480883527976339,7.84179543300554,1.5933582584327766
1513,training,0.04235547958245001,13.480655712504877,7.88355405327999,1.6030560789958668
1515,training,0.043680433360101696,13.478093606470683,7.950988579570419,1.6402898625398692
1516,training,0.0421696046272742,13.474994250858309,7.990418866847397,1.6603772407076063
1519,training,0.037618027067406974,13.462618306209315,8.135905164917869,1.6756880636287232
1520,training,0.03784359875141804,13.459585513446784,8.177403322095163,1.6711248151974054
1535,training,0.1858205988793765,13.324379169752069,8.834133761944916,2.1631913974500203
1536,training,0.18110342939211035,13.290979669136291,8.877902033419758,2.2259309700421133
1538,training,0.17059875676696065,13.225006145704732,8.959364943625044,2.3120453552840767
1540,training,0.14476730204831315,13.113113279620942,9.082426058102708,2.3711457244824197
1577,training,0.10744797420423437,11.735076420704514,9.77359206837151,2.8402249809046967
1580,training,0.09109503135158414,11.64957866547866,9.802605304110704,2.859710927660329
1587,training,0.07616229039617539,11.422524652061021,9.864395964639742,2.9459804469719466
1590,training,0.04817086767967699,11.307140267612262,9.890197102139819,2.979933855023879
1591,training,0.04061695182324084,11.264549783358335,9.899303492771269,2.986716219220325
1592,training,0.030868301913645858,11.221762486365048,9.907927593263185,3.0110000080377493
1605,training,0.06872791938922124,10.692754708743772,9.970011465927696,3.092184929638703
1614,training,0.11028090434505648,10.158016802122246,10.002733460488052,-3.1345215657214123
1616,training,0.11232072776364811,10.051682706329068,10.003521780143487,-3.06835534206731
1617,training,0.11208302546734894,10.029280307136991,10.002813993003322,-3.0545933902050186
1618,training,0.11091677000978659,10.00109047985078,10.001535005313322,-3.0333216461461414
1624,training,0.08287307979634435,9.71739981484869,9.971604147973387,-2.974896591214325
1625,training,0.0744241426136723,9.646868511205984,9.962302082017152,-2.9895112489189812
1629,training,0.0503569924080478,9.445035867926762,9.940233125307572,-3.0269228784711424
1633,training,0.04183903564449931,9.354275504488426,9.937109631133803,-3.076708899052801
1634,training,0.04002526460174079,9.331410811520932,9.936877448534599,-3.0843222810598117
1635,training,0.03777244150299224,9.29425833561871,9.937065204165105,-3.0992715965854005
1637,training,0.0355623206272532,9.212702269350917,9.939215215502527,-3.1254198009727574
1647,training,0.023014086794138605,8.81662630859576,9.93124911401875,-3.0036120818604
1648,training,0.02261432667434542,8.779317801065973,9.927692272241469,-3.011719952907679
1655,training,0.040782039466415766,8.408483941294655,9.90352271251069,-3.093132282089721
1656,training,0.04118772218589422,8.349635332375978,9.902200330374034,-3.1032764693325996
1658,training,0.012588166760768196,8.258326107584502,9.902786348159928,3.1250085539952823
1659,training,0.009897324384072427,8.241358958837687,9.904096234302484,3.111817227217013
1663,training,0.011087830644841366,8.160133457671524,9.910149480354605,3.1370301818484485
1666,training,0.007001565203744611,8.068146320943695,9.911504551435643,-3.0885296533590543
1667,training,0.012854401463672822,8.011758551320844,9.910220123721302,-3.066281181048766
1670,training,0.0032909719106149126,7.871014506013059,9.902016103214253,-3.02782141821336
1671,training,0.006135151428688276,7.829135266439306,9.898289772193738,-3.0289831605971527
1672,training,0.011000614434353328,7.789840401438091,9.895467739491218,-3.0440938007055967
1673,training,0.0072313953227980884,7.7494335239926935,9.892969128376684,-3.0644278854000535
1674,training,0.008555982034885706,7.6754503611855265,9.890144705555409,-3.0992706229105393
1675,training,0.013019275797711779,7.63933675907185,9.889599317760053,-3.099174902688434
1678,training,0.012318483366388135,7.513358273988573,9.889933944109735,-3.122421504645308
1684,training,0.007865187150086122,7.256719209512885,9.889089398770874,-3.091098887644009
1685,training,0.012644953655117747,7.212124906486134,9.887655623839143,-3.0899167767825086
1687,training,0.011011507534981044,7.1093495706740235,9.885325908645974,-3.086161980893342
1688,training,0.009680415607242787,7.066324533798769,9.88392152619362,-3.076388912726545
1689,training,0.006903387795160393,7.021007476746512,9.882832847056969,-3.073421894912086
1690,training,0.00679628466215475,6.966346015433741,9.881531374860485,-3.081826189417089
1693,training,0.02061548081739999,6.862378011381679,9.880760532350656,-3.0925847847679946
1694,training,0.01582660967162096,6.8233274421764785,9.880357698339761,-3.1042882006732175
1695,training,0.015941307897749273,6.790542999482954,9.880008193642778,-3.1050161818876387
1696,training,0.014366480958091279,6.776510673467944,9.879471289088594,-3.0916181500433835
1697,training,0.01643402436145292,6.725466100014946,9.878659954473143,-3.1038380920658146
1698,training,0.014948022470443599,6.677479678252697,9.878621883440468,-3.0995370171963974
1699,training,0.015290472054868954,6.638595747783844,9.878088720369615,-3.1029630825651164
1700,training,0.014173795011866342,6.578236117914504,9.87757287621748,-3.1135359700901835
1701,training,0.009995631330668518,6.554065768330024,9.87768882713057,-3.116381728008748
1702,training,0.008373894003159105,6.525421509717229,9.877539372270466,-3.10515312100408
1704,training,0.008204545915930716,6.453712986564884,9.877257563624145,-3.112411356420403
1705,training,0.009403047258428552,6.406598825081683,9.876948779296326,-3.109380056645692
1706,training,0.006192307868282092,6.351868318832627,9.877107441682195,-3.1253922340548614
1707,training,0.005055652613402692,6.300649998002002,9.876778536043345,-3.1223780252671576
1710,training,0.005176358219688369,6.173392397253182,9.877698814365052,-3.128916407845589
1711,training,0.006614041284261978,6.122303788669885,9.879033154458352,3.1333880109573826
1712,training,0.012252781189773654,6.084007716895307,9.880449156346266,3.1325418313934392
1714,training,0.012966836002107622,6.016784715999581,9.883265303839199,3.125539427076934
1716,training,0.014600556901609805,5.926871971433019,9.886840713931143,3.136096262703138
1721,training,0.01142125220698501,5.754185229367591,9.881424149118997,-3.028157266665067
1723,training,0.010063120226753444,5.646777816266009,9.871224771000332,-3.00190256903271
1724,training,0.010274121063008965,5.589933477353005,9.865128551906192,-3.014353221976346
1727,training,0.01472908759378993,5.451609808019023,9.851697586840869,-3.0306864015623574
1728,training,0.018498560495264806,5.396497936136804,9.848099958178594,-3.055750287474712
1729,training,0.022352778062311028,5.336178704605709,9.8443202345815,-3.0687274884483124
1730,training,0.020954024107571977,5.304199362466845,9.842311083670834,-3.0684839505700032
1731,training,0.0249846143234213,5.262624943657369,9.84008984937345,-3.0854734553948275
1732,training,0.02263964124159491,5.229465686333241,9.838559809913312,-3.0892933575830255
1733,training,0.023135372509355403,5.193704747139895,9.837528527507436,-3.1069338618403655
1734,training,0.02474947050329099,5.161364694867474,9.836601506237612,-3.1058133160652908
1735,training,0.02132528087607261,5.124820000412584,9.836217540864817,-3.1200098388525666
1736,training,0.023062021014583437,5.086348255468418,9.835977072918242,-3.1297336892160037
1737,training,0.018624378805948565,5.033232500505102,9.837090445765368,-3.141585336240492
1738,training,0.016524401022934152,4.983560406254487,9.838131964499768,3.1295644543528978
1742,training,0.010583062312022643,4.742788752747465,9.849601628797014,3.0861943488609023
1743,training,0.021216439903271263,4.719543973297347,9.851993328944772,3.0988290179299467
1744,training,0.013018022511629255,4.710517483064663,9.852781776340242,3.1061953493722587
1745,training,0.004351120733240545,4.699938691920932,9.853301121895033,3.1181909220739397
1746,training,0.0037142560317451933,4.677046583241454,9.854125455308981,3.120556344891936
1748,training,0.0076769177665971565,4.5625097282547795,9.858483295254748,3.13193477375591
1749,training,0.013609231738941947,4.499533849312535,9.862347094816522,3.1293027076863997
1751,training,0.01913358487658234,4.426109618980202,9.86524092641154,3.134964835562414
1752,training,0.022127899769765477,4.3717128610178815,9.866611239272482,-3.133606984075795
1754,training,0.024624166269219948,4.31641745437785,9.866334182630977,-3.1139434691590666
1773,training,0.012655386612946306,3.5179606778814283,9.892919893547274,3.1240088876609238
1774,training,0.01124710639148293,3.480833751006425,9.893195322169884,-3.1399764027530512
1775,training,0.010961814184213334,3.432404726170959,9.893509962629912,3.1406809310671853
1776,training,0.014038277597476603,3.393529973674246,9.8931982054587,-3.12928377987522
1777,training,0.01243541740331217,3.3756175194459623,9.893129354536134,-3.119931179409408
1778,training,0.006590432052295087,3.3342564104279493,9.893680574417614,-3.1152964564216514
1779,training,0.003445776552846249,3.286714209010575,9.893395949227452,-3.108085899099366
1780,training,0.005218282626092236,3.2345579795948303,9.89268058574819,-3.0970905050272948
1781,training,0.009728824311041386,3.204990079472841,9.892181384522925,-3.1059256523603485
1782,training,0.004387271118590494,3.1608189298920464,9.890573372420642,-3.0910261841717155
1783,training,0.008159488278920806,3.12236462740124,9.888871048939784,-3.0966852170417485
1784,training,0.005236434091538903,3.0626594569405245,9.887146751151775,-3.0993258630706
1785,training,0.006649834792296494,3.014122318553603,9.885549070127881,-3.0937344663696176
1786,training,0.01123881622625864,2.958747567196361,9.884403850481801,-3.0907018973183593
1787,training,0.013837302991357516,2.9225185801767286,9.8828279088411,-3.0795252608842025
1789,training,0.014959115944343931,2.8286605560591447,9.878565302101368,-3.0671246806048913
1790,training,0.01788669553334849,2.788608510090369,9.874882791338164,-3.0522069114381054
1793,training,0.009930027088497422,2.6458912755031045,9.865570438488733,-3.0389025217021617
1796,training,0.0010922813530646993,2.5124756767844687,9.857515233691585,-3.0679944594357185
1821,training,0.08774056069197887,1.4156461987822255,9.772856519226682,-2.7276836369662836
1822,training,0.08200734165602598,1.3522883734904707,9.745166395481451,-2.68399223950513
1823,training,0.07087721042347574,1.3247132964033181,9.732525034988932,-2.6757198665309945
1824,training,0.04701635094881962,1.2663346203576502,9.703622732660792,-2.6484607816286996
1825,training,0.02526378207264575,1.2234858724650095,9.680727037961246,-2.6264032925642464
1826,training,0.01254766387968126,1.1839367949445367,9.658031173174361,-2.586882583736642
1833,training,0.0173045607364924,0.9189328392366805,9.469979354628569,-2.4094569732397733
1834,training,0.022027305086148093,0.8742905691400835,9.430205237495015,-2.3539579744076127
1835,training,0.02825047053620025,0.8475117080854189,9.404673722025532,-2.3151071209670335
1837,training,0.042039479303383795,0.7989356274004379,9.34840450969556,-2.2341847940908695
1838,training,0.04847510667927314,0.7820211361069518,9.325171910637907,-2.2001403648472833
1842,training,0.08915297200140596,0.7104152340638829,9.207857233098983,-2.0296238166409255
1845,training,0.09730446130655265,0.6686258425616938,9.106932794418734,-1.9009792609415628
1846,training,0.09814570230998045,0.660380359404385,9.079908828724804,-1.8698896411127837
1847,training,0.09324336585021435,0.6522155724254832,9.052413749040433,-1.868284525522489
1849,training,0.0861605000743708,0.6441635625686661,9.003413368148527,-1.8589145478881794
1850,training,0.08211152343075982,0.6373234708207345,8.976137991771322,-1.8706661708040737
1851,training,0.07428664974201593,0.6294795189289509,8.953609055862021,-1.872931526073225
1854,training,0.05877493957925586,0.6109673005020319,8.895209025038463,-1.8465945330180347
1855,training,0.05297237506355544,0.6047177365471739,8.874813194980307,-1.8482017891130427
1857,training,0.03815654784642824,0.5827292830685822,8.799046725542114,-1.8265951252025472
1858,training,0.028455885881196054,0.5736837692193653,8.7689597828443,-1.8296543324410335
1863,training,0.04020743010020537,0.5117474485366708,8.54910329752741,-1.813249354963115
1890,training,0.08978464322782753,0.3663069545595878,7.86233571882803,-1.67574145957205
1893,training,0.014207545025600236,0.3579267488214151,7.750683930415226,-1.6332277119334726
1900,training,0.010139966886110796,0.3586591796668344,7.545989520174775,-1.567115102827334
1905,training,0.00972237602833642,0.35681431992165935,7.3677049250946345,-1.5499635505250777
1907,training,0.009914399804381774,0.35853568240552874,7.285339776478893,-1.5375487256820417
1909,training,0.001198796734255119,0.3600338693241676,7.200316645902783,-1.5458142009136895
1910,training,0.005291320937298324,0.35952084899561304,7.120754780085085,-1.5566532724118682
1911,training,0.0026181403577723683,0.35906178845210535,7.075036524334625,-1.565675271012791
1915,training,0.008789047698104563,0.35674274862332694,6.883510683836374,-1.5688955183786313
1916,training,0.004096531873648323,0.35677652028128554,6.876564075027977,-1.575679680754701
1917,training,0.008016920554997298,0.3570127619361976,6.857158479959472,-1.5525785573058162
1918,training,0.005291168369128938,0.3582507602801852,6.824004217743995,-1.5405191621365737
1919,training,0.005466270180666258,0.3584482664864328,6.780168021313961,-1.5424318852246908
1921,training,0.0005307655900828266,0.35976700582953547,6.676355504899823,-1.5425867280337233
1922,training,0.004241620071761004,0.3599136331086336,6.629326660380722,-1.550835379750651
1923,training,0.011229720059944718,0.36123180169616664,6.578875141592177,-1.5470505983058154
1924,training,0.004818149281724069,0.36190928681086293,6.549454909402209,-1.563886172426592
1925,training,0.00785442370623395,0.3626114315529295,6.497000382604188,-1.5653425961904943
1927,training,0.011184200134376002,0.36289429668831247,6.423599997780689,-1.5528096632287085
1929,training,0.015280792699226107,0.3632089629053575,6.349733090453104,-1.5446384007060694
1931,training,0.02034043250878597,0.3633184616668454,6.280859033227745,-1.5488404772782156
1932,training,0.02216642330635099,0.3639313943394713,6.244142254180732,-1.5411740512814949
1933,training,0.023074701016190247,0.3652283036582121,6.198643357491205,-1.538293252729129
1935,training,0.026278080977158835,0.36909765842309433,6.09643830024534,-1.526595079350095
1936,training,0.028906453839037123,0.3734864296493038,5.9972472836615065,-1.5296675176695844
1937,training,0.03584520509683097,0.376538762894385,5.929150683036033,-1.5275005502613006
1938,training,0.04097898644771009,0.38014142457893213,5.8476627679344,-1.5264015960926716
1939,training,0.043934583236948745,0.38253140363584703,5.79658370288165,-1.5108177017389481
1940,training,0.04717233192160756,0.38398401838233054,5.762771317431284,-1.5201740914048039
1942,training,0.043342187552250756,0.387712095342123,5.692119569034457,-1.5006792804166873
1943,training,0.020331277064617504,0.38923891350768997,5.65106435666199,-1.4999207270231687
1944,training,0.022142250989256148,0.3916314123413759,5.612579199472471,-1.4951812818397432
1947,training,0.023168370866954318,0.39842278097652295,5.518128808083471,-1.4902307243097652
1949,training,0.02383847394789649,0.40367110543996965,5.433284446129605,-1.503457732832598
1950,training,0.02500290832999642,0.4059534521576889,5.388871312949104,-1.5066638092054088
1951,training,0.022498461009863347,0.40811178707475776,5.339341008621339,-1.5050555531230616
1956,training,0.02431144363915917,0.41751399877167017,5.107967433496196,-1.5018125694778919
1959,training,0.025539073046045562,0.42337860018363943,5.00370174337167,-1.5029332508883617
1960,training,0.027255899211635643,0.4252949475019381,4.971082644273577,-1.5022673602581633
1961,training,0.027902745411354877,0.42944141135403874,4.9141633188125144,-1.5018832690341022
1963,training,0.02996071361659751,0.43696237039677976,4.7974169144910235,-1.5159687352911053
1966,training,0.023094992415718274,0.44252103985538344,4.656134595198178,-1.5520331975554358
1968,training,0.018690051546684603,0.4422397998583712,4.557588806351494,-1.5844496616629762
1974,training,0.041017607679777315,0.4333163535151572,4.08314519933228,-1.6884166987585103
1979,training,0.05893193836746501,0.40374956037228493,3.7213046728055197,-1.6505965841193808
1994,training,0.01178364793022141,0.42331416561544366,2.758028827235671,-1.5204588366397556
2009,training,0.0105091755809194,0.4681103090103587,2.1438360876675273,-1.526930007694398
2010,training,0.018071229617908822,0.4703432170766807,2.109481132934041,-1.528390006048778
2011,training,0.015372566000894544,0.47238242790770496,2.066295248678106,-1.5346932063207939
2021,training,0.029306785772295205,0.4841354917469714,1.6927895859416764,-1.5146181851464824
2022,training,0.033291001969802496,0.48739123503234394,1.6478882449807004,-1.4963758717251017
2025,training,0.04275929324788837,0.5012414408749638,1.5223320488811902,-1.426311827990733
2027,training,0.04661656739136236,0.5124298364582044,1.4599159092487681,-1.3785582213121268
2028,training,0.0401442955325042,0.5193550123017404,1.4266236691018603,-1.3615681059052929
2029,training,0.031224242305693872,0.5284483740827836,1.3845983759990463,-1.342328322960901
2059,training,0.12877041041169096,0.9907642165857027,0.2985726200029512,-0.7207204035053661
2060,training,0.1270331549923992,1.0062582278658623,0.2880058536317968,-0.6610757236860243
2063,training,0.0976407950689012,1.0896989324652386,0.2318598262996342,-0.5453061669679103
2065,training,0.07572029057084673,1.1543269896124366,0.1977895085296406,-0.47227694713881857
2089,training,0.08407813389941128,2.0443550428974766,0.02917924645225824,-0.2572915790675569
2090,training,0.07828146646226809,2.0729417196051583,0.022579398628446216,-0.2601712386248876
2091,training,0.07102538501702245,2.0921500645982225,0.01717229370995414,-0.25827820792387085
2093,training,0.03169923873438895,2.1771521167332177,-0.003515429423565975,-0.2062216208310886
2094,training,0.0293200517154005,2.227793578969827,-0.014294231660507521,-0.18179782341766793
2095,training,0.019846037663990502,2.284167691880287,-0.025202308376391962,-0.13497205874859675
2096,training,0.01895158985391098,2.305225816239217,-0.02814366127141835,-0.11779547080519981
2097,training,0.013407874949230554,2.347387783317536,-0.03391080717267343,-0.09695507928800157
2098,training,0.014624236575043258,2.3866187034130553,-0.03858707910293696,-0.07772479131283112
2099,training,0.013225049457461441,2.4092839690110712,-0.04048129155071571,-0.07957192252723312
2100,training,0.013988125446333577,2.431657419779617,-0.04112278644180804,-0.06988178274827324
2101,training,0.007914208971550556,2.467798132147984,-0.04283738660567461,-0.05859470708599499
2102,training,0.012597663577277842,2.5000374562988474,-0.04497492523122749,-0.06713508806886247
2103,training,0.002763601995218209,2.563833729166298,-0.04906431323738744,-0.05622212113767478
2104,training,0.001383754034682925,2.6013096605855752,-0.051327419885435585,-0.05303773226832498
2105,training,0.006952808573017558,2.643613395291351,-0.0541090026023546,-0.043340672980930785
2106,training,0.002422121433092888,2.677745912581522,-0.05552935383442987,-0.02705169066178238
2107,training,0.01070506871696046,2.71498486857135,-0.05725851472138961,-0.03241256870799781
2115,training,0.022352805508983543,3.0509980643045083,-0.08015140316256436,-0.1078475423710953
2116,training,0.025778318034055503,3.0835728937763176,-0.0837045021473428,-0.11347740799581327
2119,training,0.03413884287416125,3.1787627149993614,-0.09371421673477864,-0.08820753439873756
2120,training,0.03814959641410085,3.209820672358969,-0.0968410810631077,-0.07741262102914814
2121,training,0.04114627279075306,3.2471612696266448,-0.10032498874511964,-0.07305164335686819
2122,training,0.04283982751056085,3.2636749291477747,-0.10129565845578324,-0.05669551481442406
2123,training,0.0427650723399166,3.2955208220349106,-0.10176567080275183,-0.032509605860150434
2124,training,0.042067193203468814,3.31860147149122,-0.10118853562002851,-0.02144538167828493
2125,training,0.042305693966103494,3.339858268360399,-0.10130806993704981,-0.005896082848693194
2126,training,0.04126464132132032,3.3669539050470867,-0.1008024216187557,0.005609587244041505
2129,training,0.03958987783109947,3.4735567980698234,-0.09828874271551377,0.04113755207867363
2131,training,0.03628091303162084,3.5586757262743896,-0.09618707136600668,0.0702510803084426
2132,training,0.03390265719427503,3.616438939779393,-0.09432600969251576,0.06584662850147516
2133,training,0.03182755513045753,3.6626557623956932,-0.09197267010080064,0.08689624071550513
2135,training,0.026827370901649283,3.761094444599417,-0.08739305572314608,0.07826097166932752
2136,training,0.02378091937712282,3.8017753138445163,-0.08493443774430953,0.09667911722971793
2139,training,0.01722584960484262,3.9479927003083035,-0.07839336965515352,0.07296373859794819
2143,training,0.014941207636646987,4.071683683982665,-0.07289586573781222,0.02947619848718033
2144,training,0.0068540322904956244,4.100687773976403,-0.07201400690431771,0.01953522833683805
2145,training,0.004724219638816189,4.151110604115635,-0.0713457184570635,0.005761394128407973
2146,training,0.013474387604340119,4.180280196545312,-0.07102111804229626,0.004857169008177456
2147,training,0.012189767636703331,4.195526570232469,-0.07098684767627274,0.0067223641250521516
2149,training,0.009634833422801987,4.1655586558949205,-0.07311004339679833,-0.010223802530347758
2150,training,0.012110285873117195,4.1706107744535785,-0.07356499369742596,-0.009622945467636966
2151,training,0.010980413041908822,4.196755381444415,-0.07335038104771473,0.012033549876833131
2153,training,0.01975139880208541,4.24136652652209,-0.07218035275547928,0.014593949106460221
2154,training,0.022958948890609846,4.27493956221484,-0.07110803035592918,0.02034031527978696
2155,training,0.027830027988490543,4.296263141335219,-0.070452697510545,0.02613703394288446
2156,training,0.029906984265287363,4.3399851127356195,-0.06880920553863115,0.033134791841223636
2157,training,0.032141683241645874,4.369392566922003,-0.06788488503178555,0.042203491774298406
2175,training,0.04608864187736844,5.318727040480023,0.01707576948823198,0.05598876547013864
2176,training,0.05083867219979368,5.392674439279242,0.021848127251509725,0.02120524341147494
2179,training,0.057440774363504296,5.553971239817554,0.027146117190521714,-0.02304997441427316
2190,training,0.038484344299365085,6.091932611744766,0.00834370104696362,0.006938916172334088
2201,training,0.04288055151655641,6.565281694135508,0.031836804114700905,0.10799060169157812
2202,training,0.050929376687912635,6.627183743136262,0.038400711585997775,0.11860385183969835
2203,training,0.045198605566112965,6.675379369911369,0.04262006006961356,0.11347437114753038
2210,training,0.03723010137997247,7.057044345490433,0.06390391457227747,0.021433258055948222
2214,training,0.03438718667692175,7.238352699654343,0.06477663621494466,0.0006419041948863602
2220,training,0.0299011485697095,7.534183273142708,0.0627815026266921,0.01839869179270457
2221,training,0.03008687366360823,7.577250605766611,0.06311475296995855,0.008795036431922237
2222,training,0.03161697326857037,7.624201282595467,0.06356086411293117,0.019871940751284636
2224,training,0.03237764122334581,7.735278736457682,0.06376471524454341,0.01884858586377036
2225,training,0.029679123460748833,7.797366928482138,0.0635092761869847,0.0028538957411406688
2227,training,0.031777004972217936,7.907219114569489,0.06370563165469449,-0.017367219497502886
2240,training,0.04115975561853645,8.619916051470618,0.07722628914521515,0.09837152344741996
2241,training,0.04610504709087629,8.680474502508092,0.08165388354921417,0.1059670871712958
2242,training,0.05072655303833718,8.748341443026495,0.08679663453210713,0.09480706600072678
2252,training,0.04832503790481706,9.210568089013291,0.099264155325978,0.018113156341462256
2259,training,0.02729149959211165,9.513284522081662,0.11118386392383206,0.05868014791297836
2260,training,0.029779032435443848,9.566565062034188,0.11389561116610532,0.04890144571426667
2261,training,0.030686435505006795,9.59284983545213,0.114842684002568,0.048829595845503775
2262,training,0.030872118449258794,9.634189123129481,0.11657691174308538,0.046589585316503375
2267,training,0.034919062827425074,9.839314520205427,0.12155792922537646,0.00828194873658904
2273,training,0.031171943621414046,10.07138972914601,0.11875006169176128,0.0012201016218145032
2274,training,0.033617895238469586,10.098023570027479,0.11908624319448684,-0.002478130520806984
2289,training,0.06040594764115129,10.72345578982509,0.1491182234360426,0.08002309429469036
2303,training,0.08190089630302606,11.31882720735202,0.19913399817235547,0.07782950413952602
2304,training,0.07987833192079921,11.36009426721933,0.20239372480699733,0.06699893655453586
2305,training,0.07920236213756418,11.38952413060292,0.20444275934088932,0.076351074858124
2309,training,0.07307501190632636,11.526512187482373,0.22203123949650186,0.22254790098952243
2322,training,0.004011695352938102,12.032313384763938,0.4091034814572577,0.44258916807817406
2323,training,0.01442465739805567,12.068528758975463,0.4250742604445473,0.46121506779122606
2326,training,0.027371641147276596,12.168515143244305,0.4818157326206813,0.5700945864210698
2327,training,0.03369576991163943,12.204224237317352,0.5046924447723136,0.6200573100968932
2329,training,0.035998366904923695,12.264602719870279,0.5497703649281875,0.6797838804273049
2331,training,0.03482024595021197,12.320428355249032,0.59886183433534,0.7362367389701738
2333,training,0.03448879382853653,12.364975370709066,0.6398914348379351,0.7673562471476543
2337,training,0.0328495570231335,12.480209675652057,0.7543169572207359,0.7965178808771034
2338,training,0.030852128784556936,12.513582911412835,0.7893411204480945,0.794785325093343
2339,training,0.030382988712919837,12.549185438691758,0.8273615427349196,0.8069432267414207
2340,training,0.03009095899442026,12.565608586883826,0.8442904084131377,0.806841854790779
2341,training,0.029351542852005304,12.595477610236314,0.8751974547977192,0.8070354440166794
2342,training,0.0036213991277630757,12.61921718155616,0.901266345160124,0.8112732512610821
2344,training,0.020138702739942057,12.680332799243596,0.9675432984340838,0.8398088247025512
2346,training,0.02573781994345966,12.733726971341756,1.027304564692039,0.8551252323595369
2359,training,0.01872381061598355,13.041383486688494,1.3992860435813532,0.9666003954554468
2360,training,0.042185304219070505,13.073268660296607,1.445619514731392,1.0037732683229577
2361,training,0.08493420701854398,13.10256380618304,1.4917524853151962,1.0514177570600143
2362,training,0.1012226296521019,13.14308227815322,1.5633073595945743,1.111933509828804
2363,training,0.1067817147053485,13.173282440551366,1.6246361882332607,1.1634733939878166
2378,training,0.014789332626204873,13.38719581935276,2.3890518252619697,1.3666572135486559
2379,training,0.02400563546644849,13.397298637158949,2.4384819558145385,1.3973427537471546
2380,training,0.034987255362886806,13.408119866866162,2.4989242802271012,1.4125846725072402
2388,training,0.049978027735360676,13.412568911303826,2.8750896793479606,1.738676710118115
2389,training,0.04122533649599949,13.404176085746444,2.916797853002191,1.7511818296543658
2390,training,0.03336465652396179,13.397173395090727,2.957299696223566,1.7653152705723734
2391,training,0.0306184151650576,13.39172132820427,2.99115228802241,1.762724508298031
2394,training,0.01214404842715355,13.371860885805932,3.1361414457247982,1.7358011754355314
2395,training,0.020751206626993295,13.364116911965134,3.1874134463456567,1.7381485532179028
2397,training,0.033843221552531375,13.35233949862485,3.275118066861313,1.6766633179976393
2398,training,0.03898787650536823,13.348195165300945,3.312597137092614,1.6473255960773399
2399,training,0.042192583468479504,13.345412211143685,3.3572338283004792,1.6218723773207309
2403,training,0.0447461077687965,13.346789203091175,3.4969516407905528,1.5306984348514396
2404,training,0.04386742969824841,13.348640311531593,3.5399501115781553,1.5235346501896863
2417,training,0.042403575988720514,13.440225146797014,4.037555824152843,1.2292205267337843
2418,training,0.056383475396837406,13.45527515800884,4.083129833984494,1.2467919281809368
2419,training,0.06287579801175101,13.462075782207725,4.104659839922687,1.271722340954796
2420,training,0.07491706924979448,13.474133409404153,4.147295015774428,1.3419969601467872
2425,training,0.08490904225116717,13.48547409501366,4.306196744904263,1.5676288188159742
2438,training,0.03474734148989673,13.43493772614609,4.917142042042611,1.5944086631408079
2439,training,0.032899465618917184,13.435281175289715,4.95778457721591,1.5775976365323776
2440,training,0.03626898511225223,13.4376433000558,4.995577734084467,1.5572081483318923
2444,training,0.009554564962580439,13.446570079000715,5.137688192063896,1.5337211189571691
2445,training,0.008845348561400682,13.449011948071579,5.179025882289172,1.5223441540505913
2446,training,0.013772103792816718,13.451271091589618,5.21792940395169,1.5220132727691709
2447,training,0.01086824169120926,13.453380089105853,5.2470090717402655,1.5235100854167762
2448,training,0.0047984013782415135,13.455447304320467,5.277516247817371,1.518322018100351
2450,training,0.008845894855460636,13.459704815758068,5.357927635637202,1.538800106365391
2453,training,0.007800777799168258,13.462953366590657,5.478066959833263,1.5750835713042675
2454,training,0.007355776154252614,13.461954979824492,5.540604177154607,1.604088041998483
2455,training,0.012474446001898181,13.460413415151546,5.5788094384846705,1.6133109427673125
2456,training,0.005629165112475489,13.45839069746572,5.622680492100586,1.6183435733096265
2457,training,0.004589504465452688,13.456728202301031,5.660307565617544,1.6113660212363932
2459,training,0.0013400992266983853,13.45279513837157,5.768311891794923,1.6163551883988048
2460,training,0.012577924001771865,13.451782501177215,5.793821065300055,1.6101618939297355
2461,training,0.002711380025867224,13.450763268516909,5.832026473596523,1.5944294924754532
2462,training,0.002958264677869583,13.450276713115597,5.880208918041595,1.5909733254411462
2463,training,0.003889819088552742,13.450020764413459,5.934092940104251,1.5772923036623898
2464,training,0.0036746794755746696,13.450182895295244,5.97831066305359,1.5676571805391468
2466,training,0.006926230206095541,13.453807454502847,6.0733401719574385,1.5420052995055766
2467,training,0.0034859415339333452,13.454917442359324,6.1067015652303205,1.5454936807046293
2468,training,0.01253419767779055,13.45608041233039,6.142842925335012,1.5519060986934559
2469,training,0.011082254765502743,13.458834339298777,6.198760658494671,1.546985520218722
2470,training,0.010090140674276774,13.460286633130908,6.233623436074582,1.5596122925116669
2474,training,0.01411098484272978,13.463466441563293,6.392587151012552,1.5571721921684365
2475,training,0.0189156612530204,13.46463261183637,6.446483665304548,1.552415732337977
2476,training,0.01959711270291522,13.46475578138459,6.470794720186913,1.5562419269556504
2477,training,0.01831374781580055,13.466048049150793,6.520125061737112,1.5559348709394953
2501,training,0.04240600782514662,13.543042389260705,7.446264000391074,1.5187138643066
2502,training,0.04506758287795097,13.545530548330182,7.487970065433587,1.5348236651943319
2503,training,0.04970835916123324,13.547636785946606,7.525380411366589,1.5486561959336929
2505,training,0.05679490007066374,13.550978607497557,7.648325298641032,1.601629581320606
2507,training,0.056509659670330836,13.547560808268555,7.723022495376969,1.646711516974216
2509,training,0.0549021345909111,13.541245827406284,7.7827754388854355,1.696467925873
2511,training,0.049878802301592945,13.53216215890895,7.857879766173513,1.702830075071934
2513,training,0.04516365954528015,13.518812884490753,7.953396227451942,1.7098230030383288
2515,training,0.042504275036997836,13.504245547819135,8.076098877988654,1.7024446383892538
2516,training,0.04013400360695907,13.496019030504232,8.141298338134433,1.70476297258173
2520,training,0.041603565967312954,13.475789265165702,8.317693120724627,1.7011878717911817
2521,training,0.04285517161019079,13.472512919095312,8.348282418436375,1.6988535453505877
2522,training,0.0421221572864307,13.46803582885622,8.387459167823804,1.7089130897092595
2530,training,0.12247777504574013,13.387667286315581,8.730497838576632,1.9742830623005911
2534,training,0.14201376604536328,13.302736739204033,8.874656685304439,2.1958764254689664
2535,training,0.14116261542516484,13.27464434574762,8.91147156155954,2.234072654578764
2536,training,0.13815506135837505,13.218598987892326,8.981554528319437,2.3026804633180293
2537,training,0.1347910031682442,13.187315135927774,9.015246462619807,2.332614774650388
2538,training,0.12871112283380454,13.16029832756992,9.043520173119246,2.3540870818808477
2543,training,0.014646650885401612,12.916855264304319,9.278569031497437,2.40031274969423
2544,training,0.01370479957338376,12.869081312683857,9.322111228259784,2.410271345576734
2555,training,0.03591958144875969,12.430467583546946,9.626343885779617,2.695203496236754
2556,training,0.04426010090328143,12.389035183297326,9.64156995463816,2.7100863714538326
2557,training,0.049570988026355796,12.369507799995079,9.649352404824517,2.721925428965761
2558,training,0.05784377141667365,12.306119818871288,9.677096132761777,2.731876691943281
2559,training,0.0662846238608775,12.242048572451445,9.707292489768601,2.741529153674234
2560,training,0.07216571378588144,12.193496607333818,9.729334055171662,2.757764883432751
2561,training,0.0785652644923879,12.176109123122403,9.733369175481046,2.7653566438323995
2562,training,0.08571695733641772,12.164736341509194,9.731237379938374,2.787278305802354
2563,training,0.09313558262719634,12.147943490977624,9.732619472782684,2.7882645403675506
2564,training,0.09953252872983948,12.115372468731614,9.744207549997457,2.799210809761413
2565,training,0.08738076352344368,12.059386987641231,9.764364931246424,2.811354154299178
2570,training,0.04662686976352617,11.885245890092108,9.826025995624338,2.841643923001432
2571,training,0.042987832774835956,11.864052542517289,9.83306561839998,2.845369313167884
2574,training,0.045662369636231916,11.759576567501428,9.866141276705408,2.869679037232717
2575,training,0.03614444528936802,11.74070918152219,9.871863415656101,2.880213033666785
2576,training,0.014038032459256264,11.71337612669519,9.879622643076353,2.8910079141902996
2577,training,0.005699527909263896,11.694115648863454,9.883842884935936,2.911353956512437
2578,training,0.016865898537776366,11.66779166551099,9.890003711182443,2.930552691161219
2579,training,0.026853811200899597,11.6419691045681,9.895155406228252,2.9575342075775684
2580,training,0.030815417310882647,11.611771767003502,9.90137783430141,2.982847032737649
2583,training,0.026071202136293593,11.526005843613127,9.914492728085143,3.0356783236621134
2584,training,0.018153939545544763,11.48515828703782,9.920478945172965,3.0430373252830925
2585,training,0.013295125910154939,11.430967887797816,9.92811328530726,3.059830990912248
2586,training,0.004070702551031119,11.390918210258127,9.93425917223192,3.0546391834084936
2588,training,0.006541505875890449,11.333373844089524,9.939721689558304,3.08942065979516
2589,training,0.00754433419930545,11.308254530342882,9.942073716294207,3.108589715581152
2590,training,0.008226241067540536,11.268909889344949,9.94533098816675,3.1185977761457986
2591,training,0.014933470290037876,11.228137329087005,9.947669839023986,-3.1414561701918156
2599,training,0.028382225083388384,10.83363064758998,9.976335454752322,3.060131234764624
2600,training,0.032057089866184184,10.800851971213174,9.980127794785789,3.068719450968662
2603,training,0.055660278495341664,10.619105210966998,10.000498861455165,3.1387691954341554
2604,training,0.05662081078796657,10.571817894480779,10.001111101798976,-3.094499118425073
2605,training,0.05366831917360394,10.577332001264308,9.997574207568393,-3.058662846389971
2608,training,0.04456912311053899,10.477046154552175,9.986652592935364,-3.032310828293083
2609,training,0.04236590965795832,10.415929228622565,9.984006234301066,-3.0511278197780167
2612,training,0.038870806919377526,10.268615914617168,9.980601312599218,-3.100306248138847
2613,training,0.03854418938394385,10.224918055794605,9.980219275213653,-3.1135294961449684
2614,training,0.0406553161280444,10.168076881291311,9.98094543485597,-3.1263804041815546
2617,training,0.04277677215092738,10.019899236866408,9.983033875760732,-3.1067049219120833
2623,training,0.03251952361296308,9.730898522387537,9.97201456038515,-3.008944126954577
2624,training,0.028767517494590708,9.68124476428178,9.968078802644559,-3.0131934993483487
2626,training,0.021089892477090894,9.604437090154528,9.960377508519265,-2.996613588283224
2629,training,0.015184012557026104,9.478333563080106,9.948393562799598,-3.019033276881974
2630,training,0.012332893350883665,9.429807408173321,9.94484935213591,-3.020185094218359
2633,training,0.00500187660089265,9.307194961182013,9.936463427152558,-3.0523408984257694
2634,training,0.011098156460139452,9.263191081605763,9.93488506994404,-3.0625703110407057
2635,training,0.006807672068971772,9.223270918272258,9.933732848441228,-3.0715671821572084
2636,training,0.009904759089212484,9.170057369904784,9.932596959088421,-3.088715547064483
2637,training,0.006743063855578628,9.1302538250479,9.93242197878551,-3.0973359832374414
2638,training,0.005849962254226652,9.104179212370125,9.933000258847489,-3.1094482040293863
2639,training,0.0071732250027302085,9.076431926531978,9.934218824174067,-3.1146145652543793
2640,training,0.0038030611296338106,9.053982579412093,9.935031268876267,-3.131135836279516
2641,training,0.010321522409064022,9.032016657844563,9.93605577288177,-3.1331265464427966
2650,training,0.006639325580419338,8.634693419515944,9.945025699942681,-3.089913711085351
2651,training,0.007836704540958991,8.579268704571668,9.943811482773842,-3.0773053991178836
2652,training,0.014995990020747722,8.543712729268952,9.942907549786133,-3.0799493395925057
2653,training,0.013274759867622344,8.517185228023912,9.941716286328163,-3.0783469889322896
2654,training,0.01877769964697032,8.479311668717932,9.939812080318996,-3.080374113462872
2664,training,0.014844207246773126,8.00370648532428,9.947700905980422,-3.138657037909929
2665,training,0.010494655442836731,7.972972371495152,9.94837252875876,-3.13783697256622
2666,training,0.011240182182685464,7.920372036148923,9.949277339555401,-3.128360631840134
2667,training,0.008612071458982054,7.89310858829837,9.949529770862528,-3.1168919548990752
2672,training,0.01039380147764111,7.688099080300106,9.94724168727512,-3.0769921031868885
2674,training,0.004349156342010698,7.5582778928544,9.944108739689145,-3.0737075175409263
2675,training,0.007842476877425389,7.518921449002454,9.942455543800008,-3.07975417728977
2676,training,0.008560679261318113,7.482544120012432,9.940900471543065,-3.0790601295351387
2677,training,0.011219141352907951,7.463080407240804,9.94017621841751,-3.0887437479371767
2678,training,0.009960387859031498,7.440042454127055,9.939107134785452,-3.0881786987233295
2679,training,0.009056131783302017,7.394341445948955,9.938235110009767,-3.09262126413714
2680,training,0.013514956867603513,7.351036806473672,9.937503457954627,-3.0991685535585645
2681,training,0.010157749159063898,7.330918183342198,9.93727231823581,-3.0989540990652316
2682,training,0.008351916340752075,7.291092225500399,9.937085219070116,-3.107054019967415
2683,training,0.004925000317913472,7.23606073104881,9.93652806173174,-3.103347958423022
2684,training,0.005107251971479816,7.183509961345455,9.935966224533443,-3.1132074162701127
2685,training,0.005424841989014849,7.128114750846141,9.935690030374866,-3.1148865373793027
2686,training,0.010711860778665795,7.105645704885859,9.935749741647546,-3.1201793238030264
2687,training,0.008276166515212117,7.080499014121436,9.935630588521747,-3.1132149038219232
2689,training,0.010631598025030158,7.011941895258598,9.936564701196263,-3.13566454079958
2690,training,0.002071541907135882,6.961413527964052,9.938106802683361,3.13089791628346
2691,training,0.007019147933609164,6.928303834135635,9.939185196091017,3.131454642967418
2692,training,0.008105416364226816,6.876546711243282,9.941242962074355,3.120210582251527
2694,training,0.008018220432331798,6.752225962298033,9.945107614676541,3.111544754990376
2695,training,0.006004864532400429,6.704731729611554,9.94778106723408,3.1070957246108013
2697,training,0.0052846646659592406,6.623284822365427,9.952041956775153,3.127219480808065
2698,training,0.01016172662733035,6.589086949954266,9.953630240794467,3.129003774510001
2700,training,0.01578190549753257,6.533853036941693,9.954980357094525,-3.1393127174351627
2702,training,0.012968514377663123,6.463937115129102,9.956847012863923,-3.1292397657843636
2703,training,0.015250322661928025,6.41366020507912,9.957948714725234,-3.1166812539085966
2704,training,0.01660389552210424,6.3953902362694475,9.957773845397666,-3.115609794590085
2705,training,0.016118616341940572,6.370020940141554,9.95749417748005,-3.1107935288479753
2706,training,0.017976991079924856,6.3273686794860335,9.95726236689307,-3.109038532091808
2707,training,0.01921941435401464,6.268101003745761,9.957336777271866,-3.103360943293979
2708,training,0.018355389012145597,6.232167066333045,9.956193059637664,-3.0923192303742466
2709,training,0.019464675838614776,6.194957295846402,9.955287780409066,-3.0882748917258955
2710,training,0.021865858912804976,6.159312203724981,9.954880742422151,-3.0901716912290613
2711,training,0.022209026725817038,6.090037476069836,9.954809360790216,-3.0965260445193454
2712,training,0.021592702270019918,6.031958180496731,9.954844104328412,-3.0982757977821658
2713,training,0.02322626275165771,5.991122827941186,9.954899068105696,-3.099116780849295
2714,training,0.02510560553788284,5.941055863256856,9.954231141910908,-3.0976374483039093
2715,training,0.027520466028081513,5.866093495716352,9.95389357281038,-3.107586437646102
2716,training,0.028529148589398274,5.792823177643532,9.952725303302131,-3.1007264840006776
2718,training,0.03226878073385935,5.695948223437689,9.952326455141483,-3.1020773252001623
2719,training,0.03304505750095825,5.662086172531791,9.952451682448679,-3.0950038300868514
2721,training,0.033266711575556614,5.580808537638952,9.949423826365537,-3.0762786453910076
2722,training,0.03297408026335333,5.550879514111233,9.948259711804347,-3.0854347207495616
2723,training,0.03253018653769212,5.504585205264509,9.945105007157673,-3.059159511892179
2724,training,0.03328448751801715,5.473165987549952,9.942887473745735,-3.042867338846155
2725,training,0.031074623059656296,5.428774603845232,9.940167918587337,-3.0343132787411893
2726,training,0.029863503580438957,5.382871886551648,9.937242840083735,-3.0388914209363755
2729,training,0.029494215509243006,5.247655420131416,9.929237322753698,-3.046272595904076
2732,training,0.03187915674345749,5.122824726000525,9.922012686509417,-3.076087645073419
2733,training,0.03168162500787513,5.0959274445759,9.920703480840356,-3.0941336594109146
2734,training,0.031816598457073415,5.069210164499954,9.919713795593099,-3.0903981685330555
2735,training,0.035369472182840964,5.026399698149576,9.91897844294472,-3.1048499080692027
2737,training,0.04028626096777035,4.940406830584552,9.919264484093567,-3.1191704840286953
2738,training,0.04402234293601688,4.900643543947173,9.919439300312549,-3.117128983066904
2744,training,0.014041312052655167,4.647807958089528,9.918965176623956,-3.1045836481069395
2746,training,0.00867769965515046,4.587346639995805,9.918040934608623,-3.1031471883589212
2747,training,0.007356006674671983,4.530350887206806,9.91711657020959,-3.0890333894589874
2748,training,0.008221841652795223,4.4971394803344635,9.915919362562942,-3.0800943909193275
2749,training,0.011837917949081653,4.4728631662208524,9.914849310961035,-3.0744385261121256
2750,training,0.011698900247974004,4.45278649312184,9.913408441626645,-3.062057127557961
2751,training,0.008262613690341104,4.402326087958871,9.911208258962708,-3.0701730405080117
2773,training,0.010974311293348365,3.483014775049836,9.899878602731855,-3.12206953769975
2774,training,0.014050813693365055,3.4418483555939696,9.899649335007535,-3.1181032921422154
2775,training,0.010716171325569946,3.393631043802242,9.900099931168784,-3.116732408492603
2776,training,0.008619928551605215,3.3441691389685326,9.900120060820653,-3.12573793293681
2778,training,0.004701215156899627,3.229669752575794,9.899501311603512,-3.121994639053528
2779,training,0.004920508863286399,3.1793586324617484,9.89923448179832,-3.117402469798738
2780,training,0.005890017138523851,3.140311085101845,9.89859694145581,-3.1129373290650246
2782,training,0.012681019034660079,3.047849063177599,9.897260662695967,-3.0924494346344233
2783,training,0.013551313733212465,3.022475811256122,9.896300959182218,-3.0857820057729968
2784,training,0.016574559441810462,2.9928400585059647,9.894476206027125,-3.074268235399084
2785,training,0.01587658113850413,2.9427500529251946,9.89154446328591,-3.0587597728967233
2786,training,0.016236621012916765,2.9106558110841423,9.889664699482887,-3.0454287629297636
2787,training,0.01911169209688022,2.8611276105695467,9.885753776856598,-3.0344941614623195
2788,training,0.01625387560314432,2.796853792409835,9.880847714940419,-3.022659599477472
2789,training,0.01718574543578564,2.7237399740503343,9.87355128392113,-3.0024217777524993
2790,training,0.018895823682965024,2.6549713612124033,9.866004904522494,-2.9989339346966055
2792,training,0.021031965055885882,2.5539342132688283,9.854146845498713,-3.014395099829251
2793,training,0.01183675491558977,2.4823009328768872,9.846212647058339,-3.019115889882159
2795,training,0.016464004583584723,2.3688736743700973,9.83378518705737,-3.017942760340272
2797,training,0.0179650487918552,2.273752885398943,9.8235308621357,-3.017896486680267
2798,training,0.020674453005809636,2.2467709646747807,9.820192805281673,-3.0131041078917717
2799,training,0.019028862425366024,2.1954781784712867,9.815378666960749,-3.0281761580478666
2800,training,0.016942245181639747,2.1575389024218823,9.811730560004737,-3.0277168390641793
2801,training,0.018536561726122135,2.117677916482872,9.807764665268847,-3.024383879001401
2803,training,0.015283247342445907,2.014169962760399,9.798770073477664,-3.0238516667356885
2804,training,0.007717837416188606,1.9855886252839179,9.796439286593282,-3.0164937687112143
2807,training,0.001776410744117653,1.85751422478787,9.781450983958237,-2.988077182644612
2808,training,0.012064078342456996,1.8281622926717138,9.777083511205214,-2.9687046217831234
2810,training,0.006249647895583278,1.7368481405963059,9.76221506398395,-2.9358637240649195
2811,training,0.00817741366341023,1.6850290532751218,9.75190194785694,-2.920450291354914
2815,training,0.005521582264637562,1.484822826757451,9.703820463825389,-2.8654231653201094
2822,training,0.01733187921386488,1.2631767037746333,9.642101703721046,-2.808215225728879
2823,training,0.031001160744644655,1.191150667693762,9.619054370615684,-2.7898945907327297
2824,training,0.024305462040738992,1.1650959753386179,9.610141535959706,-2.7868482329527953
2825,training,0.01693442097873884,1.1227841538507821,9.594378256111861,-2.7533543652469343
2827,training,0.01386053964725603,1.04365043680024,9.560586874088965,-2.682851990359907
2828,training,0.006376856406498832,0.9928600107830524,9.536505006343539,-2.643099771283048
2829,training,0.0049136384573170745,0.9466597397500193,9.5110499808888,-2.58916226844328
2838,training,0.025633302156845603,0.6947217386536139,9.283287012972135,-2.1860225291487634
2841,training,0.040263115768494354,0.6196217080157433,9.17316772504069,-2.0622484896983515
2842,training,0.006759531121459287,0.602957534758421,9.142766882533047,-2.0125166209572534
2843,training,0.014168399155740518,0.5916779621433389,9.116927089577839,-1.977862053625978
2844,training,0.013748069607572348,0.5947861761329281,9.10655753856405,-1.9378974731939393
2858,training,0.07173201002948408,0.48451646419007044,8.757685689566118,-1.780475729399405
2860,training,0.03041232410278413,0.47293072348128784,8.691049914790517,-1.7131080406046086
2861,training,0.040619194353310094,0.46572193097141995,8.64661761330558,-1.6980852184283963
2864,training,0.013848546759070813,0.45347892239229,8.544909062089765,-1.666379966580007
2868,training,0.014249802070089091,0.4389852283568287,8.43611064406651,-1.68078765923355
2873,training,0.035615712925341436,0.42661354942231206,8.362428751852075,-1.6854601421436335
2876,training,0.03740851262493498,0.4217754561196094,8.312920812640465,-1.6637497818942844
2881,training,0.037305416976485345,0.41866822177407576,8.202724882789104,-1.5864868006105652
2882,training,0.037391934963849995,0.41974891754798993,8.207266597901345,-1.5882366590213133
2884,training,0.03338643339704482,0.4194822541453604,8.174522894383438,-1.5855219728378382
2889,training,0.03765804283848877,0.4153937809298157,7.970566033841743,-1.6049051146317095
2890,training,0.039555846647896374,0.4134865957349706,7.938366351015145,-1.608858296335648
2891,training,0.04700881428281065,0.4114623107421187,7.9075896418348695,-1.6130496600895194
2897,training,0.014284955276297058,0.41377727753985566,7.7478500175789,-1.5146052886493722
2898,training,0.00744192421252329,0.4169127139535462,7.699913208087779,-1.4889870986381517
2900,training,0.006712966642880813,0.41996033442987163,7.635188457826831,-1.5229119333912053
2902,training,0.016245002308917438,0.42215183042946763,7.537472866705821,-1.5650471559435575
2903,training,0.017865373319095018,0.4220443876086678,7.507838875941136,-1.5803154474659886
2904,training,0.010609324396007569,0.42123449839142313,7.470194529418021,-1.5927414545970342
2905,training,0.013614544928949635,0.4189318627909978,7.43899540250722,-1.6141364077756528
2906,training,0.010416933944990908,0.41709215615605827,7.415271001723158,-1.6132708046888578
2907,training,0.01018847630930421,0.4156087105150576,7.386298986468349,-1.6021331737214481
2908,training,0.007236866161275359,0.41371474347838394,7.351432711314559,-1.6077198662388108
2909,training,0.005157241244865369,0.4126235166422008,7.313533882559835,-1.5850969509498662
2910,training,0.005172842801233772,0.4115842613056076,7.281923069165791,-1.586798832560846
2911,training,0.013030129510538913,0.41012815184139934,7.23994955835729,-1.5886700368010411
2912,training,0.009665371143203065,0.40840143247049343,7.185330658242794,-1.5784862778987396
2913,training,0.006538841517894221,0.4075204594032931,7.141045421157771,-1.5685328807045646
2916,training,0.011826240943807307,0.40593919431267533,7.008075595356461,-1.5541565167034639
2917,training,0.007492944096177773,0.4064150824064537,6.961481879196456,-1.5534718036378539
2918,training,0.004626810427130241,0.4068040471380205,6.917698102281167,-1.5488033643256642
2919,training,0.009976960997098733,0.40766735124488634,6.887271410990629,-1.5370265649378974
2920,training,0.007225566560060309,0.4081045076552308,6.845871985486836,-1.5531934479228169
2921,training,0.0050991211467058106,0.4093169898125582,6.798750161160531,-1.53283380573112
2922,training,0.008722374835167785,0.40980176960218395,6.75836197184097,-1.5387192700318708
2923,training,0.003197942034462222,0.41044232889301474,6.725117711254425,-1.5460580321189503
2924,training,0.002745030992293698,0.4107573163352703,6.677591181611217,-1.5583168104376923
2925,training,0.0118730998110977,0.4121707128318688,6.6386500705197955,-1.5460294219444182
2926,training,0.006529314984784551,0.4136500900202024,6.602755808003621,-1.5489841777515607
2927,training,0.006908487668773957,0.41367833066413257,6.578715005632133,-1.5522095643182017
2928,training,0.012365399666768997,0.4140399969686796,6.533387868185262,-1.5567717284305236
2929,training,0.010418171973562085,0.41405629002028077,6.509396629987022,-1.5502062579347715
2930,training,0.010101986452983939,0.4141851321334052,6.472229677804978,-1.5578827725161075
2932,training,0.011285275389272029,0.41358683934514895,6.384803468095254,-1.587236773228086
2933,training,0.012686562025662509,0.4130161852035607,6.343372993411973,-1.590964416661291
2934,training,0.010566922008563372,0.41163702998740764,6.295432481239537,-1.61126500748304
2935,training,0.00791674238586428,0.41082176613133964,6.256056616357878,-1.5990556925725754
2936,training,0.00790208344079293,0.40934072182059533,6.2225884344423985,-1.5955276275611747
2937,training,0.005481210702226789,0.4081576091372499,6.179578851203806,-1.5934275953102728
2944,training,0.016046129760949882,0.4190353852654444,5.762885878027948,-1.4854573133423028
2948,training,0.02324017351193893,0.43079394154432143,5.57807683610136,-1.5344092716626185
2950,training,0.024303684917612593,0.4300986826792802,5.478450033549452,-1.6018641618342726
2951,training,0.025146891789758565,0.4282608442179469,5.417619269457375,-1.603660893206643
2952,training,0.02231199639297267,0.42676358635654765,5.386860350927712,-1.6140275294940205
2953,training,0.02123820266606416,0.425810000187752,5.3378950666150375,-1.6167497516981242
2954,training,0.02110335712774795,0.42572853709682473,5.250556273309343,-1.6130916964052862
2955,training,0.017697320515931328,0.426006036193149,5.179251979341441,-1.6172008019185464
2956,training,0.012984690226901853,0.42513304479288955,5.129143716126279,-1.625358728329219
2957,training,0.01321933177126396,0.4236765836031559,5.076670116734593,-1.6098655887960491
2958,training,0.013321963247169688,0.4226966403288353,5.029695724919107,-1.6036755220611316
2959,training,0.011689993147396474,0.4221747178250353,4.981066600144295,-1.5895928779260182
2960,training,0.007555645899709621,0.42156507350116523,4.9366945345766755,-1.57301828529312
2963,training,0.010891684577983072,0.4213879920448007,4.799034609256492,-1.5204469249804358
2964,training,0.009792444149877068,0.4230980214437775,4.732541309084819,-1.5044517146581915
2965,training,0.010998742335681997,0.42613307252307947,4.669782674916829,-1.4990331266263184
2966,training,0.011316701991729497,0.4291932931698285,4.607473613835493,-1.4957852440138109
2967,training,0.012719524244360307,0.43244739674805815,4.544909721506113,-1.4879152896962187
2968,training,0.011287719206081523,0.43657662832675387,4.48315756633691,-1.4830205093718254
2969,training,0.01376792618438262,0.4395388339597651,4.422679321262257,-1.494486830078717
2973,training,0.022506440531059792,0.45131898853590124,4.2059641434462485,-1.5457651981319798
2976,training,0.023652294638396403,0.4582467328461664,4.019263106612916,-1.5805933666652388
2977,training,0.020001292442659756,0.45896007020787694,3.959775413146493,-1.5794460763050369
2981,training,0.010855083268139092,0.4608247339102527,3.6879720516345906,-1.5365188754032584
2983,training,0.01633895127829025,0.45706694392240277,3.504754306426601,-1.5144820318296708
2985,training,0.019352959259283483,0.4646587272949246,3.2904928818478805,-1.465341447713242
2986,training,0.015874743672163055,0.46939384992321304,3.236968145910908,-1.455909979339048
2990,training,0.01134931958208113,0.494321977245737,2.8918467846061975,-1.4699086349989117
2994,training,0.02690478340798716,0.5120754790290589,2.669662603359067,-1.5516281183908895
2995,training,0.02538859978567345,0.5137002738995458,2.6157331763002767,-1.5646573695723143
2997,training,0.022664124086198202,0.5143611926659432,2.536112199700744,-1.5747056913900879
2998,training,0.023363392773117962,0.5150963366156681,2.479187471490252,-1.5834249829546065
3001,training,0.012379967464018083,0.5152218101210664,2.3639717005321086,-1.5835150375949152
3002,training,0.005753943129209946,0.5153711512465203,2.3353495370428976,-1.5728443653019255
3030,training,0.15160467050445428,0.7426713446629842,1.2194888729523654,-1.3184803510151448
3031,training,0.15876560055947458,0.7531070803071208,1.1811724861395652,-1.3317457257614522
3032,training,0.16459233445011176,0.7630627528233964,1.143262166890426,-1.3280527894286016
3038,training,0.13744021838261689,0.8286176541019801,0.9216484637726676,-1.234481942502802
3039,training,0.11972767419773815,0.8407837406658706,0.888503219422426,-1.2149140967994614
3040,training,0.11264473957953505,0.8620935551908144,0.8350440474254601,-1.1704180300664886
3042,training,0.09442338566096932,0.8928043376509436,0.7665210296749851,-1.1308455557148664
3043,training,0.042748493456063213,0.9055347304729162,0.741186836468507,-1.1139915871596617
3051,training,0.04726074907995418,1.0559677564365237,0.5091507927520793,-0.8741084760674467
3058,training,0.08989459332515295,1.2603560542604666,0.33101841438144747,-0.6065896977819195
3073,training,0.10396464639763842,1.7782049118536651,0.05619615351826488,-0.3638558297628356
3075,training,0.08931119878654231,1.8256368389346287,0.039536450477414525,-0.30668985820329064
3077,training,0.06231934172225829,1.9264008989296875,0.009581836807615898,-0.2338871010738583
3078,training,0.056579590333151714,1.9562760279805993,0.003366778267253425,-0.2192144952110604
3079,training,0.05378137714741815,1.972590914903427,0.0021636946239706346,-0.18958830581276848
3080,training,0.05092182689216781,1.9922793674310664,-0.0014343005229080982,-0.1932007738133355
3081,training,0.046625851679173165,2.0148462337364057,-0.004932674010802035,-0.1593338335001914
3082,training,0.04613285633033542,2.0283469083321273,-0.006163636388795717,-0.13956664058355567
3083,training,0.045481195565753314,2.0396573807664047,-0.005706447896034103,-0.12427956784054454
3093,training,0.02230858157741806,2.342698061887728,-0.062367356632919084,-0.21266827730816304
3111,training,0.09524723101856084,2.879478528805426,-0.15827185234587418,-0.1470758153010204
3112,training,0.10323783271080174,2.9356903008742954,-0.16739252987091632,-0.12516632539617464
3113,training,0.10957254622678936,2.9802593918130693,-0.17377388882168374,-0.10203761107011441
3115,training,0.1177714780238601,3.0673691522518762,-0.18072257225660923,-0.021634954899191233
3117,training,0.11766183631837245,3.1358039757041847,-0.17908442733582564,0.05765911752168206
3119,training,0.11306184210807062,3.19467853647313,-0.17317913794874992,0.11738715782992827
3120,training,0.10898904548844368,3.235484435202403,-0.16838574122678468,0.13855131040996424
3121,training,0.1035171480153063,3.2822809499259598,-0.1627194800459331,0.14768615152844497
3122,training,0.09678368192513208,3.3288067463424773,-0.1573099443415617,0.1518305942731267
3123,training,0.09054777689369423,3.384088037317941,-0.15053054001992908,0.15191778503714035
3125,training,0.07798316028174833,3.474884628444916,-0.13830367485474573,0.14338857284783668
3126,training,0.07211886274563375,3.530056964147704,-0.13203370468110948,0.15006578726680517
3127,training,0.06637803808022412,3.582745228836833,-0.12592127732368685,0.14378065357232567
3131,training,0.04400624380509236,3.7623321515269503,-0.1056929517656724,0.11792156538945205
3132,training,0.04137298518868572,3.8122954572953947,-0.10096327682563078,0.10142484984126714
3133,training,0.03709092072256506,3.8590401043288685,-0.09638372049145996,0.09862767828598375
3134,training,0.03272615182738431,3.8980030369418666,-0.09280546249048542,0.09408167575787921
3135,training,0.027214304668034275,3.965141239355111,-0.08673180115914353,0.07215043486030365
3137,training,0.011629496815223052,4.151842511069529,-0.07171720922327804,0.045158884359056795
3138,training,0.007336011112729041,4.1926370630223415,-0.06907270565665256,0.043968697994242745
3139,training,0.027143370774466085,4.2263820809315575,-0.06793375090202806,0.045698853454450426
3140,training,0.030734659681211352,4.26980058666324,-0.0663563425954694,0.0514825808451178
3141,training,0.03404783463609434,4.314026724243939,-0.06475839659792473,0.05129433893983781
3142,training,0.036034416040088287,4.357768459644324,-0.06335717459738195,0.07203432448386998
3143,training,0.008087328475798903,4.4018076994732125,-0.06182163713349982,0.07092865400101002
3144,training,0.003949039265713909,4.444587119302731,-0.06021385582164345,0.06888888991094691
3146,training,0.013163767927345565,4.535952741591908,-0.05583527243322212,0.07151383397465894
3147,training,0.015938501027825625,4.5788963309399415,-0.05288499039263012,0.07290283230235778
3148,training,0.0173338393084177,4.620600235457176,-0.049675398833544535,0.07178278618836718
3149,training,0.014946555172864114,4.652408240610475,-0.04713032760311358,0.07702770120208727
3153,training,0.004231530265790465,4.8432044860638985,-0.03318242592447128,0.08521523864340438
3170,training,0.048986351954886626,5.599637892718082,0.01669948837893224,-0.00020733288289035594
3172,training,0.04845289157410818,5.71994273014157,0.015598631339386047,-0.02622929818012436
3176,training,0.04191447083959278,5.96104675180432,0.0088136720538887,-0.019014517096248768
3177,training,0.04038220713585314,5.983180166758983,0.008237261555696327,-0.0197420758940669
3179,training,0.039361965319729304,6.091623411792042,0.00663299306337196,-0.00809848547541855
3180,training,0.039392768409718025,6.138107455024966,0.006478705960621793,0.005557583596195088
3181,training,0.038191409370875125,6.189162740414645,0.00573740397011026,-0.005245144903566602
3184,training,0.036036230943065045,6.333404935893008,0.004053486320198366,0.02276275437224971
3185,training,0.03689613115300301,6.377190467272298,0.004412649631479773,0.02636094845201246
3186,training,0.03731832834780647,6.426880390560633,0.005033305635033097,0.03260886164179491
3194,training,0.008896763276592267,6.866676441418045,0.0155350858104431,0.05530959792737611
3195,training,0.008163871579568837,6.944654105367342,0.018591986903971052,0.060580043940908025
3196,training,0.005626295553231333,7.022940098571931,0.022069725462700703,0.06446660327623685
3198,training,0.005909919095630681,7.1427332378739665,0.029438613367104568,0.07770277831600508
3199,training,0.009601725089745584,7.207492936555011,0.03371956302985666,0.06069385983748791
3200,training,0.01045657417969165,7.281342804839756,0.03794803692020457,0.058307052240199636
3201,training,0.010702806915569265,7.344611218385135,0.041492796267553075,0.042988240924164645
3202,training,0.01581326929974602,7.398995346194839,0.04399383363334411,0.038210960063092665
3203,training,0.01350960031117706,7.438495363491374,0.04485082643560369,0.028240038532152848
3204,training,0.01730548687732206,7.467782343809049,0.044941678305624316,0.027470016881672988
3205,training,0.014156174600296228,7.49076940664084,0.0443701589437213,0.013061119911812913
3206,training,0.014421787107669283,7.531359591421784,0.04488419751745006,0.001445191835014519
3207,training,0.013885259676088736,7.591958800748807,0.045019624191025245,-0.023302291554098978
3209,training,0.016763038024103845,7.699733622200202,0.04593709247263955,-0.03439182806292397
3210,training,0.013293184689487255,7.730687658097418,0.04478549294275125,-0.05679930416797713
3211,training,0.00862063423676658,7.774216785511113,0.04226763757696988,-0.07195508336639779
3213,training,0.011765876705233094,7.871911636342705,0.034479744256497157,-0.07926912053983032
3214,training,0.005642141170936972,7.914587347140793,0.03169983603041363,-0.06490751259841342
3215,training,0.004930601367081557,7.9562711798762065,0.02911115959804672,-0.049433539786828955
3225,training,0.010205233094202121,8.392716897674836,0.034438665465160896,0.07862935044431629
3226,training,0.0036834796022258243,8.428709916856592,0.037611852799289455,0.0797352141846193
3235,training,0.016246167219559193,8.775502542925873,0.05032979139830617,0.0690243909071243
3240,training,0.028935475479553913,9.019009901586578,0.0744954894805824,0.11423300174921917
3242,training,0.04074661386374642,9.093280374389463,0.08248908638765232,0.1279258741201152
3243,training,0.03330286897308942,9.129727261491613,0.0862277746404413,0.11971772816665173
3244,training,0.043642312768165305,9.171680504775786,0.0900730493267863,0.08621829202357766
3245,training,0.03602064983721178,9.215274098122062,0.09342483885795978,0.0702289458415083
3246,training,0.027867750747069747,9.272487214545857,0.09657900747529652,0.04001350406301554
3247,training,0.025735347362347546,9.306240421270099,0.09763848716328953,0.024022839910113288
3248,training,0.020458580271428835,9.328507909947652,0.09745243059534323,0.005671616985746943
3249,training,0.017621300555009364,9.359447464213659,0.09729990597804879,-0.007534910302100209
3250,training,0.016146268468228312,9.391276885567061,0.09608562296196019,-0.021447803284074612
3251,training,0.012448895448175058,9.438309109480095,0.0941848491435527,-0.0382060782741682
3252,training,0.011256100549404796,9.477112367332733,0.09288180703259756,-0.02990548386838131
3253,training,0.006724606195662832,9.512635023629498,0.09186266688777071,-0.03561116341375259
3254,training,0.004751641841585652,9.568071422158003,0.09112504784297606,-0.02778266380313036
3256,training,0.011766979153689574,9.65826016104568,0.09065918274828295,-0.01963973233705731
3257,training,0.010503071055868927,9.710914177778108,0.09090965064949297,-0.007673898645842376
3258,training,0.00428752616191747,9.738496799290187,0.0909758633178438,-0.00015989521257083828
3261,training,0.0018629441543099427,9.844160635561872,0.08852122162920677,0.002815663224324133
3262,training,0.007052829067385602,9.891300224260986,0.08861552625646127,0.009078060254872327
3263,training,0.007042712931139638,9.938667044627847,0.08906588063842466,0.004961911062578001
3264,training,0.009794093124073654,9.969266094614438,0.08926341117853988,-0.0062594414598463495
3265,training,0.0012502229895698393,10.019412369910542,0.09008672607726774,-0.0020017773312236546
3266,training,0.009972171726018168,10.05986255209712,0.09039660912511546,-0.0037903316426288187
3267,training,0.003845285350362046,10.100023798733524,0.09032137607767551,-0.003726727967063072
3268,training,0.002715472619245029,10.149919392392254,0.0898774998134303,-0.008392566948806135
3269,training,0.003062974686351486,10.20735475095045,0.08930499443362833,-0.008138556355716062
3270,training,0.0071546390842978334,10.24004535725788,0.08904005070297263,-0.004599180928808792
3271,training,0.01141856918168859,10.27059750565799,0.0885767211536036,-0.003391079743641501
3273,training,0.011014652449285213,10.360544395008342,0.08459603890293595,0.001865955364880263
3275,training,0.013094687335391618,10.42417334668482,0.08383673504503153,0.007925942284015743
3280,training,0.011325702348133312,10.64578167117916,0.09042254699676538,0.07365702406189331
3283,training,0.007622711397725169,10.75500293156073,0.09818499948956305,0.08625588687811231
3284,training,0.014614522766904642,10.80670671323247,0.10301618972006481,0.10192802052607432
3286,training,0.018627187234948134,10.885105251312957,0.10984227446554487,0.09631261800388066
3287,training,0.021288053842508415,10.925771894447625,0.11332478411411029,0.082751435803738
3288,training,0.023854892168541277,10.966430929796816,0.11638839724995861,0.07603464782658882
3289,training,0.028498142824723075,11.00553800221247,0.11901399162201043,0.06535049414489637
3291,training,0.030667822942027908,11.075625964929086,0.12219818408335065,0.05150671174426707
3292,training,0.03143489887364913,11.117516565752979,0.12411780730381392,0.055692939143170396
3293,training,0.01994445648106107,11.157161610758992,0.12634387708741981,0.055411056291590065
3294,training,0.02108592952040374,11.197734693947625,0.1289371457523039,0.07007731058728885
3298,training,0.022364163847838348,11.344929630847037,0.14717704815622187,0.15584136272527324
3300,training,0.035408331849668025,11.446453307222606,0.1654569952979679,0.2152553542165166
3302,training,0.03550207321871993,11.549896350265394,0.1898434276371851,0.2794051323986895
3304,training,0.03872695555793508,11.618820674538126,0.20987055143771619,0.336237580522047
3305,training,0.036233332950959145,11.649338535918671,0.22056817371066442,0.351628578668484
3306,training,0.039005776186965824,11.692399061136458,0.23654660308771278,0.36837807053787613
3308,training,0.04233740373925099,11.75758176023868,0.2620650990531031,0.3992976475635315
3309,training,0.03937939254478518,11.7945063733969,0.2784428702659089,0.4156831782536268
3313,training,0.020836557173527767,11.940965780732737,0.3495517618301453,0.5070310397889148
3317,training,0.007460046572810196,12.074883477805047,0.4329357689008817,0.6358663422884544
3318,training,0.0010678578224827936,12.108333070387438,0.4575283928036393,0.6781244611197407
3320,training,0.010580004507525899,12.155023807821909,0.4988384171464338,0.7347256093946682
3325,training,0.019955345037225916,12.290636018823028,0.6316943760084203,0.822346372440519
3327,training,0.02261322661507741,12.346511402405133,0.6918871692060183,0.8374024779852888
3328,training,0.02546320649380235,12.360604524471348,0.7076379620062009,0.8426017269527932
3330,training,0.030480625934955582,12.409582939543117,0.7623083543443474,0.837512313236391
3331,training,0.03187488630949076,12.437348279074635,0.7935364798275402,0.8294349109081768
3332,training,0.033180812258619186,12.470580133723905,0.8309528643400351,0.8342064762202357
3334,training,0.035339559687740905,12.524158681835134,0.8896257719154003,0.81236943000738
3335,training,0.03562284636136929,12.547007130381116,0.9134894274479448,0.8013032804669118
3336,training,0.035033561699142284,12.580867397804921,0.9478251885716519,0.7784345883858467
3337,training,0.031969891654823515,12.614521670420006,0.9817871233374367,0.7833724758276088
3340,training,0.028786665759701326,12.690911163052478,1.0616413309548283,0.8241776908883456
3341,training,0.029293470520530593,12.723483540405278,1.0973920071048904,0.8597583605705874
3342,training,0.008356545328854471,12.749188691802983,1.1274945030147896,0.8759882209034624
3343,training,0.006953904154728903,12.769850707957422,1.1529573145309546,0.8888449266199753
3345,training,0.010863776547031063,12.81890529713062,1.218885087897727,0.9387225423666321
3346,training,0.006265217186776149,12.83542447353333,1.2426353067468414,0.9675962060821738
3350,training,0.059188063370326734,12.929242252567661,1.393752118559928,1.068709152180791
3351,training,0.0636622621114631,12.943106922712131,1.4239110943797457,1.1071369973039717
3352,training,0.03929493467987148,12.967217158545342,1.4738065640396398,1.1319665574022375
3353,training,0.021368635686558765,12.986372991770809,1.5159177752357327,1.1574184093953244
3368,training,0.015928135730069275,13.219789290499309,2.3116316937765227,1.4591075718399407
3369,training,0.02124857411730016,13.224918285303579,2.356035903206833,1.4736771293641413
3372,training,0.03290915855832077,13.237111263069457,2.5218912915317113,1.5356576653385543
3373,training,0.03544852299062394,13.238760134894832,2.5593346315504513,1.5444513236439545
3374,training,0.03837587842200921,13.24159965998656,2.606848931226471,1.554645022465984
3375,training,0.038686083662018075,13.242147247253197,2.6428350499797086,1.5664389867884365
3377,training,0.04264033234129694,13.24425474880384,2.7199763172612834,1.5811604343265622
3378,training,0.04305281731971228,13.244313229313352,2.785451855455046,1.5815162561929075
3379,training,0.04214537961113466,13.243219626041116,2.831528595934075,1.5972177337758993
3380,training,0.039685963429025854,13.242137963293535,2.876391636095172,1.6065192791378915
3381,training,0.03888474570741901,13.241889422740238,2.9104693501279155,1.605872702773877
3382,training,0.03771713083801124,13.239791478432833,2.963553357258206,1.6287734563617975
3383,training,0.03626687951247248,13.23780982293976,3.0029234607772515,1.6192748321059927
3390,training,0.03526017151654903,13.238864582564794,3.2964910804288756,1.4984646641317012
3394,training,0.006600282816700433,13.25691562733753,3.4788075147907347,1.4748321024290585
3395,training,0.008778754818480974,13.259599801539418,3.5069591860100426,1.4904265848357516
3396,training,0.009218127917724464,13.262291726163529,3.535394354758073,1.4876389411515565
3397,training,0.01235456962901249,13.266131583420508,3.588286665091514,1.4927863402437773
3398,training,0.0017587553674542544,13.269849991538438,3.6335907058797408,1.501907405972286
3401,training,0.006809065712380663,13.279928895892649,3.7563388887352533,1.4976836284618165
3402,training,0.008838534835527668,13.284150323404823,3.8171298249927634,1.500129703330542
3403,training,0.014618403405095126,13.287213079843324,3.858953933809425,1.5026309056883362
3408,training,0.024746157929052884,13.304697317687909,4.05884690030707,1.4715856756977312
3409,training,0.024888286449074547,13.308226152144261,4.08981176010347,1.4658670229759732
3410,training,0.028138917465115654,13.311818813329552,4.1203622110052835,1.4755748043830978
3414,training,0.038809797560481404,13.324188350211037,4.267228562853487,1.548629096375197
3423,training,0.009718054911766739,13.292297515534965,4.650707484012748,1.7744086751107744
3425,training,0.015510369576090258,13.27564206778895,4.741321252355696,1.7400657878229753
3426,training,0.02087295533661114,13.270094457014519,4.77890091541857,1.7225101491305843
3427,training,0.026177754078470342,13.265465297423676,4.818491184603584,1.6890994371464443
3428,training,0.028069281340740302,13.262415830991342,4.858911264165998,1.6496336263105764
3432,training,0.029993467080882897,13.262685412044652,5.022452493638819,1.4924471021291552
3433,training,0.02716387694837976,13.26483824462196,5.041416880550957,1.4848920201569786
3434,training,0.024388904041907123,13.268723873233478,5.07595823178946,1.4679609171521755
3435,training,0.019218525141246865,13.272690440742316,5.113986213087228,1.4682658649144624
3438,training,0.006925975910858281,13.286235949361863,5.240394907054047,1.4793791293238678
3439,training,0.003764376599818954,13.28827737380683,5.26090948395079,1.4977750106530712
3440,training,0.00967072954688489,13.291348361657784,5.294593469236074,1.5019848687503379
3441,training,0.004783027647268444,13.294339422634982,5.339167257139082,1.5254913818598095
3442,training,0.0070914468940253975,13.297008771884716,5.384198913821863,1.5361946965088111
3443,training,0.004545353975137975,13.299702908248982,5.434066910532975,1.542962422768566
3446,training,0.004686614459936244,13.300497352970767,5.557168272157434,1.545317489338004
3447,training,0.01168432492974029,13.301517526243172,5.597727340591809,1.5316630801907758
3448,training,0.0080062981848101,13.303335267002302,5.637446024471341,1.5212518193523634
3457,training,0.0047609504950319285,13.319413177658257,6.044119164128615,1.5768171061729614
3458,training,0.006012428074032922,13.319670877198156,6.092611322515733,1.5959710369226303
3459,training,0.009749278221744914,13.319800167350254,6.154167028539892,1.583884509514218
3460,training,0.008121132570799832,13.32009387296474,6.202877234633819,1.5899492692203878
3461,training,0.01325896681426348,13.320299470792081,6.228152290624266,1.582632879471194
3462,training,0.009062599457101328,13.32020089266529,6.252266403344683,1.58259676640511
3465,training,0.00946009185293214,13.321038073549051,6.352578674276239,1.5425881419313092
3466,training,0.013507534806294637,13.32267379312838,6.393530313385188,1.5337640882755652
3467,training,0.013705715477330892,13.324908087233496,6.4557704584339115,1.515135106677916
3468,training,0.007622935913669685,13.326304058330523,6.48807305348542,1.5138188666673238
3470,training,0.010533172425151553,13.33219710825232,6.567519787161692,1.4934009836661257
3471,training,0.008429792328468994,13.336048768670082,6.604610052335342,1.4997853258024778
3472,training,0.008150171772537494,13.337772657280004,6.625938378763789,1.5048075511730865
3473,training,0.013238668290332394,13.340997765791625,6.667161625643166,1.5134916522282806
3474,training,0.013921280141869634,13.344049560761404,6.715291214332877,1.5236803190078774
3475,training,0.014470635010099974,13.34641732466635,6.762837361116596,1.5446846330251929
3476,training,0.015511370502559983,13.348713962293937,6.804268089944646,1.5601813705249021
3477,training,0.018549865176170077,13.35122906856327,6.851030964036836,1.5615789648687262
3489,training,0.04065601781275395,13.373578202069346,7.349071600522624,1.5009615669521572
3490,training,0.04476080787075268,13.375567570790981,7.373367721889582,1.501900683183683
3499,training,0.004390338550376403,13.387681800054933,7.750491271833034,1.6158566096323972
3500,training,0.010643500237377434,13.387013856145414,7.799077496463262,1.6284163433772856
3502,training,0.010976561360823341,13.383628656665232,7.870328622953919,1.6270893107517157
3503,training,0.007397895016630224,13.381820364957697,7.905751486709912,1.6267365899195703
3504,training,0.01333953943069916,13.379950525255058,7.9530326622443175,1.6080887845646337
3505,training,0.01529819882178397,13.378546889357677,8.004139158639966,1.5962883130771053
3514,training,0.017772454545619282,13.359507490934618,8.399433034590125,1.753640935900074
3516,training,0.03146281806058548,13.341255909820925,8.483871637386219,1.8338635122858573
3517,training,0.04095885191758171,13.329925466685024,8.523292004707423,1.8765408758094546
3525,training,0.05252052044876951,13.122424357435877,8.88565539843104,2.256989881572428
3527,training,0.03042914246633057,13.031094136723551,8.996133220176084,2.305540765856912
3537,training,0.05641339270668073,12.657801281923376,9.381811452653242,2.393570978429523
3538,training,0.05918306775327219,12.623805626874823,9.413763464914245,2.3966377984428946
3544,training,0.01743659861592338,12.379535768621993,9.611963922154006,2.571184843070982
3548,training,0.03551495400090753,12.195762058288718,9.719236616081076,2.6864716321344964
3549,training,0.04086491406623028,12.155055449553595,9.740266850484831,2.7005569371879306
3573,training,0.010017413492652477,11.58212917354453,9.9284773321761,3.006378743653291
3574,training,0.01164040370343877,11.553702178813998,9.931443960335866,3.01700277113604
3577,training,0.012395666684950681,11.428338853388242,9.950492566731588,3.0595756051600054
3578,training,0.020197549548147616,11.372270722561522,9.957562753470997,3.0991138017230244
3579,training,0.025040968597772266,11.307835836937757,9.963150466494652,3.13220189712699
3581,training,0.03353462976383739,11.18792063547686,9.972814546271067,-3.131196758608661
3592,training,0.003090173215283206,10.632872232606118,9.998150153651086,3.0940596920254424
3593,training,0.014127673661214384,10.579869384254819,10.002060490623325,3.103299848877709
3596,training,0.013731796302658203,10.399601932423343,10.015326609960209,3.1348772737828825
3597,training,0.021205108769208347,10.324012368540526,10.01990375389608,-3.133444750827715
3598,training,0.023448908627749388,10.275381486684301,10.020774888456748,-3.1139036120065975
3601,training,0.01986121942131882,10.156648904109007,10.016701176785729,-3.067929501454506
3621,training,0.047717683473016304,9.256554006846937,9.94240298131755,-3.0336218583485834
3622,training,0.05065258839580988,9.183956885721926,9.938695814145891,-3.065722716245948
3623,training,0.05423061150894368,9.126813465059207,9.936239670806568,-3.0783783349282974
3624,training,0.054692646052799,9.096532569305914,9.935211781516369,-3.0895249742923694
3625,training,0.05536430440951142,9.056606616657497,9.935590100301233,-3.115218974649218
3626,training,0.05388285153826114,9.032357175146227,9.936945994842263,-3.1293496939399987
3627,training,0.05162466965924376,9.002683057613288,9.938888073584852,3.129613040523557
3628,training,0.048639736892702366,8.972747844511147,9.941234380649846,3.104627701608805
3639,training,0.031166550456059348,8.541817291269973,9.956827686789655,-3.042803772723586
3643,training,0.019782793183764653,8.40530222674832,9.94266303542176,-3.061453780425651
3644,training,0.016896730703709516,8.349362956558426,9.941712546909557,-3.087987322523238
3648,training,0.01940817480916758,8.163609105001132,9.943133997528264,3.127558181321174
3649,training,0.014903796057727096,8.106557294622268,9.946190155327391,3.1059778647717886
3650,training,0.014424788448445258,8.080075299570018,9.948018590630383,3.107297644659119
3651,training,0.012427020278223668,8.05035997401987,9.950150774201548,3.1093625254551625
3658,training,0.003806042642217579,7.83629991467502,9.950054216341123,-3.0746589376554954
3659,training,0.0032780025322967253,7.796161689931438,9.948252419463584,-3.071404105642568
3660,training,0.0039519313430776,7.747374835816327,9.946085228243378,-3.0726329184752696
3661,training,0.01180291488531563,7.711762839884299,9.944505620097116,-3.0728695941221558
3663,training,0.010150686908412608,7.6189975436452855,9.939185895429608,-3.071172853832016
3664,training,0.013027463800784523,7.577726639389066,9.936913344512023,-3.070569062314693
3665,training,0.011026348101553198,7.527568877341098,9.93466011966705,-3.0733530463743626
3666,training,0.015021051573606767,7.474959704517213,9.93251760911255,-3.08802576108044
3667,training,0.017374135964621475,7.42367525624936,9.930470004911582,-3.083955751976917
3668,training,0.012919541257651905,7.3829366839783255,9.92939496514313,-3.09330289919163
3669,training,0.013639443463751365,7.3271977833401785,9.928465298113863,-3.108240624154545
3670,training,0.014324820084760983,7.251572918225061,9.927531153830587,-3.105449319038176
3671,training,0.012697781154058453,7.217115855052743,9.927306844565356,-3.1074253030457832
3672,training,0.013447642396003745,7.179319504718222,9.927898296220452,-3.1051996148030447
3673,training,0.010079388768020472,7.137524436496744,9.927689697310795,-3.114188918865373
3674,training,0.011064399594416798,7.093121069027457,9.92720852105265,-3.1136444917971846
3678,training,0.01138531345545033,6.921576511326394,9.929335806965767,3.1279266081216837
3679,training,0.009219804381174347,6.881656521652194,9.930972233008449,3.110710399952192
3680,training,0.005358069108421872,6.841497754956631,9.933551728430025,3.097769891104614
3681,training,0.00830186764349522,6.790837949240216,9.936677679825072,3.1025768675442764
3682,training,0.00985785392836507,6.739251379420401,9.940369862402925,3.10459354450065
3683,training,0.014285707406539576,6.679362701607131,9.94465947793489,3.1110771432946596
3684,training,0.020760136265187464,6.638133790908901,9.94713413703105,3.10897782724478
3685,training,0.01943562468176321,6.620645471754933,9.947398069352635,3.125559242160873
3687,training,0.020599635659344907,6.567469181409773,9.947751507784531,3.137740865223105
3688,training,0.020812814111592668,6.537775315696678,9.947090321081513,-3.1228758577929456
3689,training,0.023771844954428436,6.49610959856316,9.947433286474185,-3.1303003034536556
3693,training,0.007416271114422893,6.329918250015839,9.94880609252036,-3.130400650975675
3694,training,0.0033227200215977743,6.281944371533282,9.949565480051836,-3.1289049697193585
3695,training,0.001664999961784291,6.235982398807223,9.949501781371355,-3.124830256914192
3696,training,0.009133071976605732,6.195385448069535,9.949565005632198,-3.127420305973519
3697,training,0.0035091443835470445,6.154684358851428,9.95017785400653,-3.1362716543586457
3698,training,0.0071642289301751955,6.101577839069846,9.950810221821078,-3.136926123480653
3700,training,0.007060346644806415,6.041679289775179,9.95230920358848,-3.1334832117650264
3701,training,0.008254148049695065,6.014672950724644,9.952460198277635,-3.1202167857496494
3702,training,0.009198105370459089,5.983357721688006,9.951998982935638,-3.115165217694704
3703,training,0.013980934056186186,5.941542696706923,9.9505919319465,-3.0960107496965827
3704,training,0.010692020891931235,5.888550330037223,9.949497763570252,-3.0973054819283483
3710,training,0.011684058366029697,5.613731331023962,9.941804842792438,-3.0432563808621405
3711,training,0.012868846988545022,5.547677609281544,9.939572499010419,-3.0443969240769135
3712,training,0.012620507569791297,5.500318707644739,9.936846892475584,-3.0340856311485833
3713,training,0.009408867826699802,5.468046660641264,9.93559907096731,-3.0363763522526623
3714,training,0.009981629831084483,5.425467444551952,9.933293330000344,-3.0395876186706627
3715,training,0.009632644919797826,5.376341828108796,9.930120524418212,-3.0390374849260153
3716,training,0.006535502707483942,5.304267014178898,9.92497398398818,-3.0419892308557084
3717,training,0.0076021423135974485,5.254257126586606,9.921662636441711,-3.0484392505592446
3718,training,0.005584464469473907,5.209990362064963,9.9194368705245,-3.0561129147293875
3719,training,0.010395409522578879,5.170679836070823,9.917798124756871,-3.0823745917906984
3720,training,0.007477919373778279,5.1237133863033355,9.91616977348556,-3.084325458400399
3721,training,0.010356939668783833,5.1028892126782885,9.91527765297971,-3.08913423496255
3722,training,0.008489569929382918,5.069507193851458,9.91399393913504,-3.0955205144506444
3723,training,0.015058311092848387,5.031800414902504,9.913374487997487,-3.1039859573578887
3724,training,0.012381802647725537,4.994015703551812,9.912850290492742,-3.0923233034324
3725,training,0.01592926425916247,4.952046059509673,9.912166154543819,-3.0971964074013347
3726,training,0.01707830550231825,4.916110039038099,9.911867893236742,-3.095897506959761
3727,training,0.020775069423238923,4.874653041214894,9.911298311057958,-3.0888925779969982
3731,training,0.026614386431727876,4.688704208712142,9.903199579429707,-3.069620436274496
3733,training,0.029311759049060387,4.623389579057566,9.898981278997892,-3.075734426127132
3734,training,0.028855970750569775,4.59089246894871,9.897432607698189,-3.0796605355764295
3735,training,0.030662749117111837,4.5626253815766775,9.896117507690176,-3.0812839617089685
3737,training,0.034108664208887765,4.474657907528067,9.89213591404496,-3.0977677993126127
3739,training,0.034878264739310924,4.410470984014981,9.88917647144488,-3.09167905689974
3740,training,0.03681860692084787,4.360268957699515,9.887395568183168,-3.0902222773059744
3743,training,0.015911559941706847,4.191139541361614,9.881584535639952,-3.0660084054620347
3744,training,0.011623671709270048,4.138034372966118,9.879585381223498,-3.05239179468215
3745,training,0.011271100527911852,4.093063326511315,9.87696134543348,-3.049850111366291
3746,training,0.004889832928511942,4.057245979137507,9.87330319758445,-3.03750979495003
3751,training,0.011098614724592669,3.845002879837921,9.860771044591006,-3.107485447507297
3753,training,0.00738341573319792,3.757653356021925,9.86028548505276,-3.1331962670242124
3754,training,0.01420520289099319,3.71739423252979,9.861136675401648,-3.1397766950556067
3755,training,0.018016857578047548,3.6849952153274494,9.862047828753711,-3.136615688964044
3756,training,0.024563558586516605,3.65206107956627,9.86247063442271,-3.1230906428493688
3758,training,0.032074983353164825,3.5806252451848484,9.861290062100549,-3.0830362497520247
3763,training,0.012987662391045488,3.3853019683590744,9.845503568401,-3.064233211678731
3765,training,0.014262997270177671,3.2788304829837513,9.839535505676096,-3.093591914134345
3766,training,0.013014381724640001,3.2334775788359207,9.837905045533503,-3.092656773148924
3773,training,0.008008335884637249,2.939876171745069,9.833685645185392,-3.081294237240983
3775,training,0.00488407467512064,2.852906037448642,9.828635758647017,-3.039268375443918
3776,training,0.004381576169423197,2.8041427136522743,9.825295713723765,-3.038204292080002
3779,training,0.006230214239850838,2.655330066216256,9.812205157143062,-3.024241430937679
3780,training,0.012257822111002679,2.6059907929151604,9.807346073561233,-3.0478333357800262
3781,training,0.00761446633830182,2.5629674972416474,9.80349793072487,-3.06147893914456
3782,training,0.010299115101771197,2.5194570621461785,9.800632224808759,-3.0770298720065137
3783,training,0.007169099242441426,2.4778965312288204,9.798711118867491,-3.0756814757557325
3784,training,0.009848510103437506,2.423417538220669,9.796225178544846,-3.0834174322470798
3795,training,0.020276236826980532,1.8703256843159517,9.73566989288923,-2.9207471982927182
3797,training,0.03248684420042211,1.7857419497024343,9.717771264316811,-2.925564014498008
3801,training,0.04193230078214704,1.6218450076275979,9.68437493048673,-2.933671568476553
3802,training,0.04341785756430371,1.5898080927289209,9.677833320949302,-2.9210384571521235
3803,training,0.043962543242094906,1.5590357775653925,9.671649349966692,-2.9194180962257184
3805,training,0.04670940214379487,1.4903354248132108,9.656261007553878,-2.908668032199791
3808,training,0.03820586961320939,1.37423855128734,9.62937741382711,-2.8872558219004674
3809,training,0.04494885260307575,1.3238953228471482,9.616762150383467,-2.866676918294163
3810,training,0.053624784926984664,1.2857770869854903,9.606004037395063,-2.8447475528537396
3812,training,0.0683843942805357,1.2050480123085687,9.580508422416324,-2.7897397883839763
3816,training,0.04873376422091299,1.0249564034048293,9.499865641040786,-2.6323212902105304
3817,training,0.04497021786601538,0.958366921923091,9.461143621884172,-2.5722775578550485
3824,training,0.06101777221840478,0.7776960338082902,9.304988284460856,-2.2727535459833867
3825,training,0.06472577186185881,0.7523140374888251,9.278459113405223,-2.237089458506518
3826,training,0.07151346610670957,0.7307705573652125,9.251217950661168,-2.1983410654985747
3828,training,0.08660973023168891,0.6872179156903888,9.188037899299006,-2.106880007557175
3829,training,0.08842110344770489,0.6691150813810459,9.156617543932493,-2.0543633096496485
3830,training,0.08816033481289984,0.6493883176770626,9.118151784368859,-2.017267948597302
3832,training,0.06423531019986307,0.6203923631864197,9.049460018126492,-1.9072467325206686
3834,training,0.059754625995469324,0.6160783469929028,8.999472465826548,-1.8547786948739133
3835,training,0.062329718668541666,0.6193375966784311,8.992329098814151,-1.8444680242166422
3836,training,0.06564936859214997,0.6217031213192845,8.98362570576335,-1.8391558258988432
3837,training,0.0609126956667851,0.6138957470214346,8.95222526011732,-1.8446648526982505
3838,training,0.05288775461657302,0.6008835424654618,8.906812835584917,-1.8308545973993453
3839,training,0.041757792337846024,0.592705371472636,8.87825541368877,-1.82876560526457
3840,training,0.032213181173034545,0.5814310370988454,8.837523579166911,-1.8145689267010228
3841,training,0.027306450206825574,0.5691126009844847,8.796954603147704,-1.8249217688377943
3842,training,0.0205883014608481,0.5609107807369926,8.769375925878773,-1.8210857902947344
3844,training,0.036463933824649575,0.5413921126824665,8.703678142922106,-1.8125983863823145
3845,training,0.032875458005990156,0.5337615854257306,8.67720738453292,-1.801555388288344
3846,training,0.023355253489699048,0.522660294913341,8.63567733211249,-1.7885992897558607
3847,training,0.019171777014369493,0.5149171406691139,8.603176585121988,-1.7780024609610872
3848,training,0.04088579527338095,0.5019500562020137,8.54742963892705,-1.7663606838516677
3850,training,0.04257771124679973,0.49264705468977904,8.50335193057639,-1.74493590636188
3851,training,0.03612089784825562,0.4885157080596409,8.48280430907087,-1.7578306043250793
3852,training,0.03778131837233514,0.4840723752123309,8.459530902372874,-1.7512249166722378
3853,training,0.026413173119767448,0.4781708983638856,8.43247079306307,-1.7320832376451014
3854,training,0.031128375912380737,0.47363589622684693,8.410582458522908,-1.7198342625007468
3855,training,0.01683467463224028,0.4671398232075421,8.372161793427692,-1.7103678976869603
3856,training,0.012245666761363372,0.46259463268715295,8.337547240017026,-1.688725272008798
3857,training,0.017175177884482213,0.4607731722327521,8.320080495913741,-1.688978002882281
3858,training,0.018921730211347954,0.46259816768338813,8.321505282305528,-1.678271008551968
3865,training,0.024200505907938697,0.4708105209652151,8.213072699552553,-1.5413003421563076
3866,training,0.019347560343006536,0.4725062818165003,8.184626988812267,-1.5316157004132764
3871,training,0.019104059185835638,0.470652788363833,8.02496900038422,-1.6164421614988225
3872,training,0.027592659382114536,0.46882743338491945,8.002791961016067,-1.6335663545345978
3873,training,0.014949301285038376,0.46698590902917453,7.990486471877574,-1.6479058665486628
3874,training,0.012498398981037022,0.4642583136968857,7.986221688028161,-1.6659440916926944
3875,training,0.018775490285856847,0.4599623414487736,7.964384272915691,-1.683202299346542
3876,training,0.008938304656381237,0.4572088193580126,7.940436673731677,-1.6740015260147896
3878,training,0.006837880304777042,0.45111425825612134,7.875047709533621,-1.6551991232143888
3882,training,0.008670338872719351,0.4483805262833119,7.82627384974941,-1.5685419076478717
3884,training,0.0101532914519365,0.45039342230206564,7.768740724347898,-1.5359128146411734
3885,training,0.005392021349100172,0.45083510665936555,7.72285778593481,-1.54281177535631
3892,training,0.012116560579743708,0.4434013716264852,7.437034962882753,-1.6426146332071245
3894,training,0.00605062549684714,0.43709937304956603,7.396081635014806,-1.6689239260719073
3895,training,0.006883247605991368,0.4327661195720131,7.4106565196024,-1.6833428291832864
3897,training,0.007382240241681097,0.4257605219415701,7.387114759813247,-1.665657877255681
3903,training,0.012764141924431562,0.42199426512091737,7.193189236045675,-1.5063044691029892
3904,training,0.02179270916547813,0.4250621153347065,7.159510416069995,-1.4841623821993284
3908,training,0.019977994221614018,0.4360355626215223,7.0180928848555135,-1.510543666212889
3909,training,0.01838127968290096,0.4376327142108552,6.97424949721266,-1.5525733409525702
3910,training,0.016778025628885314,0.4389620171899217,6.92507258805119,-1.5530354915339037
3913,training,0.008662540369265677,0.43733286887101525,6.78916798769186,-1.6060577709308088
3914,training,0.002932399497681113,0.43587452052557724,6.746714982325464,-1.623208091618267
3919,training,0.025867007597553605,0.4189764098059919,6.4943227018076035,-1.6529935367306958
3920,training,0.02868072205369525,0.4150742409642785,6.458132917843499,-1.6559933259960276
3921,training,0.034072864480469534,0.4094053754161042,6.390613440894872,-1.6327840119787953
3922,training,0.0390778149618804,0.4058568758851546,6.33773505426763,-1.6131120112787225
3925,training,0.04702616783603362,0.4016862812382055,6.240744419348179,-1.5465852968271716
3926,training,0.04564101958591136,0.4027282886854172,6.195742864137276,-1.5160700080411937
3927,training,0.04386029601565315,0.40510290514069924,6.161748374473978,-1.4883221760590493
3928,training,0.04153480323099152,0.4080324819491883,6.118171054866085,-1.501061455276308
3929,training,0.040041048185200837,0.40989565029180586,6.093280745294239,-1.4932731593384876
3930,training,0.039080088698738163,0.41219435839071905,6.066728162901739,-1.4781486102982333
3931,training,0.035345240906134175,0.415419779962736,6.022939961758334,-1.4788796083169493
3932,training,0.03541426745544663,0.41742177113496015,5.982169535191477,-1.50997536288104
3933,training,0.030469672836961875,0.4202678797197778,5.92793078944678,-1.5189264380978234
3936,training,0.028260632312474825,0.4253788014334531,5.815981384537698,-1.5382925406183972
3937,training,0.02551244397100113,0.4269870556779741,5.760718114310753,-1.5484267933641607
3938,training,0.025679370159684488,0.42878188249016497,5.69724243238277,-1.5612101410683414
3941,training,0.02325160765971638,0.4295508530043704,5.500050583819051,-1.5801002322436863
3942,training,0.02490048559655037,0.4280677653899529,5.454523825288535,-1.5930227881239996
3948,training,0.008242003300073856,0.4276565090703329,5.1874787390545904,-1.5178357304983388
3949,training,0.007886411318371103,0.42950799716333615,5.1464082465481615,-1.514036301179188
3950,training,0.0017592341192391337,0.4326897091831154,5.092107347900911,-1.495511662237581
3951,training,0.005887512894236769,0.43451933052084396,5.049126447970354,-1.4977002272291866
3952,training,0.011657595729887872,0.4372141208526066,5.015104115013011,-1.4932304759368618
3953,training,0.01321489909897866,0.44081646533730273,4.955533656531094,-1.4945630092805633
3955,training,0.015696813541333392,0.4481820378663255,4.8547580166808,-1.5084789911956193
3956,training,0.016144586987937023,0.45069207261185007,4.800891277705192,-1.5272217022757124
3957,training,0.015474933523784356,0.4530746012677535,4.749644674892902,-1.5275650872500894
3962,training,0.022177056244198304,0.467503254377249,4.449299524338313,-1.5631109173221982
3963,training,0.023002715027737645,0.4696439572532658,4.3684146110803015,-1.5732975528781374
3964,training,0.018346637473445938,0.47180601273384787,4.297287314594213,-1.5835866980496114
3975,training,0.03281931077965164,0.5041976059880198,3.5885018077667774,-1.436741030539654
3976,training,0.04041691413865294,0.5132258578340293,3.508837263875551,-1.4439815324419516
3977,training,0.04632372109659106,0.520579294986586,3.4319266862478193,-1.4389231405671559
3978,training,0.048788117834042515,0.5266272423193155,3.363071188074839,-1.4693573972348568
3979,training,0.052605936012911865,0.5339790082556839,3.2885010022027026,-1.4889779020457181
3980,training,0.05555148963372162,0.5403716759762554,3.218311397019032,-1.523165129589141
3981,training,0.05717044078920771,0.5450133916802982,3.1302427031232782,-1.5710165840201649
3982,training,0.05307142324173989,0.545019345342835,3.044205815276953,-1.58835961996966
3983,training,0.04680196641878865,0.54310432558918,2.9909912861224632,-1.6128489078304225
3984,training,0.03980566684178116,0.5405691572738316,2.91521917722266,-1.621231313633643
3985,training,0.033548644041128096,0.5427999737990414,2.831964077079148,-1.6110239056264466
3986,training,0.025719331375723044,0.5408402663620864,2.749972213376156,-1.6106785512342598
3987,training,0.016173734036052333,0.5385751418047008,2.688849622286412,-1.6051200721084569
3991,training,0.011232203790081673,0.5436924588914354,2.4339432921641557,-1.558715313839995
3992,training,0.004312575185776293,0.5444403338745376,2.361322064495989,-1.5493972345078963
4000,training,0.030726198978237307,0.5767758840597508,1.9176618857207117,-1.4692624294944423
4002,test,0.03797268631201709,0.5857106725739163,1.8344756148806594,-1.462307419191658
4003,test,0.042984756411903156,0.5918587561412522,1.7897298519032505,-1.4659630376157693
4006,test,0.05873938856715255,0.6133761365522648,1.6487174685391544,-1.4883694686076383
4007,test,0.056242779985220044,0.6189764256003577,1.6077923242409118,-1.485605465922214
4035,test,0.09806971817476001,0.8400705206015235,0.5271959380610142,-1.0947964464467943
4037,test,0.10818062180797222,0.8692317553568493,0.4764214461918101,-1.0148555077295904
4038,test,0.11184721949172732,0.8921626328353839,0.4424205653848251,-0.9565509671500724
4039,test,0.1139355137502511,0.9140809605168274,0.41449885012822507,-0.8799164395546787
4040,test,0.11313557624913446,0.9391555532418231,0.38637620297488534,-0.8220207717103468
4044,test,0.014072430800934427,1.0381083037413497,0.3041037645640385,-0.6485973384249888
4047,test,0.005172269710362315,1.1112168329064287,0.2561949256037075,-0.5786222160887499
4048,test,0.009747923283629384,1.1470560343565148,0.23439648648091033,-0.549483155182453
4049,test,0.006629932748541347,1.173924177633316,0.21986652047651833,-0.5426930129255835
4050,test,0.013590334836083216,1.2067989202362785,0.19967912832942222,-0.5117034400499249
4051,test,0.009984520341443254,1.2449182360989115,0.17649305039322227,-0.5073418887661856
4053,test,0.008501230858194488,1.3100746816028668,0.13951554370669503,-0.4689130405173327
4054,test,0.013121964202903666,1.3491725266975259,0.11929386358487275,-0.4658304657581929
4055,test,0.03224068339212366,1.3839874784788488,0.10260701544982978,-0.44195712490520045
4057,test,0.021913351585500285,1.456436742528472,0.0699705543623539,-0.3882929577430921
4058,test,0.03925703460182625,1.4906715285237275,0.05635609883627939,-0.36086917299271193
4062,test,0.015380479657368875,1.637697795182976,0.00852884166238555,-0.24214601572482178
4064,test,0.018184202618099575,1.7011203833993698,-0.006080816883547567,-0.21680738076736433
4065,test,0.031390319579770586,1.7341902121181756,-0.012125363431929334,-0.17849519051792212
4066,test,0.034517560040637114,1.7547527067111097,-0.015380526055868817,-0.18110280641768223
4069,test,0.025724552332089146,1.8265550432024134,-0.02832580374420244,-0.1508376456246883
4073,test,0.008393695773008957,1.9166557602977445,-0.0443730848719778,-0.1477936937984288
4076,test,0.008287765645948296,2.0396671104748756,-0.061877653645337365,-0.12012886266606755
4077,test,0.014504367831987408,2.0875835694037375,-0.0685485291184927,-0.10991025850211847
4078,test,0.01836402383405152,2.1179647937722286,-0.07216837979999202,-0.09603247983631832
4079,test,0.024843512557719435,2.151685760459522,-0.07639623975068315,-0.09101123552986475
4080,test,0.02487720436158539,2.1873623424868387,-0.07970975467699278,-0.06987378274531063
4081,test,0.02665646648976569,2.2165461581099337,-0.08154643413936892,-0.04104378145608352
4082,test,0.02782402712635551,2.2319514829686655,-0.08218744678552305,-0.029205925627295806
4083,test,0.0290697726901799,2.25293439940096,-0.08233913240948046,-0.024187914249711683
4084,test,0.029383418700925694,2.2763306260230434,-0.08214128120049033,-0.0017976786356377452
4085,test,0.02841200260466166,2.303278544234199,-0.08206105017675831,0.014738126689341487
4087,test,0.02483613671919837,2.3619040758500844,-0.08068405245403348,0.026327883086017412
4089,test,0.021958748115210265,2.4638902188494023,-0.07833907679690197,0.034945426684157586
4090,test,0.02216150376306109,2.4826468787343,-0.07779147073845415,0.04244663437740813
4091,test,0.02137712547736204,2.5066483316751906,-0.07674515992000427,0.048229525314649704
4094,test,0.005231976926669598,2.6311309539873164,-0.07168504453167718,0.05028234265213852
4095,test,0.0006910326568040588,2.6755658366196937,-0.07057493980469819,0.03536449248680603
4096,test,0.007387419940687925,2.7188290886388526,-0.06990521539377391,0.026653405465212266
4097,test,0.003387639776746828,2.7481277366087524,-0.06967421082326362,0.0225004785826502
4098,test,0.008308528542809038,2.784268092376821,-0.06916074223414644,0.026735766839610327
4099,test,0.006030094069121924,2.8312019911300896,-0.06962030013511593,-0.0030556603648600406
4100,test,0.007839208919230602,2.86960292635566,-0.06986968767011355,-0.015959082387208293
4101,test,0.00954905696936215,2.9091256195592727,-0.07029681335950007,-0.016107094192890876
4102,test,0.01018605186533912,2.943943148902476,-0.07173389225474058,-0.02819697681844321
4103,test,0.01339430077399389,2.9667808102378523,-0.07384719558900797,-0.02447299281360858
4104,test,0.011867944113293259,2.997779998249324,-0.07536467191553778,-0.032076272773664025
4105,test,0.017805462235098574,3.039763818483453,-0.07726831694071853,-0.04245708099844644
4106,test,0.01687845602378693,3.0812262918646582,-0.07943078995235728,-0.03926267559232388
4107,test,0.019240678646450033,3.1192377033454997,-0.08098883458113759,-0.03029897359463623
4108,test,0.022878054540020513,3.165275330504423,-0.08288316730557414,-0.026809300045205074
4110,test,0.02560375000311184,3.226830366782595,-0.08807060288216698,-0.012423536259989596
4111,test,0.027112134464135906,3.247155193330859,-0.08918729840020952,-0.011187460527188355
4112,test,0.028699398062070936,3.2815122209180974,-0.09044578180452252,-0.006881787818918834
4114,test,0.02916017829637778,3.3517656884391536,-0.09114232536168666,0.024678133191703984
4116,test,0.029018952222868374,3.4166960204130046,-0.08922683015216405,0.04267572399795809
4119,test,0.023821270910821927,3.472822281649765,-0.08524214695313549,0.06913838761029749
4121,test,0.01970540527199215,3.5552004298388775,-0.08075676917196313,0.07785830414928774
4122,test,0.01715469352445029,3.597060682878545,-0.07806564586056415,0.08364735322338247
4123,test,0.01537862997797129,3.644655158824613,-0.0752760853451948,0.08302292599714296
4124,test,0.011787407899411476,3.6944920316049985,-0.07100526450704099,0.097306006534221
4125,test,0.006136652707605712,3.7537492046453815,-0.06670585544666363,0.1015361306525023
4126,test,0.011700897204531704,3.8126834086486183,-0.06272506864776314,0.09030176066726779
4128,test,0.008921872149082024,3.908695596903215,-0.05636000356593147,0.07584036127257984
4129,test,0.0076828455143937765,3.951554328508413,-0.05334278386492944,0.07480568448682354
4130,test,0.013365286400104332,3.9920761698248373,-0.051197259933178155,0.07689464373208928
4132,test,0.0176569496959306,4.109885494851606,-0.047070506845223,0.06540157744227748
4133,test,0.020568350887790746,4.148728873529694,-0.04536144939279652,0.0637227649142649
4134,test,0.003900511305317186,4.184058113222986,-0.044003728646696896,0.050181436057041895
4135,test,0.01104508468169697,4.224341213073966,-0.043083765826484884,0.056380625174924336
4136,test,0.00782286524491817,4.265461411868613,-0.04178940925687617,0.04965823855715268
4137,test,0.0065154418952478805,4.309555963078278,-0.04082756043517846,0.03288990254588038
4138,test,0.0045718819438687625,4.359873979297916,-0.038996854904255335,0.025909164428305865
4139,test,0.0073253998651998855,4.41617218817377,-0.03739114365527171,0.024030058453838002
4140,test,0.01010625427188384,4.4746024435643355,-0.03664179615671326,0.008847293161531083
4141,test,0.011420097197658309,4.5231075074112,-0.035621879861738086,0.015056790269099483
4142,test,0.01100691324335967,4.573513526801758,-0.035529066747110094,0.010354279867739362
4143,test,0.010260396198293786,4.629176225887338,-0.035355110516060315,0.013955147802200892
4144,test,0.017348432938311818,4.67140108250488,-0.03564606411791221,0.0016339352918321606
4145,test,0.014908553170510312,4.708832372554018,-0.03608392616341202,0.0024135849202095903
4146,test,0.02112784802676256,4.74518431533626,-0.03701194253393878,0.0027122894846121747
4147,test,0.02060771656173957,4.7916097646596025,-0.036891370231356815,0.004642693262980364
4148,test,0.020146570864572076,4.83381542828628,-0.03722867176576271,-0.0007216267997141492
4149,test,0.022449819054252557,4.8819863290786945,-0.03855628757111475,-0.0037752770461514647
4150,test,0.023202199279868763,4.905919197013566,-0.03887308822388543,0.009167674236129178
4151,test,0.025366517635432635,4.940950682968348,-0.039243086717612806,0.00021729413061078652
4152,test,0.024830290692447785,4.98254259044309,-0.03952090016411939,-0.002408221220143814
4153,test,0.028275822569484858,5.021776344537593,-0.04033570008344833,-0.0030743929178813005
4154,test,0.027246013569284078,5.052871822121876,-0.04079154442270596,0.007554671963755609
4155,test,0.027947143593481025,5.075624985314,-0.04080501170119557,-0.0009591011894382056
4156,test,0.02750702828981301,5.105158360707998,-0.040937547292823236,0.003776172719032138
4157,test,0.028295419913129793,5.134524452134678,-0.041564105662961176,-0.00461629167335959
4158,test,0.030118549301400982,5.166358909655948,-0.041963248598787764,-0.004936250146122722
4159,test,0.030305716881520766,5.207208392121271,-0.043197034508049965,-0.0187184507215467
4160,test,0.03171667216706678,5.252799349305432,-0.044008693230929236,-0.01780881051832223
4161,test,0.033825071943215726,5.2931277898599935,-0.044619573425567736,-0.01594588107169807
4162,test,0.03303165995119151,5.33108594680438,-0.04531989507362219,-0.01341916119163294
4165,test,0.03917588038848286,5.425923724437104,-0.05061161104571931,-0.03562672843650888
4168,test,0.04245622959773112,5.533606469441702,-0.05417143527504943,-0.0372542588213293
4169,test,0.04309650367861455,5.552712804047308,-0.05451129276916911,-0.01982840631150094
4170,test,0.0442388964393355,5.577060190064966,-0.05553166002853652,-0.0232148713966558
4171,test,0.04581665047313091,5.622817013776185,-0.05632018445446785,-0.014604616568689801
4172,test,0.04464365117328312,5.636045314270189,-0.0560313999586589,-0.006693677964734661
4173,test,0.0456977545150579,5.671857421688579,-0.055898760083966686,0.008145701665057703
4174,test,0.04451260938284388,5.705801319390174,-0.05589377047268156,0.023542634649329146
4175,test,0.045348658446987634,5.741092052725523,-0.05589589835047814,0.025251053348085067
4176,test,0.04560876578230963,5.770801590964046,-0.055400216170189975,0.03619895574804587
4177,test,0.044150593729324845,5.797186297566452,-0.054216488550676345,0.04663273977271435
4178,test,0.04148691614239103,5.827152317923422,-0.052394896653632804,0.0483723264583452
4180,test,0.038009885404678034,5.879509110102215,-0.04909485015971101,0.07021310954167767
4181,test,0.036817850378994474,5.916148684933042,-0.04695553573428805,0.06949752154899824
4182,test,0.0339934056515142,5.9566743386304,-0.04511421588300491,0.06983517836978759
4183,test,0.03222982593078213,5.982962108364533,-0.04333472372394521,0.07691971866529136
4184,test,0.030753012779481444,6.003509973185956,-0.04158772518777062,0.0813045714605187
4185,test,0.029465040627141035,6.025792080895679,-0.03977027796276153,0.08011218794353067
4186,test,0.028454440616739324,6.039123309087837,-0.03873631255418813,0.08830831676055771
4187,test,0.027764917770136538,6.073841493396358,-0.03743183143974333,0.06590123621692885
4188,test,0.02816945824507256,6.094272687822135,-0.0366171570360114,0.06556717472591234
4189,test,0.023417084299001405,6.131932697087786,-0.03441897088365409,0.06799246020875753
4190,test,0.02459401595460643,6.170588678897493,-0.032515723752581924,0.056135094601560055
4191,test,0.021131418520153735,6.201553547716722,-0.03125537644483701,0.05435424462211737
4192,test,0.019853531488560103,6.23178744971966,-0.030797235247317194,0.03754256640994268
4193,test,0.016709605833923738,6.259810667227005,-0.030984455552909403,0.018669468030060726
4194,test,0.006494968542257644,6.28746196293013,-0.030808286766055477,0.03347161114195719
4195,test,0.009046234502862353,6.329170768564993,-0.030250145017112175,0.01634362303072038
4196,test,0.010483090969572234,6.38541415143749,-0.029982749749250154,0.01780569375282038
4197,test,0.012854452409583342,6.455177094269567,-0.02983853903882612,0.002905399489066633
4198,test,0.01450226530369796,6.528212781163805,-0.02939888147738026,0.0035269689954475236
4199,test,0.014814207282787565,6.586270689887791,-0.029685117758844703,-0.0009447838398616028
4202,test,0.014049283222844404,6.675390212497179,-0.03246100918608349,-0.022395939893914005
4205,test,0.047911611833807814,6.795483260467472,-0.03444039758139508,-0.011914049937553624
4206,test,0.051666431127363084,6.832616817614853,-0.03512110780817349,-0.0025265971563282158
4208,test,0.05596875673978492,6.88490343339469,-0.0359139196804277,0.011576238572980258
4209,test,0.05611164904971424,6.906644608036019,-0.03565043180217329,0.023668285935026328
4210,test,0.05544965485896113,6.928881868886218,-0.03543540795479631,0.01436348071984045
4211,test,0.05377065954951913,6.9752528107567775,-0.0341066965856942,0.02985941690922128
4212,test,0.05300623120607245,7.000083528181892,-0.03333878219563411,0.023339288155205466
4215,test,0.05005794259223055,7.11257550392793,-0.029534780209366878,0.03508165858273228
4216,test,0.04819771106463739,7.147980514614005,-0.028549905584046027,0.04821982733597094
4217,test,0.04819980412645779,7.17786593984526,-0.02819649354570405,0.024553524121870857
4218,test,0.04851623520962767,7.2013324411522825,-0.028669851513482707,0.015372803898458368
4219,test,0.048563529515621484,7.220278596928536,-0.028874002362306948,0.018660230686073115
4221,test,0.04859669246818053,7.275066071536457,-0.028828331729746474,0.01717847527678898
4222,test,0.048836941841929236,7.304720539903426,-0.028545615596457033,0.017333329262776264
4223,test,0.04925423323060257,7.334175161432933,-0.028042869806321754,0.017660676625957532
4224,test,0.04825989906894163,7.362334722568163,-0.027591640105807922,0.02953998641848958
4225,test,0.04751517227620517,7.388977634071293,-0.027137854088467618,0.0332699726873545
4226,test,0.0464924750823918,7.416854386312393,-0.026507654801148167,0.03646495182294531
4227,test,0.04626565376535669,7.44226857652118,-0.02632004775589282,0.04018811543362257
4228,test,0.04429037635795433,7.473570634884902,-0.02455521030591094,0.06334959067035548
4230,test,0.041157119543052983,7.5273857411417735,-0.021089484085448976,0.06662378935220174
4231,test,0.040040551415933726,7.558023455473894,-0.018775944700659655,0.07687765377556842
4257,test,0.037345644415845654,8.582911289092586,0.07532870852747801,0.06903577554748479
4259,test,0.038247714805932906,8.652895744173657,0.07750776425898077,0.03549786299145011
4260,test,0.03929606675344513,8.696406209638388,0.07888316818616788,0.0355806824811055
4261,test,0.040238632174869456,8.732555848133568,0.07908365244929048,0.02363236145583208
4262,test,0.03929628890086713,8.774592767754013,0.0792299463792974,0.0068028339595270736
4263,test,0.03833427079712901,8.82803914783448,0.07821432085783062,-0.0018177471865911856
4276,test,0.008566475299697267,9.328558114443403,0.07758315873575664,0.09608776433831306
4365,test,0.06787738789933179,13.181979690981676,2.6279978722939914,1.369481501083975
4373,test,0.0755330313732524,13.199397113049066,2.9429969203511126,1.7009065901004918
4378,test,0.03325780720241991,13.159677877331227,3.173576049201404,1.728918273579218
4383,test,0.008647180864213318,13.125476314804228,3.3942629247953833,1.6987931254996846
4384,test,0.013401050481793093,13.121617054041078,3.428288298333737,1.6992360217989584
4385,test,0.012847587362301726,13.118616028560403,3.4624632989361035,1.683507574529432
4386,test,0.018626855953744657,13.113274215956077,3.5099322931175614,1.6830411066236266
4390,test,0.028066156305840716,13.105788696186524,3.672861361351542,1.5981351182923513
4391,test,0.026075125794612665,13.105911313780044,3.7163502507181487,1.5816407408817046
4392,test,0.025381934800262865,13.10620498807247,3.7592470541102876,1.564377408758505
4400,test,0.024068971347713543,13.126073348040652,4.042375579346777,1.4720648978080755
4401,test,0.026925147370246507,13.129466909925252,4.088383747838607,1.484740440591649
4402,test,0.030966388758639468,13.133518961927107,4.135982156126426,1.4727666433314068
4403,test,0.03541159002279603,13.13662486183505,4.17218001669892,1.4951034979554036
4404,test,0.03652636878312569,13.138710287108037,4.206813237897508,1.515179369471896
4405,test,0.03802405896549982,13.140057877827761,4.244046637854917,1.5345874444970105
4406,test,0.03925263416808302,13.141778606803271,4.284528774642303,1.5348882108141753
4408,test,0.04271071878734699,13.144377713993476,4.37146550954401,1.5699514301870812
4410,test,0.04123349313656464,13.143036803944891,4.470710421143894,1.6085288925194747
4414,test,0.031210560227218583,13.13300015121544,4.644648592857516,1.6548297139787762
4415,test,0.02739398525606272,13.129790412767129,4.6910302366852425,1.6645326625233245
4416,test,0.024320538137984363,13.126704217548605,4.733934222400115,1.6600621766764885
4417,test,0.022299697914116418,13.122846491205108,4.7779969645897395,1.6561079434165045
4418,test,0.017853555629797326,13.119980522099173,4.816535296297655,1.6463466445019466
4421,test,0.015115690977960543,13.117170245314144,4.919897874450289,1.5767364387501934
4423,test,0.014700104827228496,13.11819394919872,4.999877909479504,1.515324313288065
4425,test,0.009355441499617301,13.123133339871435,5.082805471050998,1.4560043883725413
4428,test,0.01778430387218956,13.137768008041112,5.193143981044063,1.4327658144396138
4429,test,0.020701693024050012,13.14239031833906,5.226474091063048,1.4308236356063946
4430,test,0.02387057476983954,13.148301243500011,5.270248802560382,1.438106862232534
4431,test,0.024536815597819957,13.153871560099905,5.311272396231047,1.4478831570651634
4432,test,0.027864608950646567,13.159109871588939,5.352623282259602,1.4536103509105127
4437,test,0.032903473450382505,13.180754844907042,5.582503165760509,1.4841796029732635
4438,test,0.035057450475878514,13.183953676141295,5.622551230954322,1.492350950238999
4439,test,0.03368007497395969,13.18665576104832,5.6583066736494905,1.4936602157202759
4440,test,0.03522698857311258,13.189589677462436,5.69011367746514,1.500261617951077
4444,test,0.009456400861026866,13.201328681798703,5.859766560688563,1.5248632962237736
4445,test,0.009893091475748393,13.204169263328382,5.913151626286663,1.5447312782292342
4446,test,0.008941638565188013,13.205772730006007,5.954890933114614,1.5631236823118932
4447,test,0.01302746168681587,13.206251139086872,5.996542718309542,1.5731830663106499
4448,test,0.005600545761604556,13.205691198913811,6.032080141509618,1.5736347687780565
4450,test,0.006381162953503517,13.20448230979525,6.105327562100465,1.5772245685671287
4451,test,0.008637016473181026,13.204808008020562,6.142623438902208,1.5707574306101755
4452,test,0.004115147903262191,13.205692354602391,6.188354608622844,1.5440252802100443
4453,test,0.0068432394998342114,13.206644806646603,6.21662163492801,1.535476581764975
4454,test,0.007145390914245113,13.208280439039592,6.266844577348246,1.523458396952872
4455,test,0.008697256182106391,13.208960675849971,6.29321161161551,1.5152516451629316
4456,test,0.007988110632725549,13.211425882162043,6.328836719778796,1.5146018674688149
4457,test,0.009686735807743778,13.214824839616591,6.381658792788382,1.4945582336835972
4460,test,0.023626803469836515,13.225321776343021,6.523857381455227,1.505302178498303
4462,test,0.03006252229046721,13.232595680982527,6.594047035399928,1.4954502171689847
4463,test,0.03203649914216661,13.234648411616197,6.62697698448534,1.497938725819159
4464,test,0.03311716390213084,13.236493087217495,6.660676392287273,1.511185426669771
4465,test,0.03633417906879128,13.238815683292618,6.703769967899147,1.517953211866116
4466,test,0.03695901874832228,13.239716465326307,6.736263738170856,1.5198027687892348
4467,test,0.034960315055531335,13.239332215275894,6.76221234486371,1.5256512622711627
4468,test,0.03477673978996741,13.241017147912409,6.79922594226754,1.5315981706773574
4469,test,0.034081716181344514,13.242999276855555,6.841080135807121,1.5333099922017501
4470,test,0.033327118209368616,13.245127472456641,6.893260966816758,1.52877844067492
4471,test,0.030709470156891072,13.246936375807696,6.938151777892648,1.533418722511444
4472,test,0.030202733693269007,13.248334139627739,6.973790418369116,1.5394143473766475
4477,test,0.02279671724215847,13.256701514758657,7.188813862810151,1.5477482262856699
4478,test,0.020900518851863767,13.259095508917076,7.233167880906842,1.5465140841598106
4479,test,0.02078100194405572,13.26068816053912,7.274456424628462,1.5470985921239901
4480,test,0.02053911010517573,13.262190251731427,7.321029718913406,1.5511879002898932
4481,test,0.01972957345566426,13.263032167174298,7.345927603207455,1.554315228123319
4482,test,0.017176243464218203,13.263477671360002,7.393086070408172,1.575747987739904
4484,test,0.00675672801643854,13.26492067513644,7.509586345212044,1.5776970206942464
4485,test,0.005963776882255114,13.265249613191159,7.562644856393633,1.5747890961852624
4486,test,0.00996916820218113,13.265841567436928,7.5975967994201286,1.5638400358914373
4487,test,0.011752172053897893,13.265951415636023,7.6208183768728786,1.5705852141471088
4488,test,0.010450354017463742,13.266534430988777,7.647291275325498,1.5554643746867285
4504,test,0.0034488539775688674,13.252084369038217,8.316003606743669,1.698160727189357
4531,test,0.1359833003713427,12.507551072058853,9.418351404725442,2.336073503031557
4532,test,0.13220084046630592,12.47847128442738,9.448805721376031,2.332139809511717
4533,test,0.13022019258457906,12.459270886061637,9.46825911842108,2.3542718952042665
4535,test,0.12371550037154504,12.40453012277188,9.521417394898446,2.382935115934111
4536,test,0.11809707620944408,12.373380526116646,9.551589643270887,2.3990574118688213
4537,test,0.11125890928043598,12.344061492705087,9.57841791609386,2.4116935455366497
4539,test,0.10066611228522757,12.285098802212058,9.627936295315822,2.47592028087534
4540,test,0.09645977864684044,12.256520485295756,9.649720834706205,2.515182526406095
4547,test,0.022590349299765798,12.061459071899495,9.746704198915838,2.7809247065550817
4548,test,0.04095524395007642,12.013778668506433,9.760903463137238,2.8164851865952647
4552,test,0.06182832203590775,11.824155560992615,9.819352095470274,2.9310870547630143
4577,test,0.1028274270956154,10.761341472224808,9.835787070737277,-3.090820598803626
4581,test,0.09712074400252718,10.564669605764236,9.841879515696741,3.0864800856285965
4582,test,0.09295466519136619,10.52597785906511,9.845339278915413,3.0810808065721456
4638,test,0.005554421905133616,8.152792251770142,9.855426718422482,3.0837298616988615
4639,test,0.008102377025339289,8.117529980936308,9.85868785963281,3.0820876676686515
4640,test,0.012544517840236686,8.088267929470181,9.862069501156025,3.0790924643553965
4641,test,0.006694977992916587,8.053914890188148,9.864120518362922,3.0929237318844045
4642,test,0.007235182141980478,8.026190944016166,9.864972993924239,3.103540438026492
4645,test,0.005548537923472139,7.922121718392704,9.868636205711342,3.1405909389888254
4646,test,0.013277025993583698,7.8873626486702255,9.86913580867276,-3.1336321374120155
4647,test,0.007709510665019368,7.844884548871424,9.869883315304392,-3.1335015771233015
4648,test,0.010556269818200714,7.808952860690575,9.870050468198395,-3.127761868967428
4649,test,0.009492882158559791,7.78295911821459,9.869699692317457,-3.134936428055587
4650,test,0.00527451754451228,7.747672521119158,9.869176324140964,-3.1218627218176125
4651,test,0.0056916283152756465,7.701819358580106,9.870028935216551,-3.140166532425648
4654,test,0.008824442072031723,7.572303583489905,9.87324794413193,-3.141034784227822
4655,test,0.011230445073972667,7.531527025034949,9.874136269599477,3.139869103273147
4656,test,0.014048773404471724,7.490650752725097,9.875392034453972,3.1355984373133348
4657,test,0.012237877284786243,7.447662501715996,9.87701890636129,3.130476754293077
4661,test,0.018337787907858127,7.275856260535023,9.883365429037429,3.1165907511705
4662,test,0.022147877144661692,7.239109956338499,9.884273077874814,3.1238848309068263
4663,test,0.020836787923358715,7.201512985307614,9.885776493470413,3.123695087156946
4664,test,0.022988553357434237,7.152355143282759,9.887805097193802,3.1293003907051404
4668,test,0.03144860303492503,6.975726576959717,9.896036051851626,3.1268962004979786
4674,test,0.040298750012866515,6.726790232468695,9.90403101652548,-3.1410392754441196
4682,test,0.05080594794035517,6.39628044738281,9.912721399536087,-3.12939321939861
4687,test,0.05361603898277985,6.17294858340017,9.913958954849315,-3.1247596025038864
4691,test,0.05559857645722017,6.035068809671591,9.913698567940015,-3.1114862179838885
4692,test,0.05531261822174615,5.988380324923898,9.912804317601164,-3.110934384536576
4694,test,0.004932630969418381,5.892475820779816,9.911057496364196,-3.0950216325853708
4695,test,0.0005599505408427489,5.8468426859383715,9.910376515343797,-3.101143385694419
4698,test,0.002825024987259837,5.7251477931579995,9.906096074733306,-3.080198179124707
4699,test,0.009994701526353934,5.682434307600397,9.904458419585552,-3.0798908692209874
4700,test,0.0017017542610964064,5.623721631027222,9.902422684417205,-3.079986186277333
4701,test,0.0018312450773225958,5.546918121027954,9.89919163491502,-3.072702093031517
4702,test,0.0105031977356929,5.512235087456405,9.898114240157675,-3.075718224408892
4703,test,0.007497058700082206,5.480009550992228,9.896887842737712,-3.068690163194949
4708,test,0.006733466043220559,5.293028884698648,9.886464492003611,-3.0523564337839835
4709,test,0.007714352273271231,5.242455898125856,9.883719566994595,-3.052894877279679
4710,test,0.0069890103511570534,5.194246435083677,9.881315236457551,-3.0548534047744815
4711,test,0.014176744926751722,5.160498281303359,9.878898067703961,-3.0521686470123677
4712,test,0.008593370636562295,5.120177175496878,9.87614923962186,-3.054076066430222
4713,test,0.013306129391337781,5.088807377699495,9.873574374870065,-3.056202251313639
4714,test,0.014142830221469088,5.057733295522174,9.871015539891204,-3.0458674513704707
4715,test,0.01223850499274612,5.02188335709705,9.867981255180108,-3.05764693751291
4716,test,0.015453683368798031,4.980598478590907,9.86457192689915,-3.0572814121610694
4717,test,0.0185610821494265,4.91189514379464,9.861014230423669,-3.0636543191285743
4718,test,0.013877996035084886,4.872350836052311,9.859728852473813,-3.0626746921104675
4719,test,0.014465598650858056,4.8454839412545825,9.85821223715379,-3.0658707744109224
4720,test,0.016600173688156555,4.807580433873314,9.856376538948386,-3.0706567929573874
4721,test,0.014804769341705815,4.773953418264605,9.854067683632069,-3.0638942490695995
4722,test,0.019088231345051124,4.738458872105523,9.851234080439601,-3.073303160176556
4723,test,0.017175968522194846,4.69441822485071,9.848351615624695,-3.0795247666518173
4724,test,0.016110972459109717,4.65083139665658,9.846515159330458,-3.076987828871197
4725,test,0.017196792693138237,4.608052568207412,9.845420728754224,-3.101538953059978
4726,test,0.014172594537947163,4.5709137962150725,9.844342847516035,-3.097160135685671
4727,test,0.015406480559410868,4.533714132652447,9.843742017070175,-3.0984332859598327
4731,test,0.01049295030208462,4.38185466801586,9.838929392240875,-3.0941442637642695
4732,test,0.009461282609872699,4.342171556916758,9.837439778116275,-3.0842886492654107
4733,test,0.012041445409503153,4.285887497084375,9.83589593002929,-3.083226803696401
4734,test,0.012430785227681101,4.23714627481075,9.833777729190603,-3.0637623407084327
4735,test,0.007916949158103245,4.191521553271072,9.831892014625554,-3.0669083062695313
4736,test,0.002462119499318621,4.147070102713799,9.829629279513432,-3.0550498108908877
4741,test,0.014523600314447386,3.9117776524120904,9.819301849039885,-3.1041040433541194
4742,test,0.0139699892521046,3.8567920187691547,9.81919987104017,-3.1210611873296434
4743,test,0.012531320573817204,3.8100286449577605,9.819693513931945,-3.139397244283
4744,test,0.006901356131757826,3.774596395200615,9.820257963211152,-3.139520541231298
4745,test,0.01259729599363976,3.733805424622205,9.820482890883298,-3.13328082106767
4746,test,0.013542451543936672,3.6890079605993438,9.820947823888794,-3.1266974773003886
4747,test,0.012715037100371036,3.6567266648675605,9.820444196095206,-3.111328917591746
4748,test,0.011431100995119962,3.626123799847113,9.820531089182149,-3.1042961325204215
4749,test,0.012671668998779848,3.5748040870796864,9.819558006412176,-3.0872171034094453
4755,test,0.007113888569626822,3.3144493016608276,9.810339015866068,-3.1162378196489624
4756,test,0.005751016388039115,3.2761588163057476,9.809803359398302,-3.1273737622155573
4757,test,0.009981697178141815,3.2306237995936,9.808892329707875,-3.1336902082596962
4758,test,0.001987987388083314,3.172718488955555,9.809758675574626,3.1357164282151015
4759,test,0.0012823102611243563,3.1218079602420663,9.810826866114393,3.126059525148651
4760,test,0.010666194411102671,3.085761846536991,9.811749538176485,3.1281402175103867
4761,test,0.006185978358422305,3.049538591100768,9.812834887960223,3.122631628439191
4762,test,0.01382694703658577,3.009265751518023,9.813972218935932,3.131674038627281
4763,test,0.01287156843662173,2.9630130260772556,9.815077634960103,3.1361442160903965
4764,test,0.013729832676599123,2.915939392278803,9.815829227829699,-3.136262757580685
4766,test,0.019159547275928557,2.8306464332802688,9.815344863306088,-3.106657815195622
4767,test,0.017619775226898837,2.791720032250708,9.814367889015218,-3.0893498456444437
4768,test,0.019462608863120984,2.738560120179091,9.812523817997192,-3.0760797483967686
4769,test,0.019873310003016433,2.704342074468423,9.81012946373086,-3.06781808938368
4770,test,0.016708945634190467,2.6637073587643614,9.80514771665179,-3.0469096537047293
4771,test,0.01687293549736217,2.6345983900049066,9.800729531252214,-3.048127937573222
4772,test,0.013876449707664452,2.6038718656182875,9.79755258681395,-3.049214754904229
4773,test,0.012353825161398886,2.5631052385640927,9.792905019609268,-3.0393542724918596
4774,test,0.010184376635267329,2.5029957603910864,9.78720471548959,-3.035387160421619
4775,test,0.006817106650455748,2.446034721715077,9.782325821908902,-3.046951904243919
4776,test,0.007995959177343703,2.3916841360404364,9.777860328221738,-3.052136532957331
4777,test,0.0065638479246260826,2.3441899774427255,9.774166025744881,-3.044405507876979
4778,test,0.005793826013853254,2.297122269056905,9.770427547206289,-3.0454671445048196
4779,test,0.008320020441378707,2.2416943696169507,9.766721577095257,-3.059038337595264
4780,test,0.007146082756656607,2.197490859395767,9.764073612438644,-3.0508208786575697
4781,test,0.008426528410509941,2.147371254126591,9.761370623654388,-3.066583836980586
4783,test,0.012175253400887329,2.039194313026014,9.752970942987455,-3.0456427024991597
4786,test,0.01479564307605867,1.9115301914596279,9.742678722934764,-3.0370151852301666
4788,test,0.010690880132609737,1.8153735723029067,9.731929948939662,-3.014481400539096
4789,test,0.012663041501259709,1.7622822390896213,9.725617814865297,-2.99362753110364
4790,test,0.008735017460932575,1.7071212320004587,9.719188459462718,-2.982043260212794
4791,test,0.012284253678480928,1.6622927277374666,9.712861330213485,-2.969681394762945
4792,test,0.007902063451749593,1.6173656380880856,9.705753150261868,-2.9623202659344363
4810,test,0.04166023231141339,0.9346218554147327,9.53853250816615,-2.6525240045687726
4811,test,0.0463669224953138,0.8988591237911342,9.518687299827855,-2.594102588359067
4843,test,0.011262662613637049,0.4266804837428028,8.528836517550893,-1.6787361837163541
4844,test,0.022241231698011996,0.42423085408445976,8.505308135026723,-1.6810024110011088
4845,test,0.021649630424674916,0.422285403710312,8.485801794651184,-1.6618682934961906
4846,test,0.021857628154977125,0.420755031771309,8.46551357013851,-1.6512841937570084
4847,test,0.023142411422670293,0.42027661751459366,8.455750764025934,-1.64572060442892
4848,test,0.02272053270256325,0.4183160136388626,8.435683878445813,-1.6332304331275964
4849,test,0.023808332345277506,0.4164213631803115,8.406756484060645,-1.6139569615533302
4850,test,0.025053592454177043,0.4145067715541812,8.379122824181977,-1.6012503213440474
4851,test,0.022195182528869806,0.41446000778965825,8.363576652826577,-1.5887510151364725
4852,test,0.023147013169048544,0.4149383783580883,8.348845798357958,-1.5691276929150135
4853,test,0.021958944850571843,0.41543872906401885,8.328233429538843,-1.5608213278966123
4854,test,0.020667476648759783,0.41562241733017974,8.303039355052304,-1.553626081702892
4855,test,0.01823083054583565,0.4164944964423006,8.27362123238587,-1.5392697448091637
4856,test,0.017341586823023947,0.4172235390888254,8.249689940024428,-1.5326543280128597
4857,test,0.011139687765054841,0.4178347045402235,8.215540315009092,-1.542826192377057
4858,test,0.014755156077629578,0.41813307124800864,8.17648165338669,-1.548220997067184
4859,test,0.007918513021525275,0.41818964870103065,8.134142848074903,-1.5578784631919222
4860,test,0.01223849740673108,0.41876570002725233,8.101946779188381,-1.5545762732193775
4861,test,0.006008333253813735,0.41874357589469297,8.068172624863392,-1.5643491374398462
4862,test,0.006788555780029083,0.4181154948083429,8.031877405455246,-1.5781343871373745
4863,test,0.010680373996569001,0.4179072267897425,7.9987354685060055,-1.585299261988195
4864,test,0.001416066527557608,0.4173786119908959,7.9643565471239235,-1.5938995369557118
4865,test,0.012250370342967254,0.4163589902817092,7.925920776797654,-1.5907426241719904
4866,test,0.0033644712774772464,0.41523678902066224,7.891517039194907,-1.6017462387671808
4867,test,0.005600223808817118,0.4146999506347132,7.857581621918479,-1.6028882865265945
4871,test,0.011568151423836732,0.41297287437435093,7.7267780817403695,-1.572815796396244
4872,test,0.00858179808771164,0.4129715152556127,7.696337049127385,-1.5774651479930013
4874,test,0.024070720328050643,0.41554253770620203,7.646109209997954,-1.5539204898073817
4875,test,0.020421654041790627,0.41745185811808216,7.633209282294447,-1.5438595378719897
4876,test,0.020204145110881346,0.41890924588520867,7.617261194297422,-1.5394282937224595
4877,test,0.017853465635008725,0.4199942311615438,7.591470546406685,-1.5427543774495929
4878,test,0.010388993947107187,0.42043860205032396,7.555532605384224,-1.5353237593696123
4879,test,0.008727456746629942,0.42137150330528994,7.521383345750421,-1.5345552443210493
4880,test,0.007587836959161043,0.421607364299682,7.48451832700049,-1.5331612657622806
4881,test,0.012065846402439491,0.42161029101853603,7.440254065284224,-1.5439843935725075
4882,test,0.006232791736823783,0.42216323542161543,7.398367833874565,-1.5304236634380357
4883,test,0.009147527017793642,0.42255399903927593,7.3539771426919,-1.5401298163379666
4884,test,0.01125195622065994,0.42226435973097554,7.3062695363776395,-1.5631067445139613
4885,test,0.013778730508177921,0.4220307989307288,7.262098227479099,-1.5590889652631776
4886,test,0.011553465990494775,0.4215238180433213,7.221188114676549,-1.5699275575295046
4887,test,0.011951956295025441,0.4199146253110571,7.186504951796121,-1.583445576088011
4888,test,0.007552042367865562,0.41893750428097,7.1505725879102755,-1.5826844538401856
4889,test,0.010766470888394311,0.4178586417843582,7.111235861880739,-1.5863674659311482
4890,test,0.005443853419526734,0.4164485283093528,7.076902078466098,-1.5882956331178946
4891,test,0.011526519471137102,0.4147873145996857,7.041884185020264,-1.5808078064688718
4892,test,0.004392744535928782,0.41268700169545164,6.9990428365209585,-1.5910846499786924
4893,test,0.01443170953052551,0.41142246164864654,6.957641665332325,-1.5770168977552086
4894,test,0.013223186771938143,0.4110323603378068,6.9266258275318,-1.5724285694610125
4895,test,0.013889455253873107,0.41103603298150415,6.896436983470539,-1.564757331571312
4896,test,0.01287273585151307,0.4117331852890511,6.859616541016049,-1.555326552056902
4897,test,0.011920466086546592,0.4115453001658568,6.82106362964821,-1.5601989003828813
4898,test,0.009371144802203654,0.41097255814780276,6.776532999839178,-1.554093475821339
4899,test,0.008390875756067999,0.4107539857918808,6.729447121299604,-1.561742147601667
4900,test,0.00674283974421608,0.4109620938741084,6.675480378405247,-1.5494463350659056
4901,test,0.007727063362806246,0.41094351571155363,6.608883108234234,-1.5620411235990381
4902,test,0.005198398793617759,0.41101700642343925,6.547998223298415,-1.5610550900139164
4903,test,0.00041176159177204626,0.41146284654522436,6.477898725342859,-1.568716529061408
4904,test,0.012141327108712515,0.4116120288226676,6.439535938986363,-1.5532126627334097
4905,test,0.012163990369598946,0.4120830655644906,6.390706396857445,-1.563902224886165
4906,test,0.006119915554831677,0.4122666411022185,6.348469280445602,-1.5739098274032028
4907,test,0.012914307808750579,0.41232622048737266,6.313945364728334,-1.5613484690228212
4908,test,0.008351525020013545,0.41217553979597243,6.282572743430858,-1.561821413944289
4909,test,0.011732676505138727,0.41192443642587934,6.243303753750517,-1.5597622009406635
4910,test,0.010843723334478358,0.41182903411831356,6.195929400299625,-1.5517275363853027
4911,test,0.009650475178720662,0.4114703289778637,6.152244856773313,-1.5577122233085703
4912,test,0.010805419005518515,0.4118336557967743,6.1263997917878505,-1.5649569614751904
4913,test,0.013780153765067396,0.41244767042821023,6.119822664490039,-1.573379608841001
4914,test,0.009533581373550638,0.41287112106951024,6.105482262664954,-1.5692794226080402
4915,test,0.006631995609907136,0.4122730984104026,6.075047791763665,-1.569059070616378
4916,test,0.009899158431931298,0.41105111493788976,6.038052088274993,-1.5827276943498223
4919,test,0.01515546796596399,0.40800933344883117,5.937276701897824,-1.5977144177631433
4922,test,0.026858072290493255,0.402844420802938,5.82205214303702,-1.611171409160731
4924,test,0.0364924793140584,0.39967023166961385,5.734189971894526,-1.6187325660704213
4925,test,0.036816389495903684,0.3984831101393154,5.692395827553041,-1.5982050547711928
4926,test,0.034906886679942135,0.39742889875589354,5.644039128334341,-1.5961590534605978
4928,test,0.029922298774810157,0.39533265045816957,5.538674465489188,-1.582798810966379
4930,test,0.027669397849929837,0.3939813381040468,5.452144269869592,-1.5651981559331085
4932,test,0.029342709531844664,0.393138301925542,5.368939122047315,-1.559472940552364
4934,test,0.02750590370527274,0.3935248115284469,5.274914596267562,-1.5429143869431723
4936,test,0.028520043775583797,0.3952226917981927,5.194087255866512,-1.5500482853453303
4938,test,0.027782571457521756,0.39730440635297454,5.081738261251274,-1.550211868384032
4940,test,0.030644461976499497,0.39941626202312197,4.959666051098401,-1.5497184525248577
4941,test,0.0321830781736115,0.40069223944359855,4.8966180213282735,-1.5417773960839227
4942,test,0.032528612222336474,0.40298287940887806,4.826008856215472,-1.5325457582261413
4943,test,0.022879504431694793,0.40424448143060815,4.759764899485931,-1.5506814684415926
4944,test,0.021951885261151844,0.4060709576962234,4.696548727090966,-1.5357082215371605
4945,test,0.021844686496002748,0.4069573400781126,4.64370976270727,-1.5523704084187964
4946,test,0.021179497464417593,0.40796239905623294,4.593673048026599,-1.5413035248746254
4947,test,0.01899326859292221,0.4083668841911915,4.536019283994358,-1.5554149511182223
4948,test,0.018423082278644424,0.40941713761226745,4.470676578939335,-1.5569836758852187
4949,test,0.016553712509855364,0.4108425452934798,4.4039085817388886,-1.550913380410941
4954,test,0.020936796406552226,0.41861015271462737,4.144479962020783,-1.5391441587474801
4955,test,0.022039132926355322,0.41996046328774894,4.092770468638307,-1.535596854932515
4963,test,0.015323597784579996,0.4535898353048511,3.5231725083560312,-1.4976146176076313
4964,test,0.013735027739081489,0.46143329760508595,3.432191205497936,-1.4875382756612257
4965,test,0.01457237338865158,0.46741580262897714,3.360202491668471,-1.4936949781685416
4966,test,0.014861484133687836,0.4717522043806871,3.301938987824186,-1.4957569505523434
4967,test,0.016782443858592656,0.4766116192500744,3.2397795304395736,-1.4895296606474657
4968,test,0.015804093158959018,0.4819805679219369,3.163438448767587,-1.4782749274222635
4969,test,0.017583028045607567,0.487043182738775,3.096663720241565,-1.482831370101387
4970,test,0.014339746136768987,0.49174806573154434,3.0341089153817777,-1.508956696040978
4971,test,0.01723466188745005,0.49649572905787864,2.9724520110337322,-1.5160090867261624
4972,test,0.0148306304120667,0.5022275542392213,2.907855240859017,-1.5221463400046769
4974,test,0.014615893013948974,0.5114552699239681,2.7780617646910946,-1.5252736210763433
4975,test,0.01414791905428443,0.5135253255678375,2.722694196228662,-1.533158758776467
4976,test,0.003545812054014099,0.5157902121294723,2.6603325894037853,-1.5396854989137672
4977,test,0.002240544237156894,0.5173616367958241,2.6079997662490584,-1.5371846843097612
4979,test,0.012693469005914806,0.5199800375592895,2.5151095938866583,-1.5293424787494323
4980,test,0.014786649485847384,0.5222521059713175,2.463917501996589,-1.5130143670078537
4981,test,0.01763693263417633,0.5242817883914581,2.4186612675031327,-1.507693047571193
4982,test,0.014010951814112708,0.5265750727671038,2.3771721352062056,-1.5021218586292624
4983,test,0.022828085221557187,0.5299766933469521,2.3396327983497365,-1.4839640148482685
4984,test,0.019827072769474062,0.5344350743800909,2.288811182307491,-1.4937133901057167
4985,test,0.02217785406466214,0.5369455320021159,2.2577068881573292,-1.4988548470682235
4988,test,0.027104483077005526,0.5479330552944547,2.1366658431881596,-1.5032843625506167
4990,test,0.03196792545310751,0.5542545260844877,2.0532980064467363,-1.5077233874268106
4991,test,0.03068236052569226,0.557237565541304,2.0150551348964365,-1.5029586491496307
4992,test,0.033157846505433373,0.5604109165070189,1.9758138743234008,-1.4967555529608771
4993,test,0.008630249312791988,0.5637216907153703,1.9375713059392488,-1.49097405443759
4994,test,0.007405860322239578,0.5668728303136994,1.8963009435545741,-1.4815857262277552
4997,test,0.014733701965600534,0.5761728853813848,1.7648032682378982,-1.4767829116978985
4998,test,0.02281445246438506,0.5799245481777359,1.721766001663387,-1.487033548472791
4999,test,0.028139920407364773,0.58353533280656,1.6808001559792551,-1.4892577503335243
5000,test,0.033829780849217735,0.5867263777222554,1.6430739861228536,-1.4874938359300305
5001,test,0.03721510963073744,0.5894355138095732,1.6087675277879359,-1.4884684919920188
5003,test,0.0270863018722337,0.5960483426516876,1.531428961523482,-1.509678377907402
5005,test,0.02473948610486431,0.6026653632025541,1.4569108621896922,-1.4970883000910045
5038,test,0.10321716992233805,1.0394360343119302,0.2791674905012586,-0.6539307859929943
5039,test,0.09674347750980214,1.0719556432833623,0.25311680546876775,-0.6391409982669412
5040,test,0.08938844422571937,1.101987484714277,0.23210537603542042,-0.6006599055350825
5041,test,0.08233155234848247,1.1340658018004774,0.2105974419255869,-0.5836993913066931
5042,test,0.06846761383990231,1.1772735349189205,0.1833247088287155,-0.5508964134168811
5043,test,0.03244756694259195,1.219996584491711,0.15651112135885223,-0.5195900179604866
5046,test,0.023374614809036586,1.3267955562897804,0.09660229864799313,-0.44161720791445935
5047,test,0.02093491446809154,1.3371295117744026,0.09230520727112834,-0.4358915964915115
5048,test,0.006991035987345768,1.3584663582855565,0.08418170847121562,-0.3959941693802591
5049,test,0.012435686637775823,1.3871551767961119,0.0718185649369638,-0.381000412616452
5050,test,0.0030222357296017348,1.4169994890938014,0.059883859848654554,-0.35890413520941844
5054,test,0.021018422240438622,1.4842310432011225,0.040923955121779036,-0.2990765819846813
5055,test,0.021668649600273118,1.5293271753672604,0.026953840326419985,-0.2787215989366834
5056,test,0.012390865443258391,1.572332336167126,0.015592450509267703,-0.2548256831720599
5057,test,0.011012176572817571,1.6073309906510422,0.006693244752176702,-0.2316659603375804
5058,test,0.009963508861703779,1.6321135529928066,0.0019460205881688525,-0.21396018254907898
5059,test,0.008530328590794646,1.6201462351059615,0.008449232094475005,-0.19211479302101625
5061,test,0.013740124972447549,1.6415252690538542,0.008424347318138846,-0.18113728504295804
5065,test,0.03746802584383481,1.7413550660907395,-0.008286230754392615,-0.16395173426538268
5066,test,0.03454521284805471,1.7670100869952499,-0.012338528897815261,-0.16334269745485294
5067,test,0.032060511016981624,1.795242934716875,-0.016748658996902314,-0.15889420459887982
5069,test,0.018608310379527742,1.8973730981573844,-0.032721248489920474,-0.138842137611574
5071,test,0.01243731583035644,1.9996030014110928,-0.04761340296055393,-0.1227760278381003
5072,test,0.006335298717082066,2.0421979094508194,-0.052296489654451224,-0.0980553395078484
5073,test,0.010857429695852362,2.071365471046187,-0.0542314934819766,-0.08197715773069311
5075,test,0.008949575086490713,2.07100515859014,-0.04997123102442822,-0.058265439945996714
5076,test,0.0030391517877756844,2.060910358596571,-0.04567040203046362,-0.04473238020788977
5077,test,0.003464080586272114,2.0852847222773248,-0.04554613547188444,-0.038752163538052165
5078,test,0.0038068214856138865,2.133560862680624,-0.04730830228418517,-0.028684454437264823
5079,test,0.008273772913132454,2.1789624413743844,-0.04934958595266412,-0.013744118820520956
5081,test,0.009411610154142673,2.2529222512191307,-0.05013314371143757,0.008736588136064151
5082,test,0.009039469844340484,2.303397598519215,-0.05060322234924782,0.015616413636097934
5083,test,0.008239815177395342,2.354335232903551,-0.051002610199961385,0.019903439439292795
5084,test,0.008860348997970221,2.3958685816676883,-0.05030167727829727,0.024073410006408905
5085,test,0.0008846536497819598,2.436523472397578,-0.04910591910526807,0.037046333784169314
5086,test,0.011436250811799222,2.473623529948448,-0.04828683737559653,0.030079762109975688
5087,test,0.009666955306677862,2.5025488391230093,-0.047824762272977064,0.03986812953700624
5090,test,0.012571941032373657,2.604286369783265,-0.047238067938957504,0.015288944577383586
5091,test,0.01329318919519523,2.627034174100323,-0.048199811548968255,0.017644541133938048
5092,test,0.011498311066728396,2.6555007723817705,-0.048706850761879715,-0.0016194377245753256
5093,test,0.004291275949992864,2.672871375775848,-0.04911766452788594,-0.0079056577525188
5094,test,0.016319444651038923,2.695068173619508,-0.05006734812678804,-0.0202477516469437
5095,test,0.009310937998602093,2.740881345440869,-0.05067504310115123,-0.016691418198852326
5096,test,0.01112031449701578,2.7688418132690864,-0.051716124067953784,-0.03370237517216518
5097,test,0.009011127241971749,2.802399883318925,-0.05423161843615987,-0.04157192283484685
5098,test,0.00656782537036693,2.8409349398102615,-0.05700479392009505,-0.04425208300958137
5099,test,0.005451142020751005,2.8794694174313733,-0.05950358724481076,-0.03167189059456267
5100,test,0.0037035210648030392,2.9131804864930704,-0.06191085224990903,-0.038209985509648305
5101,test,0.011967455682001185,2.946245961057185,-0.06415831711176699,-0.03844922903905501
5102,test,0.005736557602579606,2.985478913936817,-0.06632609134245078,-0.04448251639656114
5104,test,0.009285072455032035,3.040113996045568,-0.06848135480549464,-0.031707249747833934
5107,test,0.009008924288868455,3.110345087374858,-0.07000237622962603,-0.0016466218606067911
5109,test,0.009525613184983132,3.1539716924188785,-0.068572425468417,0.02434484962073393
5110,test,0.011460881987056845,3.175051056756193,-0.0670323823898258,0.029084700690524504
5117,test,0.002579290663783167,3.3343951103562177,-0.058814665494659114,0.0489555405227221
5118,test,0.0073598369776458564,3.327838398816674,-0.059239395205100666,0.04124975607019662
5119,test,0.009899238825867645,3.3251905735962652,-0.05936861814668041,0.03880953561729522
5120,test,0.010533147259684473,3.3245424318684678,-0.059379125060745976,0.03650115273263133
5121,test,0.010879924623834884,3.3241811333124556,-0.059426032497859764,0.03544676028610639
5122,test,0.011164359299926745,3.323884421678272,-0.05947161598349099,0.03478127146260324
5123,test,0.012146424837107825,3.3228765058705725,-0.0595559987359095,0.0345390869372606
5124,test,0.011545808242825223,3.321316780924704,-0.05966349792264848,0.034352523909250365
5125,test,0.00924454101372853,3.3190099587924116,-0.05980479008731858,0.03438952216937708
5126,test,0.006543708382202455,3.316290665556962,-0.05995705033271297,0.03451304168801706
5127,test,0.0035178569953037563,3.3131931027896275,-0.06010810649571328,0.034635006009521525
5128,test,0.001055619718902599,3.3097121940036995,-0.060278785550413244,0.0348219438545474
5129,test,0.003504790423577345,3.3065006780888733,-0.060428250651748,0.03500185402811251
5130,test,0.0065146158108036045,3.303417705808431,-0.06058066084758138,0.03511658563108356
5131,test,0.0088041044286448,3.301109155399574,-0.06068406764162128,0.03522313374811415
5132,test,0.010634773693553966,3.2992702157726845,-0.06076079636760008,0.0352757900122116
5133,test,0.012148268113613426,3.2977522020809733,-0.060822661582507015,0.03524661029116772
5134,test,0.011899476244703538,3.296781789712045,-0.0608570160679038,0.035241419318501846
5135,test,0.01119457344608007,3.296077256863846,-0.060880036140500284,0.03522193677462798
5136,test,0.010770150063170121,3.2956529775561636,-0.06089179254651691,0.035188871724379386
5137,test,0.010587879277142593,3.295470556272969,-0.060891226331579444,0.03512867867949775
5138,test,0.010287080735652147,3.2951697120338492,-0.06089579796844188,0.03509611893916082
5139,test,0.01010006425154992,3.2949825642073245,-0.06089607846921727,0.0350473441880052
5140,test,0.009932380614971578,3.294814756923468,-0.060896288346359066,0.0350251206350699
5141,test,0.009767018279234381,3.294649290116398,-0.06089702763939456,0.034996039694731536
5142,test,0.009637786269216932,3.294519923938325,-0.060896390923410364,0.03498965811113466
5143,test,0.000281111654831537,3.294364150197467,-0.06089614213087893,0.0349750010104465
5144,test,0.00043688521608807227,3.2942083764566092,-0.0608958933383475,0.034960343909773435
5145,test,0.0005950012081213584,3.2940502622389642,-0.06089511512992238,0.03495254419648753
5146,test,0.00076749144736617,3.293877774001533,-0.0608942661752768,0.034944035418358325
5147,test,0.0009807617319004083,3.2936645041815313,-0.06089373439786356,0.03492654205829293
5148,test,0.0011820003217043907,3.2934632679045284,-0.06089274395077709,0.0349166151504754
5149,test,0.0013544905709999195,3.2932907796670974,-0.06089189499613154,0.03490810637234532
5150,test,0.001598851786060284,3.293046421330737,-0.06089069231038368,0.03489605226999437
5151,test,0.001756967878396497,3.292888307113092,-0.0608899141019586,0.03488825255670847
5152,test,0.0019869549332716227,3.292658322796517,-0.060888782162431196,0.0348769075192017
5153,test,0.002202567806183843,3.2924427124997284,-0.06088772096912426,0.03486627154653999
5154,test,0.0024181806854016628,3.2922271022029395,-0.06088665977581733,0.03485563557388005
5155,test,0.0026194193769866828,3.2920258659259365,-0.06088566932873086,0.03484570866606252
5156,test,0.002820658071824612,3.291824629648934,-0.06088467888164435,0.03483578175824676
5157,test,0.00300752257651671,3.291637767391717,-0.06088375918077832,0.0348265639152734
5158,test,0.003165638697329585,3.2914796531740715,-0.060882980972353215,0.03481876420198926
5159,test,0.0033812515911428274,3.291264042877283,-0.06088191977904626,0.03480812822932755
5160,test,0.0034818709422019,3.2911634247387815,-0.06088142455550301,0.03480316477541924
5161,test,0.003639987065979655,3.2910053105211365,-0.0608806463470779,0.034795365062134216
5162,test,0.0037549806110190975,3.290890318362849,-0.06088008037731419,0.03478969254338083
5163,test,0.0038412257700358105,3.2908040742441336,-0.060879655899991406,0.03478543815431668
5164,test,0.003956219315682613,3.290689082085846,-0.06087908993022769,0.03477976563556418
5165,test,0.004042464475120804,3.29060283796713,-0.060878665452904906,0.03477551124649914
5166,test,0.004114335441442797,3.2905309678682007,-0.06087831172180258,0.03477196592227827
5167,test,0.004171832214577236,3.290473471789057,-0.060878028736920727,0.034769129662902465
5168,test,0.004229328987777927,3.2904159757099127,-0.06087774575203887,0.03476629340352578
5169,test,0.004272451567718977,3.290372853650555,-0.06087753351337747,0.03476416620899325
5170,test,0.0043155741476946985,3.2903297315911972,-0.06087732127471608,0.03476203901446163
5171,test,0.004373070921046707,3.2902722355120537,-0.06087703828983423,0.034759202755084935
5172,test,0.004387445114393776,3.2902578614922677,-0.06087696754361376,0.03475849369024076
5173,test,0.004387445114393776,3.2902578614922677,-0.06087696754361376,0.03475849369024076
5174,test,0.00443056769445591,3.2902147394329098,-0.06087675530495237,0.03475636649570824
5175,test,0.0044593160811806625,3.2901859913933382,-0.060876613812511436,0.0347549483660199
5176,test,0.004473690274548294,3.2901716173735522,-0.06087654306629098,0.03475423930117571
5177,test,0.004473690274548294,3.2901716173735522,-0.06087654306629098,0.03475423930117571
5178,test,0.004488064467919236,3.2901572433537662,-0.06087647232007051,0.034753530236331556
5179,test,0.004488064467919236,3.2901572433537662,-0.06087647232007051,0.034753530236331556
5180,test,0.004488064467919236,3.2901572433537662,-0.06087647232007051,0.034753530236331556
5181,test,0.00450243866129346,3.2901428693339803,-0.06087640157385005,0.03475282117147507
5182,test,0.00450243866129346,3.2901428693339803,-0.06087640157385005,0.03475282117147507
5183,test,0.00450243866129346,3.2901428693339803,-0.06087640157385005,0.03475282117147507
5184,test,0.00450243866129346,3.2901428693339803,-0.06087640157385005,0.03475282117147507
5185,test,0.00450243866129346,3.2901428693339803,-0.06087640157385005,0.03475282117147507
5186,test,0.00450243866129346,3.2901428693339803,-0.06087640157385005,0.03475282117147507
5187,test,0.00450243866129346,3.2901428693339803,-0.06087640157385005,0.03475282117147507
5188,test,0.00450243866129346,3.2901428693339803,-0.06087640157385005,0.03475282117147507
5189,test,0.00450243866129346,3.2901428693339803,-0.06087640157385005,0.03475282117147507
5190,test,0.00450243866129346,3.2901428693339803,-0.06087640157385005,0.03475282117147507
5191,test,0.00450243866129346,3.2901428693339803,-0.06087640157385005,0.03475282117147507
5192,test,0.00450243866129346,3.2901428693339803,-0.06087640157385005,0.03475282117147507
5193,test,6.005785516599469e-07,3.2901428693339803,-0.06087640157385005,0.03475282117147507
5194,test,6.005785516599469e-07,3.2901428693339803,-0.06087640157385005,0.03475282117147507
5195,test,6.005785516599469e-07,3.2901428693339803,-0.06087640157385005,0.03475282117147507
5196,test,6.005785516599469e-07,3.2901428693339803,-0.06087640157385005,0.03475282117147507
5197,test,6.005785516599469e-07,3.2901428693339803,-0.06087640157385005,0.03475282117147507
5198,test,6.005785516599469e-07,3.2901428693339803,-0.06087640157385005,0.03475282117147507
5199,test,6.005785516599469e-07,3.2901428693339803,-0.06087640157385005,0.03475282117147507
5200,test,6.005785516599469e-07,3.2901428693339803,-0.06087640157385005,0.03475282117147507
5201,test,6.005785516599469e-07,3.2901428693339803,-0.06087640157385005,0.03475282117147507
5202,test,6.005785516599469e-07,3.2901428693339803,-0.06087640157385005,0.03475282117147507
5203,test,6.005785516599469e-07,3.2901428693339803,-0.06087640157385005,0.03475282117147507
5204,test,6.005785516599469e-07,3.2901428693339803,-0.06087640157385005,0.03475282117147507
5205,test,6.005785516599469e-07,3.2901428693339803,-0.06087640157385005,0.03475282117147507
5206,test,6.005785516599469e-07,3.2901428693339803,-0.06087640157385005,0.03475282117147507
5207,test,6.005785516599469e-07,3.2901428693339803,-0.06087640157385005,0.03475282117147507
5208,test,6.005785516599469e-07,3.2901428693339803,-0.06087640157385005,0.03475282117147507
5209,test,6.005785516599469e-07,3.2901428693339803,-0.06087640157385005,0.03475282117147507
5210,test,6.005785516599469e-07,3.2901428693339803,-0.06087640157385005,0.03475282117147507
5211,test,6.005785516599469e-07,3.2901428693339803,-0.06087640157385005,0.03475282117147507
5212,test,6.005785516599469e-07,3.2901428693339803,-0.06087640157385005,0.03475282117147507
5213,test,6.005785516599469e-07,3.2901428693339803,-0.06087640157385005,0.03475282117147507
5214,test,6.005785516599469e-07,3.2901428693339803,-0.06087640157385005,0.03475282117147507
5215,test,6.005785516599469e-07,3.2901428693339803,-0.06087640157385005,0.03475282117147507
5216,test,6.005785516599469e-07,3.2901428693339803,-0.06087640157385005,0.03475282117147507
5217,test,6.005785516599469e-07,3.2901428693339803,-0.06087640157385005,0.03475282117147507
5218,test,6.005785516599469e-07,3.2901428693339803,-0.06087640157385005,0.03475282117147507
5219,test,6.005785516599469e-07,3.2901428693339803,-0.06087640157385005,0.03475282117147507
5220,test,6.005785516599469e-07,3.2901428693339803,-0.06087640157385005,0.03475282117147507
5221,test,6.005785516599469e-07,3.2901428693339803,-0.06087640157385005,0.03475282117147507
5222,test,6.005785516599469e-07,3.2901428693339803,-0.06087640157385005,0.03475282117147507
5223,test,6.005785516599469e-07,3.2901428693339803,-0.06087640157385005,0.03475282117147507
5224,test,6.005785516599469e-07,3.2901428693339803,-0.06087640157385005,0.03475282117147507
5225,test,6.005785516599469e-07,3.2901428693339803,-0.06087640157385005,0.03475282117147507
5226,test,6.005785516599469e-07,3.2901428693339803,-0.06087640157385005,0.03475282117147507
5227,test,6.005785516599469e-07,3.2901428693339803,-0.06087640157385005,0.03475282117147507
5228,test,6.005785516599469e-07,3.2901428693339803,-0.06087640157385005,0.03475282117147507
5229,test,6.005785516599469e-07,3.2901428693339803,-0.06087640157385005,0.03475282117147507
5230,test,6.005785516599469e-07,3.2901428693339803,-0.06087640157385005,0.03475282117147507
5231,test,6.005785516599469e-07,3.2901428693339803,-0.06087640157385005,0.03475282117147507
5232,test,6.005785516599469e-07,3.2901428693339803,-0.06087640157385005,0.03475282117147507
5233,test,6.005785516599469e-07,3.2901428693339803,-0.06087640157385005,0.03475282117147507
5234,test,6.005785516599469e-07,3.2901428693339803,-0.06087640157385005,0.03475282117147507
5235,test,6.005785516599469e-07,3.2901428693339803,-0.06087640157385005,0.03475282117147507
5236,test,6.005785516599469e-07,3.2901428693339803,-0.06087640157385005,0.03475282117147507
5237,test,6.005785516599469e-07,3.2901428693339803,-0.06087640157385005,0.03475282117147507
5238,test,6.005785516599469e-07,3.2901428693339803,-0.06087640157385005,0.03475282117147507
5239,test,6.005785516599469e-07,3.2901428693339803,-0.06087640157385005,0.03475282117147507
5240,test,6.005785516599469e-07,3.2901428693339803,-0.06087640157385005,0.03475282117147507
5241,test,6.005785516599469e-07,3.2901428693339803,-0.06087640157385005,0.03475282117147507
5242,test,6.005785516599469e-07,3.2901428693339803,-0.06087640157385005,0.03475282117147507
5243,test,6.005785516599469e-07,3.2901428693339803,-0.06087640157385005,0.03475282117147507
5244,test,6.005785516599469e-07,3.2901428693339803,-0.06087640157385005,0.03475282117147507
5245,test,6.005785516599469e-07,3.2901428693339803,-0.06087640157385005,0.03475282117147507
5246,test,6.005785516599469e-07,3.2901428693339803,-0.06087640157385005,0.03475282117147507
5247,test,6.005785516599469e-07,3.2901428693339803,-0.06087640157385005,0.03475282117147507
5248,test,6.005785516599469e-07,3.2901428693339803,-0.06087640157385005,0.03475282117147507
5249,test,6.005785516599469e-07,3.2901428693339803,-0.06087640157385005,0.03475282117147507
5250,test,6.005785516599469e-07,3.2901428693339803,-0.06087640157385005,0.03475282117147507
5251,test,6.005785516599469e-07,3.2901428693339803,-0.06087640157385005,0.03475282117147507
5252,test,6.005785516599469e-07,3.2901428693339803,-0.06087640157385005,0.03475282117147507
5253,test,6.005785516599469e-07,3.2901428693339803,-0.06087640157385005,0.03475282117147507
5254,test,6.005785516599469e-07,3.2901428693339803,-0.06087640157385005,0.03475282117147507
5255,test,6.005785516599469e-07,3.2901428693339803,-0.06087640157385005,0.03475282117147507
5256,test,6.005785516599469e-07,3.2901428693339803,-0.06087640157385005,0.03475282117147507
5257,test,6.005785516599469e-07,3.2901428693339803,-0.06087640157385005,0.03475282117147507
5258,test,6.005785516599469e-07,3.2901428693339803,-0.06087640157385005,0.03475282117147507
5259,test,6.005785516599469e-07,3.2901428693339803,-0.06087640157385005,0.03475282117147507
5260,test,6.005785516599469e-07,3.2901428693339803,-0.06087640157385005,0.03475282117147507
5261,test,6.005785516599469e-07,3.2901428693339803,-0.06087640157385005,0.03475282117147507
5262,test,6.005785516599469e-07,3.2901428693339803,-0.06087640157385005,0.03475282117147507
5263,test,6.005785516599469e-07,3.2901428693339803,-0.06087640157385005,0.03475282117147507
5264,test,6.005785516599469e-07,3.2901428693339803,-0.06087640157385005,0.03475282117147507
5265,test,6.005785516599469e-07,3.2901428693339803,-0.06087640157385005,0.03475282117147507
5266,test,6.005785516599469e-07,3.2901428693339803,-0.06087640157385005,0.03475282117147507
5267,test,6.005785516599469e-07,3.2901428693339803,-0.06087640157385005,0.03475282117147507
5268,test,6.005785516599469e-07,3.2901428693339803,-0.06087640157385005,0.03475282117147507
5269,test,6.005785516599469e-07,3.2901428693339803,-0.06087640157385005,0.03475282117147507
5270,test,6.005785516599469e-07,3.2901428693339803,-0.06087640157385005,0.03475282117147507
5271,test,6.005785516599469e-07,3.2901428693339803,-0.06087640157385005,0.03475282117147507
5272,test,6.005785516599469e-07,3.2901428693339803,-0.06087640157385005,0.03475282117147507
5273,test,6.005785516599469e-07,3.2901428693339803,-0.06087640157385005,0.03475282117147507
5274,test,6.005785516599469e-07,3.2901428693339803,-0.06087640157385005,0.03475282117147507
5275,test,6.005785516599469e-07,3.2901428693339803,-0.06087640157385005,0.03475282117147507
5276,test,6.005785516599469e-07,3.2901428693339803,-0.06087640157385005,0.03475282117147507
5277,test,6.005785516599469e-07,3.2901428693339803,-0.06087640157385005,0.03475282117147507
5278,test,6.005785516599469e-07,3.2901428693339803,-0.06087640157385005,0.03475282117147507
5279,test,6.005785516599469e-07,3.2901428693339803,-0.06087640157385005,0.03475282117147507
5280,test,6.005785516599469e-07,3.2901428693339803,-0.06087640157385005,0.03475282117147507
5281,test,6.005785516599469e-07,3.2901428693339803,-0.06087640157385005,0.03475282117147507
5282,test,6.005785516599469e-07,3.2901428693339803,-0.06087640157385005,0.03475282117147507
5283,test,6.005785516599469e-07,3.2901428693339803,-0.06087640157385005,0.03475282117147507
5284,test,6.005785516599469e-07,3.2901428693339803,-0.06087640157385005,0.03475282117147507
5285,test,6.005785516599469e-07,3.2901428693339803,-0.06087640157385005,0.03475282117147507
5286,test,6.005785516599469e-07,3.2901428693339803,-0.06087640157385005,0.03475282117147507
5287,test,6.005785516599469e-07,3.2901428693339803,-0.06087640157385005,0.03475282117147507
5288,test,6.005785516599469e-07,3.2901428693339803,-0.06087640157385005,0.03475282117147507
5289,test,6.005785516599469e-07,3.2901428693339803,-0.06087640157385005,0.03475282117147507
5290,test,6.005785516599469e-07,3.2901428693339803,-0.06087640157385005,0.03475282117147507
5291,test,6.005785516599469e-07,3.2901428693339803,-0.06087640157385005,0.03475282117147507
5292,test,6.005785516599469e-07,3.2901428693339803,-0.06087640157385005,0.03475282117147507
5293,test,6.005785516599469e-07,3.2901428693339803,-0.06087640157385005,0.03475282117147507
5294,test,6.005785516599469e-07,3.2901428693339803,-0.06087640157385005,0.03475282117147507
5295,test,6.005785516599469e-07,3.2901428693339803,-0.06087640157385005,0.03475282117147507
5296,test,6.005785516599469e-07,3.2901428693339803,-0.06087640157385005,0.03475282117147507
5297,test,6.005785516599469e-07,3.2901428693339803,-0.06087640157385005,0.03475282117147507
5298,test,6.005785516599469e-07,3.2901428693339803,-0.06087640157385005,0.03475282117147507
5299,test,6.005785516599469e-07,3.2901428693339803,-0.06087640157385005,0.03475282117147507
5300,test,6.005785516599469e-07,3.2901428693339803,-0.06087640157385005,0.03475282117147507
5301,test,6.005785516599469e-07,3.2901428693339803,-0.06087640157385005,0.03475282117147507
5302,test,6.005785516599469e-07,3.2901428693339803,-0.06087640157385005,0.03475282117147507
5303,test,6.005785516599469e-07,3.2901428693339803,-0.06087640157385005,0.03475282117147507
5304,test,6.005785516599469e-07,3.2901428693339803,-0.06087640157385005,0.03475282117147507
5305,test,6.005785516599469e-07,3.2901428693339803,-0.06087640157385005,0.03475282117147507
5306,test,6.005785516599469e-07,3.2901428693339803,-0.06087640157385005,0.03475282117147507
5307,test,6.005785516599469e-07,3.2901428693339803,-0.06087640157385005,0.03475282117147507
5308,test,6.005785516599469e-07,3.2901428693339803,-0.06087640157385005,0.03475282117147507
5309,test,6.005785516599469e-07,3.2901428693339803,-0.06087640157385005,0.03475282117147507
5310,test,6.005785516599469e-07,3.2901428693339803,-0.06087640157385005,0.03475282117147507
5311,test,6.005785516599469e-07,3.2901428693339803,-0.06087640157385005,0.03475282117147507
5312,test,6.005785516599469e-07,3.2901428693339803,-0.06087640157385005,0.03475282117147507
5313,test,6.005785516599469e-07,3.2901428693339803,-0.06087640157385005,0.03475282117147507
5314,test,6.005785516599469e-07,3.2901428693339803,-0.06087640157385005,0.03475282117147507
5315,test,6.005785516599469e-07,3.2901428693339803,-0.06087640157385005,0.03475282117147507
5316,test,6.005785516599469e-07,3.2901428693339803,-0.06087640157385005,0.03475282117147507
5317,test,6.005785516599469e-07,3.2901428693339803,-0.06087640157385005,0.03475282117147507
5318,test,6.005785516599469e-07,3.2901428693339803,-0.06087640157385005,0.03475282117147507
5319,test,6.005785516599469e-07,3.2901428693339803,-0.06087640157385005,0.03475282117147507
5320,test,6.005785516599469e-07,3.2901428693339803,-0.06087640157385005,0.03475282117147507
5321,test,6.005785516599469e-07,3.2901428693339803,-0.06087640157385005,0.03475282117147507
5322,test,6.005785516599469e-07,3.2901428693339803,-0.06087640157385005,0.03475282117147507
5323,test,6.005785516599469e-07,3.2901428693339803,-0.06087640157385005,0.03475282117147507
5324,test,6.005785516599469e-07,3.2901428693339803,-0.06087640157385005,0.03475282117147507
5325,test,6.005785516599469e-07,3.2901428693339803,-0.06087640157385005,0.03475282117147507
5326,test,6.005785516599469e-07,3.2901428693339803,-0.06087640157385005,0.03475282117147507
5327,test,6.005785516599469e-07,3.2901428693339803,-0.06087640157385005,0.03475282117147507
5328,test,6.005785516599469e-07,3.2901428693339803,-0.06087640157385005,0.03475282117147507
5329,test,6.005785516599469e-07,3.2901428693339803,-0.06087640157385005,0.03475282117147507
5330,test,6.005785516599469e-07,3.2901428693339803,-0.06087640157385005,0.03475282117147507
5331,test,6.005785516599469e-07,3.2901428693339803,-0.06087640157385005,0.03475282117147507
5332,test,6.005785516599469e-07,3.2901428693339803,-0.06087640157385005,0.03475282117147507
5333,test,6.005785516599469e-07,3.2901428693339803,-0.06087640157385005,0.03475282117147507
5334,test,6.005785516599469e-07,3.2901428693339803,-0.06087640157385005,0.03475282117147507
5335,test,6.005785516599469e-07,3.2901428693339803,-0.06087640157385005,0.03475282117147507
5336,test,6.005785516599469e-07,3.2901428693339803,-0.06087640157385005,0.03475282117147507
5337,test,6.005785516599469e-07,3.2901428693339803,-0.06087640157385005,0.03475282117147507
5338,test,6.005785516599469e-07,3.2901428693339803,-0.06087640157385005,0.03475282117147507
5339,test,6.005785516599469e-07,3.2901428693339803,-0.06087640157385005,0.03475282117147507
5340,test,6.005785516599469e-07,3.2901428693339803,-0.06087640157385005,0.03475282117147507
5341,test,6.005785516599469e-07,3.2901428693339803,-0.06087640157385005,0.03475282117147507
5342,test,6.005785516599469e-07,3.2901428693339803,-0.06087640157385005,0.03475282117147507
5343,test,6.005785516599469e-07,3.2901428693339803,-0.06087640157385005,0.03475282117147507
5344,test,6.005785516599469e-07,3.2901428693339803,-0.06087640157385005,0.03475282117147507
5345,test,6.005785516599469e-07,3.2901428693339803,-0.06087640157385005,0.03475282117147507
5346,test,6.005785516599469e-07,3.2901428693339803,-0.06087640157385005,0.03475282117147507
5347,test,6.005785516599469e-07,3.2901428693339803,-0.06087640157385005,0.03475282117147507
5348,test,6.005785516599469e-07,3.2901428693339803,-0.06087640157385005,0.03475282117147507
5349,test,6.005785516599469e-07,3.2901428693339803,-0.06087640157385005,0.03475282117147507
5350,test,6.005785516599469e-07,3.2901428693339803,-0.06087640157385005,0.03475282117147507
5351,test,6.005785516599469e-07,3.2901428693339803,-0.06087640157385005,0.03475282117147507
5352,test,6.005785516599469e-07,3.2901428693339803,-0.06087640157385005,0.03475282117147507
5353,test,6.005785516599469e-07,3.2901428693339803,-0.06087640157385005,0.03475282117147507
5354,test,6.005785516599469e-07,3.2901428693339803,-0.06087640157385005,0.03475282117147507
5355,test,6.005785516599469e-07,3.2901428693339803,-0.06087640157385005,0.03475282117147507
5356,test,6.005785516599469e-07,3.2901428693339803,-0.06087640157385005,0.03475282117147507
5357,test,6.005785516599469e-07,3.2901428693339803,-0.06087640157385005,0.03475282117147507
5358,test,6.005785516599469e-07,3.2901428693339803,-0.06087640157385005,0.03475282117147507
5359,test,6.005785516599469e-07,3.2901428693339803,-0.06087640157385005,0.03475282117147507
5360,test,6.005785516599469e-07,3.2901428693339803,-0.06087640157385005,0.03475282117147507
5361,test,6.005785516599469e-07,3.2901428693339803,-0.06087640157385005,0.03475282117147507
5362,test,6.005785516599469e-07,3.2901428693339803,-0.06087640157385005,0.03475282117147507
5363,test,6.005785516599469e-07,3.2901428693339803,-0.06087640157385005,0.03475282117147507
5364,test,6.005785516599469e-07,3.2901428693339803,-0.06087640157385005,0.03475282117147507
5365,test,6.005785516599469e-07,3.2901428693339803,-0.06087640157385005,0.03475282117147507
5366,test,6.005785516599469e-07,3.2901428693339803,-0.06087640157385005,0.03475282117147507
5367,test,6.005785516599469e-07,3.2901428693339803,-0.06087640157385005,0.03475282117147507
5368,test,6.005785516599469e-07,3.2901428693339803,-0.06087640157385005,0.03475282117147507
5369,test,6.005785516599469e-07,3.2901428693339803,-0.06087640157385005,0.03475282117147507
5370,test,6.005785516599469e-07,3.2901428693339803,-0.06087640157385005,0.03475282117147507
5371,test,6.005785516599469e-07,3.2901428693339803,-0.06087640157385005,0.03475282117147507
5372,test,6.005785516599469e-07,3.2901428693339803,-0.06087640157385005,0.03475282117147507
5373,test,6.005785516599469e-07,3.2901428693339803,-0.06087640157385005,0.03475282117147507
5374,test,6.005785516599469e-07,3.2901428693339803,-0.06087640157385005,0.03475282117147507
5375,test,6.005785516599469e-07,3.2901428693339803,-0.06087640157385005,0.03475282117147507
5376,test,6.005785516599469e-07,3.2901428693339803,-0.06087640157385005,0.03475282117147507
5377,test,6.005785516599469e-07,3.2901428693339803,-0.06087640157385005,0.03475282117147507
5378,test,6.005785516599469e-07,3.2901428693339803,-0.06087640157385005,0.03475282117147507
5379,test,6.005785516599469e-07,3.2901428693339803,-0.06087640157385005,0.03475282117147507
5380,test,6.005785516599469e-07,3.2901428693339803,-0.06087640157385005,0.03475282117147507
5381,test,6.005785516599469e-07,3.2901428693339803,-0.06087640157385005,0.03475282117147507
5382,test,6.005785516599469e-07,3.2901428693339803,-0.06087640157385005,0.03475282117147507
5383,test,6.005785516599469e-07,3.2901428693339803,-0.06087640157385005,0.03475282117147507
5384,test,6.005785516599469e-07,3.2901428693339803,-0.06087640157385005,0.03475282117147507
5385,test,6.005785516599469e-07,3.2901428693339803,-0.06087640157385005,0.03475282117147507
5386,test,6.005785516599469e-07,3.2901428693339803,-0.06087640157385005,0.03475282117147507
5387,test,6.005785516599469e-07,3.2901428693339803,-0.06087640157385005,0.03475282117147507
5388,test,6.005785516599469e-07,3.2901428693339803,-0.06087640157385005,0.03475282117147507
5389,test,6.005785516599469e-07,3.2901428693339803,-0.06087640157385005,0.03475282117147507
5390,test,6.005785516599469e-07,3.2901428693339803,-0.06087640157385005,0.03475282117147507
5391,test,6.005785516599469e-07,3.2901428693339803,-0.06087640157385005,0.03475282117147507
5392,test,6.005785516599469e-07,3.2901428693339803,-0.06087640157385005,0.03475282117147507
5393,test,6.005785516599469e-07,3.2901428693339803,-0.06087640157385005,0.03475282117147507
5394,test,6.005785516599469e-07,3.2901428693339803,-0.06087640157385005,0.03475282117147507
5395,test,6.005785516599469e-07,3.2901428693339803,-0.06087640157385005,0.03475282117147507
5396,test,6.005785516599469e-07,3.2901428693339803,-0.06087640157385005,0.03475282117147507
5397,test,6.005785516599469e-07,3.2901428693339803,-0.06087640157385005,0.03475282117147507
5398,test,6.005785516599469e-07,3.2901428693339803,-0.06087640157385005,0.03475282117147507
5399,test,6.005785516599469e-07,3.2901428693339803,-0.06087640157385005,0.03475282117147507
5400,test,6.005785516599469e-07,3.2901428693339803,-0.06087640157385005,0.03475282117147507
5401,test,6.005785516599469e-07,3.2901428693339803,-0.06087640157385005,0.03475282117147507
5402,test,6.005785516599469e-07,3.2901428693339803,-0.06087640157385005,0.03475282117147507
5403,test,6.005785516599469e-07,3.2901428693339803,-0.06087640157385005,0.03475282117147507
5404,test,6.005785516599469e-07,3.2901428693339803,-0.06087640157385005,0.03475282117147507
5405,test,6.005785516599469e-07,3.2901428693339803,-0.06087640157385005,0.03475282117147507
5406,test,6.005785516599469e-07,3.2901428693339803,-0.06087640157385005,0.03475282117147507
5407,test,6.005785516599469e-07,3.2901428693339803,-0.06087640157385005,0.03475282117147507
5408,test,6.005785516599469e-07,3.2901428693339803,-0.06087640157385005,0.03475282117147507
5409,test,6.005785516599469e-07,3.2901428693339803,-0.06087640157385005,0.03475282117147507
5410,test,6.005785516599469e-07,3.2901428693339803,-0.06087640157385005,0.03475282117147507
5411,test,6.005785516599469e-07,3.2901428693339803,-0.06087640157385005,0.03475282117147507
5412,test,6.005785516599469e-07,3.2901428693339803,-0.06087640157385005,0.03475282117147507
5413,test,6.005785516599469e-07,3.2901428693339803,-0.06087640157385005,0.03475282117147507
5414,test,6.005785516599469e-07,3.2901428693339803,-0.06087640157385005,0.03475282117147507
5415,test,6.005785516599469e-07,3.2901428693339803,-0.06087640157385005,0.03475282117147507
5416,test,6.005785516599469e-07,3.2901428693339803,-0.06087640157385005,0.03475282117147507
5417,test,6.005785516599469e-07,3.2901428693339803,-0.06087640157385005,0.03475282117147507
5418,test,6.005785516599469e-07,3.2901428693339803,-0.06087640157385005,0.03475282117147507
5419,test,6.005785516599469e-07,3.2901428693339803,-0.06087640157385005,0.03475282117147507
5420,test,6.005785516599469e-07,3.2901428693339803,-0.06087640157385005,0.03475282117147507
5421,test,6.005785516599469e-07,3.2901428693339803,-0.06087640157385005,0.03475282117147507
5422,test,6.005785516599469e-07,3.2901428693339803,-0.06087640157385005,0.03475282117147507
5423,test,6.005785516599469e-07,3.2901428693339803,-0.06087640157385005,0.03475282117147507
5424,test,6.005785516599469e-07,3.2901428693339803,-0.06087640157385005,0.03475282117147507
5425,test,6.005785516599469e-07,3.2901428693339803,-0.06087640157385005,0.03475282117147507
5426,test,6.005785516599469e-07,3.2901428693339803,-0.06087640157385005,0.03475282117147507
5427,test,6.005785516599469e-07,3.2901428693339803,-0.06087640157385005,0.03475282117147507
5428,test,6.005785516599469e-07,3.2901428693339803,-0.06087640157385005,0.03475282117147507
5429,test,6.005785516599469e-07,3.2901428693339803,-0.06087640157385005,0.03475282117147507
5430,test,6.005785516599469e-07,3.2901428693339803,-0.06087640157385005,0.03475282117147507
5431,test,6.005785516599469e-07,3.2901428693339803,-0.06087640157385005,0.03475282117147507
5432,test,6.005785516599469e-07,3.2901428693339803,-0.06087640157385005,0.03475282117147507
5433,test,6.005785516599469e-07,3.2901428693339803,-0.06087640157385005,0.03475282117147507
5434,test,6.005785516599469e-07,3.2901428693339803,-0.06087640157385005,0.03475282117147507
5435,test,6.005785516599469e-07,3.2901428693339803,-0.06087640157385005,0.03475282117147507
5436,test,6.005785516599469e-07,3.2901428693339803,-0.06087640157385005,0.03475282117147507
5437,test,6.005785516599469e-07,3.2901428693339803,-0.06087640157385005,0.03475282117147507
5438,test,6.005785516599469e-07,3.2901428693339803,-0.06087640157385005,0.03475282117147507
5439,test,6.005785516599469e-07,3.2901428693339803,-0.06087640157385005,0.03475282117147507
5440,test,6.005785516599469e-07,3.2901428693339803,-0.06087640157385005,0.03475282117147507
5441,test,6.005785516599469e-07,3.2901428693339803,-0.06087640157385005,0.03475282117147507
5442,test,6.005785516599469e-07,3.2901428693339803,-0.06087640157385005,0.03475282117147507
5443,test,6.005785516599469e-07,3.2901428693339803,-0.06087640157385005,0.03475282117147507
5444,test,6.005785516599469e-07,3.2901428693339803,-0.06087640157385005,0.03475282117147507
5445,test,6.005785516599469e-07,3.2901428693339803,-0.06087640157385005,0.03475282117147507
5446,test,6.005785516599469e-07,3.2901428693339803,-0.06087640157385005,0.03475282117147507
5447,test,6.005785516599469e-07,3.2901428693339803,-0.06087640157385005,0.03475282117147507
5448,test,6.005785516599469e-07,3.2901428693339803,-0.06087640157385005,0.03475282117147507
5449,test,6.005785516599469e-07,3.2901428693339803,-0.06087640157385005,0.03475282117147507
5450,test,6.005785516599469e-07,3.2901428693339803,-0.06087640157385005,0.03475282117147507
5451,test,6.005785516599469e-07,3.2901428693339803,-0.06087640157385005,0.03475282117147507
5452,test,6.005785516599469e-07,3.2901428693339803,-0.06087640157385005,0.03475282117147507
5453,test,6.005785516599469e-07,3.2901428693339803,-0.06087640157385005,0.03475282117147507
5454,test,6.005785516599469e-07,3.2901428693339803,-0.06087640157385005,0.03475282117147507
5455,test,6.005785516599469e-07,3.2901428693339803,-0.06087640157385005,0.03475282117147507
5456,test,6.005785516599469e-07,3.2901428693339803,-0.06087640157385005,0.03475282117147507
5457,test,6.005785516599469e-07,3.2901428693339803,-0.06087640157385005,0.03475282117147507
5458,test,6.005785516599469e-07,3.2901428693339803,-0.06087640157385005,0.03475282117147507
5459,test,6.005785516599469e-07,3.2901428693339803,-0.06087640157385005,0.03475282117147507
5460,test,6.005785516599469e-07,3.2901428693339803,-0.06087640157385005,0.03475282117147507
5461,test,6.005785516599469e-07,3.2901428693339803,-0.06087640157385005,0.03475282117147507
5462,test,6.005785516599469e-07,3.2901428693339803,-0.06087640157385005,0.03475282117147507
5463,test,6.005785516599469e-07,3.2901428693339803,-0.06087640157385005,0.03475282117147507
5464,test,6.005785516599469e-07,3.2901428693339803,-0.06087640157385005,0.03475282117147507
5465,test,6.005785516599469e-07,3.2901428693339803,-0.06087640157385005,0.03475282117147507
5466,test,6.005785516599469e-07,3.2901428693339803,-0.06087640157385005,0.03475282117147507
5467,test,6.005785516599469e-07,3.2901428693339803,-0.06087640157385005,0.03475282117147507
5468,test,6.005785516599469e-07,3.2901428693339803,-0.06087640157385005,0.03475282117147507
5469,test,6.005785516599469e-07,3.2901428693339803,-0.06087640157385005,0.03475282117147507
5470,test,6.005785516599469e-07,3.2901428693339803,-0.06087640157385005,0.03475282117147507
5471,test,6.005785516599469e-07,3.2901428693339803,-0.06087640157385005,0.03475282117147507
5472,test,6.005785516599469e-07,3.2901428693339803,-0.06087640157385005,0.03475282117147507
5473,test,6.005785516599469e-07,3.2901428693339803,-0.06087640157385005,0.03475282117147507
5474,test,6.005785516599469e-07,3.2901428693339803,-0.06087640157385005,0.03475282117147507
5475,test,6.005785516599469e-07,3.2901428693339803,-0.06087640157385005,0.03475282117147507
5476,test,6.005785516599469e-07,3.2901428693339803,-0.06087640157385005,0.03475282117147507
5477,test,6.005785516599469e-07,3.2901428693339803,-0.06087640157385005,0.03475282117147507
5478,test,6.005785516599469e-07,3.2901428693339803,-0.06087640157385005,0.03475282117147507
5479,test,6.005785516599469e-07,3.2901428693339803,-0.06087640157385005,0.03475282117147507
5480,test,6.005785516599469e-07,3.2901428693339803,-0.06087640157385005,0.03475282117147507
5481,test,6.005785516599469e-07,3.2901428693339803,-0.06087640157385005,0.03475282117147507
5482,test,6.005785516599469e-07,3.2901428693339803,-0.06087640157385005,0.03475282117147507
5483,test,6.005785516599469e-07,3.2901428693339803,-0.06087640157385005,0.03475282117147507
5484,test,6.005785516599469e-07,3.2901428693339803,-0.06087640157385005,0.03475282117147507
5485,test,6.005785516599469e-07,3.2901428693339803,-0.06087640157385005,0.03475282117147507
5486,test,6.005785516599469e-07,3.2901428693339803,-0.06087640157385005,0.03475282117147507
5487,test,6.005785516599469e-07,3.2901428693339803,-0.06087640157385005,0.03475282117147507
5488,test,6.005785516599469e-07,3.2901428693339803,-0.06087640157385005,0.03475282117147507
5489,test,6.005785516599469e-07,3.2901428693339803,-0.06087640157385005,0.03475282117147507
5490,test,6.005785516599469e-07,3.2901428693339803,-0.06087640157385005,0.03475282117147507
5491,test,6.005785516599469e-07,3.2901428693339803,-0.06087640157385005,0.03475282117147507
5492,test,6.005785516599469e-07,3.2901428693339803,-0.06087640157385005,0.03475282117147507
5493,test,6.005785516599469e-07,3.2901428693339803,-0.06087640157385005,0.03475282117147507
5494,test,6.005785516599469e-07,3.2901428693339803,-0.06087640157385005,0.03475282117147507
5495,test,6.005785516599469e-07,3.2901428693339803,-0.06087640157385005,0.03475282117147507
5496,test,6.005785516599469e-07,3.2901428693339803,-0.06087640157385005,0.03475282117147507
5497,test,6.005785516599469e-07,3.2901428693339803,-0.06087640157385005,0.03475282117147507
5498,test,6.005785516599469e-07,3.2901428693339803,-0.06087640157385005,0.03475282117147507
5499,test,6.005785516599469e-07,3.2901428693339803,-0.06087640157385005,0.03475282117147507
5500,test,6.005785516599469e-07,3.2901428693339803,-0.06087640157385005,0.03475282117147507
5501,test,6.005785516599469e-07,3.2901428693339803,-0.06087640157385005,0.03475282117147507
5502,test,6.005785516599469e-07,3.2901428693339803,-0.06087640157385005,0.03475282117147507
5503,test,6.005785516599469e-07,3.2901428693339803,-0.06087640157385005,0.03475282117147507
5504,test,6.005785516599469e-07,3.2901428693339803,-0.06087640157385005,0.03475282117147507
5505,test,6.005785516599469e-07,3.2901428693339803,-0.06087640157385005,0.03475282117147507
5506,test,6.005785516599469e-07,3.2901428693339803,-0.06087640157385005,0.03475282117147507
5507,test,6.005785516599469e-07,3.2901428693339803,-0.06087640157385005,0.03475282117147507
5508,test,6.005785516599469e-07,3.2901428693339803,-0.06087640157385005,0.03475282117147507
5509,test,6.005785516599469e-07,3.2901428693339803,-0.06087640157385005,0.03475282117147507
5510,test,6.005785516599469e-07,3.2901428693339803,-0.06087640157385005,0.03475282117147507
5511,test,6.005785516599469e-07,3.2901428693339803,-0.06087640157385005,0.03475282117147507
5512,test,6.005785516599469e-07,3.2901428693339803,-0.06087640157385005,0.03475282117147507
5513,test,6.005785516599469e-07,3.2901428693339803,-0.06087640157385005,0.03475282117147507
5514,test,6.005785516599469e-07,3.2901428693339803,-0.06087640157385005,0.03475282117147507
5515,test,6.005785516599469e-07,3.2901428693339803,-0.06087640157385005,0.03475282117147507
5516,test,6.005785516599469e-07,3.2901428693339803,-0.06087640157385005,0.03475282117147507
5517,test,6.005785516599469e-07,3.2901428693339803,-0.06087640157385005,0.03475282117147507
5518,test,6.005785516599469e-07,3.2901428693339803,-0.06087640157385005,0.03475282117147507
5519,test,6.005785516599469e-07,3.2901428693339803,-0.06087640157385005,0.03475282117147507
5520,test,6.005785516599469e-07,3.2901428693339803,-0.06087640157385005,0.03475282117147507
5521,test,6.005785516599469e-07,3.2901428693339803,-0.06087640157385005,0.03475282117147507
5522,test,6.005785516599469e-07,3.2901428693339803,-0.06087640157385005,0.03475282117147507
5523,test,6.005785516599469e-07,3.2901428693339803,-0.06087640157385005,0.03475282117147507
5524,test,6.005785516599469e-07,3.2901428693339803,-0.06087640157385005,0.03475282117147507
5525,test,6.005785516599469e-07,3.2901428693339803,-0.06087640157385005,0.03475282117147507
5526,test,6.005785516599469e-07,3.2901428693339803,-0.06087640157385005,0.03475282117147507
5527,test,6.005785516599469e-07,3.2901428693339803,-0.06087640157385005,0.03475282117147507
5528,test,6.005785516599469e-07,3.2901428693339803,-0.06087640157385005,0.03475282117147507
5529,test,6.005785516599469e-07,3.2901428693339803,-0.06087640157385005,0.03475282117147507
5530,test,6.005785516599469e-07,3.2901428693339803,-0.06087640157385005,0.03475282117147507
5531,test,6.005785516599469e-07,3.2901428693339803,-0.06087640157385005,0.03475282117147507
5532,test,6.005785516599469e-07,3.2901428693339803,-0.06087640157385005,0.03475282117147507
5533,test,6.005785516599469e-07,3.2901428693339803,-0.06087640157385005,0.03475282117147507
5534,test,6.005785516599469e-07,3.2901428693339803,-0.06087640157385005,0.03475282117147507
5535,test,6.005785516599469e-07,3.2901428693339803,-0.06087640157385005,0.03475282117147507
5536,test,6.005785516599469e-07,3.2901428693339803,-0.06087640157385005,0.03475282117147507
5537,test,6.005785516599469e-07,3.2901428693339803,-0.06087640157385005,0.03475282117147507
5538,test,6.005785516599469e-07,3.2901428693339803,-0.06087640157385005,0.03475282117147507
5539,test,6.005785516599469e-07,3.2901428693339803,-0.06087640157385005,0.03475282117147507
5540,test,6.005785516599469e-07,3.2901428693339803,-0.06087640157385005,0.03475282117147507
5541,test,6.005785516599469e-07,3.2901428693339803,-0.06087640157385005,0.03475282117147507
5542,test,6.005785516599469e-07,3.2901428693339803,-0.06087640157385005,0.03475282117147507
5543,test,6.005785516599469e-07,3.2901428693339803,-0.06087640157385005,0.03475282117147507
5544,test,6.005785516599469e-07,3.2901428693339803,-0.06087640157385005,0.03475282117147507
5545,test,6.005785516599469e-07,3.2901428693339803,-0.06087640157385005,0.03475282117147507
5546,test,6.005785516599469e-07,3.2901428693339803,-0.06087640157385005,0.03475282117147507
5547,test,6.005785516599469e-07,3.2901428693339803,-0.06087640157385005,0.03475282117147507
5548,test,6.005785516599469e-07,3.2901428693339803,-0.06087640157385005,0.03475282117147507
5549,test,6.005785516599469e-07,3.2901428693339803,-0.06087640157385005,0.03475282117147507
5550,test,6.005785516599469e-07,3.2901428693339803,-0.06087640157385005,0.03475282117147507
5551,test,6.005785516599469e-07,3.2901428693339803,-0.06087640157385005,0.03475282117147507
5552,test,6.005785516599469e-07,3.2901428693339803,-0.06087640157385005,0.03475282117147507
5553,test,6.005785516599469e-07,3.2901428693339803,-0.06087640157385005,0.03475282117147507
5554,test,6.005785516599469e-07,3.2901428693339803,-0.06087640157385005,0.03475282117147507
5555,test,6.005785516599469e-07,3.2901428693339803,-0.06087640157385005,0.03475282117147507
5556,test,6.005785516599469e-07,3.2901428693339803,-0.06087640157385005,0.03475282117147507
5557,test,6.005785516599469e-07,3.2901428693339803,-0.06087640157385005,0.03475282117147507
5558,test,6.005785516599469e-07,3.2901428693339803,-0.06087640157385005,0.03475282117147507
5559,test,6.005785516599469e-07,3.2901428693339803,-0.06087640157385005,0.03475282117147507
5560,test,6.005785516599469e-07,3.2901428693339803,-0.06087640157385005,0.03475282117147507
5561,test,6.005785516599469e-07,3.2901428693339803,-0.06087640157385005,0.03475282117147507
5562,test,6.005785516599469e-07,3.2901428693339803,-0.06087640157385005,0.03475282117147507
5563,test,6.005785516599469e-07,3.2901428693339803,-0.06087640157385005,0.03475282117147507
5564,test,6.005785516599469e-07,3.2901428693339803,-0.06087640157385005,0.03475282117147507
5565,test,6.005785516599469e-07,3.2901428693339803,-0.06087640157385005,0.03475282117147507
5566,test,6.005785516599469e-07,3.2901428693339803,-0.06087640157385005,0.03475282117147507
5567,test,6.005785516599469e-07,3.2901428693339803,-0.06087640157385005,0.03475282117147507
5568,test,6.005785516599469e-07,3.2901428693339803,-0.06087640157385005,0.03475282117147507
5569,test,6.005785516599469e-07,3.2901428693339803,-0.06087640157385005,0.03475282117147507
5570,test,6.005785516599469e-07,3.2901428693339803,-0.06087640157385005,0.03475282117147507
5571,test,6.005785516599469e-07,3.2901428693339803,-0.06087640157385005,0.03475282117147507
5572,test,6.005785516599469e-07,3.2901428693339803,-0.06087640157385005,0.03475282117147507
5573,test,6.005785516599469e-07,3.2901428693339803,-0.06087640157385005,0.03475282117147507
5574,test,6.005785516599469e-07,3.2901428693339803,-0.06087640157385005,0.03475282117147507
5575,test,6.005785516599469e-07,3.2901428693339803,-0.06087640157385005,0.03475282117147507
5576,test,6.005785516599469e-07,3.2901428693339803,-0.06087640157385005,0.03475282117147507
5577,test,6.005785516599469e-07,3.2901428693339803,-0.06087640157385005,0.03475282117147507
5578,test,6.005785516599469e-07,3.2901428693339803,-0.06087640157385005,0.03475282117147507
5579,test,6.005785516599469e-07,3.2901428693339803,-0.06087640157385005,0.03475282117147507
5580,test,6.005785516599469e-07,3.2901428693339803,-0.06087640157385005,0.03475282117147507
5581,test,6.005785516599469e-07,3.2901428693339803,-0.06087640157385005,0.03475282117147507
5582,test,6.005785516599469e-07,3.2901428693339803,-0.06087640157385005,0.03475282117147507
5583,test,6.005785516599469e-07,3.2901428693339803,-0.06087640157385005,0.03475282117147507
5584,test,6.005785516599469e-07,3.2901428693339803,-0.06087640157385005,0.03475282117147507
5585,test,6.005785516599469e-07,3.2901428693339803,-0.06087640157385005,0.03475282117147507
5586,test,6.005785516599469e-07,3.2901428693339803,-0.06087640157385005,0.03475282117147507
5587,test,6.005785516599469e-07,3.2901428693339803,-0.06087640157385005,0.03475282117147507
5588,test,6.005785516599469e-07,3.2901428693339803,-0.06087640157385005,0.03475282117147507
5589,test,6.005785516599469e-07,3.2901428693339803,-0.06087640157385005,0.03475282117147507
5590,test,6.005785516599469e-07,3.2901428693339803,-0.06087640157385005,0.03475282117147507
5591,test,6.005785516599469e-07,3.2901428693339803,-0.06087640157385005,0.03475282117147507
5592,test,6.005785516599469e-07,3.2901428693339803,-0.06087640157385005,0.03475282117147507
5593,test,6.005785516599469e-07,3.2901428693339803,-0.06087640157385005,0.03475282117147507
5594,test,6.005785516599469e-07,3.2901428693339803,-0.06087640157385005,0.03475282117147507
5595,test,6.005785516599469e-07,3.2901428693339803,-0.06087640157385005,0.03475282117147507
5596,test,6.005785516599469e-07,3.2901428693339803,-0.06087640157385005,0.03475282117147507
5597,test,6.005785516599469e-07,3.2901428693339803,-0.06087640157385005,0.03475282117147507
5598,test,6.005785516599469e-07,3.2901428693339803,-0.06087640157385005,0.03475282117147507
5599,test,6.005785516599469e-07,3.2901428693339803,-0.06087640157385005,0.03475282117147507
5600,test,6.005785516599469e-07,3.2901428693339803,-0.06087640157385005,0.03475282117147507
5601,test,6.005785516599469e-07,3.2901428693339803,-0.06087640157385005,0.03475282117147507
5602,test,6.005785516599469e-07,3.2901428693339803,-0.06087640157385005,0.03475282117147507
5603,test,6.005785516599469e-07,3.2901428693339803,-0.06087640157385005,0.03475282117147507
5604,test,6.005785516599469e-07,3.2901428693339803,-0.06087640157385005,0.03475282117147507
5605,test,6.005785516599469e-07,3.2901428693339803,-0.06087640157385005,0.03475282117147507
5606,test,6.005785516599469e-07,3.2901428693339803,-0.06087640157385005,0.03475282117147507
5607,test,6.005785516599469e-07,3.2901428693339803,-0.06087640157385005,0.03475282117147507
5608,test,6.005785516599469e-07,3.2901428693339803,-0.06087640157385005,0.03475282117147507
5609,test,6.005785516599469e-07,3.2901428693339803,-0.06087640157385005,0.03475282117147507
5610,test,6.005785516599469e-07,3.2901428693339803,-0.06087640157385005,0.03475282117147507
5611,test,6.005785516599469e-07,3.2901428693339803,-0.06087640157385005,0.03475282117147507
5612,test,6.005785516599469e-07,3.2901428693339803,-0.06087640157385005,0.03475282117147507
5613,test,6.005785516599469e-07,3.2901428693339803,-0.06087640157385005,0.03475282117147507
5614,test,6.005785516599469e-07,3.2901428693339803,-0.06087640157385005,0.03475282117147507
5615,test,6.005785516599469e-07,3.2901428693339803,-0.06087640157385005,0.03475282117147507
5616,test,6.005785516599469e-07,3.2901428693339803,-0.06087640157385005,0.03475282117147507
5617,test,6.005785516599469e-07,3.2901428693339803,-0.06087640157385005,0.03475282117147507
5618,test,6.005785516599469e-07,3.2901428693339803,-0.06087640157385005,0.03475282117147507
5619,test,6.005785516599469e-07,3.2901428693339803,-0.06087640157385005,0.03475282117147507
5620,test,6.005785516599469e-07,3.2901428693339803,-0.06087640157385005,0.03475282117147507
5621,test,6.005785516599469e-07,3.2901428693339803,-0.06087640157385005,0.03475282117147507
5622,test,6.005785516599469e-07,3.2901428693339803,-0.06087640157385005,0.03475282117147507
5623,test,6.005785516599469e-07,3.2901428693339803,-0.06087640157385005,0.03475282117147507
5624,test,6.005785516599469e-07,3.2901428693339803,-0.06087640157385005,0.03475282117147507
5625,test,6.005785516599469e-07,3.2901428693339803,-0.06087640157385005,0.03475282117147507
5626,test,6.005785516599469e-07,3.2901428693339803,-0.06087640157385005,0.03475282117147507
5627,test,6.005785516599469e-07,3.2901428693339803,-0.06087640157385005,0.03475282117147507
5628,test,6.005785516599469e-07,3.2901428693339803,-0.06087640157385005,0.03475282117147507
5629,test,6.005785516599469e-07,3.2901428693339803,-0.06087640157385005,0.03475282117147507
5630,test,6.005785516599469e-07,3.2901428693339803,-0.06087640157385005,0.03475282117147507
5631,test,6.005785516599469e-07,3.2901428693339803,-0.06087640157385005,0.03475282117147507
5632,test,6.005785516599469e-07,3.2901428693339803,-0.06087640157385005,0.03475282117147507
5633,test,6.005785516599469e-07,3.2901428693339803,-0.06087640157385005,0.03475282117147507
5634,test,6.005785516599469e-07,3.2901428693339803,-0.06087640157385005,0.03475282117147507
5635,test,6.005785516599469e-07,3.2901428693339803,-0.06087640157385005,0.03475282117147507
5636,test,6.005785516599469e-07,3.2901428693339803,-0.06087640157385005,0.03475282117147507
5637,test,6.005785516599469e-07,3.2901428693339803,-0.06087640157385005,0.03475282117147507
5638,test,6.005785516599469e-07,3.2901428693339803,-0.06087640157385005,0.03475282117147507
5639,test,6.005785516599469e-07,3.2901428693339803,-0.06087640157385005,0.03475282117147507
5640,test,6.005785516599469e-07,3.2901428693339803,-0.06087640157385005,0.03475282117147507
5641,test,6.005785516599469e-07,3.2901428693339803,-0.06087640157385005,0.03475282117147507
5642,test,6.005785516599469e-07,3.2901428693339803,-0.06087640157385005,0.03475282117147507
5643,test,6.005785516599469e-07,3.2901428693339803,-0.06087640157385005,0.03475282117147507
5644,test,6.005785516599469e-07,3.2901428693339803,-0.06087640157385005,0.03475282117147507
5645,test,6.005785516599469e-07,3.2901428693339803,-0.06087640157385005,0.03475282117147507
5646,test,6.005785516599469e-07,3.2901428693339803,-0.06087640157385005,0.03475282117147507
5647,test,6.005785516599469e-07,3.2901428693339803,-0.06087640157385005,0.03475282117147507
5648,test,6.005785516599469e-07,3.2901428693339803,-0.06087640157385005,0.03475282117147507
5649,test,6.005785516599469e-07,3.2901428693339803,-0.06087640157385005,0.03475282117147507
5650,test,6.005785516599469e-07,3.2901428693339803,-0.06087640157385005,0.03475282117147507
5651,test,6.005785516599469e-07,3.2901428693339803,-0.06087640157385005,0.03475282117147507
5652,test,6.005785516599469e-07,3.2901428693339803,-0.06087640157385005,0.03475282117147507
5653,test,6.005785516599469e-07,3.2901428693339803,-0.06087640157385005,0.03475282117147507
5654,test,6.005785516599469e-07,3.2901428693339803,-0.06087640157385005,0.03475282117147507
5655,test,6.005785516599469e-07,3.2901428693339803,-0.06087640157385005,0.03475282117147507
5656,test,6.005785516599469e-07,3.2901428693339803,-0.06087640157385005,0.03475282117147507
5657,test,6.005785516599469e-07,3.2901428693339803,-0.06087640157385005,0.03475282117147507
5658,test,6.005785516599469e-07,3.2901428693339803,-0.06087640157385005,0.03475282117147507
5659,test,6.005785516599469e-07,3.2901428693339803,-0.06087640157385005,0.03475282117147507
5660,test,6.005785516599469e-07,3.2901428693339803,-0.06087640157385005,0.03475282117147507
5661,test,6.005785516599469e-07,3.2901428693339803,-0.06087640157385005,0.03475282117147507
5662,test,6.005785516599469e-07,3.2901428693339803,-0.06087640157385005,0.03475282117147507
5663,test,6.005785516599469e-07,3.2901428693339803,-0.06087640157385005,0.03475282117147507
5664,test,6.005785516599469e-07,3.2901428693339803,-0.06087640157385005,0.03475282117147507
5665,test,6.005785516599469e-07,3.2901428693339803,-0.06087640157385005,0.03475282117147507
5666,test,6.005785516599469e-07,3.2901428693339803,-0.06087640157385005,0.03475282117147507
5667,test,6.005785516599469e-07,3.2901428693339803,-0.06087640157385005,0.03475282117147507
5668,test,6.005785516599469e-07,3.2901428693339803,-0.06087640157385005,0.03475282117147507
5669,test,6.005785516599469e-07,3.2901428693339803,-0.06087640157385005,0.03475282117147507
5670,test,6.005785516599469e-07,3.2901428693339803,-0.06087640157385005,0.03475282117147507
5671,test,6.005785516599469e-07,3.2901428693339803,-0.06087640157385005,0.03475282117147507
5672,test,6.005785516599469e-07,3.2901428693339803,-0.06087640157385005,0.03475282117147507
5673,test,6.005785516599469e-07,3.2901428693339803,-0.06087640157385005,0.03475282117147507
5674,test,6.005785516599469e-07,3.2901428693339803,-0.06087640157385005,0.03475282117147507
5675,test,6.005785516599469e-07,3.2901428693339803,-0.06087640157385005,0.03475282117147507
5676,test,6.005785516599469e-07,3.2901428693339803,-0.06087640157385005,0.03475282117147507
5677,test,6.005785516599469e-07,3.2901428693339803,-0.06087640157385005,0.03475282117147507
5678,test,6.005785516599469e-07,3.2901428693339803,-0.06087640157385005,0.03475282117147507
5679,test,6.005785516599469e-07,3.2901428693339803,-0.06087640157385005,0.03475282117147507
5680,test,6.005785516599469e-07,3.2901428693339803,-0.06087640157385005,0.03475282117147507
5681,test,6.005785516599469e-07,3.2901428693339803,-0.06087640157385005,0.03475282117147507
5682,test,6.005785516599469e-07,3.2901428693339803,-0.06087640157385005,0.03475282117147507
5683,test,6.005785516599469e-07,3.2901428693339803,-0.06087640157385005,0.03475282117147507
5684,test,6.005785516599469e-07,3.2901428693339803,-0.06087640157385005,0.03475282117147507
5685,test,6.005785516599469e-07,3.2901428693339803,-0.06087640157385005,0.03475282117147507
5686,test,6.005785516599469e-07,3.2901428693339803,-0.06087640157385005,0.03475282117147507
5687,test,6.005785516599469e-07,3.2901428693339803,-0.06087640157385005,0.03475282117147507
5688,test,6.005785516599469e-07,3.2901428693339803,-0.06087640157385005,0.03475282117147507
5689,test,6.005785516599469e-07,3.2901428693339803,-0.06087640157385005,0.03475282117147507
5690,test,6.005785516599469e-07,3.2901428693339803,-0.06087640157385005,0.03475282117147507
5691,test,6.005785516599469e-07,3.2901428693339803,-0.06087640157385005,0.03475282117147507
5692,test,6.005785516599469e-07,3.2901428693339803,-0.06087640157385005,0.03475282117147507
5693,test,6.005785516599469e-07,3.2901428693339803,-0.06087640157385005,0.03475282117147507
5694,test,6.005785516599469e-07,3.2901428693339803,-0.06087640157385005,0.03475282117147507
5695,test,6.005785516599469e-07,3.2901428693339803,-0.06087640157385005,0.03475282117147507
5696,test,6.005785516599469e-07,3.2901428693339803,-0.06087640157385005,0.03475282117147507
5697,test,6.005785516599469e-07,3.2901428693339803,-0.06087640157385005,0.03475282117147507
5698,test,6.005785516599469e-07,3.2901428693339803,-0.06087640157385005,0.03475282117147507
5699,test,6.005785516599469e-07,3.2901428693339803,-0.06087640157385005,0.03475282117147507
5700,test,6.005785516599469e-07,3.2901428693339803,-0.06087640157385005,0.03475282117147507
5701,test,6.005785516599469e-07,3.2901428693339803,-0.06087640157385005,0.03475282117147507
5702,test,6.005785516599469e-07,3.2901428693339803,-0.06087640157385005,0.03475282117147507
5703,test,6.005785516599469e-07,3.2901428693339803,-0.06087640157385005,0.03475282117147507
5704,test,6.005785516599469e-07,3.2901428693339803,-0.06087640157385005,0.03475282117147507
5705,test,6.005785516599469e-07,3.2901428693339803,-0.06087640157385005,0.03475282117147507
5706,test,6.005785516599469e-07,3.2901428693339803,-0.06087640157385005,0.03475282117147507
5707,test,6.005785516599469e-07,3.2901428693339803,-0.06087640157385005,0.03475282117147507
5708,test,6.005785516599469e-07,3.2901428693339803,-0.06087640157385005,0.03475282117147507
5709,test,6.005785516599469e-07,3.2901428693339803,-0.06087640157385005,0.03475282117147507
5710,test,6.005785516599469e-07,3.2901428693339803,-0.06087640157385005,0.03475282117147507
5711,test,6.005785516599469e-07,3.2901428693339803,-0.06087640157385005,0.03475282117147507
5712,test,6.005785516599469e-07,3.2901428693339803,-0.06087640157385005,0.03475282117147507
5713,test,6.005785516599469e-07,3.2901428693339803,-0.06087640157385005,0.03475282117147507
5714,test,6.005785516599469e-07,3.2901428693339803,-0.06087640157385005,0.03475282117147507
5715,test,6.005785516599469e-07,3.2901428693339803,-0.06087640157385005,0.03475282117147507
5716,test,6.005785516599469e-07,3.2901428693339803,-0.06087640157385005,0.03475282117147507
5717,test,6.005785516599469e-07,3.2901428693339803,-0.06087640157385005,0.03475282117147507
5718,test,6.005785516599469e-07,3.2901428693339803,-0.06087640157385005,0.03475282117147507
5719,test,6.005785516599469e-07,3.2901428693339803,-0.06087640157385005,0.03475282117147507
5720,test,6.005785516599469e-07,3.2901428693339803,-0.06087640157385005,0.03475282117147507
5721,test,6.005785516599469e-07,3.2901428693339803,-0.06087640157385005,0.03475282117147507
5722,test,6.005785516599469e-07,3.2901428693339803,-0.06087640157385005,0.03475282117147507
5723,test,6.005785516599469e-07,3.2901428693339803,-0.06087640157385005,0.03475282117147507
5724,test,6.005785516599469e-07,3.2901428693339803,-0.06087640157385005,0.03475282117147507
5725,test,6.005785516599469e-07,3.2901428693339803,-0.06087640157385005,0.03475282117147507
5726,test,6.005785516599469e-07,3.2901428693339803,-0.06087640157385005,0.03475282117147507
5727,test,6.005785516599469e-07,3.2901428693339803,-0.06087640157385005,0.03475282117147507
5728,test,6.005785516599469e-07,3.2901428693339803,-0.06087640157385005,0.03475282117147507
5729,test,6.005785516599469e-07,3.2901428693339803,-0.06087640157385005,0.03475282117147507
5730,test,6.005785516599469e-07,3.2901428693339803,-0.06087640157385005,0.03475282117147507
5731,test,6.005785516599469e-07,3.2901428693339803,-0.06087640157385005,0.03475282117147507
5732,test,6.005785516599469e-07,3.2901428693339803,-0.06087640157385005,0.03475282117147507
5733,test,6.005785516599469e-07,3.2901428693339803,-0.06087640157385005,0.03475282117147507
5734,test,6.005785516599469e-07,3.2901428693339803,-0.06087640157385005,0.03475282117147507
5735,test,6.005785516599469e-07,3.2901428693339803,-0.06087640157385005,0.03475282117147507
5736,test,6.005785516599469e-07,3.2901428693339803,-0.06087640157385005,0.03475282117147507
5737,test,6.005785516599469e-07,3.2901428693339803,-0.06087640157385005,0.03475282117147507
5738,test,6.005785516599469e-07,3.2901428693339803,-0.06087640157385005,0.03475282117147507
5739,test,6.005785516599469e-07,3.2901428693339803,-0.06087640157385005,0.03475282117147507
5740,test,6.005785516599469e-07,3.2901428693339803,-0.06087640157385005,0.03475282117147507
5741,test,6.005785516599469e-07,3.2901428693339803,-0.06087640157385005,0.03475282117147507
5742,test,6.005785516599469e-07,3.2901428693339803,-0.06087640157385005,0.03475282117147507
5743,test,6.005785516599469e-07,3.2901428693339803,-0.06087640157385005,0.03475282117147507
5744,test,6.005785516599469e-07,3.2901428693339803,-0.06087640157385005,0.03475282117147507
5745,test,6.005785516599469e-07,3.2901428693339803,-0.06087640157385005,0.03475282117147507
5746,test,6.005785516599469e-07,3.2901428693339803,-0.06087640157385005,0.03475282117147507
5747,test,6.005785516599469e-07,3.2901428693339803,-0.06087640157385005,0.03475282117147507
5748,test,6.005785516599469e-07,3.2901428693339803,-0.06087640157385005,0.03475282117147507
5749,test,6.005785516599469e-07,3.2901428693339803,-0.06087640157385005,0.03475282117147507
5750,test,6.005785516599469e-07,3.2901428693339803,-0.06087640157385005,0.03475282117147507
5751,test,6.005785516599469e-07,3.2901428693339803,-0.06087640157385005,0.03475282117147507
5752,test,6.005785516599469e-07,3.2901428693339803,-0.06087640157385005,0.03475282117147507
5753,test,6.005785516599469e-07,3.2901428693339803,-0.06087640157385005,0.03475282117147507
5754,test,6.005785516599469e-07,3.2901428693339803,-0.06087640157385005,0.03475282117147507
5755,test,6.005785516599469e-07,3.2901428693339803,-0.06087640157385005,0.03475282117147507
5756,test,6.005785516599469e-07,3.2901428693339803,-0.06087640157385005,0.03475282117147507
5757,test,6.005785516599469e-07,3.2901428693339803,-0.06087640157385005,0.03475282117147507
5758,test,6.005785516599469e-07,3.2901428693339803,-0.06087640157385005,0.03475282117147507
5759,test,6.005785516599469e-07,3.2901428693339803,-0.06087640157385005,0.03475282117147507
5760,test,6.005785516599469e-07,3.2901428693339803,-0.06087640157385005,0.03475282117147507
5761,test,6.005785516599469e-07,3.2901428693339803,-0.06087640157385005,0.03475282117147507
5762,test,6.005785516599469e-07,3.2901428693339803,-0.06087640157385005,0.03475282117147507
5763,test,6.005785516599469e-07,3.2901428693339803,-0.06087640157385005,0.03475282117147507
5764,test,6.005785516599469e-07,3.2901428693339803,-0.06087640157385005,0.03475282117147507
5765,test,6.005785516599469e-07,3.2901428693339803,-0.06087640157385005,0.03475282117147507
5766,test,6.005785516599469e-07,3.2901428693339803,-0.06087640157385005,0.03475282117147507
5767,test,6.005785516599469e-07,3.2901428693339803,-0.06087640157385005,0.03475282117147507
5768,test,6.005785516599469e-07,3.2901428693339803,-0.06087640157385005,0.03475282117147507
5769,test,6.005785516599469e-07,3.2901428693339803,-0.06087640157385005,0.03475282117147507
5770,test,6.005785516599469e-07,3.2901428693339803,-0.06087640157385005,0.03475282117147507
5771,test,6.005785516599469e-07,3.2901428693339803,-0.06087640157385005,0.03475282117147507
5772,test,6.005785516599469e-07,3.2901428693339803,-0.06087640157385005,0.03475282117147507
5773,test,6.005785516599469e-07,3.2901428693339803,-0.06087640157385005,0.03475282117147507
5774,test,6.005785516599469e-07,3.2901428693339803,-0.06087640157385005,0.03475282117147507
5775,test,6.005785516599469e-07,3.2901428693339803,-0.06087640157385005,0.03475282117147507
5776,test,6.005785516599469e-07,3.2901428693339803,-0.06087640157385005,0.03475282117147507
5777,test,6.005785516599469e-07,3.2901428693339803,-0.06087640157385005,0.03475282117147507
5778,test,6.005785516599469e-07,3.2901428693339803,-0.06087640157385005,0.03475282117147507
5779,test,6.005785516599469e-07,3.2901428693339803,-0.06087640157385005,0.03475282117147507
5780,test,6.005785516599469e-07,3.2901428693339803,-0.06087640157385005,0.03475282117147507
5781,test,6.005785516599469e-07,3.2901428693339803,-0.06087640157385005,0.03475282117147507
5782,test,6.005785516599469e-07,3.2901428693339803,-0.06087640157385005,0.03475282117147507
5783,test,6.005785516599469e-07,3.2901428693339803,-0.06087640157385005,0.03475282117147507
5784,test,6.005785516599469e-07,3.2901428693339803,-0.06087640157385005,0.03475282117147507
5785,test,6.005785516599469e-07,3.2901428693339803,-0.06087640157385005,0.03475282117147507
5786,test,6.005785516599469e-07,3.2901428693339803,-0.06087640157385005,0.03475282117147507
5787,test,6.005785516599469e-07,3.2901428693339803,-0.06087640157385005,0.03475282117147507
5788,test,6.005785516599469e-07,3.2901428693339803,-0.06087640157385005,0.03475282117147507
5789,test,6.005785516599469e-07,3.2901428693339803,-0.06087640157385005,0.03475282117147507
5790,test,6.005785516599469e-07,3.2901428693339803,-0.06087640157385005,0.03475282117147507
5791,test,6.005785516599469e-07,3.2901428693339803,-0.06087640157385005,0.03475282117147507
5792,test,6.005785516599469e-07,3.2901428693339803,-0.06087640157385005,0.03475282117147507
5793,test,6.005785516599469e-07,3.2901428693339803,-0.06087640157385005,0.03475282117147507
5794,test,6.005785516599469e-07,3.2901428693339803,-0.06087640157385005,0.03475282117147507
5795,test,6.005785516599469e-07,3.2901428693339803,-0.06087640157385005,0.03475282117147507
5796,test,6.005785516599469e-07,3.2901428693339803,-0.06087640157385005,0.03475282117147507
5797,test,6.005785516599469e-07,3.2901428693339803,-0.06087640157385005,0.03475282117147507
5798,test,6.005785516599469e-07,3.2901428693339803,-0.06087640157385005,0.03475282117147507
5799,test,6.005785516599469e-07,3.2901428693339803,-0.06087640157385005,0.03475282117147507
5800,test,6.005785516599469e-07,3.2901428693339803,-0.06087640157385005,0.03475282117147507
5801,test,6.005785516599469e-07,3.2901428693339803,-0.06087640157385005,0.03475282117147507
5802,test,6.005785516599469e-07,3.2901428693339803,-0.06087640157385005,0.03475282117147507
5803,test,6.005785516599469e-07,3.2901428693339803,-0.06087640157385005,0.03475282117147507
5804,test,6.005785516599469e-07,3.2901428693339803,-0.06087640157385005,0.03475282117147507
5805,test,6.005785516599469e-07,3.2901428693339803,-0.06087640157385005,0.03475282117147507
5806,test,6.005785516599469e-07,3.2901428693339803,-0.06087640157385005,0.03475282117147507
5807,test,6.005785516599469e-07,3.2901428693339803,-0.06087640157385005,0.03475282117147507
5808,test,6.005785516599469e-07,3.2901428693339803,-0.06087640157385005,0.03475282117147507
5809,test,6.005785516599469e-07,3.2901428693339803,-0.06087640157385005,0.03475282117147507
5810,test,6.005785516599469e-07,3.2901428693339803,-0.06087640157385005,0.03475282117147507
5811,test,6.005785516599469e-07,3.2901428693339803,-0.06087640157385005,0.03475282117147507
5812,test,6.005785516599469e-07,3.2901428693339803,-0.06087640157385005,0.03475282117147507
5813,test,6.005785516599469e-07,3.2901428693339803,-0.06087640157385005,0.03475282117147507
5814,test,6.005785516599469e-07,3.2901428693339803,-0.06087640157385005,0.03475282117147507
5815,test,6.005785516599469e-07,3.2901428693339803,-0.06087640157385005,0.03475282117147507
5816,test,6.005785516599469e-07,3.2901428693339803,-0.06087640157385005,0.03475282117147507
5817,test,6.005785516599469e-07,3.2901428693339803,-0.06087640157385005,0.03475282117147507
5818,test,6.005785516599469e-07,3.2901428693339803,-0.06087640157385005,0.03475282117147507
5819,test,6.005785516599469e-07,3.2901428693339803,-0.06087640157385005,0.03475282117147507
5820,test,6.005785516599469e-07,3.2901428693339803,-0.06087640157385005,0.03475282117147507
5821,test,6.005785516599469e-07,3.2901428693339803,-0.06087640157385005,0.03475282117147507
5822,test,6.005785516599469e-07,3.2901428693339803,-0.06087640157385005,0.03475282117147507
5823,test,6.005785516599469e-07,3.2901428693339803,-0.06087640157385005,0.03475282117147507
5824,test,6.005785516599469e-07,3.2901428693339803,-0.06087640157385005,0.03475282117147507
5825,test,6.005785516599469e-07,3.2901428693339803,-0.06087640157385005,0.03475282117147507
5826,test,6.005785516599469e-07,3.2901428693339803,-0.06087640157385005,0.03475282117147507
5827,test,6.005785516599469e-07,3.2901428693339803,-0.06087640157385005,0.03475282117147507
5828,test,6.005785516599469e-07,3.2901428693339803,-0.06087640157385005,0.03475282117147507
5829,test,6.005785516599469e-07,3.2901428693339803,-0.06087640157385005,0.03475282117147507
5830,test,6.005785516599469e-07,3.2901428693339803,-0.06087640157385005,0.03475282117147507
5831,test,6.005785516599469e-07,3.2901428693339803,-0.06087640157385005,0.03475282117147507
5832,test,6.005785516599469e-07,3.2901428693339803,-0.06087640157385005,0.03475282117147507
5833,test,6.005785516599469e-07,3.2901428693339803,-0.06087640157385005,0.03475282117147507
5834,test,6.005785516599469e-07,3.2901428693339803,-0.06087640157385005,0.03475282117147507
5835,test,6.005785516599469e-07,3.2901428693339803,-0.06087640157385005,0.03475282117147507
5836,test,6.005785516599469e-07,3.2901428693339803,-0.06087640157385005,0.03475282117147507
5837,test,6.005785516599469e-07,3.2901428693339803,-0.06087640157385005,0.03475282117147507
5838,test,6.005785516599469e-07,3.2901428693339803,-0.06087640157385005,0.03475282117147507
5839,test,6.005785516599469e-07,3.2901428693339803,-0.06087640157385005,0.03475282117147507
5840,test,6.005785516599469e-07,3.2901428693339803,-0.06087640157385005,0.03475282117147507
5841,test,6.005785516599469e-07,3.2901428693339803,-0.06087640157385005,0.03475282117147507
5842,test,6.005785516599469e-07,3.2901428693339803,-0.06087640157385005,0.03475282117147507
5843,test,6.005785516599469e-07,3.2901428693339803,-0.06087640157385005,0.03475282117147507
5844,test,6.005785516599469e-07,3.2901428693339803,-0.06087640157385005,0.03475282117147507
5845,test,6.005785516599469e-07,3.2901428693339803,-0.06087640157385005,0.03475282117147507
5846,test,6.005785516599469e-07,3.2901428693339803,-0.06087640157385005,0.03475282117147507
5847,test,6.005785516599469e-07,3.2901428693339803,-0.06087640157385005,0.03475282117147507
5848,test,6.005785516599469e-07,3.2901428693339803,-0.06087640157385005,0.03475282117147507
5849,test,6.005785516599469e-07,3.2901428693339803,-0.06087640157385005,0.03475282117147507
5850,test,6.005785516599469e-07,3.2901428693339803,-0.06087640157385005,0.03475282117147507
5851,test,6.005785516599469e-07,3.2901428693339803,-0.06087640157385005,0.03475282117147507
5852,test,6.005785516599469e-07,3.2901428693339803,-0.06087640157385005,0.03475282117147507
5853,test,6.005785516599469e-07,3.2901428693339803,-0.06087640157385005,0.03475282117147507
5854,test,6.005785516599469e-07,3.2901428693339803,-0.06087640157385005,0.03475282117147507
5855,test,6.005785516599469e-07,3.2901428693339803,-0.06087640157385005,0.03475282117147507
5856,test,6.005785516599469e-07,3.2901428693339803,-0.06087640157385005,0.03475282117147507
5857,test,6.005785516599469e-07,3.2901428693339803,-0.06087640157385005,0.03475282117147507
5858,test,6.005785516599469e-07,3.2901428693339803,-0.06087640157385005,0.03475282117147507
5859,test,6.005785516599469e-07,3.2901428693339803,-0.06087640157385005,0.03475282117147507
5860,test,6.005785516599469e-07,3.2901428693339803,-0.06087640157385005,0.03475282117147507
5861,test,6.005785516599469e-07,3.2901428693339803,-0.06087640157385005,0.03475282117147507
5862,test,6.005785516599469e-07,3.2901428693339803,-0.06087640157385005,0.03475282117147507
5863,test,6.005785516599469e-07,3.2901428693339803,-0.06087640157385005,0.03475282117147507
5864,test,6.005785516599469e-07,3.2901428693339803,-0.06087640157385005,0.03475282117147507
5865,test,6.005785516599469e-07,3.2901428693339803,-0.06087640157385005,0.03475282117147507
5866,test,6.005785516599469e-07,3.2901428693339803,-0.06087640157385005,0.03475282117147507
5867,test,6.005785516599469e-07,3.2901428693339803,-0.06087640157385005,0.03475282117147507
5868,test,6.005785516599469e-07,3.2901428693339803,-0.06087640157385005,0.03475282117147507
5869,test,6.005785516599469e-07,3.2901428693339803,-0.06087640157385005,0.03475282117147507
5870,test,6.005785516599469e-07,3.2901428693339803,-0.06087640157385005,0.03475282117147507
5871,test,6.005785516599469e-07,3.2901428693339803,-0.06087640157385005,0.03475282117147507
5872,test,6.005785516599469e-07,3.2901428693339803,-0.06087640157385005,0.03475282117147507
5873,test,6.005785516599469e-07,3.2901428693339803,-0.06087640157385005,0.03475282117147507
5874,test,6.005785516599469e-07,3.2901428693339803,-0.06087640157385005,0.03475282117147507
5875,test,6.005785516599469e-07,3.2901428693339803,-0.06087640157385005,0.03475282117147507
5876,test,6.005785516599469e-07,3.2901428693339803,-0.06087640157385005,0.03475282117147507
5877,test,6.005785516599469e-07,3.2901428693339803,-0.06087640157385005,0.03475282117147507
5878,test,6.005785516599469e-07,3.2901428693339803,-0.06087640157385005,0.03475282117147507
5879,test,6.005785516599469e-07,3.2901428693339803,-0.06087640157385005,0.03475282117147507
5880,test,6.005785516599469e-07,3.2901428693339803,-0.06087640157385005,0.03475282117147507
5881,test,6.005785516599469e-07,3.2901428693339803,-0.06087640157385005,0.03475282117147507
5882,test,6.005785516599469e-07,3.2901428693339803,-0.06087640157385005,0.03475282117147507
5883,test,6.005785516599469e-07,3.2901428693339803,-0.06087640157385005,0.03475282117147507
5884,test,6.005785516599469e-07,3.2901428693339803,-0.06087640157385005,0.03475282117147507
5885,test,6.005785516599469e-07,3.2901428693339803,-0.06087640157385005,0.03475282117147507
5886,test,6.005785516599469e-07,3.2901428693339803,-0.06087640157385005,0.03475282117147507
5887,test,6.005785516599469e-07,3.2901428693339803,-0.06087640157385005,0.03475282117147507
5888,test,6.005785516599469e-07,3.2901428693339803,-0.06087640157385005,0.03475282117147507
5889,test,6.005785516599469e-07,3.2901428693339803,-0.06087640157385005,0.03475282117147507
5890,test,6.005785516599469e-07,3.2901428693339803,-0.06087640157385005,0.03475282117147507
5891,test,6.005785516599469e-07,3.2901428693339803,-0.06087640157385005,0.03475282117147507
5892,test,6.005785516599469e-07,3.2901428693339803,-0.06087640157385005,0.03475282117147507
5893,test,6.005785516599469e-07,3.2901428693339803,-0.06087640157385005,0.03475282117147507
5894,test,6.005785516599469e-07,3.2901428693339803,-0.06087640157385005,0.03475282117147507
5895,test,6.005785516599469e-07,3.2901428693339803,-0.06087640157385005,0.03475282117147507
5896,test,6.005785516599469e-07,3.2901428693339803,-0.06087640157385005,0.03475282117147507
5897,test,6.005785516599469e-07,3.2901428693339803,-0.06087640157385005,0.03475282117147507
5898,test,6.005785516599469e-07,3.2901428693339803,-0.06087640157385005,0.03475282117147507
5899,test,6.005785516599469e-07,3.2901428693339803,-0.06087640157385005,0.03475282117147507
5900,test,6.005785516599469e-07,3.2901428693339803,-0.06087640157385005,0.03475282117147507
5901,test,6.005785516599469e-07,3.2901428693339803,-0.06087640157385005,0.03475282117147507
5902,test,6.005785516599469e-07,3.2901428693339803,-0.06087640157385005,0.03475282117147507
5903,test,6.005785516599469e-07,3.2901428693339803,-0.06087640157385005,0.03475282117147507
5904,test,6.005785516599469e-07,3.2901428693339803,-0.06087640157385005,0.03475282117147507
5905,test,6.005785516599469e-07,3.2901428693339803,-0.06087640157385005,0.03475282117147507
5906,test,6.005785516599469e-07,3.2901428693339803,-0.06087640157385005,0.03475282117147507
5907,test,6.005785516599469e-07,3.2901428693339803,-0.06087640157385005,0.03475282117147507
5908,test,6.005785516599469e-07,3.2901428693339803,-0.06087640157385005,0.03475282117147507
5909,test,6.005785516599469e-07,3.2901428693339803,-0.06087640157385005,0.03475282117147507
5910,test,6.005785516599469e-07,3.2901428693339803,-0.06087640157385005,0.03475282117147507
5911,test,6.005785516599469e-07,3.2901428693339803,-0.06087640157385005,0.03475282117147507
5912,test,6.005785516599469e-07,3.2901428693339803,-0.06087640157385005,0.03475282117147507
5913,test,6.005785516599469e-07,3.2901428693339803,-0.06087640157385005,0.03475282117147507
5914,test,6.005785516599469e-07,3.2901428693339803,-0.06087640157385005,0.03475282117147507
5915,test,6.005785516599469e-07,3.2901428693339803,-0.06087640157385005,0.03475282117147507
5916,test,6.005785516599469e-07,3.2901428693339803,-0.06087640157385005,0.03475282117147507
5917,test,6.005785516599469e-07,3.2901428693339803,-0.06087640157385005,0.03475282117147507
5918,test,6.005785516599469e-07,3.2901428693339803,-0.06087640157385005,0.03475282117147507
5919,test,6.005785516599469e-07,3.2901428693339803,-0.06087640157385005,0.03475282117147507
5920,test,6.005785516599469e-07,3.2901428693339803,-0.06087640157385005,0.03475282117147507
5921,test,6.005785516599469e-07,3.2901428693339803,-0.06087640157385005,0.03475282117147507
5922,test,6.005785516599469e-07,3.2901428693339803,-0.06087640157385005,0.03475282117147507
5923,test,6.005785516599469e-07,3.2901428693339803,-0.06087640157385005,0.03475282117147507
5924,test,6.005785516599469e-07,3.2901428693339803,-0.06087640157385005,0.03475282117147507
5925,test,6.005785516599469e-07,3.2901428693339803,-0.06087640157385005,0.03475282117147507
5926,test,6.005785516599469e-07,3.2901428693339803,-0.06087640157385005,0.03475282117147507
5927,test,6.005785516599469e-07,3.2901428693339803,-0.06087640157385005,0.03475282117147507
5928,test,6.005785516599469e-07,3.2901428693339803,-0.06087640157385005,0.03475282117147507
5929,test,6.005785516599469e-07,3.2901428693339803,-0.06087640157385005,0.03475282117147507
5930,test,6.005785516599469e-07,3.2901428693339803,-0.06087640157385005,0.03475282117147507
5931,test,6.005785516599469e-07,3.2901428693339803,-0.06087640157385005,0.03475282117147507
5932,test,6.005785516599469e-07,3.2901428693339803,-0.06087640157385005,0.03475282117147507
5933,test,6.005785516599469e-07,3.2901428693339803,-0.06087640157385005,0.03475282117147507
5934,test,6.005785516599469e-07,3.2901428693339803,-0.06087640157385005,0.03475282117147507
5935,test,6.005785516599469e-07,3.2901428693339803,-0.06087640157385005,0.03475282117147507
5936,test,6.005785516599469e-07,3.2901428693339803,-0.06087640157385005,0.03475282117147507
5937,test,6.005785516599469e-07,3.2901428693339803,-0.06087640157385005,0.03475282117147507
5938,test,6.005785516599469e-07,3.2901428693339803,-0.06087640157385005,0.03475282117147507
5939,test,6.005785516599469e-07,3.2901428693339803,-0.06087640157385005,0.03475282117147507
5940,test,6.005785516599469e-07,3.2901428693339803,-0.06087640157385005,0.03475282117147507
5941,test,6.005785516599469e-07,3.2901428693339803,-0.06087640157385005,0.03475282117147507
5942,test,6.005785516599469e-07,3.2901428693339803,-0.06087640157385005,0.03475282117147507
5943,test,6.005785516599469e-07,3.2901428693339803,-0.06087640157385005,0.03475282117147507
5944,test,6.005785516599469e-07,3.2901428693339803,-0.06087640157385005,0.03475282117147507
5945,test,6.005785516599469e-07,3.2901428693339803,-0.06087640157385005,0.03475282117147507
5946,test,6.005785516599469e-07,3.2901428693339803,-0.06087640157385005,0.03475282117147507
5947,test,6.005785516599469e-07,3.2901428693339803,-0.06087640157385005,0.03475282117147507
5948,test,6.005785516599469e-07,3.2901428693339803,-0.06087640157385005,0.03475282117147507
5949,test,6.005785516599469e-07,3.2901428693339803,-0.06087640157385005,0.03475282117147507
5950,test,6.005785516599469e-07,3.2901428693339803,-0.06087640157385005,0.03475282117147507
5951,test,6.005785516599469e-07,3.2901428693339803,-0.06087640157385005,0.03475282117147507
5952,test,6.005785516599469e-07,3.2901428693339803,-0.06087640157385005,0.03475282117147507
5953,test,6.005785516599469e-07,3.2901428693339803,-0.06087640157385005,0.03475282117147507
5954,test,6.005785516599469e-07,3.2901428693339803,-0.06087640157385005,0.03475282117147507
5955,test,6.005785516599469e-07,3.2901428693339803,-0.06087640157385005,0.03475282117147507
5956,test,6.005785516599469e-07,3.2901428693339803,-0.06087640157385005,0.03475282117147507
5957,test,6.005785516599469e-07,3.2901428693339803,-0.06087640157385005,0.03475282117147507
5958,test,6.005785516599469e-07,3.2901428693339803,-0.06087640157385005,0.03475282117147507
5959,test,6.005785516599469e-07,3.2901428693339803,-0.06087640157385005,0.03475282117147507
5960,test,6.005785516599469e-07,3.2901428693339803,-0.06087640157385005,0.03475282117147507
5961,test,6.005785516599469e-07,3.2901428693339803,-0.06087640157385005,0.03475282117147507
5962,test,6.005785516599469e-07,3.2901428693339803,-0.06087640157385005,0.03475282117147507
5963,test,6.005785516599469e-07,3.2901428693339803,-0.06087640157385005,0.03475282117147507
5964,test,6.005785516599469e-07,3.2901428693339803,-0.06087640157385005,0.03475282117147507
5965,test,6.005785516599469e-07,3.2901428693339803,-0.06087640157385005,0.03475282117147507
5966,test,6.005785516599469e-07,3.2901428693339803,-0.06087640157385005,0.03475282117147507
5967,test,6.005785516599469e-07,3.2901428693339803,-0.06087640157385005,0.03475282117147507
5968,test,6.005785516599469e-07,3.2901428693339803,-0.06087640157385005,0.03475282117147507
5969,test,6.005785516599469e-07,3.2901428693339803,-0.06087640157385005,0.03475282117147507
5970,test,6.005785516599469e-07,3.2901428693339803,-0.06087640157385005,0.03475282117147507
5971,test,6.005785516599469e-07,3.2901428693339803,-0.06087640157385005,0.03475282117147507
5972,test,6.005785516599469e-07,3.2901428693339803,-0.06087640157385005,0.03475282117147507
5973,test,6.005785516599469e-07,3.2901428693339803,-0.06087640157385005,0.03475282117147507
5974,test,6.005785516599469e-07,3.2901428693339803,-0.06087640157385005,0.03475282117147507
5975,test,6.005785516599469e-07,3.2901428693339803,-0.06087640157385005,0.03475282117147507
5976,test,6.005785516599469e-07,3.2901428693339803,-0.06087640157385005,0.03475282117147507
5977,test,6.005785516599469e-07,3.2901428693339803,-0.06087640157385005,0.03475282117147507
5978,test,6.005785516599469e-07,3.2901428693339803,-0.06087640157385005,0.03475282117147507
5979,test,6.005785516599469e-07,3.2901428693339803,-0.06087640157385005,0.03475282117147507
5980,test,6.005785516599469e-07,3.2901428693339803,-0.06087640157385005,0.03475282117147507
5981,test,6.005785516599469e-07,3.2901428693339803,-0.06087640157385005,0.03475282117147507
5982,test,6.005785516599469e-07,3.2901428693339803,-0.06087640157385005,0.03475282117147507
5983,test,6.005785516599469e-07,3.2901428693339803,-0.06087640157385005,0.03475282117147507
5984,test,6.005785516599469e-07,3.2901428693339803,-0.06087640157385005,0.03475282117147507
5985,test,6.005785516599469e-07,3.2901428693339803,-0.06087640157385005,0.03475282117147507
5986,test,6.005785516599469e-07,3.2901428693339803,-0.06087640157385005,0.03475282117147507
5987,test,6.005785516599469e-07,3.2901428693339803,-0.06087640157385005,0.03475282117147507
5988,test,6.005785516599469e-07,3.2901428693339803,-0.06087640157385005,0.03475282117147507
5989,test,6.005785516599469e-07,3.2901428693339803,-0.06087640157385005,0.03475282117147507
5990,test,6.005785516599469e-07,3.2901428693339803,-0.06087640157385005,0.03475282117147507
5991,test,6.005785516599469e-07,3.2901428693339803,-0.06087640157385005,0.03475282117147507
5992,test,6.005785516599469e-07,3.2901428693339803,-0.06087640157385005,0.03475282117147507
5993,test,6.005785516599469e-07,3.2901428693339803,-0.06087640157385005,0.03475282117147507
5994,test,6.005785516599469e-07,3.2901428693339803,-0.06087640157385005,0.03475282117147507
5995,test,6.005785516599469e-07,3.2901428693339803,-0.06087640157385005,0.03475282117147507
